Time_s,P_pv_kW,P_smooth_kW,P_comp_kW,SOC_pct,P_grid_kW,data_valid,smoothing_enabled
0.000,200.000,200.000,0.000,50.000,200.000,1,1
0.100,202.513,200.004,-2.509,50.000,200.004,1,1
0.200,205.025,200.013,-5.013,50.000,200.013,1,1
0.300,207.535,200.025,-7.510,50.000,200.025,1,1
0.400,210.041,200.042,-10.000,50.000,200.042,1,1
0.500,212.543,200.063,-12.481,50.001,200.063,1,1
0.600,215.040,200.087,-14.953,50.001,200.087,1,1
0.700,217.530,200.116,-17.414,50.001,200.116,1,1
0.800,220.012,200.150,-19.863,50.001,200.150,1,1
0.900,222.486,200.187,-22.299,50.002,200.187,1,1
1.000,224.949,200.228,-24.721,50.002,200.228,1,1
1.100,227.402,200.273,-27.129,50.002,200.273,1,1
1.200,229.843,200.322,-29.520,50.003,200.322,1,1
1.300,232.270,200.376,-31.895,50.003,200.376,1,1
1.400,234.684,200.433,-34.251,50.004,200.433,1,1
1.500,237.082,200.494,-36.588,50.004,200.494,1,1
1.600,239.464,200.558,-38.906,50.005,200.558,1,1
1.700,241.829,200.627,-41.202,50.005,200.627,1,1
1.800,244.175,200.700,-43.475,50.006,200.700,1,1
1.900,246.502,200.776,-45.726,50.006,200.776,1,1
2.000,248.808,200.856,-47.953,50.007,200.856,1,1
2.100,251.094,200.939,-50.154,50.008,200.939,1,1
2.200,253.356,201.026,-52.330,50.009,201.026,1,1
2.300,255.596,201.117,-54.478,50.009,201.117,1,1
2.400,257.810,201.212,-56.599,50.010,201.212,1,1
2.500,260.000,201.309,-58.691,50.011,201.309,1,1
2.600,262.163,201.411,-60.753,50.012,201.411,1,1
2.700,264.299,201.515,-62.784,50.013,201.515,1,1
2.800,266.407,201.623,-64.784,50.014,201.623,1,1
2.900,268.486,201.735,-66.751,50.014,201.735,1,1
3.000,270.534,201.849,-68.685,50.015,201.849,1,1
3.100,272.552,201.967,-70.585,50.016,201.967,1,1
3.200,274.538,202.087,-72.450,50.017,202.087,1,1
3.300,276.491,202.211,-74.280,50.018,202.211,1,1
3.400,278.410,202.338,-76.072,50.019,202.338,1,1
3.500,280.296,202.468,-77.828,50.021,202.468,1,1
3.600,282.146,202.600,-79.545,50.022,202.600,1,1
3.700,283.960,202.736,-81.224,50.023,202.736,1,1
3.800,285.737,202.874,-82.863,50.024,202.874,1,1
3.900,287.476,203.015,-84.462,50.025,203.015,1,1
4.000,289.177,203.158,-86.019,50.026,203.158,1,1
4.100,290.839,203.304,-87.536,50.028,203.304,1,1
4.200,292.462,203.452,-89.009,50.029,203.452,1,1
4.300,294.043,203.603,-90.440,50.030,203.603,1,1
4.400,295.584,203.756,-91.828,50.031,203.756,1,1
4.500,297.082,203.911,-93.171,50.033,203.911,1,1
4.600,298.538,204.069,-94.469,50.034,204.069,1,1
4.700,299.951,204.228,-95.722,50.035,204.228,1,1
4.800,301.319,204.390,-96.930,50.037,204.390,1,1
4.900,302.644,204.553,-98.090,50.038,204.553,1,1
5.000,303.923,204.719,-99.204,50.039,204.719,1,1
5.100,305.157,204.886,-100.000,50.041,205.157,1,1
5.200,306.344,205.055,-100.000,50.042,206.344,1,1
5.300,307.485,205.225,-100.000,50.043,207.485,1,1
5.400,308.579,205.397,-100.000,50.045,208.579,1,1
5.500,309.625,205.570,-100.000,50.046,209.625,1,1
5.600,310.624,205.745,-100.000,50.048,210.624,1,1
5.700,311.573,205.921,-100.000,50.049,211.573,1,1
5.800,312.474,206.099,-100.000,50.050,212.474,1,1
5.900,313.325,206.277,-100.000,50.052,213.325,1,1
6.000,314.127,206.456,-100.000,50.053,214.127,1,1
6.100,314.878,206.637,-100.000,50.055,214.878,1,1
6.200,315.580,206.818,-100.000,50.056,215.580,1,1
6.300,316.230,207.000,-100.000,50.057,216.230,1,1
6.400,316.829,207.183,-100.000,50.059,216.829,1,1
6.500,317.378,207.366,-100.000,50.060,217.378,1,1
6.600,317.874,207.550,-100.000,50.062,217.874,1,1
6.700,318.320,207.734,-100.000,50.063,218.320,1,1
6.800,318.713,207.919,-100.000,50.064,218.713,1,1
6.900,319.054,208.104,-100.000,50.066,219.054,1,1
7.000,319.343,208.289,-100.000,50.067,219.343,1,1
7.100,319.579,208.474,-100.000,50.068,219.579,1,1
7.200,319.763,208.659,-100.000,50.070,219.763,1,1
7.300,319.895,208.844,-100.000,50.071,219.895,1,1
7.400,319.974,209.029,-100.000,50.073,219.974,1,1
7.500,320.000,209.214,-100.000,50.074,220.000,1,1
7.600,319.974,209.398,-100.000,50.075,219.974,1,1
7.700,319.895,209.582,-100.000,50.077,219.895,1,1
7.800,319.763,209.765,-100.000,50.078,219.763,1,1
7.900,319.579,209.948,-100.000,50.080,219.579,1,1
8.000,319.343,210.130,-100.000,50.081,219.343,1,1
8.100,319.054,210.311,-100.000,50.082,219.054,1,1
8.200,318.713,210.492,-100.000,50.084,218.713,1,1
8.300,318.320,210.671,-100.000,50.085,218.320,1,1
8.400,317.874,210.850,-100.000,50.087,217.874,1,1
8.500,317.378,211.027,-100.000,50.088,217.378,1,1
8.600,316.829,211.203,-100.000,50.089,216.829,1,1
8.700,316.230,211.378,-100.000,50.091,216.230,1,1
8.800,315.580,211.551,-100.000,50.092,215.580,1,1
8.900,314.878,211.723,-100.000,50.093,214.878,1,1
9.000,314.127,211.893,-100.000,50.095,214.127,1,1
9.100,313.325,212.062,-100.000,50.096,213.325,1,1
9.200,312.474,212.229,-100.000,50.098,212.474,1,1
9.300,311.573,212.395,-99.179,50.099,212.395,1,1
9.400,310.624,212.558,-98.066,50.100,212.558,1,1
9.500,309.625,212.719,-96.906,50.102,212.719,1,1
9.600,308.579,212.879,-95.700,50.103,212.879,1,1
9.700,307.485,213.036,-94.449,50.104,213.036,1,1
9.800,306.344,213.192,-93.153,50.106,213.192,1,1
9.900,305.157,213.345,-91.812,50.107,213.345,1,1
10.000,303.923,213.495,-90.428,50.108,213.495,1,1
10.100,302.644,213.644,-89.000,50.109,213.644,1,1
10.200,301.319,213.790,-87.530,50.111,213.790,1,1
10.300,299.951,213.933,-86.018,50.112,213.933,1,1
10.400,298.538,214.074,-84.464,50.113,214.074,1,1
10.500,297.082,214.212,-82.870,50.114,214.212,1,1
10.600,295.584,214.347,-81.236,50.115,214.347,1,1
10.700,294.043,214.480,-79.563,50.116,214.480,1,1
10.800,292.462,214.610,-77.852,50.117,214.610,1,1
10.900,290.839,214.736,-76.103,50.119,214.736,1,1
11.000,289.177,214.860,-74.317,50.120,214.860,1,1
11.100,287.476,214.981,-72.495,50.121,214.981,1,1
11.200,285.737,215.099,-70.638,50.122,215.099,1,1
11.300,283.960,215.213,-68.746,50.123,215.213,1,1
11.400,282.146,215.325,-66.821,50.123,215.325,1,1
11.500,280.296,215.433,-64.863,50.124,215.433,1,1
11.600,278.410,215.538,-62.873,50.125,215.538,1,1
11.700,276.491,215.639,-60.852,50.126,215.639,1,1
11.800,274.538,215.737,-58.801,50.127,215.737,1,1
11.900,272.552,215.832,-56.720,50.128,215.832,1,1
12.000,270.534,215.923,-54.612,50.128,215.923,1,1
12.100,268.486,216.010,-52.476,50.129,216.010,1,1
12.200,266.407,216.094,-50.313,50.130,216.094,1,1
12.300,264.299,216.174,-48.125,50.131,216.174,1,1
12.400,262.163,216.251,-45.913,50.131,216.251,1,1
12.500,260.000,216.324,-43.676,50.132,216.324,1,1
12.600,257.810,216.393,-41.418,50.132,216.393,1,1
12.700,255.596,216.458,-39.138,50.133,216.458,1,1
12.800,253.356,216.519,-36.837,50.133,216.519,1,1
12.900,251.094,216.577,-34.517,50.134,216.577,1,1
13.000,248.808,216.630,-32.178,50.134,216.630,1,1
13.100,246.502,216.680,-29.822,50.135,216.680,1,1
13.200,244.175,216.726,-27.449,50.135,216.726,1,1
13.300,241.829,216.768,-25.061,50.135,216.768,1,1
13.400,239.464,216.805,-22.659,50.136,216.805,1,1
13.500,237.082,216.839,-20.243,50.136,216.839,1,1
13.600,234.684,216.869,-17.815,50.136,216.869,1,1
13.700,232.270,216.894,-15.376,50.137,216.894,1,1
13.800,229.843,216.916,-12.927,50.137,216.916,1,1
13.900,227.402,216.933,-10.469,50.137,216.933,1,1
14.000,224.949,216.947,-8.003,50.137,216.947,1,1
14.100,222.486,216.956,-5.530,50.137,216.956,1,1
14.200,220.012,216.961,-3.051,50.137,216.961,1,1
14.300,217.530,216.962,-0.568,50.137,216.962,1,1
14.400,215.040,216.959,1.919,50.137,216.959,1,1
14.500,212.543,216.951,4.408,50.137,216.951,1,1
14.600,210.041,216.940,6.899,50.137,216.940,1,1
14.700,207.535,216.924,9.389,50.137,216.924,1,1
14.800,205.025,216.904,11.879,50.137,216.904,1,1
14.900,202.513,216.881,14.367,50.136,216.881,1,1
15.000,200.000,216.852,16.852,50.136,216.852,1,1
15.100,197.487,216.820,19.333,50.136,216.820,1,1
15.200,194.975,216.784,21.809,50.136,216.784,1,1
15.300,192.465,216.743,24.278,50.135,216.743,1,1
15.400,189.959,216.699,26.740,50.135,216.699,1,1
15.500,187.457,216.650,29.194,50.134,216.650,1,1
15.600,184.960,216.597,31.637,50.134,216.597,1,1
15.700,182.470,216.541,34.071,50.134,216.541,1,1
15.800,179.988,216.480,36.492,50.133,216.480,1,1
15.900,177.514,216.415,38.901,50.133,216.415,1,1
16.000,175.051,216.346,41.296,50.132,216.346,1,1
16.100,172.598,216.273,43.675,50.131,216.273,1,1
16.200,170.157,216.197,46.039,50.131,216.197,1,1
16.300,167.730,216.116,48.386,50.130,216.116,1,1
16.400,165.316,216.031,50.715,50.129,216.031,1,1
16.500,162.918,215.943,53.025,50.129,215.943,1,1
16.600,160.536,215.851,55.315,50.128,215.851,1,1
16.700,158.171,215.755,57.584,50.127,215.755,1,1
16.800,155.825,215.655,59.830,50.126,215.655,1,1
16.900,153.498,215.552,62.054,50.125,215.552,1,1
17.000,151.192,215.445,64.253,50.124,215.445,1,1
17.100,148.906,215.334,66.428,50.124,215.334,1,1
17.200,146.644,215.220,68.576,50.123,215.220,1,1
17.300,144.404,215.102,70.697,50.122,215.102,1,1
17.400,142.190,214.981,72.791,50.121,214.981,1,1
17.500,140.000,214.856,74.856,50.120,214.856,1,1
17.600,137.837,214.728,76.891,50.118,214.728,1,1
17.700,135.701,214.596,78.895,50.117,214.596,1,1
17.800,133.593,214.461,80.868,50.116,214.461,1,1
17.900,131.514,214.323,82.809,50.115,214.323,1,1
18.000,129.466,214.182,84.716,50.114,214.182,1,1
18.100,127.448,214.038,86.590,50.113,214.038,1,1
18.200,125.462,213.890,88.428,50.111,213.890,1,1
18.300,123.509,213.740,90.231,50.110,213.740,1,1
18.400,121.590,213.587,91.997,50.109,213.587,1,1
18.500,119.704,213.431,93.726,50.108,213.431,1,1
18.600,117.854,213.272,95.417,50.106,213.272,1,1
18.700,116.040,213.110,97.069,50.105,213.110,1,1
18.800,114.263,212.945,98.682,50.104,212.945,1,1
18.900,112.524,212.778,100.000,50.102,212.524,1,1
19.000,110.823,212.609,100.000,50.101,210.823,1,1
19.100,109.161,212.436,100.000,50.099,209.161,1,1
19.200,107.538,212.262,100.000,50.098,207.538,1,1
19.300,105.957,212.085,100.000,50.097,205.957,1,1
19.400,104.416,211.906,100.000,50.095,204.416,1,1
19.500,102.918,211.724,100.000,50.094,202.918,1,1
19.600,101.462,211.541,100.000,50.093,201.462,1,1
19.700,100.049,211.356,100.000,50.091,200.049,1,1
19.800,98.681,211.168,100.000,50.090,198.681,1,1
19.900,97.356,210.979,100.000,50.088,197.356,1,1
20.000,96.077,210.787,100.000,50.087,196.077,1,1
20.100,94.843,210.595,100.000,50.086,194.843,1,1
20.200,93.656,210.400,100.000,50.084,193.656,1,1
20.300,92.515,210.204,100.000,50.083,192.515,1,1
20.400,91.421,210.006,100.000,50.081,191.421,1,1
20.500,90.375,209.807,100.000,50.080,190.375,1,1
20.600,89.376,209.607,100.000,50.079,189.376,1,1
20.700,88.427,209.405,100.000,50.077,188.427,1,1
20.800,87.526,209.202,100.000,50.076,187.526,1,1
20.900,86.675,208.998,100.000,50.074,186.675,1,1
21.000,85.873,208.794,100.000,50.073,185.873,1,1
21.100,85.122,208.588,100.000,50.072,185.122,1,1
21.200,84.420,208.381,100.000,50.070,184.420,1,1
21.300,83.770,208.174,100.000,50.069,183.770,1,1
21.400,83.171,207.966,100.000,50.068,183.171,1,1
21.500,82.622,207.757,100.000,50.066,182.622,1,1
21.600,82.126,207.548,100.000,50.065,182.126,1,1
21.700,81.680,207.339,100.000,50.063,181.680,1,1
21.800,81.287,207.129,100.000,50.062,181.287,1,1
21.900,80.946,206.919,100.000,50.061,180.946,1,1
22.000,80.657,206.709,100.000,50.059,180.657,1,1
22.100,80.421,206.499,100.000,50.058,180.421,1,1
22.200,80.237,206.289,100.000,50.056,180.237,1,1
22.300,80.105,206.079,100.000,50.055,180.105,1,1
22.400,80.026,205.869,100.000,50.054,180.026,1,1
22.500,80.000,205.660,100.000,50.052,180.000,1,1
22.600,80.026,205.451,100.000,50.051,180.026,1,1
22.700,80.105,205.242,100.000,50.049,180.105,1,1
22.800,80.237,205.034,100.000,50.048,180.237,1,1
22.900,80.421,204.827,100.000,50.047,180.421,1,1
23.000,80.657,204.620,100.000,50.045,180.657,1,1
23.100,80.946,204.414,100.000,50.044,180.946,1,1
23.200,81.287,204.210,100.000,50.043,181.287,1,1
23.300,81.680,204.006,100.000,50.041,181.680,1,1
23.400,82.126,203.803,100.000,50.040,182.126,1,1
23.500,82.622,203.601,100.000,50.038,182.622,1,1
23.600,83.171,203.401,100.000,50.037,183.171,1,1
23.700,83.770,203.202,100.000,50.036,183.770,1,1
23.800,84.420,203.004,100.000,50.034,184.420,1,1
23.900,85.122,202.808,100.000,50.033,185.122,1,1
24.000,85.873,202.613,100.000,50.031,185.873,1,1
24.100,86.675,202.421,100.000,50.030,186.675,1,1
24.200,87.526,202.229,100.000,50.029,187.526,1,1
24.300,88.427,202.040,100.000,50.027,188.427,1,1
24.400,89.376,201.853,100.000,50.026,189.376,1,1
24.500,90.375,201.667,100.000,50.024,190.375,1,1
24.600,91.421,201.484,100.000,50.023,191.421,1,1
24.700,92.515,201.302,100.000,50.022,192.515,1,1
24.800,93.656,201.123,100.000,50.020,193.656,1,1
24.900,94.843,200.946,100.000,50.019,194.843,1,1
25.000,96.077,200.772,100.000,50.018,196.077,1,1
25.100,97.356,200.600,100.000,50.016,197.356,1,1
25.200,98.681,200.430,100.000,50.015,198.681,1,1
25.300,100.049,200.263,100.000,50.013,200.049,1,1
25.400,101.462,200.099,98.637,50.012,200.099,1,1
25.500,102.918,199.937,97.019,50.011,199.937,1,1
25.600,104.416,199.778,95.362,50.009,199.778,1,1
25.700,105.957,199.622,93.665,50.008,199.622,1,1
25.800,107.538,199.469,91.930,50.007,199.469,1,1
25.900,109.161,199.319,90.158,50.005,199.319,1,1
26.000,110.823,199.171,88.349,50.004,199.171,1,1
26.100,112.524,199.027,86.503,50.003,199.027,1,1
26.200,114.263,198.886,84.623,50.002,198.886,1,1
26.300,116.040,198.748,82.708,50.001,198.748,1,1
26.400,117.854,198.614,80.759,50.000,198.614,1,1
26.500,119.704,198.482,78.778,49.999,198.482,1,1
26.600,121.590,198.354,76.765,49.997,198.354,1,1
26.700,123.509,198.230,74.721,49.996,198.230,1,1
26.800,125.462,198.109,72.647,49.995,198.109,1,1
26.900,127.448,197.991,70.543,49.994,197.991,1,1
27.000,129.466,197.877,68.411,49.993,197.877,1,1
27.100,131.514,197.767,66.252,49.993,197.767,1,1
27.200,133.593,197.660,64.067,49.992,197.660,1,1
27.300,135.701,197.557,61.856,49.991,197.557,1,1
27.400,137.837,197.458,59.621,49.990,197.458,1,1
27.500,140.000,197.362,57.362,49.989,197.362,1,1
27.600,142.190,197.270,55.081,49.988,197.270,1,1
27.700,144.404,197.182,52.778,49.988,197.182,1,1
27.800,146.644,197.098,50.454,49.987,197.098,1,1
27.900,148.906,197.018,48.111,49.986,197.018,1,1
28.000,151.192,196.942,45.750,49.986,196.942,1,1
28.100,153.498,196.869,43.371,49.985,196.869,1,1
28.200,155.825,196.801,40.976,49.984,196.801,1,1
28.300,158.171,196.737,38.565,49.984,196.737,1,1
28.400,160.536,196.677,36.141,49.983,196.677,1,1
28.500,162.918,196.620,33.702,49.983,196.620,1,1
28.600,165.316,196.568,31.252,49.983,196.568,1,1
28.700,167.730,196.520,28.791,49.982,196.520,1,1
28.800,170.157,196.476,26.319,49.982,196.476,1,1
28.900,172.598,196.437,23.839,49.981,196.437,1,1
29.000,175.051,196.401,21.351,49.981,196.401,1,1
29.100,177.514,196.370,18.855,49.981,196.370,1,1
29.200,179.988,196.342,16.355,49.981,196.342,1,1
29.300,182.470,196.319,13.849,49.980,196.319,1,1
29.400,184.960,196.300,11.340,49.980,196.300,1,1
29.500,187.457,196.286,8.829,49.980,196.286,1,1
29.600,189.959,196.275,6.317,49.980,196.275,1,1
29.700,192.465,196.269,3.804,49.980,196.269,1,1
29.800,194.975,196.267,1.292,49.980,196.267,1,1
29.900,197.487,196.269,-1.218,49.980,196.269,1,1
30.000,200.000,196.275,-3.725,49.980,196.275,1,1
30.100,202.513,196.285,-6.228,49.980,196.285,1,1
30.200,205.025,196.300,-8.725,49.980,196.300,1,1
30.300,207.535,196.319,-11.216,49.980,196.319,1,1
30.400,210.041,196.341,-13.700,49.981,196.341,1,1
30.500,212.543,196.368,-16.175,49.981,196.368,1,1
30.600,215.040,196.399,-18.641,49.981,196.399,1,1
30.700,217.530,196.435,-21.095,49.981,196.435,1,1
30.800,220.012,196.474,-23.538,49.982,196.474,1,1
30.900,222.486,196.517,-25.969,49.982,196.517,1,1
31.000,224.949,196.564,-28.385,49.983,196.564,1,1
31.100,227.402,196.616,-30.786,49.983,196.616,1,1
31.200,229.843,196.671,-33.172,49.983,196.671,1,1
31.300,232.270,196.730,-35.540,49.984,196.730,1,1
31.400,234.684,196.793,-37.890,49.984,196.793,1,1
31.500,237.082,196.860,-40.222,49.985,196.860,1,1
31.600,239.464,196.931,-42.533,49.986,196.931,1,1
31.700,241.829,197.006,-44.823,49.986,197.006,1,1
31.800,244.175,197.085,-47.090,49.987,197.085,1,1
31.900,246.502,197.167,-49.335,49.988,197.167,1,1
32.000,248.808,197.253,-51.556,49.988,197.253,1,1
32.100,251.094,197.342,-53.751,49.989,197.342,1,1
32.200,253.356,197.435,-55.921,49.990,197.435,1,1
32.300,255.596,197.532,-58.063,49.991,197.532,1,1
32.400,257.810,197.633,-60.178,49.991,197.633,1,1
32.500,260.000,197.736,-62.264,49.992,197.736,1,1
32.600,262.163,197.844,-64.320,49.993,197.844,1,1
32.700,264.299,197.954,-66.345,49.994,197.954,1,1
32.800,266.407,198.068,-68.339,49.995,198.068,1,1
32.900,268.486,198.185,-70.300,49.996,198.185,1,1
33.000,270.534,198.306,-72.229,49.997,198.306,1,1
33.100,272.552,198.429,-74.123,49.998,198.429,1,1
33.200,274.538,198.556,-75.982,49.999,198.556,1,1
33.300,276.491,198.685,-77.805,50.000,198.685,1,1
33.400,278.410,198.818,-79.592,50.001,198.818,1,1
33.500,280.296,198.954,-81.342,50.002,198.954,1,1
33.600,282.146,199.092,-83.054,50.004,199.092,1,1
33.700,283.960,199.233,-84.726,50.005,199.233,1,1
33.800,285.737,199.377,-86.360,50.006,199.377,1,1
33.900,287.476,199.524,-87.952,50.007,199.524,1,1
34.000,289.177,199.673,-89.504,50.008,199.673,1,1
34.100,290.839,199.825,-91.015,50.010,199.825,1,1
34.200,292.462,199.979,-92.483,50.011,199.979,1,1
34.300,294.043,200.135,-93.908,50.012,200.135,1,1
34.400,295.584,200.294,-95.289,50.014,200.294,1,1
34.500,297.082,200.455,-96.627,50.015,200.455,1,1
34.600,298.538,200.618,-97.920,50.016,200.618,1,1
34.700,299.951,200.784,-99.167,50.018,200.784,1,1
34.800,301.319,200.951,-100.000,50.019,201.319,1,1
34.900,302.644,201.120,-100.000,50.020,202.644,1,1
35.000,303.923,201.291,-100.000,50.022,203.923,1,1
35.100,305.157,201.464,-100.000,50.023,205.157,1,1
35.200,306.344,201.638,-100.000,50.025,206.344,1,1
35.300,307.485,201.815,-100.000,50.026,207.485,1,1
35.400,308.579,201.992,-100.000,50.027,208.579,1,1
35.500,309.625,202.171,-100.000,50.029,209.625,1,1
35.600,310.624,202.352,-100.000,50.030,210.624,1,1
35.700,311.573,202.534,-100.000,50.032,211.573,1,1
35.800,312.474,202.716,-100.000,50.033,212.474,1,1
35.900,313.325,202.901,-100.000,50.034,213.325,1,1
36.000,314.127,203.086,-100.000,50.036,214.127,1,1
36.100,314.878,203.272,-100.000,50.037,214.878,1,1
36.200,315.580,203.458,-100.000,50.039,215.580,1,1
36.300,316.230,203.646,-100.000,50.040,216.230,1,1
36.400,316.829,203.834,-100.000,50.041,216.829,1,1
36.500,317.378,204.023,-100.000,50.043,217.378,1,1
36.600,317.874,204.213,-100.000,50.044,217.874,1,1
36.700,318.320,204.403,-100.000,50.045,218.320,1,1
36.800,318.713,204.593,-100.000,50.047,218.713,1,1
36.900,319.054,204.783,-100.000,50.048,219.054,1,1
37.000,319.343,204.974,-100.000,50.050,219.343,1,1
37.100,319.579,205.165,-100.000,50.051,219.579,1,1
37.200,319.763,205.355,-100.000,50.052,219.763,1,1
37.300,319.895,205.546,-100.000,50.054,219.895,1,1
37.400,319.974,205.736,-100.000,50.055,219.974,1,1
37.500,320.000,205.926,-100.000,50.057,220.000,1,1
37.600,319.974,206.116,-100.000,50.058,219.974,1,1
37.700,319.895,206.305,-100.000,50.059,219.895,1,1
37.800,319.763,206.494,-100.000,50.061,219.763,1,1
37.900,319.579,206.682,-100.000,50.062,219.579,1,1
38.000,319.343,206.870,-100.000,50.064,219.343,1,1
38.100,319.054,207.057,-100.000,50.065,219.054,1,1
38.200,318.713,207.242,-100.000,50.066,218.713,1,1
38.300,318.320,207.427,-100.000,50.068,218.320,1,1
38.400,317.874,207.611,-100.000,50.069,217.874,1,1
38.500,317.378,207.794,-100.000,50.070,217.378,1,1
38.600,316.829,207.975,-100.000,50.072,216.829,1,1
38.700,316.230,208.155,-100.000,50.073,216.230,1,1
38.800,315.580,208.334,-100.000,50.075,215.580,1,1
38.900,314.878,208.511,-100.000,50.076,214.878,1,1
39.000,314.127,208.687,-100.000,50.077,214.127,1,1
39.100,313.325,208.861,-100.000,50.079,213.325,1,1
39.200,312.474,209.033,-100.000,50.080,212.474,1,1
39.300,311.573,209.204,-100.000,50.082,211.573,1,1
39.400,310.624,209.373,-100.000,50.083,210.624,1,1
39.500,309.625,209.540,-100.000,50.084,209.625,1,1
39.600,308.579,209.704,-98.875,50.086,209.704,1,1
39.700,307.485,209.867,-97.618,50.087,209.867,1,1
39.800,306.344,210.028,-96.317,50.088,210.028,1,1
39.900,305.157,210.186,-94.971,50.090,210.186,1,1
40.000,303.923,210.342,-93.581,50.091,210.342,1,1
40.100,302.644,210.495,-92.148,50.092,210.495,1,1
40.200,301.319,210.646,-90.673,50.094,210.646,1,1
40.300,299.951,210.795,-89.155,50.095,210.795,1,1
40.400,298.538,210.941,-87.597,50.096,210.941,1,1
40.500,297.082,211.084,-85.998,50.097,211.084,1,1
40.600,295.584,211.225,-84.359,50.098,211.225,1,1
40.700,294.043,211.363,-82.680,50.100,211.363,1,1
40.800,292.462,211.498,-80.964,50.101,211.498,1,1
40.900,290.839,211.630,-79.210,50.102,211.630,1,1
41.000,289.177,211.759,-77.419,50.103,211.759,1,1
41.100,287.476,211.885,-75.591,50.104,211.885,1,1
41.200,285.737,212.008,-73.729,50.105,212.008,1,1
41.300,283.960,212.127,-71.832,50.106,212.127,1,1
41.400,282.146,212.244,-69.902,50.107,212.244,1,1
41.500,280.296,212.357,-67.939,50.108,212.357,1,1
41.600,278.410,212.467,-65.943,50.109,212.467,1,1
41.700,276.491,212.574,-63.917,50.110,212.574,1,1
41.800,274.538,212.677,-61.861,50.110,212.677,1,1
41.900,272.552,212.776,-59.776,50.111,212.776,1,1
42.000,270.534,212.872,-57.662,50.112,212.872,1,1
42.100,268.486,212.965,-55.521,50.113,212.965,1,1
42.200,266.407,213.054,-53.353,50.114,213.054,1,1
42.300,264.299,213.139,-51.160,50.114,213.139,1,1
42.400,262.163,213.221,-48.943,50.115,213.221,1,1
42.500,260.000,213.299,-46.701,50.116,213.299,1,1
42.600,257.810,213.373,-44.438,50.116,213.373,1,1
42.700,255.596,213.443,-42.153,50.117,213.443,1,1
42.800,253.356,213.509,-39.847,50.117,213.509,1,1
42.900,251.094,213.572,-37.522,50.118,213.572,1,1
43.000,248.808,213.630,-35.178,50.118,213.630,1,1
43.100,246.502,213.685,-32.817,50.119,213.685,1,1
43.200,244.175,213.736,-30.439,50.119,213.736,1,1
43.300,241.829,213.783,-28.046,50.120,213.783,1,1
43.400,239.464,213.825,-25.639,50.120,213.825,1,1
43.500,237.082,213.864,-23.218,50.120,213.864,1,1
43.600,234.684,213.899,-20.785,50.121,213.899,1,1
43.700,232.270,213.929,-18.341,50.121,213.929,1,1
43.800,229.843,213.956,-15.887,50.121,213.956,1,1
43.900,227.402,213.978,-13.424,50.121,213.978,1,1
44.000,224.949,213.996,-10.953,50.121,213.996,1,1
44.100,222.486,214.010,-8.475,50.122,214.010,1,1
44.200,220.012,214.020,-5.992,50.122,214.020,1,1
44.300,217.530,214.026,-3.504,50.122,214.026,1,1
44.400,215.040,214.028,-1.012,50.122,214.028,1,1
44.500,212.543,214.025,1.482,50.122,214.025,1,1
44.600,210.041,214.019,3.978,50.122,214.019,1,1
44.700,207.535,214.008,6.473,50.122,214.008,1,1
44.800,205.025,213.993,8.968,50.121,213.993,1,1
44.900,202.513,213.974,11.461,50.121,213.974,1,1
45.000,200.000,213.951,13.951,50.121,213.951,1,1
45.100,197.487,213.923,16.436,50.121,213.923,1,1
45.200,194.975,213.892,18.917,50.121,213.892,1,1
45.300,192.465,213.856,21.391,50.120,213.856,1,1
45.400,189.959,213.816,23.858,50.120,213.816,1,1
45.500,187.457,213.773,26.316,50.120,213.773,1,1
45.600,184.960,213.725,28.765,50.119,213.725,1,1
45.700,182.470,213.673,31.203,50.119,213.673,1,1
45.800,179.988,213.617,33.629,50.118,213.617,1,1
45.900,177.514,213.557,36.042,50.118,213.557,1,1
46.000,175.051,213.492,38.442,50.117,213.492,1,1
46.100,172.598,213.424,40.826,50.117,213.424,1,1
46.200,170.157,213.352,43.195,50.116,213.352,1,1
46.300,167.730,213.276,45.547,50.115,213.276,1,1
46.400,165.316,213.197,47.881,50.115,213.197,1,1
46.500,162.918,213.113,50.195,50.114,213.113,1,1
46.600,160.536,213.026,52.490,50.113,213.026,1,1
46.700,158.171,212.934,54.763,50.113,212.934,1,1
46.800,155.825,212.839,57.014,50.112,212.839,1,1
46.900,153.498,212.741,59.242,50.111,212.741,1,1
47.000,151.192,212.638,61.447,50.110,212.638,1,1
47.100,148.906,212.532,63.626,50.109,212.532,1,1
47.200,146.644,212.422,65.779,50.108,212.422,1,1
47.300,144.404,212.309,67.905,50.107,212.309,1,1
47.400,142.190,212.193,70.003,50.106,212.193,1,1
47.500,140.000,212.072,72.072,50.105,212.072,1,1
47.600,137.837,211.949,74.112,50.104,211.949,1,1
47.700,135.701,211.822,76.121,50.103,211.822,1,1
47.800,133.593,211.692,78.099,50.102,211.692,1,1
47.900,131.514,211.559,80.044,50.101,211.559,1,1
48.000,129.466,211.422,81.956,50.100,211.422,1,1
48.100,127.448,211.282,83.834,50.099,211.282,1,1
48.200,125.462,211.139,85.677,50.098,211.139,1,1
48.300,123.509,210.994,87.484,50.096,210.994,1,1
48.400,121.590,210.845,89.255,50.095,210.845,1,1
48.500,119.704,210.693,90.989,50.094,210.693,1,1
48.600,117.854,210.539,92.684,50.093,210.539,1,1
48.700,116.040,210.381,94.341,50.091,210.381,1,1
48.800,114.263,210.222,95.958,50.090,210.222,1,1
48.900,112.524,210.059,97.535,50.089,210.059,1,1
49.000,110.823,209.894,99.071,50.087,209.894,1,1
49.100,109.161,209.726,100.000,50.086,209.161,1,1
49.200,107.538,209.556,100.000,50.085,207.538,1,1
49.300,105.957,209.384,100.000,50.083,205.957,1,1
49.400,104.416,209.209,100.000,50.082,204.416,1,1
49.500,102.918,209.032,100.000,50.080,202.918,1,1
49.600,101.462,208.853,100.000,50.079,201.462,1,1
49.700,100.049,208.672,100.000,50.078,200.049,1,1
49.800,98.681,208.489,100.000,50.076,198.681,1,1
49.900,97.356,208.304,100.000,50.075,197.356,1,1
50.000,96.077,208.118,100.000,50.073,196.077,1,1
50.100,94.843,207.929,100.000,50.072,194.843,1,1
50.200,93.656,207.739,100.000,50.071,193.656,1,1
50.300,92.515,207.547,100.000,50.069,192.515,1,1
50.400,91.421,207.354,100.000,50.068,191.421,1,1
50.500,90.375,207.159,100.000,50.066,190.375,1,1
50.600,89.376,206.963,100.000,50.065,189.376,1,1
50.700,88.427,206.766,100.000,50.064,188.427,1,1
50.800,87.526,206.568,100.000,50.062,187.526,1,1
50.900,86.675,206.368,100.000,50.061,186.675,1,1
51.000,85.873,206.168,100.000,50.060,185.873,1,1
51.100,85.122,205.966,100.000,50.058,185.122,1,1
51.200,84.420,205.764,100.000,50.057,184.420,1,1
51.300,83.770,205.561,100.000,50.055,183.770,1,1
51.400,83.171,205.358,100.000,50.054,183.171,1,1
51.500,82.622,205.153,100.000,50.053,182.622,1,1
51.600,82.126,204.949,100.000,50.051,182.126,1,1
51.700,81.680,204.744,100.000,50.050,181.680,1,1
51.800,81.287,204.538,100.000,50.048,181.287,1,1
51.900,80.946,204.332,100.000,50.047,180.946,1,1
52.000,80.657,204.127,100.000,50.046,180.657,1,1
52.100,80.421,203.921,100.000,50.044,180.421,1,1
52.200,80.237,203.715,100.000,50.043,180.237,1,1
52.300,80.105,203.509,100.000,50.041,180.105,1,1
52.400,80.026,203.304,100.000,50.040,180.026,1,1
52.500,80.000,203.099,100.000,50.039,180.000,1,1
52.600,80.026,202.894,100.000,50.037,180.026,1,1
52.700,80.105,202.690,100.000,50.036,180.105,1,1
52.800,80.237,202.486,100.000,50.035,180.237,1,1
52.900,80.421,202.283,100.000,50.033,180.421,1,1
53.000,80.657,202.080,100.000,50.032,180.657,1,1
53.100,80.946,201.879,100.000,50.030,180.946,1,1
53.200,81.287,201.678,100.000,50.029,181.287,1,1
53.300,81.680,201.479,100.000,50.028,181.680,1,1
53.400,82.126,201.280,100.000,50.026,182.126,1,1
53.500,82.622,201.083,100.000,50.025,182.622,1,1
53.600,83.171,200.886,100.000,50.023,183.171,1,1
53.700,83.770,200.692,100.000,50.022,183.770,1,1
53.800,84.420,200.498,100.000,50.021,184.420,1,1
53.900,85.122,200.306,100.000,50.019,185.122,1,1
54.000,85.873,200.116,100.000,50.018,185.873,1,1
54.100,86.675,199.927,100.000,50.016,186.675,1,1
54.200,87.526,199.740,100.000,50.015,187.526,1,1
54.300,88.427,199.555,100.000,50.014,188.427,1,1
54.400,89.376,199.371,100.000,50.012,189.376,1,1
54.500,90.375,199.190,100.000,50.011,190.375,1,1
54.600,91.421,199.011,100.000,50.010,191.421,1,1
54.700,92.515,198.833,100.000,50.008,192.515,1,1
54.800,93.656,198.658,100.000,50.007,193.656,1,1
54.900,94.843,198.486,100.000,50.005,194.843,1,1
55.000,96.077,198.315,100.000,50.004,196.077,1,1
55.100,97.356,198.147,100.000,50.003,197.356,1,1
55.200,98.681,197.982,99.301,50.001,197.982,1,1
55.300,100.049,197.819,97.769,50.000,197.819,1,1
55.400,101.462,197.659,96.196,49.999,197.659,1,1
55.500,102.918,197.501,94.583,49.997,197.501,1,1
55.600,104.416,197.346,92.930,49.996,197.346,1,1
55.700,105.957,197.194,91.237,49.995,197.194,1,1
55.800,107.538,197.045,89.506,49.993,197.045,1,1
55.900,109.161,196.899,87.738,49.992,196.899,1,1
56.000,110.823,196.755,85.933,49.991,196.755,1,1
56.100,112.524,196.615,84.091,49.990,196.615,1,1
56.200,114.263,196.478,82.215,49.989,196.478,1,1
56.300,116.040,196.344,80.304,49.988,196.344,1,1
56.400,117.854,196.214,78.359,49.986,196.214,1,1
56.500,119.704,196.086,76.382,49.985,196.086,1,1
56.600,121.590,195.962,74.373,49.984,195.962,1,1
56.700,123.509,195.842,72.333,49.983,195.842,1,1
56.800,125.462,195.725,70.263,49.982,195.725,1,1
56.900,127.448,195.611,68.163,49.981,195.611,1,1
57.000,129.466,195.501,66.035,49.981,195.501,1,1
57.100,131.514,195.395,63.880,49.980,195.395,1,1
57.200,133.593,195.292,61.699,49.979,195.292,1,1
57.300,135.701,195.193,59.492,49.978,195.193,1,1
57.400,137.837,195.097,57.261,49.977,195.097,1,1
57.500,140.000,195.006,55.006,49.976,195.006,1,1
57.600,142.190,194.918,52.728,49.976,194.918,1,1
57.700,144.404,194.834,50.429,49.975,194.834,1,1
57.800,146.644,194.753,48.110,49.974,194.753,1,1
57.900,148.906,194.677,45.771,49.974,194.677,1,1
58.000,151.192,194.605,43.413,49.973,194.605,1,1
58.100,153.498,194.536,41.038,49.972,194.536,1,1
58.200,155.825,194.472,38.647,49.972,194.472,1,1
58.300,158.171,194.412,36.240,49.971,194.412,1,1
58.400,160.536,194.355,33.819,49.971,194.355,1,1
58.500,162.918,194.303,31.385,49.971,194.303,1,1
58.600,165.316,194.255,28.939,49.970,194.255,1,1
58.700,167.730,194.211,26.481,49.970,194.211,1,1
58.800,170.157,194.171,24.013,49.969,194.171,1,1
58.900,172.598,194.135,21.537,49.969,194.135,1,1
59.000,175.051,194.103,19.052,49.969,194.103,1,1
59.100,177.514,194.075,16.561,49.969,194.075,1,1
59.200,179.988,194.052,14.064,49.968,194.052,1,1
59.300,182.470,194.033,11.563,49.968,194.033,1,1
59.400,184.960,194.018,9.058,49.968,194.018,1,1
59.500,187.457,194.007,6.550,49.968,194.007,1,1
59.600,189.959,194.000,4.041,49.968,194.000,1,1
59.700,192.465,193.997,1.532,49.968,193.997,1,1
59.800,194.975,193.999,-0.976,49.968,193.999,1,1
59.900,197.487,194.005,-3.482,49.968,194.005,1,1
60.000,200.000,194.015,-5.985,49.968,194.015,1,1
60.100,202.513,194.029,-8.484,49.968,194.029,1,1
60.200,205.025,194.047,-10.978,49.968,194.047,1,1
60.300,207.535,194.070,-13.465,49.969,194.070,1,1
60.400,210.041,194.096,-15.945,49.969,194.096,1,1
60.500,212.543,194.127,-18.417,49.969,194.127,1,1
60.600,215.040,194.162,-20.878,49.969,194.162,1,1
60.700,217.530,194.201,-23.329,49.970,194.201,1,1
60.800,220.012,194.243,-25.769,49.970,194.243,1,1
60.900,222.486,194.290,-28.195,49.970,194.290,1,1
61.000,224.949,194.341,-30.608,49.971,194.341,1,1
61.100,227.402,194.397,-33.006,49.971,194.397,1,1
61.200,229.843,194.455,-35.387,49.972,194.455,1,1
61.300,232.270,194.518,-37.752,49.972,194.518,1,1
61.400,234.684,194.585,-40.099,49.973,194.585,1,1
61.500,237.082,194.656,-42.426,49.973,194.656,1,1
61.600,239.464,194.731,-44.733,49.974,194.731,1,1
61.700,241.829,194.809,-47.020,49.975,194.809,1,1
61.800,244.175,194.891,-49.284,49.975,194.891,1,1
61.900,246.502,194.977,-51.525,49.976,194.977,1,1
62.000,248.808,195.066,-53.742,49.977,195.066,1,1
62.100,251.094,195.160,-55.934,49.978,195.160,1,1
62.200,253.356,195.257,-58.100,49.978,195.257,1,1
62.300,255.596,195.357,-60.239,49.979,195.357,1,1
62.400,257.810,195.461,-62.350,49.980,195.461,1,1
62.500,260.000,195.568,-64.432,49.981,195.568,1,1
62.600,262.163,195.679,-66.484,49.982,195.679,1,1
62.700,264.299,195.793,-68.506,49.983,195.793,1,1
62.800,266.407,195.911,-70.496,49.984,195.911,1,1
62.900,268.486,196.031,-72.454,49.985,196.031,1,1
63.000,270.534,196.155,-74.379,49.986,196.155,1,1
63.100,272.552,196.283,-76.269,49.987,196.283,1,1
63.200,274.538,196.413,-78.125,49.988,196.413,1,1
63.300,276.491,196.546,-79.945,49.989,196.546,1,1
63.400,278.410,196.682,-81.728,49.990,196.682,1,1
63.500,280.296,196.821,-83.474,49.992,196.821,1,1
63.600,282.146,196.963,-85.182,49.993,196.963,1,1
63.700,283.960,197.108,-86.852,49.994,197.108,1,1
63.800,285.737,197.256,-88.481,49.995,197.256,1,1
63.900,287.476,197.406,-90.071,49.996,197.406,1,1
64.000,289.177,197.558,-91.619,49.998,197.558,1,1
64.100,290.839,197.714,-93.126,49.999,197.714,1,1
64.200,292.462,197.871,-94.590,50.000,197.871,1,1
64.300,294.043,198.031,-96.012,50.002,198.031,1,1
64.400,295.584,198.194,-97.390,50.003,198.194,1,1
64.500,297.082,198.358,-98.724,50.004,198.358,1,1
64.600,298.538,198.525,-100.000,50.006,198.538,1,1
64.700,299.951,198.694,-100.000,50.007,199.951,1,1
64.800,301.319,198.864,-100.000,50.009,201.319,1,1
64.900,302.644,199.037,-100.000,50.010,202.644,1,1
65.000,303.923,199.211,-100.000,50.011,203.923,1,1
65.100,305.157,199.388,-100.000,50.013,205.157,1,1
65.200,306.344,199.566,-100.000,50.014,206.344,1,1
65.300,307.485,199.745,-100.000,50.015,207.485,1,1
65.400,308.579,199.926,-100.000,50.017,208.579,1,1
65.500,309.625,200.109,-100.000,50.018,209.625,1,1
65.600,310.624,200.293,-100.000,50.020,210.624,1,1
65.700,311.573,200.478,-100.000,50.021,211.573,1,1
65.800,312.474,200.664,-100.000,50.022,212.474,1,1
65.900,313.325,200.852,-100.000,50.024,213.325,1,1
66.000,314.127,201.040,-100.000,50.025,214.127,1,1
66.100,314.878,201.230,-100.000,50.027,214.878,1,1
66.200,315.580,201.420,-100.000,50.028,215.580,1,1
66.300,316.230,201.611,-100.000,50.029,216.230,1,1
66.400,316.829,201.803,-100.000,50.031,216.829,1,1
66.500,317.378,201.995,-100.000,50.032,217.378,1,1
66.600,317.874,202.188,-100.000,50.034,217.874,1,1
66.700,318.320,202.381,-100.000,50.035,218.320,1,1
66.800,318.713,202.575,-100.000,50.036,218.713,1,1
66.900,319.054,202.768,-100.000,50.038,219.054,1,1
67.000,319.343,202.962,-100.000,50.039,219.343,1,1
67.100,319.579,203.156,-100.000,50.040,219.579,1,1
67.200,319.763,203.350,-100.000,50.042,219.763,1,1
67.300,319.895,203.544,-100.000,50.043,219.895,1,1
67.400,319.974,203.738,-100.000,50.045,219.974,1,1
67.500,320.000,203.931,-100.000,50.046,220.000,1,1
67.600,319.974,204.125,-100.000,50.047,219.974,1,1
67.700,319.895,204.317,-100.000,50.049,219.895,1,1
67.800,319.763,204.509,-100.000,50.050,219.763,1,1
67.900,319.579,204.701,-100.000,50.052,219.579,1,1
68.000,319.343,204.891,-100.000,50.053,219.343,1,1
68.100,319.054,205.081,-100.000,50.054,219.054,1,1
68.200,318.713,205.271,-100.000,50.056,218.713,1,1
68.300,318.320,205.459,-100.000,50.057,218.320,1,1
68.400,317.874,205.646,-100.000,50.059,217.874,1,1
68.500,317.378,205.832,-100.000,50.060,217.378,1,1
68.600,316.829,206.016,-100.000,50.061,216.829,1,1
68.700,316.230,206.200,-100.000,50.063,216.230,1,1
68.800,315.580,206.382,-100.000,50.064,215.580,1,1
68.900,314.878,206.562,-100.000,50.065,214.878,1,1
69.000,314.127,206.741,-100.000,50.067,214.127,1,1
69.100,313.325,206.918,-100.000,50.068,213.325,1,1
69.200,312.474,207.094,-100.000,50.070,212.474,1,1
69.300,311.573,207.268,-100.000,50.071,211.573,1,1
69.400,310.624,207.440,-100.000,50.072,210.624,1,1
69.500,309.625,207.610,-100.000,50.074,209.625,1,1
69.600,308.579,207.778,-100.000,50.075,208.579,1,1
69.700,307.485,207.944,-99.542,50.077,207.944,1,1
69.800,306.344,208.108,-98.237,50.078,208.108,1,1
69.900,305.157,208.269,-96.888,50.079,208.269,1,1
70.000,303.923,208.428,-95.495,50.081,208.428,1,1
70.100,302.644,208.585,-94.059,50.082,208.585,1,1
70.200,301.319,208.739,-92.580,50.083,208.739,1,1
70.300,299.951,208.891,-91.059,50.084,208.891,1,1
70.400,298.538,209.040,-89.498,50.086,209.040,1,1
70.500,297.082,209.187,-87.895,50.087,209.187,1,1
70.600,295.584,209.330,-86.253,50.088,209.330,1,1
70.700,294.043,209.471,-84.572,50.089,209.471,1,1
70.800,292.462,209.610,-82.852,50.090,209.610,1,1
70.900,290.839,209.745,-81.095,50.092,209.745,1,1
71.000,289.177,209.877,-79.301,50.093,209.877,1,1
71.100,287.476,210.006,-77.470,50.094,210.006,1,1
71.200,285.737,210.132,-75.605,50.095,210.132,1,1
71.300,283.960,210.255,-73.705,50.096,210.255,1,1
71.400,282.146,210.374,-71.771,50.097,210.374,1,1
71.500,280.296,210.491,-69.805,50.098,210.491,1,1
71.600,278.410,210.604,-67.807,50.099,210.604,1,1
71.700,276.491,210.713,-65.777,50.100,210.713,1,1
71.800,274.538,210.820,-63.718,50.101,210.820,1,1
71.900,272.552,210.922,-61.630,50.101,210.922,1,1
72.000,270.534,211.022,-59.513,50.102,211.022,1,1
72.100,268.486,211.117,-57.368,50.103,211.117,1,1
72.200,266.407,211.209,-55.198,50.104,211.209,1,1
72.300,264.299,211.297,-53.002,50.104,211.297,1,1
72.400,262.163,211.382,-50.781,50.105,211.382,1,1
72.500,260.000,211.463,-48.537,50.106,211.463,1,1
72.600,257.810,211.540,-46.270,50.107,211.540,1,1
72.700,255.596,211.613,-43.982,50.107,211.613,1,1
72.800,253.356,211.683,-41.673,50.108,211.683,1,1
72.900,251.094,211.748,-39.345,50.108,211.748,1,1
73.000,248.808,211.810,-36.998,50.109,211.810,1,1
73.100,246.502,211.868,-34.634,50.109,211.868,1,1
73.200,244.175,211.922,-32.253,50.110,211.922,1,1
73.300,241.829,211.971,-29.857,50.110,211.971,1,1
73.400,239.464,212.017,-27.447,50.110,212.017,1,1
73.500,237.082,212.059,-25.023,50.111,212.059,1,1
73.600,234.684,212.096,-22.587,50.111,212.096,1,1
73.700,232.270,212.130,-20.140,50.111,212.130,1,1
73.800,229.843,212.159,-17.683,50.112,212.159,1,1
73.900,227.402,212.185,-15.217,50.112,212.185,1,1
74.000,224.949,212.206,-12.743,50.112,212.206,1,1
74.100,222.486,212.223,-10.263,50.112,212.223,1,1
74.200,220.012,212.236,-7.776,50.112,212.236,1,1
74.300,217.530,212.245,-5.285,50.112,212.245,1,1
74.400,215.040,212.250,-2.790,50.112,212.250,1,1
74.500,212.543,212.250,-0.293,50.112,212.250,1,1
74.600,210.041,212.246,2.205,50.112,212.246,1,1
74.700,207.535,212.239,4.704,50.112,212.239,1,1
74.800,205.025,212.227,7.202,50.112,212.227,1,1
74.900,202.513,212.210,9.697,50.112,212.210,1,1
75.000,200.000,212.190,12.190,50.112,212.190,1,1
75.100,197.487,212.166,14.679,50.112,212.166,1,1
75.200,194.975,212.137,17.162,50.111,212.137,1,1
75.300,192.465,212.104,19.639,50.111,212.104,1,1
75.400,189.959,212.067,22.109,50.111,212.067,1,1
75.500,187.457,212.027,24.570,50.111,212.027,1,1
75.600,184.960,211.981,27.021,50.110,211.981,1,1
75.700,182.470,211.932,29.462,50.110,211.932,1,1
75.800,179.988,211.879,31.891,50.109,211.879,1,1
75.900,177.514,211.822,34.308,50.109,211.822,1,1
76.000,175.051,211.761,36.710,50.108,211.761,1,1
76.100,172.598,211.696,39.098,50.108,211.696,1,1
76.200,170.157,211.627,41.469,50.107,211.627,1,1
76.300,167.730,211.554,43.824,50.107,211.554,1,1
76.400,165.316,211.477,46.160,50.106,211.477,1,1
76.500,162.918,211.396,48.478,50.105,211.396,1,1
76.600,160.536,211.311,50.775,50.105,211.311,1,1
76.700,158.171,211.223,53.051,50.104,211.223,1,1
76.800,155.825,211.131,55.306,50.103,211.131,1,1
76.900,153.498,211.035,57.537,50.102,211.035,1,1
77.000,151.192,210.935,59.744,50.101,210.935,1,1
77.100,148.906,210.832,61.925,50.101,210.832,1,1
77.200,146.644,210.725,64.081,50.100,210.725,1,1
77.300,144.404,210.615,66.210,50.099,210.615,1,1
77.400,142.190,210.501,68.311,50.098,210.501,1,1
77.500,140.000,210.384,70.384,50.097,210.384,1,1
77.600,137.837,210.263,72.426,50.096,210.263,1,1
77.700,135.701,210.139,74.438,50.095,210.139,1,1
77.800,133.593,210.011,76.418,50.094,210.011,1,1
77.900,131.514,209.881,78.366,50.093,209.881,1,1
78.000,129.466,209.747,80.281,50.092,209.747,1,1
78.100,127.448,209.610,82.162,50.090,209.610,1,1
78.200,125.462,209.470,84.008,50.089,209.470,1,1
78.300,123.509,209.327,85.818,50.088,209.327,1,1
78.400,121.590,209.181,87.592,50.087,209.181,1,1
78.500,119.704,209.032,89.328,50.086,209.032,1,1
78.600,117.854,208.880,91.026,50.084,208.880,1,1
78.700,116.040,208.726,92.686,50.083,208.726,1,1
78.800,114.263,208.569,94.306,50.082,208.569,1,1
78.900,112.524,208.409,95.885,50.080,208.409,1,1
79.000,110.823,208.247,97.424,50.079,208.247,1,1
79.100,109.161,208.082,98.921,50.078,208.082,1,1
79.200,107.538,207.914,100.000,50.076,207.538,1,1
79.300,105.957,207.745,100.000,50.075,205.957,1,1
79.400,104.416,207.573,100.000,50.074,204.416,1,1
79.500,102.918,207.399,100.000,50.072,202.918,1,1
79.600,101.462,207.223,100.000,50.071,201.462,1,1
79.700,100.049,207.044,100.000,50.069,200.049,1,1
79.800,98.681,206.864,100.000,50.068,198.681,1,1
79.900,97.356,206.682,100.000,50.067,197.356,1,1
80.000,96.077,206.498,100.000,50.065,196.077,1,1
80.100,94.843,206.312,100.000,50.064,194.843,1,1
80.200,93.656,206.124,100.000,50.062,193.656,1,1
80.300,92.515,205.935,100.000,50.061,192.515,1,1
80.400,91.421,205.745,100.000,50.060,191.421,1,1
80.500,90.375,205.553,100.000,50.058,190.375,1,1
80.600,89.376,205.360,100.000,50.057,189.376,1,1
80.700,88.427,205.165,100.000,50.055,188.427,1,1
80.800,87.526,204.969,100.000,50.054,187.526,1,1
80.900,86.675,204.772,100.000,50.053,186.675,1,1
81.000,85.873,204.575,100.000,50.051,185.873,1,1
81.100,85.122,204.376,100.000,50.050,185.122,1,1
81.200,84.420,204.176,100.000,50.049,184.420,1,1
81.300,83.770,203.976,100.000,50.047,183.770,1,1
81.400,83.171,203.775,100.000,50.046,183.171,1,1
81.500,82.622,203.573,100.000,50.044,182.622,1,1
81.600,82.126,203.371,100.000,50.043,182.126,1,1
81.700,81.680,203.169,100.000,50.042,181.680,1,1
81.800,81.287,202.966,100.000,50.040,181.287,1,1
81.900,80.946,202.763,100.000,50.039,180.946,1,1
82.000,80.657,202.560,100.000,50.037,180.657,1,1
82.100,80.421,202.357,100.000,50.036,180.421,1,1
82.200,80.237,202.153,100.000,50.035,180.237,1,1
82.300,80.105,201.950,100.000,50.033,180.105,1,1
82.400,80.026,201.747,100.000,50.032,180.026,1,1
82.500,80.000,201.545,100.000,50.030,180.000,1,1
82.600,80.026,201.343,100.000,50.029,180.026,1,1
82.700,80.105,201.141,100.000,50.028,180.105,1,1
82.800,80.237,200.940,100.000,50.026,180.237,1,1
82.900,80.421,200.739,100.000,50.025,180.421,1,1
83.000,80.657,200.539,100.000,50.024,180.657,1,1
83.100,80.946,200.340,100.000,50.022,180.946,1,1
83.200,81.287,200.142,100.000,50.021,181.287,1,1
83.300,81.680,199.945,100.000,50.019,181.680,1,1
83.400,82.126,199.749,100.000,50.018,182.126,1,1
83.500,82.622,199.554,100.000,50.017,182.622,1,1
83.600,83.171,199.361,100.000,50.015,183.171,1,1
83.700,83.770,199.168,100.000,50.014,183.770,1,1
83.800,84.420,198.977,100.000,50.012,184.420,1,1
83.900,85.122,198.788,100.000,50.011,185.122,1,1
84.000,85.873,198.600,100.000,50.010,185.873,1,1
84.100,86.675,198.414,100.000,50.008,186.675,1,1
84.200,87.526,198.229,100.000,50.007,187.526,1,1
84.300,88.427,198.047,100.000,50.005,188.427,1,1
84.400,89.376,197.866,100.000,50.004,189.376,1,1
84.500,90.375,197.687,100.000,50.003,190.375,1,1
84.600,91.421,197.510,100.000,50.001,191.421,1,1
84.700,92.515,197.335,100.000,50.000,192.515,1,1
84.800,93.656,197.163,100.000,49.999,193.656,1,1
84.900,94.843,196.993,100.000,49.997,194.843,1,1
85.000,96.077,196.825,100.000,49.996,196.077,1,1
85.100,97.356,196.659,99.303,49.994,196.659,1,1
85.200,98.681,196.496,97.816,49.993,196.496,1,1
85.300,100.049,196.336,96.286,49.992,196.336,1,1
85.400,101.462,196.178,94.716,49.990,196.178,1,1
85.500,102.918,196.023,93.105,49.989,196.023,1,1
85.600,104.416,195.870,91.454,49.988,195.870,1,1
85.700,105.957,195.721,89.764,49.987,195.721,1,1
85.800,107.538,195.574,88.036,49.985,195.574,1,1
85.900,109.161,195.430,86.270,49.984,195.430,1,1
86.000,110.823,195.289,84.467,49.983,195.289,1,1
86.100,112.524,195.152,82.628,49.982,195.152,1,1
86.200,114.263,195.017,80.754,49.981,195.017,1,1
86.300,116.040,194.886,78.845,49.980,194.886,1,1
86.400,117.854,194.758,76.903,49.979,194.758,1,1
86.500,119.704,194.633,74.928,49.977,194.633,1,1
86.600,121.590,194.511,72.922,49.976,194.511,1,1
86.700,123.509,194.393,70.884,49.975,194.393,1,1
86.800,125.462,194.278,68.816,49.975,194.278,1,1
86.900,127.448,194.167,66.719,49.974,194.167,1,1
87.000,129.466,194.059,64.594,49.973,194.059,1,1
87.100,131.514,193.955,62.441,49.972,193.955,1,1
87.200,133.593,193.855,60.262,49.971,193.855,1,1
87.300,135.701,193.758,58.057,49.970,193.758,1,1
87.400,137.837,193.665,55.828,49.969,193.665,1,1
87.500,140.000,193.576,53.576,49.969,193.576,1,1
87.600,142.190,193.490,51.301,49.968,193.490,1,1
87.700,144.404,193.409,49.004,49.967,193.409,1,1
87.800,146.644,193.331,46.687,49.967,193.331,1,1
87.900,148.906,193.257,44.350,49.966,193.257,1,1
88.000,151.192,193.187,41.995,49.965,193.187,1,1
88.100,153.498,193.121,39.623,49.965,193.121,1,1
88.200,155.825,193.059,37.234,49.964,193.059,1,1
88.300,158.171,193.001,34.829,49.964,193.001,1,1
88.400,160.536,192.947,32.411,49.963,192.947,1,1
88.500,162.918,192.897,29.979,49.963,192.897,1,1
88.600,165.316,192.851,27.535,49.963,192.851,1,1
88.700,167.730,192.809,25.079,49.962,192.809,1,1
88.800,170.157,192.771,22.614,49.962,192.771,1,1
88.900,172.598,192.738,20.140,49.962,192.738,1,1
89.000,175.051,192.708,17.658,49.961,192.708,1,1
89.100,177.514,192.683,15.169,49.961,192.683,1,1
89.200,179.988,192.662,12.674,49.961,192.662,1,1
89.300,182.470,192.645,10.175,49.961,192.645,1,1
89.400,184.960,192.632,7.672,49.961,192.632,1,1
89.500,187.457,192.624,5.167,49.961,192.624,1,1
89.600,189.959,192.619,2.661,49.961,192.619,1,1
89.700,192.465,192.619,0.154,49.961,192.619,1,1
89.800,194.975,192.623,-2.352,49.961,192.623,1,1
89.900,197.487,192.631,-4.856,49.961,192.631,1,1
90.000,200.000,192.643,-7.357,49.961,192.643,1,1
90.100,202.513,192.660,-9.853,49.961,192.660,1,1
90.200,205.025,192.680,-12.345,49.961,192.680,1,1
90.300,207.535,192.705,-14.830,49.961,192.705,1,1
90.400,210.041,192.734,-17.308,49.962,192.734,1,1
90.500,212.543,192.767,-19.777,49.962,192.767,1,1
90.600,215.040,192.804,-22.236,49.962,192.804,1,1
90.700,217.530,192.845,-24.685,49.963,192.845,1,1
90.800,220.012,192.890,-27.122,49.963,192.890,1,1
90.900,222.486,192.939,-29.546,49.963,192.939,1,1
91.000,224.949,192.993,-31.957,49.964,192.993,1,1
91.100,227.402,193.050,-34.352,49.964,193.050,1,1
91.200,229.843,193.111,-36.732,49.965,193.111,1,1
91.300,232.270,193.176,-39.094,49.965,193.176,1,1
91.400,234.684,193.245,-41.438,49.966,193.245,1,1
91.500,237.082,193.318,-43.764,49.967,193.318,1,1
91.600,239.464,193.395,-46.069,49.967,193.395,1,1
91.700,241.829,193.476,-48.353,49.968,193.476,1,1
91.800,244.175,193.560,-50.615,49.969,193.560,1,1
91.900,246.502,193.648,-52.854,49.969,193.648,1,1
92.000,248.808,193.740,-55.069,49.970,193.740,1,1
92.100,251.094,193.835,-57.258,49.971,193.835,1,1
92.200,253.356,193.934,-59.422,49.972,193.934,1,1
92.300,255.596,194.037,-61.559,49.973,194.037,1,1
92.400,257.810,194.143,-63.667,49.973,194.143,1,1
92.500,260.000,194.253,-65.747,49.974,194.253,1,1
92.600,262.163,194.366,-67.798,49.975,194.366,1,1
92.700,264.299,194.482,-69.817,49.976,194.482,1,1
92.800,266.407,194.602,-71.805,49.977,194.602,1,1
92.900,268.486,194.725,-73.761,49.978,194.725,1,1
93.000,270.534,194.851,-75.683,49.979,194.851,1,1
93.100,272.552,194.980,-77.572,49.980,194.980,1,1
93.200,274.538,195.112,-79.425,49.981,195.112,1,1
93.300,276.491,195.248,-81.243,49.983,195.248,1,1
93.400,278.410,195.386,-83.024,49.984,195.386,1,1
93.500,280.296,195.527,-84.768,49.985,195.527,1,1
93.600,282.146,195.672,-86.474,49.986,195.672,1,1
93.700,283.960,195.818,-88.141,49.987,195.818,1,1
93.800,285.737,195.968,-89.769,49.989,195.968,1,1
93.900,287.476,196.120,-91.356,49.990,196.120,1,1
94.000,289.177,196.275,-92.902,49.991,196.275,1,1
94.100,290.839,196.433,-94.407,49.992,196.433,1,1
94.200,292.462,196.592,-95.869,49.994,196.592,1,1
94.300,294.043,196.754,-97.289,49.995,196.754,1,1
94.400,295.584,196.919,-98.665,49.997,196.919,1,1
94.500,297.082,197.086,-99.996,49.998,197.086,1,1
94.600,298.538,197.254,-100.000,49.999,198.538,1,1
94.700,299.951,197.425,-100.000,50.001,199.951,1,1
94.800,301.319,197.598,-100.000,50.002,201.319,1,1
94.900,302.644,197.773,-100.000,50.003,202.644,1,1
95.000,303.923,197.950,-100.000,50.005,203.923,1,1
95.100,305.157,198.128,-100.000,50.006,205.157,1,1
95.200,306.344,198.308,-100.000,50.008,206.344,1,1
95.300,307.485,198.490,-100.000,50.009,207.485,1,1
95.400,308.579,198.673,-100.000,50.010,208.579,1,1
95.500,309.625,198.857,-100.000,50.012,209.625,1,1
95.600,310.624,199.043,-100.000,50.013,210.624,1,1
95.700,311.573,199.231,-100.000,50.015,211.573,1,1
95.800,312.474,199.419,-100.000,50.016,212.474,1,1
95.900,313.325,199.609,-100.000,50.017,213.325,1,1
96.000,314.127,199.799,-100.000,50.019,214.127,1,1
96.100,314.878,199.991,-100.000,50.020,214.878,1,1
96.200,315.580,200.183,-100.000,50.022,215.580,1,1
96.300,316.230,200.376,-100.000,50.023,216.230,1,1
96.400,316.829,200.570,-100.000,50.024,216.829,1,1
96.500,317.378,200.764,-100.000,50.026,217.378,1,1
96.600,317.874,200.959,-100.000,50.027,217.874,1,1
96.700,318.320,201.154,-100.000,50.028,218.320,1,1
96.800,318.713,201.350,-100.000,50.030,218.713,1,1
96.900,319.054,201.546,-100.000,50.031,219.054,1,1
97.000,319.343,201.742,-100.000,50.033,219.343,1,1
97.100,319.579,201.938,-100.000,50.034,219.579,1,1
97.200,319.763,202.134,-100.000,50.035,219.763,1,1
97.300,319.895,202.330,-100.000,50.037,219.895,1,1
97.400,319.974,202.526,-100.000,50.038,219.974,1,1
97.500,320.000,202.721,-100.000,50.040,220.000,1,1
97.600,319.974,202.916,-100.000,50.041,219.974,1,1
97.700,319.895,203.111,-100.000,50.042,219.895,1,1
97.800,319.763,203.305,-100.000,50.044,219.763,1,1
97.900,319.579,203.498,-100.000,50.045,219.579,1,1
98.000,319.343,203.691,-100.000,50.047,219.343,1,1
98.100,319.054,203.883,-100.000,50.048,219.054,1,1
98.200,318.713,204.074,-100.000,50.049,218.713,1,1
98.300,318.320,204.264,-100.000,50.051,218.320,1,1
98.400,317.874,204.453,-100.000,50.052,217.874,1,1
98.500,317.378,204.641,-100.000,50.053,217.378,1,1
98.600,316.829,204.828,-100.000,50.055,216.829,1,1
98.700,316.230,205.013,-100.000,50.056,216.230,1,1
98.800,315.580,205.197,-100.000,50.058,215.580,1,1
98.900,314.878,205.380,-100.000,50.059,214.878,1,1
99.000,314.127,205.561,-100.000,50.060,214.127,1,1
99.100,313.325,205.740,-100.000,50.062,213.325,1,1
99.200,312.474,205.917,-100.000,50.063,212.474,1,1
99.300,311.573,206.093,-100.000,50.065,211.573,1,1
99.400,310.624,206.267,-100.000,50.066,210.624,1,1
99.500,309.625,206.439,-100.000,50.067,209.625,1,1
99.600,308.579,206.609,-100.000,50.069,208.579,1,1
99.700,307.485,206.777,-100.000,50.070,207.485,1,1
99.800,306.344,206.943,-99.402,50.072,206.943,1,1
99.900,305.157,207.106,-98.051,50.073,207.106,1,1
100.000,303.923,207.267,-96.656,50.074,207.267,1,1
100.100,302.644,207.426,-95.218,50.076,207.426,1,1
100.200,301.319,207.582,-93.737,50.077,207.582,1,1
100.300,299.951,207.736,-92.215,50.078,207.736,1,1
100.400,298.538,207.887,-90.651,50.079,207.887,1,1
100.500,297.082,208.035,-89.047,50.081,208.035,1,1
100.600,295.584,208.181,-87.403,50.082,208.181,1,1
100.700,294.043,208.324,-85.719,50.083,208.324,1,1
100.800,292.462,208.464,-83.998,50.084,208.464,1,1
100.900,290.839,208.601,-82.239,50.085,208.601,1,1
101.000,289.177,208.735,-80.442,50.086,208.735,1,1
101.100,287.476,208.866,-78.610,50.088,208.866,1,1
101.200,285.737,208.994,-76.743,50.089,208.994,1,1
101.300,283.960,209.119,-74.841,50.090,209.119,1,1
101.400,282.146,209.240,-72.906,50.091,209.240,1,1
101.500,280.296,209.358,-70.937,50.092,209.358,1,1
101.600,278.410,209.473,-68.937,50.093,209.473,1,1
101.700,276.491,209.585,-66.906,50.094,209.585,1,1
101.800,274.538,209.693,-64.845,50.094,209.693,1,1
101.900,272.552,209.797,-62.755,50.095,209.797,1,1
102.000,270.534,209.898,-60.636,50.096,209.898,1,1
102.100,268.486,209.996,-58.490,50.097,209.996,1,1
102.200,266.407,210.090,-56.317,50.098,210.090,1,1
102.300,264.299,210.180,-54.119,50.099,210.180,1,1
102.400,262.163,210.266,-51.897,50.099,210.266,1,1
102.500,260.000,210.349,-49.651,50.100,210.349,1,1
102.600,257.810,210.428,-47.382,50.101,210.428,1,1
102.700,255.596,210.503,-45.092,50.101,210.503,1,1
102.800,253.356,210.575,-42.782,50.102,210.575,1,1
102.900,251.094,210.642,-40.451,50.102,210.642,1,1
103.000,248.808,210.706,-38.103,50.103,210.706,1,1
103.100,246.502,210.765,-35.737,50.103,210.765,1,1
103.200,244.175,210.821,-33.354,50.104,210.821,1,1
103.300,241.829,210.872,-30.956,50.104,210.872,1,1
103.400,239.464,210.920,-28.544,50.105,210.920,1,1
103.500,237.082,210.963,-26.119,50.105,210.963,1,1
103.600,234.684,211.003,-23.681,50.105,211.003,1,1
103.700,232.270,211.038,-21.232,50.106,211.038,1,1
103.800,229.843,211.070,-18.773,50.106,211.070,1,1
103.900,227.402,211.097,-16.305,50.106,211.097,1,1
104.000,224.949,211.120,-13.830,50.106,211.120,1,1
104.100,222.486,211.139,-11.347,50.106,211.139,1,1
104.200,220.012,211.153,-8.859,50.107,211.153,1,1
104.300,217.530,211.164,-6.366,50.107,211.164,1,1
104.400,215.040,211.171,-3.869,50.107,211.171,1,1
104.500,212.543,211.173,-1.371,50.107,211.173,1,1
104.600,210.041,211.171,1.130,50.107,211.171,1,1
104.700,207.535,211.165,3.630,50.107,211.165,1,1
104.800,205.025,211.155,6.130,50.107,211.155,1,1
104.900,202.513,211.140,8.627,50.107,211.140,1,1
105.000,200.000,211.122,11.122,50.106,211.122,1,1
105.100,197.487,211.099,13.612,50.106,211.099,1,1
105.200,194.975,211.072,16.097,50.106,211.072,1,1
105.300,192.465,211.041,18.576,50.106,211.041,1,1
105.400,189.959,211.006,21.048,50.105,211.006,1,1
105.500,187.457,210.967,23.510,50.105,210.967,1,1
105.600,184.960,210.924,25.964,50.105,210.924,1,1
105.700,182.470,210.876,28.406,50.104,210.876,1,1
105.800,179.988,210.825,30.837,50.104,210.825,1,1
105.900,177.514,210.770,33.255,50.103,210.770,1,1
106.000,175.051,210.710,35.660,50.103,210.710,1,1
106.100,172.598,210.647,38.049,50.102,210.647,1,1
106.200,170.157,210.579,40.422,50.102,210.579,1,1
106.300,167.730,210.508,42.778,50.101,210.508,1,1
106.400,165.316,210.433,45.117,50.101,210.433,1,1
106.500,162.918,210.354,47.436,50.100,210.354,1,1
106.600,160.536,210.271,49.735,50.099,210.271,1,1
106.700,158.171,210.184,52.013,50.099,210.184,1,1
106.800,155.825,210.094,54.269,50.098,210.094,1,1
106.900,153.498,210.000,56.501,50.097,210.000,1,1
107.000,151.192,209.902,58.710,50.096,209.902,1,1
107.100,148.906,209.800,60.894,50.095,209.800,1,1
107.200,146.644,209.695,63.051,50.094,209.695,1,1
107.300,144.404,209.587,65.182,50.094,209.587,1,1
107.400,142.190,209.474,67.285,50.093,209.474,1,1
107.500,140.000,209.359,69.359,50.092,209.359,1,1
107.600,137.837,209.240,71.403,50.091,209.240,1,1
107.700,135.701,209.117,73.417,50.090,209.117,1,1
107.800,133.593,208.992,75.399,50.089,208.992,1,1
107.900,131.514,208.863,77.348,50.088,208.863,1,1
108.000,129.466,208.731,79.265,50.086,208.731,1,1
108.100,127.448,208.596,81.147,50.085,208.596,1,1
108.200,125.462,208.457,82.995,50.084,208.457,1,1
108.300,123.509,208.316,84.807,50.083,208.316,1,1
108.400,121.590,208.172,86.582,50.082,208.172,1,1
108.500,119.704,208.024,88.320,50.081,208.024,1,1
108.600,117.854,207.874,90.020,50.079,207.874,1,1
108.700,116.040,207.722,91.681,50.078,207.722,1,1
108.800,114.263,207.566,93.303,50.077,207.566,1,1
108.900,112.524,207.408,94.884,50.075,207.408,1,1
109.000,110.823,207.247,96.425,50.074,207.247,1,1
109.100,109.161,207.084,97.923,50.073,207.084,1,1
109.200,107.538,206.918,99.380,50.071,206.918,1,1
109.300,105.957,206.750,100.000,50.070,205.957,1,1
109.400,104.416,206.580,100.000,50.069,204.416,1,1
109.500,102.918,206.408,100.000,50.067,202.918,1,1
109.600,101.462,206.233,100.000,50.066,201.462,1,1
109.700,100.049,206.056,100.000,50.064,200.049,1,1
109.800,98.681,205.878,100.000,50.063,198.681,1,1
109.900,97.356,205.697,100.000,50.062,197.356,1,1
110.000,96.077,205.515,100.000,50.060,196.077,1,1
110.100,94.843,205.331,100.000,50.059,194.843,1,1
110.200,93.656,205.145,100.000,50.057,193.656,1,1
110.300,92.515,204.957,100.000,50.056,192.515,1,1
110.400,91.421,204.768,100.000,50.055,191.421,1,1
110.500,90.375,204.578,100.000,50.053,190.375,1,1
110.600,89.376,204.386,100.000,50.052,189.376,1,1
110.700,88.427,204.193,100.000,50.050,188.427,1,1
110.800,87.526,203.999,100.000,50.049,187.526,1,1
110.900,86.675,203.804,100.000,50.048,186.675,1,1
111.000,85.873,203.608,100.000,50.046,185.873,1,1
111.100,85.122,203.411,100.000,50.045,185.122,1,1
111.200,84.420,203.213,100.000,50.044,184.420,1,1
111.300,83.770,203.014,100.000,50.042,183.770,1,1
111.400,83.171,202.815,100.000,50.041,183.171,1,1
111.500,82.622,202.615,100.000,50.039,182.622,1,1
111.600,82.126,202.414,100.000,50.038,182.126,1,1
111.700,81.680,202.213,100.000,50.037,181.680,1,1
111.800,81.287,202.012,100.000,50.035,181.287,1,1
111.900,80.946,201.811,100.000,50.034,180.946,1,1
112.000,80.657,201.609,100.000,50.032,180.657,1,1
112.100,80.421,201.407,100.000,50.031,180.421,1,1
112.200,80.237,201.206,100.000,50.030,180.237,1,1
112.300,80.105,201.004,100.000,50.028,180.105,1,1
112.400,80.026,200.803,100.000,50.027,180.026,1,1
112.500,80.000,200.602,100.000,50.025,180.000,1,1
112.600,80.026,200.401,100.000,50.024,180.026,1,1
112.700,80.105,200.201,100.000,50.023,180.105,1,1
112.800,80.237,200.002,100.000,50.021,180.237,1,1
112.900,80.421,199.803,100.000,50.020,180.421,1,1
113.000,80.657,199.604,100.000,50.019,180.657,1,1
113.100,80.946,199.407,100.000,50.017,180.946,1,1
113.200,81.287,199.210,100.000,50.016,181.287,1,1
113.300,81.680,199.015,100.000,50.014,181.680,1,1
113.400,82.126,198.820,100.000,50.013,182.126,1,1
113.500,82.622,198.627,100.000,50.012,182.622,1,1
113.600,83.171,198.435,100.000,50.010,183.171,1,1
113.700,83.770,198.244,100.000,50.009,183.770,1,1
113.800,84.420,198.055,100.000,50.007,184.420,1,1
113.900,85.122,197.867,100.000,50.006,185.122,1,1
114.000,85.873,197.680,100.000,50.005,185.873,1,1
114.100,86.675,197.496,100.000,50.003,186.675,1,1
114.200,87.526,197.313,100.000,50.002,187.526,1,1
114.300,88.427,197.132,100.000,50.000,188.427,1,1
114.400,89.376,196.952,100.000,49.999,189.376,1,1
114.500,90.375,196.775,100.000,49.998,190.375,1,1
114.600,91.421,196.600,100.000,49.996,191.421,1,1
114.700,92.515,196.426,100.000,49.995,192.515,1,1
114.800,93.656,196.255,100.000,49.994,193.656,1,1
114.900,94.843,196.087,100.000,49.992,194.843,1,1
115.000,96.077,195.920,99.843,49.991,195.920,1,1
115.100,97.356,195.756,98.400,49.989,195.756,1,1
115.200,98.681,195.595,96.914,49.988,195.595,1,1
115.300,100.049,195.436,95.386,49.987,195.436,1,1
115.400,101.462,195.279,93.817,49.985,195.279,1,1
115.500,102.918,195.126,92.208,49.984,195.126,1,1
115.600,104.416,194.975,90.558,49.983,194.975,1,1
115.700,105.957,194.827,88.870,49.982,194.827,1,1
115.800,107.538,194.681,87.143,49.980,194.681,1,1
115.900,109.161,194.539,85.379,49.979,194.539,1,1
116.000,110.823,194.400,83.577,49.978,194.400,1,1
116.100,112.524,194.264,81.740,49.977,194.264,1,1
116.200,114.263,194.131,79.867,49.976,194.131,1,1
116.300,116.040,194.001,77.960,49.975,194.001,1,1
116.400,117.854,193.874,76.020,49.974,193.874,1,1
116.500,119.704,193.750,74.046,49.973,193.750,1,1
116.600,121.590,193.630,72.041,49.972,193.630,1,1
116.700,123.509,193.514,70.005,49.971,193.514,1,1
116.800,125.462,193.401,67.938,49.970,193.401,1,1
116.900,127.448,193.291,65.843,49.969,193.291,1,1
117.000,129.466,193.185,63.719,49.968,193.185,1,1
117.100,131.514,193.082,61.568,49.967,193.082,1,1
117.200,133.593,192.983,59.390,49.966,192.983,1,1
117.300,135.701,192.888,57.187,49.966,192.888,1,1
117.400,137.837,192.796,54.959,49.965,192.796,1,1
117.500,140.000,192.708,52.708,49.964,192.708,1,1
117.600,142.190,192.624,50.435,49.963,192.624,1,1
117.700,144.404,192.544,48.139,49.963,192.544,1,1
117.800,146.644,192.468,45.824,49.962,192.468,1,1
117.900,148.906,192.395,43.489,49.961,192.395,1,1
118.000,151.192,192.327,41.135,49.961,192.327,1,1
118.100,153.498,192.262,38.764,49.960,192.262,1,1
118.200,155.825,192.201,36.376,49.960,192.201,1,1
118.300,158.171,192.145,33.973,49.959,192.145,1,1
118.400,160.536,192.092,31.556,49.959,192.092,1,1
118.500,162.918,192.044,29.126,49.958,192.044,1,1
118.600,165.316,191.999,26.683,49.958,191.999,1,1
118.700,167.730,191.959,24.229,49.958,191.959,1,1
118.800,170.157,191.922,21.765,49.957,191.922,1,1
118.900,172.598,191.890,19.292,49.957,191.890,1,1
119.000,175.051,191.862,16.812,49.957,191.862,1,1
119.100,177.514,191.838,14.324,49.957,191.838,1,1
119.200,179.988,191.819,11.831,49.957,191.819,1,1
119.300,182.470,191.803,9.333,49.956,191.803,1,1
119.400,184.960,191.792,6.832,49.956,191.792,1,1
119.500,187.457,191.784,4.328,49.956,191.784,1,1
119.600,189.959,191.781,1.823,49.956,191.781,1,1
119.700,192.465,191.783,-0.683,49.956,191.783,1,1
119.800,194.975,191.788,-3.187,49.956,191.788,1,1
119.900,197.487,191.797,-5.690,49.956,191.797,1,1
120.000,200.000,191.811,-8.189,49.957,191.811,1,1
120.100,202.513,191.829,-10.684,49.957,191.829,1,1
120.200,205.025,191.851,-13.174,49.957,191.851,1,1
120.300,207.535,191.877,-15.658,49.957,191.877,1,1
120.400,210.041,191.907,-18.134,49.957,191.907,1,1
120.500,212.543,191.941,-20.602,49.958,191.941,1,1
120.600,215.040,191.980,-23.060,49.958,191.980,1,1
120.700,217.530,192.022,-25.508,49.958,192.022,1,1
120.800,220.012,192.069,-27.943,49.959,192.069,1,1
120.900,222.486,192.120,-30.366,49.959,192.120,1,1
121.000,224.949,192.174,-32.775,49.960,192.174,1,1
121.100,227.402,192.233,-35.169,49.960,192.233,1,1
121.200,229.843,192.295,-37.547,49.961,192.295,1,1
121.300,232.270,192.362,-39.908,49.961,192.362,1,1
121.400,234.684,192.432,-42.251,49.962,192.432,1,1
121.500,237.082,192.507,-44.575,49.962,192.507,1,1
121.600,239.464,192.585,-46.879,49.963,192.585,1,1
121.700,241.829,192.667,-49.162,49.964,192.667,1,1
121.800,244.175,192.752,-51.423,49.964,192.752,1,1
121.900,246.502,192.842,-53.660,49.965,192.842,1,1
122.000,248.808,192.935,-55.873,49.966,192.935,1,1
122.100,251.094,193.032,-58.062,49.967,193.032,1,1
122.200,253.356,193.132,-60.224,49.968,193.132,1,1
122.300,255.596,193.236,-62.360,49.968,193.236,1,1
122.400,257.810,193.343,-64.467,49.969,193.343,1,1
122.500,260.000,193.454,-66.546,49.970,193.454,1,1
122.600,262.163,193.569,-68.595,49.971,193.569,1,1
122.700,264.299,193.686,-70.613,49.972,193.686,1,1
122.800,266.407,193.807,-72.600,49.973,193.807,1,1
122.900,268.486,193.932,-74.554,49.974,193.932,1,1
123.000,270.534,194.059,-76.475,49.975,194.059,1,1
123.100,272.552,194.190,-78.362,49.976,194.190,1,1
123.200,274.538,194.323,-80.214,49.977,194.323,1,1
123.300,276.491,194.460,-82.031,49.979,194.460,1,1
123.400,278.410,194.600,-83.811,49.980,194.600,1,1
123.500,280.296,194.742,-85.553,49.981,194.742,1,1
123.600,282.146,194.888,-87.258,49.982,194.888,1,1
123.700,283.960,195.036,-88.924,49.983,195.036,1,1
123.800,285.737,195.187,-90.550,49.985,195.187,1,1
123.900,287.476,195.341,-92.136,49.986,195.341,1,1
124.000,289.177,195.497,-93.681,49.987,195.497,1,1
124.100,290.839,195.655,-95.184,49.989,195.655,1,1
124.200,292.462,195.816,-96.645,49.990,195.816,1,1
124.300,294.043,195.980,-98.063,49.991,195.980,1,1
124.400,295.584,196.146,-99.438,49.993,196.146,1,1
124.500,297.082,196.313,-100.000,49.994,197.082,1,1
124.600,298.538,196.484,-100.000,49.995,198.538,1,1
124.700,299.951,196.656,-100.000,49.997,199.951,1,1
124.800,301.319,196.830,-100.000,49.998,201.319,1,1
124.900,302.644,197.006,-100.000,50.000,202.644,1,1
125.000,303.923,197.184,-100.000,50.001,203.923,1,1
125.100,305.157,197.363,-100.000,50.002,205.157,1,1
125.200,306.344,197.545,-100.000,50.004,206.344,1,1
125.300,307.485,197.728,-100.000,50.005,207.485,1,1
125.400,308.579,197.912,-100.000,50.007,208.579,1,1
125.500,309.625,198.098,-100.000,50.008,209.625,1,1
125.600,310.624,198.285,-100.000,50.009,210.624,1,1
125.700,311.573,198.474,-100.000,50.011,211.573,1,1
125.800,312.474,198.663,-100.000,50.012,212.474,1,1
125.900,313.325,198.854,-100.000,50.013,213.325,1,1
126.000,314.127,199.046,-100.000,50.015,214.127,1,1
126.100,314.878,199.239,-100.000,50.016,214.878,1,1
126.200,315.580,199.432,-100.000,50.018,215.580,1,1
126.300,316.230,199.627,-100.000,50.019,216.230,1,1
126.400,316.829,199.822,-100.000,50.020,216.829,1,1
126.500,317.378,200.017,-100.000,50.022,217.378,1,1
126.600,317.874,200.213,-100.000,50.023,217.874,1,1
126.700,318.320,200.410,-100.000,50.025,218.320,1,1
126.800,318.713,200.607,-100.000,50.026,218.713,1,1
126.900,319.054,200.804,-100.000,50.027,219.054,1,1
127.000,319.343,201.001,-100.000,50.029,219.343,1,1
127.100,319.579,201.198,-100.000,50.030,219.579,1,1
127.200,319.763,201.396,-100.000,50.032,219.763,1,1
127.300,319.895,201.593,-100.000,50.033,219.895,1,1
127.400,319.974,201.790,-100.000,50.034,219.974,1,1
127.500,320.000,201.987,-100.000,50.036,220.000,1,1
127.600,319.974,202.183,-100.000,50.037,219.974,1,1
127.700,319.895,202.379,-100.000,50.038,219.895,1,1
127.800,319.763,202.574,-100.000,50.040,219.763,1,1
127.900,319.579,202.769,-100.000,50.041,219.579,1,1
128.000,319.343,202.963,-100.000,50.043,219.343,1,1
128.100,319.054,203.156,-100.000,50.044,219.054,1,1
128.200,318.713,203.348,-100.000,50.045,218.713,1,1
128.300,318.320,203.539,-100.000,50.047,218.320,1,1
128.400,317.874,203.730,-100.000,50.048,217.874,1,1
128.500,317.378,203.919,-100.000,50.050,217.378,1,1
128.600,316.829,204.107,-100.000,50.051,216.829,1,1
128.700,316.230,204.293,-100.000,50.052,216.230,1,1
128.800,315.580,204.478,-100.000,50.054,215.580,1,1
128.900,314.878,204.662,-100.000,50.055,214.878,1,1
129.000,314.127,204.844,-100.000,50.057,214.127,1,1
129.100,313.325,205.025,-100.000,50.058,213.325,1,1
129.200,312.474,205.203,-100.000,50.059,212.474,1,1
129.300,311.573,205.380,-100.000,50.061,211.573,1,1
129.400,310.624,205.556,-100.000,50.062,210.624,1,1
129.500,309.625,205.729,-100.000,50.063,209.625,1,1
129.600,308.579,205.900,-100.000,50.065,208.579,1,1
129.700,307.485,206.069,-100.000,50.066,207.485,1,1
129.800,306.344,206.236,-100.000,50.068,206.344,1,1
129.900,305.157,206.400,-98.756,50.069,206.400,1,1
130.000,303.923,206.563,-97.360,50.070,206.563,1,1
130.100,302.644,206.722,-95.921,50.072,206.722,1,1
130.200,301.319,206.880,-94.439,50.073,206.880,1,1
130.300,299.951,207.035,-92.916,50.074,207.035,1,1
130.400,298.538,207.187,-91.351,50.076,207.187,1,1
130.500,297.082,207.337,-89.745,50.077,207.337,1,1
130.600,295.584,207.483,-88.100,50.078,207.483,1,1
130.700,294.043,207.627,-86.416,50.079,207.627,1,1
130.800,292.462,207.769,-84.693,50.080,207.769,1,1
130.900,290.839,207.907,-82.933,50.082,207.907,1,1
131.000,289.177,208.042,-81.135,50.083,208.042,1,1
131.100,287.476,208.174,-79.302,50.084,208.174,1,1
131.200,285.737,208.303,-77.433,50.085,208.303,1,1
131.300,283.960,208.429,-75.530,50.086,208.429,1,1
131.400,282.146,208.552,-73.594,50.087,208.552,1,1
131.500,280.296,208.671,-71.625,50.088,208.671,1,1
131.600,278.410,208.787,-69.623,50.089,208.787,1,1
131.700,276.491,208.900,-67.591,50.090,208.900,1,1
131.800,274.538,209.009,-65.529,50.091,209.009,1,1
131.900,272.552,209.115,-63.437,50.092,209.115,1,1
132.000,270.534,209.217,-61.317,50.092,209.217,1,1
132.100,268.486,209.316,-59.170,50.093,209.316,1,1
132.200,266.407,209.411,-56.996,50.094,209.411,1,1
132.300,264.299,209.502,-54.797,50.095,209.502,1,1
132.400,262.163,209.590,-52.574,50.096,209.590,1,1
132.500,260.000,209.673,-50.327,50.096,209.673,1,1
132.600,257.810,209.754,-48.057,50.097,209.754,1,1
132.700,255.596,209.830,-45.766,50.098,209.830,1,1
132.800,253.356,209.902,-43.454,50.098,209.902,1,1
132.900,251.094,209.971,-41.123,50.099,209.971,1,1
133.000,248.808,210.035,-38.773,50.099,210.035,1,1
133.100,246.502,210.096,-36.406,50.100,210.096,1,1
133.200,244.175,210.153,-34.022,50.100,210.153,1,1
133.300,241.829,210.205,-31.623,50.101,210.205,1,1
133.400,239.464,210.254,-29.210,50.101,210.254,1,1
133.500,237.082,210.299,-26.783,50.102,210.299,1,1
133.600,234.684,210.339,-24.344,50.102,210.339,1,1
133.700,232.270,210.376,-21.895,50.102,210.376,1,1
133.800,229.843,210.408,-19.435,50.102,210.408,1,1
133.900,227.402,210.437,-16.966,50.103,210.437,1,1
134.000,224.949,210.461,-14.489,50.103,210.461,1,1
134.100,222.486,210.481,-12.005,50.103,210.481,1,1
134.200,220.012,210.497,-9.516,50.103,210.497,1,1
134.300,217.530,210.508,-7.022,50.103,210.508,1,1
134.400,215.040,210.516,-4.524,50.103,210.516,1,1
134.500,212.543,210.519,-2.024,50.103,210.519,1,1
134.600,210.041,210.518,0.477,50.103,210.518,1,1
134.700,207.535,210.513,2.979,50.103,210.513,1,1
134.800,205.025,210.504,5.479,50.103,210.504,1,1
134.900,202.513,210.491,7.978,50.103,210.491,1,1
135.000,200.000,210.474,10.474,50.103,210.474,1,1
135.100,197.487,210.452,12.965,50.103,210.452,1,1
135.200,194.975,210.426,15.451,50.103,210.426,1,1
135.300,192.465,210.396,17.931,50.102,210.396,1,1
135.400,189.959,210.362,20.404,50.102,210.362,1,1
135.500,187.457,210.324,22.868,50.102,210.324,1,1
135.600,184.960,210.282,25.322,50.101,210.282,1,1
135.700,182.470,210.236,27.766,50.101,210.236,1,1
135.800,179.988,210.185,30.198,50.101,210.185,1,1
135.900,177.514,210.131,32.617,50.100,210.131,1,1
136.000,175.051,210.073,35.022,50.100,210.073,1,1
136.100,172.598,210.010,37.412,50.099,210.010,1,1
136.200,170.157,209.944,39.787,50.099,209.944,1,1
136.300,167.730,209.874,42.144,50.098,209.874,1,1
136.400,165.316,209.800,44.483,50.097,209.800,1,1
136.500,162.918,209.722,46.804,50.097,209.722,1,1
136.600,160.536,209.640,49.104,50.096,209.640,1,1
136.700,158.171,209.554,51.383,50.095,209.554,1,1
136.800,155.825,209.465,53.640,50.095,209.465,1,1
136.900,153.498,209.372,55.873,50.094,209.372,1,1
137.000,151.192,209.275,58.083,50.093,209.275,1,1
137.100,148.906,209.174,60.268,50.092,209.174,1,1
137.200,146.644,209.070,62.426,50.091,209.070,1,1
137.300,144.404,208.963,64.558,50.090,208.963,1,1
137.400,142.190,208.852,66.662,50.089,208.852,1,1
137.500,140.000,208.737,68.737,50.088,208.737,1,1
137.600,137.837,208.619,70.782,50.088,208.619,1,1
137.700,135.701,208.498,72.797,50.087,208.498,1,1
137.800,133.593,208.373,74.780,50.085,208.373,1,1
137.900,131.514,208.245,76.731,50.084,208.245,1,1
138.000,129.466,208.114,78.648,50.083,208.114,1,1
138.100,127.448,207.980,80.532,50.082,207.980,1,1
138.200,125.462,207.843,82.380,50.081,207.843,1,1
138.300,123.509,207.702,84.193,50.080,207.702,1,1
138.400,121.590,207.559,85.969,50.079,207.559,1,1
138.500,119.704,207.413,87.708,50.077,207.413,1,1
138.600,117.854,207.264,89.409,50.076,207.264,1,1
138.700,116.040,207.112,91.072,50.075,207.112,1,1
138.800,114.263,206.957,92.694,50.074,206.957,1,1
138.900,112.524,206.800,94.277,50.072,206.800,1,1
139.000,110.823,206.641,95.818,50.071,206.641,1,1
139.100,109.161,206.478,97.318,50.070,206.478,1,1
139.200,107.538,206.314,98.775,50.068,206.314,1,1
139.300,105.957,206.147,100.000,50.067,205.957,1,1
139.400,104.416,205.978,100.000,50.066,204.416,1,1
139.500,102.918,205.806,100.000,50.064,202.918,1,1
139.600,101.462,205.633,100.000,50.063,201.462,1,1
139.700,100.049,205.457,100.000,50.061,200.049,1,1
139.800,98.681,205.279,100.000,50.060,198.681,1,1
139.900,97.356,205.100,100.000,50.059,197.356,1,1
140.000,96.077,204.918,100.000,50.057,196.077,1,1
140.100,94.843,204.735,100.000,50.056,194.843,1,1
140.200,93.656,204.550,100.000,50.054,193.656,1,1
140.300,92.515,204.364,100.000,50.053,192.515,1,1
140.400,91.421,204.176,100.000,50.052,191.421,1,1
140.500,90.375,203.987,100.000,50.050,190.375,1,1
140.600,89.376,203.796,100.000,50.049,189.376,1,1
140.700,88.427,203.604,100.000,50.047,188.427,1,1
140.800,87.526,203.411,100.000,50.046,187.526,1,1
140.900,86.675,203.216,100.000,50.045,186.675,1,1
141.000,85.873,203.021,100.000,50.043,185.873,1,1
141.100,85.122,202.825,100.000,50.042,185.122,1,1
141.200,84.420,202.628,100.000,50.041,184.420,1,1
141.300,83.770,202.430,100.000,50.039,183.770,1,1
141.400,83.171,202.232,100.000,50.038,183.171,1,1
141.500,82.622,202.033,100.000,50.036,182.622,1,1
141.600,82.126,201.833,100.000,50.035,182.126,1,1
141.700,81.680,201.633,100.000,50.034,181.680,1,1
141.800,81.287,201.433,100.000,50.032,181.287,1,1
141.900,80.946,201.233,100.000,50.031,180.946,1,1
142.000,80.657,201.032,100.000,50.029,180.657,1,1
142.100,80.421,200.831,100.000,50.028,180.421,1,1
142.200,80.237,200.631,100.000,50.027,180.237,1,1
142.300,80.105,200.430,100.000,50.025,180.105,1,1
142.400,80.026,200.230,100.000,50.024,180.026,1,1
142.500,80.000,200.030,100.000,50.022,180.000,1,1
142.600,80.026,199.830,100.000,50.021,180.026,1,1
142.700,80.105,199.631,100.000,50.020,180.105,1,1
142.800,80.237,199.432,100.000,50.018,180.237,1,1
142.900,80.421,199.234,100.000,50.017,180.421,1,1
143.000,80.657,199.037,100.000,50.016,180.657,1,1
143.100,80.946,198.840,100.000,50.014,180.946,1,1
143.200,81.287,198.645,100.000,50.013,181.287,1,1
143.300,81.680,198.450,100.000,50.011,181.680,1,1
143.400,82.126,198.257,100.000,50.010,182.126,1,1
143.500,82.622,198.064,100.000,50.009,182.622,1,1
143.600,83.171,197.873,100.000,50.007,183.171,1,1
143.700,83.770,197.683,100.000,50.006,183.770,1,1
143.800,84.420,197.495,100.000,50.004,184.420,1,1
143.900,85.122,197.308,100.000,50.003,185.122,1,1
144.000,85.873,197.122,100.000,50.002,185.873,1,1
144.100,86.675,196.939,100.000,50.000,186.675,1,1
144.200,87.526,196.757,100.000,49.999,187.526,1,1
144.300,88.427,196.576,100.000,49.997,188.427,1,1
144.400,89.376,196.398,100.000,49.996,189.376,1,1
144.500,90.375,196.222,100.000,49.995,190.375,1,1
144.600,91.421,196.047,100.000,49.993,191.421,1,1
144.700,92.515,195.875,100.000,49.992,192.515,1,1
144.800,93.656,195.705,100.000,49.991,193.656,1,1
144.900,94.843,195.537,100.000,49.989,194.843,1,1
145.000,96.077,195.371,99.295,49.988,195.371,1,1
145.100,97.356,195.208,97.852,49.986,195.208,1,1
145.200,98.681,195.048,96.367,49.985,195.048,1,1
145.300,100.049,194.890,94.840,49.984,194.890,1,1
145.400,101.462,194.734,93.272,49.982,194.734,1,1
145.500,102.918,194.581,91.664,49.981,194.581,1,1
145.600,104.416,194.431,90.015,49.980,194.431,1,1
145.700,105.957,194.284,88.327,49.979,194.284,1,1
145.800,107.538,194.140,86.602,49.977,194.140,1,1
145.900,109.161,193.999,84.838,49.976,193.999,1,1
146.000,110.823,193.860,83.038,49.975,193.860,1,1
146.100,112.524,193.725,81.201,49.974,193.725,1,1
146.200,114.263,193.593,79.329,49.973,193.593,1,1
146.300,116.040,193.464,77.423,49.972,193.464,1,1
146.400,117.854,193.338,75.483,49.971,193.338,1,1
146.500,119.704,193.215,73.511,49.970,193.215,1,1
146.600,121.590,193.096,71.507,49.969,193.096,1,1
146.700,123.509,192.980,69.471,49.968,192.980,1,1
146.800,125.462,192.868,67.406,49.967,192.868,1,1
146.900,127.448,192.759,65.311,49.966,192.759,1,1
147.000,129.466,192.654,63.188,49.965,192.654,1,1
147.100,131.514,192.552,61.038,49.964,192.552,1,1
147.200,133.593,192.454,58.861,49.963,192.454,1,1
147.300,135.701,192.359,56.659,49.963,192.359,1,1
147.400,137.837,192.269,54.432,49.962,192.269,1,1
147.500,140.000,192.182,52.182,49.961,192.182,1,1
147.600,142.190,192.099,49.909,49.960,192.099,1,1
147.700,144.404,192.019,47.615,49.960,192.019,1,1
147.800,146.644,191.944,45.300,49.959,191.944,1,1
147.900,148.906,191.872,42.966,49.959,191.872,1,1
148.000,151.192,191.804,40.613,49.958,191.804,1,1
148.100,153.498,191.741,38.243,49.958,191.741,1,1
148.200,155.825,191.681,35.856,49.957,191.681,1,1
148.300,158.171,191.625,33.454,49.957,191.625,1,1
148.400,160.536,191.573,31.037,49.956,191.573,1,1
148.500,162.918,191.526,28.608,49.956,191.526,1,1
148.600,165.316,191.482,26.166,49.955,191.482,1,1
148.700,167.730,191.443,23.713,49.955,191.443,1,1
148.800,170.157,191.407,21.250,49.955,191.407,1,1
148.900,172.598,191.376,18.778,49.954,191.376,1,1
149.000,175.051,191.349,16.298,49.954,191.349,1,1
149.100,177.514,191.326,13.812,49.954,191.326,1,1
149.200,179.988,191.307,11.319,49.954,191.307,1,1
149.300,182.470,191.292,8.822,49.954,191.292,1,1
149.400,184.960,191.282,6.322,49.954,191.282,1,1
149.500,187.457,191.275,3.819,49.954,191.275,1,1
149.600,189.959,191.273,1.314,49.954,191.273,1,1
149.700,192.465,191.275,-1.190,49.954,191.275,1,1
149.800,194.975,191.281,-3.694,49.954,191.281,1,1
149.900,197.487,191.292,-6.195,49.954,191.292,1,1
150.000,200.000,191.306,-8.694,49.954,191.306,1,1
150.100,202.513,191.325,-11.188,49.954,191.325,1,1
150.200,205.025,191.348,-13.678,49.954,191.348,1,1
150.300,207.535,191.374,-16.160,49.954,191.374,1,1
150.400,210.041,191.405,-18.636,49.955,191.405,1,1
150.500,212.543,191.441,-21.103,49.955,191.441,1,1
150.600,215.040,191.480,-23.560,49.955,191.480,1,1
150.700,217.530,191.523,-26.007,49.956,191.523,1,1
150.800,220.012,191.571,-28.442,49.956,191.571,1,1
150.900,222.486,191.622,-30.864,49.957,191.622,1,1
151.000,224.949,191.678,-33.272,49.957,191.678,1,1
151.100,227.402,191.737,-35.665,49.957,191.737,1,1
151.200,229.843,191.800,-38.042,49.958,191.800,1,1
151.300,232.270,191.868,-40.403,49.959,191.868,1,1
151.400,234.684,191.939,-42.745,49.959,191.939,1,1
151.500,237.082,192.014,-45.068,49.960,192.014,1,1
151.600,239.464,192.093,-47.371,49.960,192.093,1,1
151.700,241.829,192.176,-49.653,49.961,192.176,1,1
151.800,244.175,192.262,-51.913,49.962,192.262,1,1
151.900,246.502,192.353,-54.149,49.963,192.353,1,1
152.000,248.808,192.447,-56.362,49.963,192.447,1,1
152.100,251.094,192.544,-58.549,49.964,192.544,1,1
152.200,253.356,192.645,-60.711,49.965,192.645,1,1
152.300,255.596,192.750,-62.845,49.966,192.750,1,1
152.400,257.810,192.858,-64.952,49.967,192.858,1,1
152.500,260.000,192.970,-67.030,49.968,192.970,1,1
152.600,262.163,193.085,-69.078,49.969,193.085,1,1
152.700,264.299,193.204,-71.096,49.970,193.204,1,1
152.800,266.407,193.325,-73.082,49.971,193.325,1,1
152.900,268.486,193.450,-75.035,49.972,193.450,1,1
153.000,270.534,193.579,-76.955,49.973,193.579,1,1
153.100,272.552,193.710,-78.842,49.974,193.710,1,1
153.200,274.538,193.845,-80.693,49.975,193.845,1,1
153.300,276.491,193.982,-82.509,49.976,193.982,1,1
153.400,278.410,194.123,-84.288,49.977,194.123,1,1
153.500,280.296,194.266,-86.030,49.979,194.266,1,1
153.600,282.146,194.412,-87.733,49.980,194.412,1,1
153.700,283.960,194.561,-89.398,49.981,194.561,1,1
153.800,285.737,194.713,-91.024,49.982,194.713,1,1
153.900,287.476,194.867,-92.609,49.984,194.867,1,1
154.000,289.177,195.024,-94.153,49.985,195.024,1,1
154.100,290.839,195.184,-95.656,49.986,195.184,1,1
154.200,292.462,195.345,-97.116,49.988,195.345,1,1
154.300,294.043,195.510,-98.533,49.989,195.510,1,1
154.400,295.584,195.676,-99.907,49.990,195.676,1,1
154.500,297.082,195.845,-100.000,49.992,197.082,1,1
154.600,298.538,196.016,-100.000,49.993,198.538,1,1
154.700,299.951,196.189,-100.000,49.994,199.951,1,1
154.800,301.319,196.364,-100.000,49.996,201.319,1,1
154.900,302.644,196.541,-100.000,49.997,202.644,1,1
155.000,303.923,196.719,-100.000,49.999,203.923,1,1
155.100,305.157,196.900,-100.000,50.000,205.157,1,1
155.200,306.344,197.082,-100.000,50.001,206.344,1,1
155.300,307.485,197.265,-100.000,50.003,207.485,1,1
155.400,308.579,197.451,-100.000,50.004,208.579,1,1
155.500,309.625,197.637,-100.000,50.006,209.625,1,1
155.600,310.624,197.825,-100.000,50.007,210.624,1,1
155.700,311.573,198.015,-100.000,50.008,211.573,1,1
155.800,312.474,198.205,-100.000,50.010,212.474,1,1
155.900,313.325,198.397,-100.000,50.011,213.325,1,1
156.000,314.127,198.589,-100.000,50.013,214.127,1,1
156.100,314.878,198.783,-100.000,50.014,214.878,1,1
156.200,315.580,198.977,-100.000,50.015,215.580,1,1
156.300,316.230,199.172,-100.000,50.017,216.230,1,1
156.400,316.829,199.368,-100.000,50.018,216.829,1,1
156.500,317.378,199.564,-100.000,50.019,217.378,1,1
156.600,317.874,199.761,-100.000,50.021,217.874,1,1
156.700,318.320,199.958,-100.000,50.022,218.320,1,1
156.800,318.713,200.156,-100.000,50.024,218.713,1,1
156.900,319.054,200.354,-100.000,50.025,219.054,1,1
157.000,319.343,200.552,-100.000,50.026,219.343,1,1
157.100,319.579,200.750,-100.000,50.028,219.579,1,1
157.200,319.763,200.948,-100.000,50.029,219.763,1,1
157.300,319.895,201.146,-100.000,50.031,219.895,1,1
157.400,319.974,201.343,-100.000,50.032,219.974,1,1
157.500,320.000,201.541,-100.000,50.033,220.000,1,1
157.600,319.974,201.738,-100.000,50.035,219.974,1,1
157.700,319.895,201.935,-100.000,50.036,219.895,1,1
157.800,319.763,202.131,-100.000,50.038,219.763,1,1
157.900,319.579,202.326,-100.000,50.039,219.579,1,1
158.000,319.343,202.521,-100.000,50.040,219.343,1,1
158.100,319.054,202.715,-100.000,50.042,219.054,1,1
158.200,318.713,202.908,-100.000,50.043,218.713,1,1
158.300,318.320,203.100,-100.000,50.044,218.320,1,1
158.400,317.874,203.291,-100.000,50.046,217.874,1,1
158.500,317.378,203.480,-100.000,50.047,217.378,1,1
158.600,316.829,203.669,-100.000,50.049,216.829,1,1
158.700,316.230,203.856,-100.000,50.050,216.230,1,1
158.800,315.580,204.042,-100.000,50.051,215.580,1,1
158.900,314.878,204.227,-100.000,50.053,214.878,1,1
159.000,314.127,204.409,-100.000,50.054,214.127,1,1
159.100,313.325,204.591,-100.000,50.056,213.325,1,1
159.200,312.474,204.770,-100.000,50.057,212.474,1,1
159.300,311.573,204.948,-100.000,50.058,211.573,1,1
159.400,310.624,205.124,-100.000,50.060,210.624,1,1
159.500,309.625,205.298,-100.000,50.061,209.625,1,1
159.600,308.579,205.469,-100.000,50.063,208.579,1,1
159.700,307.485,205.639,-100.000,50.064,207.485,1,1
159.800,306.344,205.807,-100.000,50.065,206.344,1,1
159.900,305.157,205.972,-99.185,50.067,205.972,1,1
160.000,303.923,206.135,-97.788,50.068,206.135,1,1
160.100,302.644,206.296,-96.348,50.069,206.296,1,1
160.200,301.319,206.454,-94.866,50.071,206.454,1,1
160.300,299.951,206.609,-93.341,50.072,206.609,1,1
160.400,298.538,206.762,-91.776,50.073,206.762,1,1
160.500,297.082,206.913,-90.169,50.075,206.913,1,1
160.600,295.584,207.060,-88.523,50.076,207.060,1,1
160.700,294.043,207.205,-86.838,50.077,207.205,1,1
160.800,292.462,207.347,-85.115,50.078,207.347,1,1
160.900,290.839,207.486,-83.354,50.079,207.486,1,1
161.000,289.177,207.622,-81.556,50.080,207.622,1,1
161.100,287.476,207.754,-79.722,50.082,207.754,1,1
161.200,285.737,207.884,-77.853,50.083,207.884,1,1
161.300,283.960,208.011,-75.949,50.084,208.011,1,1
161.400,282.146,208.134,-74.012,50.085,208.134,1,1
161.500,280.296,208.254,-72.041,50.086,208.254,1,1
161.600,278.410,208.371,-70.040,50.087,208.371,1,1
161.700,276.491,208.484,-68.007,50.088,208.484,1,1
161.800,274.538,208.594,-65.944,50.089,208.594,1,1
161.900,272.552,208.701,-63.851,50.089,208.701,1,1
162.000,270.534,208.803,-61.731,50.090,208.803,1,1
162.100,268.486,208.903,-59.583,50.091,208.903,1,1
162.200,266.407,208.998,-57.409,50.092,208.998,1,1
162.300,264.299,209.090,-55.209,50.093,209.090,1,1
162.400,262.163,209.179,-52.984,50.093,209.179,1,1
162.500,260.000,209.263,-50.737,50.094,209.263,1,1
162.600,257.810,209.344,-48.466,50.095,209.344,1,1
162.700,255.596,209.421,-46.174,50.095,209.421,1,1
162.800,253.356,209.494,-43.862,50.096,209.494,1,1
162.900,251.094,209.563,-41.530,50.097,209.563,1,1
163.000,248.808,209.629,-39.180,50.097,209.629,1,1
163.100,246.502,209.690,-36.812,50.098,209.690,1,1
163.200,244.175,209.747,-34.428,50.098,209.747,1,1
163.300,241.829,209.801,-32.028,50.099,209.801,1,1
163.400,239.464,209.850,-29.614,50.099,209.850,1,1
163.500,237.082,209.895,-27.187,50.099,209.895,1,1
163.600,234.684,209.937,-24.747,50.100,209.937,1,1
163.700,232.270,209.974,-22.296,50.100,209.974,1,1
163.800,229.843,210.007,-19.836,50.100,210.007,1,1
163.900,227.402,210.036,-17.366,50.101,210.036,1,1
164.000,224.949,210.061,-14.889,50.101,210.061,1,1
164.100,222.486,210.081,-12.404,50.101,210.081,1,1
164.200,220.012,210.098,-9.914,50.101,210.098,1,1
164.300,217.530,210.110,-7.420,50.101,210.110,1,1
164.400,215.040,210.118,-4.922,50.101,210.118,1,1
164.500,212.543,210.123,-2.421,50.101,210.123,1,1
164.600,210.041,210.122,0.081,50.101,210.122,1,1
164.700,207.535,210.118,2.583,50.101,210.118,1,1
164.800,205.025,210.110,5.085,50.101,210.110,1,1
164.900,202.513,210.097,7.584,50.101,210.097,1,1
165.000,200.000,210.080,10.080,50.101,210.080,1,1
165.100,197.487,210.059,12.572,50.101,210.059,1,1
165.200,194.975,210.034,15.059,50.101,210.034,1,1
165.300,192.465,210.005,17.540,50.100,210.005,1,1
165.400,189.959,209.972,20.013,50.100,209.972,1,1
165.500,187.457,209.934,22.477,50.100,209.934,1,1
165.600,184.960,209.892,24.932,50.099,209.892,1,1
165.700,182.470,209.847,27.377,50.099,209.847,1,1
165.800,179.988,209.797,29.809,50.099,209.797,1,1
165.900,177.514,209.743,32.229,50.098,209.743,1,1
166.000,175.051,209.686,34.635,50.098,209.686,1,1
166.100,172.598,209.624,37.026,50.097,209.624,1,1
166.200,170.157,209.558,39.401,50.097,209.558,1,1
166.300,167.730,209.489,41.759,50.096,209.489,1,1
166.400,165.316,209.415,44.099,50.095,209.415,1,1
166.500,162.918,209.338,46.420,50.095,209.338,1,1
166.600,160.536,209.257,48.721,50.094,209.257,1,1
166.700,158.171,209.172,51.000,50.093,209.172,1,1
166.800,155.825,209.083,53.258,50.093,209.083,1,1
166.900,153.498,208.990,55.492,50.092,208.990,1,1
167.000,151.192,208.894,57.703,50.091,208.894,1,1
167.100,148.906,208.794,59.888,50.090,208.794,1,1
167.200,146.644,208.691,62.047,50.089,208.691,1,1
167.300,144.404,208.584,64.180,50.088,208.584,1,1
167.400,142.190,208.474,66.284,50.088,208.474,1,1
167.500,140.000,208.360,68.360,50.087,208.360,1,1
167.600,137.837,208.242,70.406,50.086,208.242,1,1
167.700,135.701,208.122,72.421,50.085,208.122,1,1
167.800,133.593,207.998,74.405,50.084,207.998,1,1
167.900,131.514,207.870,76.356,50.082,207.870,1,1
168.000,129.466,207.740,78.274,50.081,207.740,1,1
168.100,127.448,207.606,80.158,50.080,207.606,1,1
168.200,125.462,207.470,82.007,50.079,207.470,1,1
168.300,123.509,207.330,83.821,50.078,207.330,1,1
168.400,121.590,207.187,85.598,50.077,207.187,1,1
168.500,119.704,207.042,87.337,50.076,207.042,1,1
168.600,117.854,206.893,89.039,50.074,206.893,1,1
168.700,116.040,206.742,90.702,50.073,206.742,1,1
168.800,114.263,206.588,92.325,50.072,206.588,1,1
168.900,112.524,206.432,93.908,50.071,206.432,1,1
169.000,110.823,206.273,95.450,50.069,206.273,1,1
169.100,109.161,206.111,96.950,50.068,206.111,1,1
169.200,107.538,205.947,98.409,50.066,205.947,1,1
169.300,105.957,205.781,99.824,50.065,205.781,1,1
169.400,104.416,205.612,100.000,50.064,204.416,1,1
169.500,102.918,205.441,100.000,50.062,202.918,1,1
169.600,101.462,205.268,100.000,50.061,201.462,1,1
169.700,100.049,205.093,100.000,50.060,200.049,1,1
169.800,98.681,204.916,100.000,50.058,198.681,1,1
169.900,97.356,204.737,100.000,50.057,197.356,1,1
170.000,96.077,204.556,100.000,50.055,196.077,1,1
170.100,94.843,204.374,100.000,50.054,194.843,1,1
170.200,93.656,204.189,100.000,50.053,193.656,1,1
170.300,92.515,204.004,100.000,50.051,192.515,1,1
170.400,91.421,203.816,100.000,50.050,191.421,1,1
170.500,90.375,203.628,100.000,50.048,190.375,1,1
170.600,89.376,203.437,100.000,50.047,189.376,1,1
170.700,88.427,203.246,100.000,50.046,188.427,1,1
170.800,87.526,203.054,100.000,50.044,187.526,1,1
170.900,86.675,202.860,100.000,50.043,186.675,1,1
171.000,85.873,202.665,100.000,50.041,185.873,1,1
171.100,85.122,202.470,100.000,50.040,185.122,1,1
171.200,84.420,202.273,100.000,50.039,184.420,1,1
171.300,83.770,202.076,100.000,50.037,183.770,1,1
171.400,83.171,201.878,100.000,50.036,183.171,1,1
171.500,82.622,201.680,100.000,50.035,182.622,1,1
171.600,82.126,201.481,100.000,50.033,182.126,1,1
171.700,81.680,201.282,100.000,50.032,181.680,1,1
171.800,81.287,201.082,100.000,50.030,181.287,1,1
171.900,80.946,200.882,100.000,50.029,180.946,1,1
172.000,80.657,200.682,100.000,50.028,180.657,1,1
172.100,80.421,200.482,100.000,50.026,180.421,1,1
172.200,80.237,200.282,100.000,50.025,180.237,1,1
172.300,80.105,200.082,100.000,50.023,180.105,1,1
172.400,80.026,199.882,100.000,50.022,180.026,1,1
172.500,80.000,199.683,100.000,50.021,180.000,1,1
172.600,80.026,199.484,100.000,50.019,180.026,1,1
172.700,80.105,199.285,100.000,50.018,180.105,1,1
172.800,80.237,199.087,100.000,50.016,180.237,1,1
172.900,80.421,198.889,100.000,50.015,180.421,1,1
173.000,80.657,198.693,100.000,50.014,180.657,1,1
173.100,80.946,198.497,100.000,50.012,180.946,1,1
173.200,81.287,198.302,100.000,50.011,181.287,1,1
173.300,81.680,198.108,100.000,50.010,181.680,1,1
173.400,82.126,197.915,100.000,50.008,182.126,1,1
173.500,82.622,197.723,100.000,50.007,182.622,1,1
173.600,83.171,197.532,100.000,50.005,183.171,1,1
173.700,83.770,197.343,100.000,50.004,183.770,1,1
173.800,84.420,197.155,100.000,50.003,184.420,1,1
173.900,85.122,196.969,100.000,50.001,185.122,1,1
174.000,85.873,196.784,100.000,50.000,185.873,1,1
174.100,86.675,196.601,100.000,49.998,186.675,1,1
174.200,87.526,196.419,100.000,49.997,187.526,1,1
174.300,88.427,196.239,100.000,49.996,188.427,1,1
174.400,89.376,196.062,100.000,49.994,189.376,1,1
174.500,90.375,195.886,100.000,49.993,190.375,1,1
174.600,91.421,195.712,100.000,49.991,191.421,1,1
174.700,92.515,195.540,100.000,49.990,192.515,1,1
174.800,93.656,195.371,100.000,49.989,193.656,1,1
174.900,94.843,195.203,100.000,49.987,194.843,1,1
175.000,96.077,195.038,98.962,49.986,195.038,1,1
175.100,97.356,194.876,97.520,49.985,194.876,1,1
175.200,98.681,194.716,96.035,49.983,194.716,1,1
175.300,100.049,194.558,94.509,49.982,194.558,1,1
175.400,101.462,194.403,92.941,49.981,194.403,1,1
175.500,102.918,194.251,91.333,49.979,194.251,1,1
175.600,104.416,194.102,89.685,49.978,194.102,1,1
175.700,105.957,193.955,87.998,49.977,193.955,1,1
175.800,107.538,193.811,86.273,49.976,193.811,1,1
175.900,109.161,193.670,84.510,49.975,193.670,1,1
176.000,110.823,193.533,82.710,49.973,193.533,1,1
176.100,112.524,193.398,80.874,49.972,193.398,1,1
176.200,114.263,193.266,79.003,49.971,193.266,1,1
176.300,116.040,193.138,77.097,49.970,193.138,1,1
176.400,117.854,193.012,75.158,49.969,193.012,1,1
176.500,119.704,192.890,73.186,49.968,192.890,1,1
176.600,121.590,192.772,71.182,49.967,192.772,1,1
176.700,123.509,192.657,69.147,49.966,192.657,1,1
176.800,125.462,192.545,67.082,49.965,192.545,1,1
176.900,127.448,192.436,64.988,49.964,192.436,1,1
177.000,129.466,192.332,62.866,49.963,192.332,1,1
177.100,131.514,192.230,60.716,49.963,192.230,1,1
177.200,133.593,192.133,58.540,49.962,192.133,1,1
177.300,135.701,192.039,56.338,49.961,192.039,1,1
177.400,137.837,191.949,54.112,49.960,191.949,1,1
177.500,140.000,191.862,51.862,49.959,191.862,1,1
177.600,142.190,191.780,49.590,49.959,191.780,1,1
177.700,144.404,191.701,47.296,49.958,191.701,1,1
177.800,146.644,191.626,44.982,49.957,191.626,1,1
177.900,148.906,191.555,42.648,49.957,191.555,1,1
178.000,151.192,191.488,40.296,49.956,191.488,1,1
178.100,153.498,191.424,37.926,49.956,191.424,1,1
178.200,155.825,191.365,35.540,49.955,191.365,1,1
178.300,158.171,191.310,33.139,49.955,191.310,1,1
178.400,160.536,191.259,30.723,49.954,191.259,1,1
178.500,162.918,191.212,28.294,49.954,191.212,1,1
178.600,165.316,191.169,25.852,49.954,191.169,1,1
178.700,167.730,191.130,23.400,49.953,191.130,1,1
178.800,170.157,191.095,20.937,49.953,191.095,1,1
178.900,172.598,191.064,18.466,49.953,191.064,1,1
179.000,175.051,191.037,15.987,49.953,191.037,1,1
179.100,177.514,191.015,13.500,49.952,191.015,1,1
179.200,179.988,190.996,11.009,49.952,190.996,1,1
179.300,182.470,190.982,8.512,49.952,190.982,1,1
179.400,184.960,190.972,6.012,49.952,190.972,1,1
179.500,187.457,190.966,3.510,49.952,190.966,1,1
179.600,189.959,190.965,1.006,49.952,190.965,1,1
179.700,192.465,190.967,-1.498,49.952,190.967,1,1
179.800,194.975,190.974,-4.001,49.952,190.974,1,1
179.900,197.487,190.985,-6.502,49.952,190.985,1,1
180.000,200.000,191.000,-9.000,49.952,191.000,1,1
180.100,202.513,191.019,-11.494,49.952,191.019,1,1
180.200,205.025,191.042,-13.983,49.953,191.042,1,1
180.300,207.535,191.070,-16.465,49.953,191.070,1,1
180.400,210.041,191.101,-18.940,49.953,191.101,1,1
180.500,212.543,191.137,-21.407,49.953,191.137,1,1
180.600,215.040,191.177,-23.863,49.954,191.177,1,1
180.700,217.530,191.220,-26.310,49.954,191.220,1,1
180.800,220.012,191.268,-28.744,49.955,191.268,1,1
180.900,222.486,191.320,-31.165,49.955,191.320,1,1
181.000,224.949,191.376,-33.573,49.955,191.376,1,1
181.100,227.402,191.436,-35.966,49.956,191.436,1,1
181.200,229.843,191.500,-38.343,49.956,191.500,1,1
181.300,232.270,191.568,-40.702,49.957,191.568,1,1
181.400,234.684,191.640,-43.044,49.958,191.640,1,1
181.500,237.082,191.715,-45.367,49.958,191.715,1,1
181.600,239.464,191.795,-47.669,49.959,191.795,1,1
181.700,241.829,191.878,-49.951,49.960,191.878,1,1
181.800,244.175,191.965,-52.210,49.960,191.965,1,1
181.900,246.502,192.056,-54.446,49.961,192.056,1,1
182.000,248.808,192.150,-56.658,49.962,192.150,1,1
182.100,251.094,192.248,-58.845,49.963,192.248,1,1
182.200,253.356,192.350,-61.006,49.964,192.350,1,1
182.300,255.596,192.455,-63.140,49.964,192.455,1,1
182.400,257.810,192.564,-65.247,49.965,192.564,1,1
182.500,260.000,192.676,-67.324,49.966,192.676,1,1
182.600,262.163,192.792,-69.372,49.967,192.792,1,1
182.700,264.299,192.911,-71.389,49.968,192.911,1,1
182.800,266.407,193.033,-73.374,49.969,193.033,1,1
182.900,268.486,193.159,-75.327,49.970,193.159,1,1
183.000,270.534,193.287,-77.247,49.971,193.287,1,1
183.100,272.552,193.419,-79.133,49.972,193.419,1,1
183.200,274.538,193.554,-80.984,49.974,193.554,1,1
183.300,276.491,193.692,-82.799,49.975,193.692,1,1
183.400,278.410,193.833,-84.577,49.976,193.833,1,1
183.500,280.296,193.977,-86.319,49.977,193.977,1,1
183.600,282.146,194.124,-88.022,49.978,194.124,1,1
183.700,283.960,194.273,-89.686,49.980,194.273,1,1
183.800,285.737,194.425,-91.311,49.981,194.425,1,1
183.900,287.476,194.580,-92.896,49.982,194.580,1,1
184.000,289.177,194.738,-94.440,49.983,194.738,1,1
184.100,290.839,194.897,-95.942,49.985,194.897,1,1
184.200,292.462,195.060,-97.402,49.986,195.060,1,1
184.300,294.043,195.224,-98.819,49.987,195.224,1,1
184.400,295.584,195.391,-100.000,49.989,195.584,1,1
184.500,297.082,195.561,-100.000,49.990,197.082,1,1
184.600,298.538,195.732,-100.000,49.992,198.538,1,1
184.700,299.951,195.905,-100.000,49.993,199.951,1,1
184.800,301.319,196.081,-100.000,49.994,201.319,1,1
184.900,302.644,196.258,-100.000,49.996,202.644,1,1
185.000,303.923,196.437,-100.000,49.997,203.923,1,1
185.100,305.157,196.618,-100.000,49.999,205.157,1,1
185.200,306.344,196.801,-100.000,50.000,206.344,1,1
185.300,307.485,196.985,-100.000,50.001,207.485,1,1
185.400,308.579,197.171,-100.000,50.003,208.579,1,1
185.500,309.625,197.358,-100.000,50.004,209.625,1,1
185.600,310.624,197.546,-100.000,50.006,210.624,1,1
185.700,311.573,197.736,-100.000,50.007,211.573,1,1
185.800,312.474,197.927,-100.000,50.008,212.474,1,1
185.900,313.325,198.119,-100.000,50.010,213.325,1,1
186.000,314.127,198.312,-100.000,50.011,214.127,1,1
186.100,314.878,198.506,-100.000,50.012,214.878,1,1
186.200,315.580,198.701,-100.000,50.014,215.580,1,1
186.300,316.230,198.896,-100.000,50.015,216.230,1,1
186.400,316.829,199.092,-100.000,50.017,216.829,1,1
186.500,317.378,199.289,-100.000,50.018,217.378,1,1
186.600,317.874,199.487,-100.000,50.019,217.874,1,1
186.700,318.320,199.684,-100.000,50.021,218.320,1,1
186.800,318.713,199.882,-100.000,50.022,218.713,1,1
186.900,319.054,200.081,-100.000,50.024,219.054,1,1
187.000,319.343,200.279,-100.000,50.025,219.343,1,1
187.100,319.579,200.478,-100.000,50.026,219.579,1,1
187.200,319.763,200.676,-100.000,50.028,219.763,1,1
187.300,319.895,200.874,-100.000,50.029,219.895,1,1
187.400,319.974,201.073,-100.000,50.031,219.974,1,1
187.500,320.000,201.270,-100.000,50.032,220.000,1,1
187.600,319.974,201.468,-100.000,50.033,219.974,1,1
187.700,319.895,201.665,-100.000,50.035,219.895,1,1
187.800,319.763,201.861,-100.000,50.036,219.763,1,1
187.900,319.579,202.057,-100.000,50.037,219.579,1,1
188.000,319.343,202.253,-100.000,50.039,219.343,1,1
188.100,319.054,202.447,-100.000,50.040,219.054,1,1
188.200,318.713,202.640,-100.000,50.042,218.713,1,1
188.300,318.320,202.833,-100.000,50.043,218.320,1,1
188.400,317.874,203.024,-100.000,50.044,217.874,1,1
188.500,317.378,203.214,-100.000,50.046,217.378,1,1
188.600,316.829,203.404,-100.000,50.047,216.829,1,1
188.700,316.230,203.591,-100.000,50.049,216.230,1,1
188.800,315.580,203.778,-100.000,50.050,215.580,1,1
188.900,314.878,203.962,-100.000,50.051,214.878,1,1
189.000,314.127,204.146,-100.000,50.053,214.127,1,1
189.100,313.325,204.327,-100.000,50.054,213.325,1,1
189.200,312.474,204.507,-100.000,50.056,212.474,1,1
189.300,311.573,204.685,-100.000,50.057,211.573,1,1
189.400,310.624,204.862,-100.000,50.058,210.624,1,1
189.500,309.625,205.036,-100.000,50.060,209.625,1,1
189.600,308.579,205.208,-100.000,50.061,208.579,1,1
189.700,307.485,205.379,-100.000,50.062,207.485,1,1
189.800,306.344,205.547,-100.000,50.064,206.344,1,1
189.900,305.157,205.712,-99.445,50.065,205.712,1,1
190.000,303.923,205.876,-98.047,50.067,205.876,1,1
190.100,302.644,206.037,-96.607,50.068,206.037,1,1
190.200,301.319,206.195,-95.124,50.069,206.195,1,1
190.300,299.951,206.351,-93.599,50.071,206.351,1,1
190.400,298.538,206.505,-92.033,50.072,206.505,1,1
190.500,297.082,206.655,-90.427,50.073,206.655,1,1
190.600,295.584,206.803,-88.780,50.074,206.803,1,1
190.700,294.043,206.948,-87.095,50.076,206.948,1,1
190.800,292.462,207.091,-85.371,50.077,207.091,1,1
190.900,290.839,207.230,-83.609,50.078,207.230,1,1
191.000,289.177,207.366,-81.811,50.079,207.366,1,1
191.100,287.476,207.500,-79.976,50.080,207.500,1,1
191.200,285.737,207.630,-78.107,50.081,207.630,1,1
191.300,283.960,207.757,-76.203,50.082,207.757,1,1
191.400,282.146,207.881,-74.265,50.083,207.881,1,1
191.500,280.296,208.001,-72.294,50.084,208.001,1,1
191.600,278.410,208.118,-70.292,50.085,208.118,1,1
191.700,276.491,208.232,-68.259,50.086,208.232,1,1
191.800,274.538,208.342,-66.195,50.087,208.342,1,1
191.900,272.552,208.449,-64.103,50.088,208.449,1,1
192.000,270.534,208.553,-61.982,50.089,208.553,1,1
192.100,268.486,208.652,-59.833,50.090,208.652,1,1
192.200,266.407,208.748,-57.659,50.091,208.748,1,1
192.300,264.299,208.841,-55.458,50.091,208.841,1,1
192.400,262.163,208.930,-53.234,50.092,208.930,1,1
192.500,260.000,209.015,-50.985,50.093,209.015,1,1
192.600,257.810,209.096,-48.715,50.093,209.096,1,1
192.700,255.596,209.173,-46.422,50.094,209.173,1,1
192.800,253.356,209.247,-44.110,50.095,209.247,1,1
192.900,251.094,209.316,-41.777,50.095,209.316,1,1
193.000,248.808,209.382,-39.426,50.096,209.382,1,1
193.100,246.502,209.444,-37.058,50.096,209.444,1,1
193.200,244.175,209.501,-34.673,50.097,209.501,1,1
193.300,241.829,209.555,-32.273,50.097,209.555,1,1
193.400,239.464,209.605,-29.859,50.098,209.605,1,1
193.500,237.082,209.651,-27.431,50.098,209.651,1,1
193.600,234.684,209.692,-24.991,50.098,209.692,1,1
193.700,232.270,209.730,-22.540,50.099,209.730,1,1
193.800,229.843,209.763,-20.079,50.099,209.763,1,1
193.900,227.402,209.793,-17.609,50.099,209.793,1,1
194.000,224.949,209.818,-15.131,50.099,209.818,1,1
194.100,222.486,209.839,-12.647,50.100,209.839,1,1
194.200,220.012,209.856,-10.156,50.100,209.856,1,1
194.300,217.530,209.869,-7.661,50.100,209.869,1,1
194.400,215.040,209.877,-5.163,50.100,209.877,1,1
194.500,212.543,209.882,-2.662,50.100,209.882,1,1
194.600,210.041,209.882,-0.159,50.100,209.882,1,1
194.700,207.535,209.878,2.343,50.100,209.878,1,1
194.800,205.025,209.870,4.845,50.100,209.870,1,1
194.900,202.513,209.858,7.345,50.100,209.858,1,1
195.000,200.000,209.841,9.841,50.100,209.841,1,1
195.100,197.487,209.821,12.334,50.099,209.821,1,1
195.200,194.975,209.796,14.821,50.099,209.796,1,1
195.300,192.465,209.767,17.302,50.099,209.767,1,1
195.400,189.959,209.734,19.776,50.099,209.734,1,1
195.500,187.457,209.697,22.241,50.098,209.697,1,1
195.600,184.960,209.656,24.696,50.098,209.656,1,1
195.700,182.470,209.611,27.141,50.098,209.611,1,1
195.800,179.988,209.562,29.574,50.097,209.562,1,1
195.900,177.514,209.508,31.994,50.097,209.508,1,1
196.000,175.051,209.451,34.400,50.096,209.451,1,1
196.100,172.598,209.390,36.792,50.096,209.390,1,1
196.200,170.157,209.324,39.167,50.095,209.324,1,1
196.300,167.730,209.255,41.526,50.095,209.255,1,1
196.400,165.316,209.182,43.866,50.094,209.182,1,1
196.500,162.918,209.105,46.187,50.094,209.105,1,1
196.600,160.536,209.024,48.488,50.093,209.024,1,1
196.700,158.171,208.940,50.768,50.092,208.940,1,1
196.800,155.825,208.851,53.026,50.091,208.851,1,1
196.900,153.498,208.759,55.261,50.091,208.759,1,1
197.000,151.192,208.663,57.472,50.090,208.663,1,1
197.100,148.906,208.564,59.658,50.089,208.564,1,1
197.200,146.644,208.461,61.817,50.088,208.461,1,1
197.300,144.404,208.354,63.950,50.087,208.354,1,1
197.400,142.190,208.244,66.055,50.086,208.244,1,1
197.500,140.000,208.131,68.131,50.085,208.131,1,1
197.600,137.837,208.014,70.177,50.084,208.014,1,1
197.700,135.701,207.893,72.193,50.083,207.893,1,1
197.800,133.593,207.770,74.177,50.082,207.770,1,1
197.900,131.514,207.643,76.129,50.081,207.643,1,1
198.000,129.466,207.513,78.047,50.080,207.513,1,1
198.100,127.448,207.380,79.932,50.079,207.380,1,1
198.200,125.462,207.243,81.781,50.078,207.243,1,1
198.300,123.509,207.104,83.595,50.077,207.104,1,1
198.400,121.590,206.962,85.372,50.076,206.962,1,1
198.500,119.704,206.817,87.112,50.074,206.817,1,1
198.600,117.854,206.669,88.814,50.073,206.669,1,1
198.700,116.040,206.518,90.477,50.072,206.518,1,1
198.800,114.263,206.364,92.101,50.071,206.364,1,1
198.900,112.524,206.208,93.684,50.069,206.208,1,1
199.000,110.823,206.049,95.227,50.068,206.049,1,1
199.100,109.161,205.888,96.728,50.067,205.888,1,1
199.200,107.538,205.725,98.186,50.065,205.725,1,1
199.300,105.957,205.559,99.602,50.064,205.559,1,1
199.400,104.416,205.390,100.000,50.063,204.416,1,1
199.500,102.918,205.220,100.000,50.061,202.918,1,1
199.600,101.462,205.047,100.000,50.060,201.462,1,1
199.700,100.049,204.872,100.000,50.058,200.049,1,1
199.800,98.681,204.696,100.000,50.057,198.681,1,1
199.900,97.356,204.517,100.000,50.056,197.356,1,1
200.000,96.077,204.337,100.000,50.054,196.077,1,1
200.100,94.843,204.154,100.000,50.053,194.843,1,1
200.200,93.656,203.971,100.000,50.051,193.656,1,1
200.300,92.515,203.785,100.000,50.050,192.515,1,1
200.400,91.421,203.598,100.000,50.049,191.421,1,1
200.500,90.375,203.410,100.000,50.047,190.375,1,1
200.600,89.376,203.220,100.000,50.046,189.376,1,1
200.700,88.427,203.029,100.000,50.045,188.427,1,1
200.800,87.526,202.837,100.000,50.043,187.526,1,1
200.900,86.675,202.644,100.000,50.042,186.675,1,1
201.000,85.873,202.449,100.000,50.040,185.873,1,1
201.100,85.122,202.254,100.000,50.039,185.122,1,1
201.200,84.420,202.058,100.000,50.038,184.420,1,1
201.300,83.770,201.861,100.000,50.036,183.770,1,1
201.400,83.171,201.664,100.000,50.035,183.171,1,1
201.500,82.622,201.466,100.000,50.033,182.622,1,1
201.600,82.126,201.267,100.000,50.032,182.126,1,1
201.700,81.680,201.068,100.000,50.031,181.680,1,1
201.800,81.287,200.869,100.000,50.029,181.287,1,1
201.900,80.946,200.669,100.000,50.028,180.946,1,1
202.000,80.657,200.470,100.000,50.026,180.657,1,1
202.100,80.421,200.270,100.000,50.025,180.421,1,1
202.200,80.237,200.070,100.000,50.024,180.237,1,1
202.300,80.105,199.870,100.000,50.022,180.105,1,1
202.400,80.026,199.671,100.000,50.021,180.026,1,1
202.500,80.000,199.472,100.000,50.020,180.000,1,1
202.600,80.026,199.273,100.000,50.018,180.026,1,1
202.700,80.105,199.075,100.000,50.017,180.105,1,1
202.800,80.237,198.877,100.000,50.015,180.237,1,1
202.900,80.421,198.680,100.000,50.014,180.421,1,1
203.000,80.657,198.484,100.000,50.013,180.657,1,1
203.100,80.946,198.288,100.000,50.011,180.946,1,1
203.200,81.287,198.093,100.000,50.010,181.287,1,1
203.300,81.680,197.900,100.000,50.008,181.680,1,1
203.400,82.126,197.707,100.000,50.007,182.126,1,1
203.500,82.622,197.516,100.000,50.006,182.622,1,1
203.600,83.171,197.325,100.000,50.004,183.171,1,1
203.700,83.770,197.136,100.000,50.003,183.770,1,1
203.800,84.420,196.949,100.000,50.001,184.420,1,1
203.900,85.122,196.763,100.000,50.000,185.122,1,1
204.000,85.873,196.578,100.000,49.999,185.873,1,1
204.100,86.675,196.395,100.000,49.997,186.675,1,1
204.200,87.526,196.214,100.000,49.996,187.526,1,1
204.300,88.427,196.035,100.000,49.995,188.427,1,1
204.400,89.376,195.857,100.000,49.993,189.376,1,1
204.500,90.375,195.682,100.000,49.992,190.375,1,1
204.600,91.421,195.508,100.000,49.990,191.421,1,1
204.700,92.515,195.337,100.000,49.989,192.515,1,1
204.800,93.656,195.168,100.000,49.988,193.656,1,1
204.900,94.843,195.001,100.000,49.986,194.843,1,1
205.000,96.077,194.836,98.759,49.985,194.836,1,1
205.100,97.356,194.674,97.318,49.983,194.674,1,1
205.200,98.681,194.514,95.834,49.982,194.514,1,1
205.300,100.049,194.357,94.308,49.981,194.357,1,1
205.400,101.462,194.203,92.741,49.980,194.203,1,1
205.500,102.918,194.051,91.133,49.978,194.051,1,1
205.600,104.416,193.902,89.485,49.977,193.902,1,1
205.700,105.957,193.755,87.799,49.976,193.755,1,1
205.800,107.538,193.612,86.074,49.975,193.612,1,1
205.900,109.161,193.471,84.311,49.973,193.471,1,1
206.000,110.823,193.334,82.511,49.972,193.334,1,1
206.100,112.524,193.199,80.676,49.971,193.199,1,1
206.200,114.263,193.068,78.805,49.970,193.068,1,1
206.300,116.040,192.940,76.900,49.969,192.940,1,1
206.400,117.854,192.815,74.961,49.968,192.815,1,1
206.500,119.704,192.693,72.989,49.967,192.693,1,1
206.600,121.590,192.575,70.986,49.966,192.575,1,1
206.700,123.509,192.460,68.951,49.965,192.460,1,1
206.800,125.462,192.349,66.886,49.964,192.349,1,1
206.900,127.448,192.241,64.793,49.963,192.241,1,1
207.000,129.466,192.136,62.670,49.962,192.136,1,1
207.100,131.514,192.035,60.521,49.961,192.035,1,1
207.200,133.593,191.938,58.345,49.961,191.938,1,1
207.300,135.701,191.845,56.144,49.960,191.845,1,1
207.400,137.837,191.755,53.918,49.959,191.755,1,1
207.500,140.000,191.669,51.669,49.958,191.669,1,1
207.600,142.190,191.586,49.397,49.958,191.586,1,1
207.700,144.404,191.508,47.103,49.957,191.508,1,1
207.800,146.644,191.433,44.789,49.956,191.433,1,1
207.900,148.906,191.362,42.456,49.956,191.362,1,1
208.000,151.192,191.295,40.104,49.955,191.295,1,1
208.100,153.498,191.233,37.734,49.955,191.233,1,1
208.200,155.825,191.174,35.349,49.954,191.174,1,1
208.300,158.171,191.119,32.947,49.954,191.119,1,1
208.400,160.536,191.068,30.532,49.953,191.068,1,1
208.500,162.918,191.021,28.103,49.953,191.021,1,1
208.600,165.316,190.978,25.662,49.953,190.978,1,1
208.700,167.730,190.940,23.210,49.952,190.940,1,1
208.800,170.157,190.905,20.748,49.952,190.905,1,1
208.900,172.598,190.875,18.277,49.952,190.875,1,1
209.000,175.051,190.848,15.798,49.952,190.848,1,1
209.100,177.514,190.826,13.312,49.951,190.826,1,1
209.200,179.988,190.808,10.820,49.951,190.808,1,1
209.300,182.470,190.794,8.324,49.951,190.794,1,1
209.400,184.960,190.784,5.824,49.951,190.784,1,1
209.500,187.457,190.779,3.322,49.951,190.779,1,1
209.600,189.959,190.777,0.819,49.951,190.777,1,1
209.700,192.465,190.780,-1.685,49.951,190.780,1,1
209.800,194.975,190.787,-4.188,49.951,190.787,1,1
209.900,197.487,190.798,-6.688,49.951,190.798,1,1
210.000,200.000,190.814,-9.186,49.951,190.814,1,1
210.100,202.513,190.833,-11.680,49.951,190.833,1,1
210.200,205.025,190.857,-14.168,49.952,190.857,1,1
210.300,207.535,190.885,-16.650,49.952,190.885,1,1
210.400,210.041,190.916,-19.125,49.952,190.916,1,1
210.500,212.543,190.952,-21.591,49.952,190.952,1,1
210.600,215.040,190.993,-24.047,49.953,190.993,1,1
210.700,217.530,191.037,-26.493,49.953,191.037,1,1
210.800,220.012,191.085,-28.927,49.954,191.085,1,1
210.900,222.486,191.137,-31.349,49.954,191.137,1,1
211.000,224.949,191.193,-33.756,49.954,191.193,1,1
211.100,227.402,191.254,-36.148,49.955,191.254,1,1
211.200,229.843,191.318,-38.525,49.955,191.318,1,1
211.300,232.270,191.386,-40.884,49.956,191.386,1,1
211.400,234.684,191.458,-43.226,49.957,191.458,1,1
211.500,237.082,191.534,-45.548,49.957,191.534,1,1
211.600,239.464,191.614,-47.850,49.958,191.614,1,1
211.700,241.829,191.697,-50.131,49.959,191.697,1,1
211.800,244.175,191.785,-52.390,49.959,191.785,1,1
211.900,246.502,191.876,-54.626,49.960,191.876,1,1
212.000,248.808,191.970,-56.838,49.961,191.970,1,1
212.100,251.094,192.069,-59.025,49.962,192.069,1,1
212.200,253.356,192.171,-61.186,49.963,192.171,1,1
212.300,255.596,192.276,-63.319,49.963,192.276,1,1
212.400,257.810,192.385,-65.425,49.964,192.385,1,1
212.500,260.000,192.498,-67.502,49.965,192.498,1,1
212.600,262.163,192.614,-69.550,49.966,192.614,1,1
212.700,264.299,192.733,-71.566,49.967,192.733,1,1
212.800,266.407,192.856,-73.551,49.968,192.856,1,1
212.900,268.486,192.981,-75.504,49.969,192.981,1,1
213.000,270.534,193.110,-77.424,49.970,193.110,1,1
213.100,272.552,193.243,-79.309,49.972,193.243,1,1
213.200,274.538,193.378,-81.160,49.973,193.378,1,1
213.300,276.491,193.516,-82.975,49.974,193.516,1,1
213.400,278.410,193.657,-84.753,49.975,193.657,1,1
213.500,280.296,193.802,-86.494,49.976,193.802,1,1
213.600,282.146,193.949,-88.197,49.977,193.949,1,1
213.700,283.960,194.098,-89.861,49.979,194.098,1,1
213.800,285.737,194.251,-91.486,49.980,194.251,1,1
213.900,287.476,194.406,-93.070,49.981,194.406,1,1
214.000,289.177,194.564,-94.614,49.983,194.564,1,1
214.100,290.839,194.724,-96.116,49.984,194.724,1,1
214.200,292.462,194.886,-97.575,49.985,194.886,1,1
214.300,294.043,195.051,-98.992,49.987,195.051,1,1
214.400,295.584,195.219,-100.000,49.988,195.584,1,1
214.500,297.082,195.388,-100.000,49.989,197.082,1,1
214.600,298.538,195.560,-100.000,49.991,198.538,1,1
214.700,299.951,195.734,-100.000,49.992,199.951,1,1
214.800,301.319,195.909,-100.000,49.994,201.319,1,1
214.900,302.644,196.087,-100.000,49.995,202.644,1,1
215.000,303.923,196.266,-100.000,49.996,203.923,1,1
215.100,305.157,196.447,-100.000,49.998,205.157,1,1
215.200,306.344,196.630,-100.000,49.999,206.344,1,1
215.300,307.485,196.815,-100.000,50.000,207.485,1,1
215.400,308.579,197.001,-100.000,50.002,208.579,1,1
215.500,309.625,197.188,-100.000,50.003,209.625,1,1
215.600,310.624,197.377,-100.000,50.005,210.624,1,1
215.700,311.573,197.567,-100.000,50.006,211.573,1,1
215.800,312.474,197.758,-100.000,50.007,212.474,1,1
215.900,313.325,197.950,-100.000,50.009,213.325,1,1
216.000,314.127,198.144,-100.000,50.010,214.127,1,1
216.100,314.878,198.338,-100.000,50.012,214.878,1,1
216.200,315.580,198.533,-100.000,50.013,215.580,1,1
216.300,316.230,198.729,-100.000,50.014,216.230,1,1
216.400,316.829,198.925,-100.000,50.016,216.829,1,1
216.500,317.378,199.122,-100.000,50.017,217.378,1,1
216.600,317.874,199.320,-100.000,50.019,217.874,1,1
216.700,318.320,199.518,-100.000,50.020,218.320,1,1
216.800,318.713,199.716,-100.000,50.021,218.713,1,1
216.900,319.054,199.915,-100.000,50.023,219.054,1,1
217.000,319.343,200.114,-100.000,50.024,219.343,1,1
217.100,319.579,200.312,-100.000,50.025,219.579,1,1
217.200,319.763,200.511,-100.000,50.027,219.763,1,1
217.300,319.895,200.710,-100.000,50.028,219.895,1,1
217.400,319.974,200.908,-100.000,50.030,219.974,1,1
217.500,320.000,201.106,-100.000,50.031,220.000,1,1
217.600,319.974,201.304,-100.000,50.032,219.974,1,1
217.700,319.895,201.501,-100.000,50.034,219.895,1,1
217.800,319.763,201.698,-100.000,50.035,219.763,1,1
217.900,319.579,201.894,-100.000,50.037,219.579,1,1
218.000,319.343,202.090,-100.000,50.038,219.343,1,1
218.100,319.054,202.284,-100.000,50.039,219.054,1,1
218.200,318.713,202.478,-100.000,50.041,218.713,1,1
218.300,318.320,202.671,-100.000,50.042,218.320,1,1
218.400,317.874,202.863,-100.000,50.044,217.874,1,1
218.500,317.378,203.053,-100.000,50.045,217.378,1,1
218.600,316.829,203.242,-100.000,50.046,216.829,1,1
218.700,316.230,203.430,-100.000,50.048,216.230,1,1
218.800,315.580,203.617,-100.000,50.049,215.580,1,1
218.900,314.878,203.802,-100.000,50.050,214.878,1,1
219.000,314.127,203.986,-100.000,50.052,214.127,1,1
219.100,313.325,204.168,-100.000,50.053,213.325,1,1
219.200,312.474,204.348,-100.000,50.055,212.474,1,1
219.300,311.573,204.526,-100.000,50.056,211.573,1,1
219.400,310.624,204.703,-100.000,50.057,210.624,1,1
219.500,309.625,204.877,-100.000,50.059,209.625,1,1
219.600,308.579,205.050,-100.000,50.060,208.579,1,1
219.700,307.485,205.220,-100.000,50.062,207.485,1,1
219.800,306.344,205.389,-100.000,50.063,206.344,1,1
219.900,305.157,205.555,-99.602,50.064,205.555,1,1
220.000,303.923,205.718,-98.205,50.066,205.718,1,1
220.100,302.644,205.880,-96.764,50.067,205.880,1,1
220.200,301.319,206.038,-95.281,50.068,206.038,1,1
220.300,299.951,206.195,-93.756,50.070,206.195,1,1
220.400,298.538,206.348,-92.190,50.071,206.348,1,1
220.500,297.082,206.499,-90.583,50.072,206.499,1,1
220.600,295.584,206.647,-88.936,50.073,206.647,1,1
220.700,294.043,206.793,-87.250,50.075,206.793,1,1
220.800,292.462,206.935,-85.526,50.076,206.935,1,1
220.900,290.839,207.075,-83.764,50.077,207.075,1,1
221.000,289.177,207.212,-81.966,50.078,207.212,1,1
221.100,287.476,207.345,-80.131,50.079,207.345,1,1
221.200,285.737,207.476,-78.261,50.080,207.476,1,1
221.300,283.960,207.603,-76.357,50.081,207.603,1,1
221.400,282.146,207.727,-74.419,50.082,207.727,1,1
221.500,280.296,207.848,-72.448,50.083,207.848,1,1
221.600,278.410,207.965,-70.445,50.084,207.965,1,1
221.700,276.491,208.079,-68.412,50.085,208.079,1,1
221.800,274.538,208.190,-66.348,50.086,208.190,1,1
221.900,272.552,208.297,-64.255,50.087,208.297,1,1
222.000,270.534,208.400,-62.134,50.088,208.400,1,1
222.100,268.486,208.500,-59.985,50.089,208.500,1,1
222.200,266.407,208.597,-57.810,50.090,208.597,1,1
222.300,264.299,208.689,-55.610,50.091,208.689,1,1
222.400,262.163,208.778,-53.385,50.091,208.778,1,1
222.500,260.000,208.864,-51.136,50.092,208.864,1,1
222.600,257.810,208.945,-48.865,50.093,208.945,1,1
222.700,255.596,209.023,-46.573,50.093,209.023,1,1
222.800,253.356,209.096,-44.260,50.094,209.096,1,1
222.900,251.094,209.166,-41.927,50.094,209.166,1,1
223.000,248.808,209.232,-39.576,50.095,209.232,1,1
223.100,246.502,209.294,-37.208,50.096,209.294,1,1
223.200,244.175,209.352,-34.823,50.096,209.352,1,1
223.300,241.829,209.406,-32.422,50.096,209.406,1,1
223.400,239.464,209.456,-30.008,50.097,209.456,1,1
223.500,237.082,209.502,-27.580,50.097,209.502,1,1
223.600,234.684,209.544,-25.140,50.098,209.544,1,1
223.700,232.270,209.582,-22.688,50.098,209.582,1,1
223.800,229.843,209.616,-20.227,50.098,209.616,1,1
223.900,227.402,209.645,-17.757,50.098,209.645,1,1
224.000,224.949,209.671,-15.279,50.099,209.671,1,1
224.100,222.486,209.692,-12.794,50.099,209.692,1,1
224.200,220.012,209.709,-10.303,50.099,209.709,1,1
224.300,217.530,209.722,-7.808,50.099,209.722,1,1
224.400,215.040,209.731,-5.309,50.099,209.731,1,1
224.500,212.543,209.736,-2.808,50.099,209.736,1,1
224.600,210.041,209.736,-0.305,50.099,209.736,1,1
224.700,207.535,209.733,2.198,50.099,209.733,1,1
224.800,205.025,209.725,4.700,50.099,209.725,1,1
224.900,202.513,209.713,7.200,50.099,209.713,1,1
225.000,200.000,209.697,9.697,50.099,209.697,1,1
225.100,197.487,209.676,12.189,50.099,209.676,1,1
225.200,194.975,209.652,14.677,50.099,209.652,1,1
225.300,192.465,209.623,17.158,50.098,209.623,1,1
225.400,189.959,209.591,19.632,50.098,209.591,1,1
225.500,187.457,209.554,22.097,50.098,209.554,1,1
225.600,184.960,209.513,24.553,50.097,209.513,1,1
225.700,182.470,209.468,26.998,50.097,209.468,1,1
225.800,179.988,209.419,29.431,50.097,209.419,1,1
225.900,177.514,209.366,31.851,50.096,209.366,1,1
226.000,175.051,209.309,34.258,50.096,209.309,1,1
226.100,172.598,209.247,36.650,50.095,209.247,1,1
226.200,170.157,209.182,39.025,50.095,209.182,1,1
226.300,167.730,209.113,41.384,50.094,209.113,1,1
226.400,165.316,209.041,43.724,50.093,209.041,1,1
226.500,162.918,208.964,46.046,50.093,208.964,1,1
226.600,160.536,208.883,48.347,50.092,208.883,1,1
226.700,158.171,208.799,50.628,50.091,208.799,1,1
226.800,155.825,208.711,52.886,50.091,208.711,1,1
226.900,153.498,208.619,55.121,50.090,208.619,1,1
227.000,151.192,208.523,57.332,50.089,208.523,1,1
227.100,148.906,208.424,59.518,50.088,208.424,1,1
227.200,146.644,208.321,61.678,50.087,208.321,1,1
227.300,144.404,208.215,63.811,50.087,208.215,1,1
227.400,142.190,208.105,65.916,50.086,208.105,1,1
227.500,140.000,207.992,67.992,50.085,207.992,1,1
227.600,137.837,207.875,70.038,50.084,207.875,1,1
227.700,135.701,207.755,72.054,50.083,207.755,1,1
227.800,133.593,207.632,74.039,50.082,207.632,1,1
227.900,131.514,207.505,75.991,50.081,207.505,1,1
228.000,129.466,207.375,77.909,50.080,207.375,1,1
228.100,127.448,207.242,79.794,50.078,207.242,1,1
228.200,125.462,207.106,81.644,50.077,207.106,1,1
228.300,123.509,206.967,83.458,50.076,206.967,1,1
228.400,121.590,206.825,85.235,50.075,206.825,1,1
228.500,119.704,206.680,86.976,50.074,206.680,1,1
228.600,117.854,206.532,88.678,50.073,206.532,1,1
228.700,116.040,206.382,90.341,50.071,206.382,1,1
228.800,114.263,206.228,91.965,50.070,206.228,1,1
228.900,112.524,206.072,93.549,50.069,206.072,1,1
229.000,110.823,205.914,95.091,50.067,205.914,1,1
229.100,109.161,205.753,96.592,50.066,205.753,1,1
229.200,107.538,205.589,98.051,50.065,205.589,1,1
229.300,105.957,205.424,99.467,50.063,205.424,1,1
229.400,104.416,205.256,100.000,50.062,204.416,1,1
229.500,102.918,205.085,100.000,50.061,202.918,1,1
229.600,101.462,204.913,100.000,50.059,201.462,1,1
229.700,100.049,204.738,100.000,50.058,200.049,1,1
229.800,98.681,204.562,100.000,50.056,198.681,1,1
229.900,97.356,204.384,100.000,50.055,197.356,1,1
230.000,96.077,204.203,100.000,50.054,196.077,1,1
230.100,94.843,204.021,100.000,50.052,194.843,1,1
230.200,93.656,203.838,100.000,50.051,193.656,1,1
230.300,92.515,203.653,100.000,50.049,192.515,1,1
230.400,91.421,203.466,100.000,50.048,191.421,1,1
230.500,90.375,203.278,100.000,50.047,190.375,1,1
230.600,89.376,203.088,100.000,50.045,189.376,1,1
230.700,88.427,202.897,100.000,50.044,188.427,1,1
230.800,87.526,202.705,100.000,50.042,187.526,1,1
230.900,86.675,202.512,100.000,50.041,186.675,1,1
231.000,85.873,202.318,100.000,50.040,185.873,1,1
231.100,85.122,202.123,100.000,50.038,185.122,1,1
231.200,84.420,201.927,100.000,50.037,184.420,1,1
231.300,83.770,201.731,100.000,50.036,183.770,1,1
231.400,83.171,201.534,100.000,50.034,183.171,1,1
231.500,82.622,201.336,100.000,50.033,182.622,1,1
231.600,82.126,201.137,100.000,50.031,182.126,1,1
231.700,81.680,200.939,100.000,50.030,181.680,1,1
231.800,81.287,200.739,100.000,50.029,181.287,1,1
231.900,80.946,200.540,100.000,50.027,180.946,1,1
232.000,80.657,200.341,100.000,50.026,180.657,1,1
232.100,80.421,200.141,100.000,50.024,180.421,1,1
232.200,80.237,199.942,100.000,50.023,180.237,1,1
232.300,80.105,199.742,100.000,50.022,180.105,1,1
232.400,80.026,199.543,100.000,50.020,180.026,1,1
232.500,80.000,199.344,100.000,50.019,180.000,1,1
232.600,80.026,199.146,100.000,50.017,180.026,1,1
232.700,80.105,198.948,100.000,50.016,180.105,1,1
232.800,80.237,198.750,100.000,50.015,180.237,1,1
232.900,80.421,198.553,100.000,50.013,180.421,1,1
233.000,80.657,198.357,100.000,50.012,180.657,1,1
233.100,80.946,198.162,100.000,50.011,180.946,1,1
233.200,81.287,197.967,100.000,50.009,181.287,1,1
233.300,81.680,197.774,100.000,50.008,181.680,1,1
233.400,82.126,197.581,100.000,50.006,182.126,1,1
233.500,82.622,197.390,100.000,50.005,182.622,1,1
233.600,83.171,197.200,100.000,50.004,183.171,1,1
233.700,83.770,197.011,100.000,50.002,183.770,1,1
233.800,84.420,196.824,100.000,50.001,184.420,1,1
233.900,85.122,196.638,100.000,49.999,185.122,1,1
234.000,85.873,196.454,100.000,49.998,185.873,1,1
234.100,86.675,196.271,100.000,49.997,186.675,1,1
234.200,87.526,196.090,100.000,49.995,187.526,1,1
234.300,88.427,195.911,100.000,49.994,188.427,1,1
234.400,89.376,195.734,100.000,49.992,189.376,1,1
234.500,90.375,195.558,100.000,49.991,190.375,1,1
234.600,91.421,195.385,100.000,49.990,191.421,1,1
234.700,92.515,195.214,100.000,49.988,192.515,1,1
234.800,93.656,195.045,100.000,49.987,193.656,1,1
234.900,94.843,194.878,100.000,49.986,194.843,1,1
235.000,96.077,194.714,98.637,49.984,194.714,1,1
235.100,97.356,194.552,97.196,49.983,194.552,1,1
235.200,98.681,194.392,95.712,49.981,194.392,1,1
235.300,100.049,194.235,94.186,49.980,194.235,1,1
235.400,101.462,194.081,92.619,49.979,194.081,1,1
235.500,102.918,193.929,91.011,49.978,193.929,1,1
235.600,104.416,193.780,89.364,49.976,193.780,1,1
235.700,105.957,193.634,87.677,49.975,193.634,1,1
235.800,107.538,193.491,85.953,49.974,193.491,1,1
235.900,109.161,193.351,84.190,49.973,193.351,1,1
236.000,110.823,193.213,82.391,49.972,193.213,1,1
236.100,112.524,193.079,80.555,49.971,193.079,1,1
236.200,114.263,192.948,78.685,49.969,192.948,1,1
236.300,116.040,192.820,76.780,49.968,192.820,1,1
236.400,117.854,192.695,74.841,49.967,192.695,1,1
236.500,119.704,192.574,72.869,49.966,192.574,1,1
236.600,121.590,192.456,70.866,49.965,192.456,1,1
236.700,123.509,192.341,68.832,49.964,192.341,1,1
236.800,125.462,192.230,66.767,49.963,192.230,1,1
236.900,127.448,192.122,64.674,49.963,192.122,1,1
237.000,129.466,192.018,62.552,49.962,192.018,1,1
237.100,131.514,191.917,60.403,49.961,191.917,1,1
237.200,133.593,191.820,58.227,49.960,191.820,1,1
237.300,135.701,191.727,56.026,49.959,191.727,1,1
237.400,137.837,191.637,53.800,49.959,191.637,1,1
237.500,140.000,191.551,51.551,49.958,191.551,1,1
237.600,142.190,191.469,49.279,49.957,191.469,1,1
237.700,144.404,191.390,46.986,49.956,191.390,1,1
237.800,146.644,191.316,44.672,49.956,191.316,1,1
237.900,148.906,191.245,42.339,49.955,191.245,1,1
238.000,151.192,191.179,39.987,49.955,191.179,1,1
238.100,153.498,191.116,37.618,49.954,191.116,1,1
238.200,155.825,191.057,35.232,49.954,191.057,1,1
238.300,158.171,191.003,32.831,49.953,191.003,1,1
238.400,160.536,190.952,30.416,49.953,190.952,1,1
238.500,162.918,190.905,27.987,49.952,190.905,1,1
238.600,165.316,190.863,25.547,49.952,190.863,1,1
238.700,167.730,190.824,23.095,49.952,190.824,1,1
238.800,170.157,190.790,20.633,49.951,190.790,1,1
238.900,172.598,190.760,18.162,49.951,190.760,1,1
239.000,175.051,190.733,15.683,49.951,190.733,1,1
239.100,177.514,190.711,13.197,49.951,190.711,1,1
239.200,179.988,190.694,10.706,49.951,190.694,1,1
239.300,182.470,190.680,8.210,49.951,190.680,1,1
239.400,184.960,190.670,5.710,49.950,190.670,1,1
239.500,187.457,190.665,3.209,49.950,190.665,1,1
239.600,189.959,190.664,0.705,49.950,190.664,1,1
239.700,192.465,190.667,-1.798,49.950,190.667,1,1
239.800,194.975,190.674,-4.301,49.950,190.674,1,1
239.900,197.487,190.685,-6.801,49.951,190.685,1,1
240.000,200.000,190.701,-9.299,49.951,190.701,1,1
240.100,202.513,190.721,-11.793,49.951,190.721,1,1
240.200,205.025,190.744,-14.281,49.951,190.744,1,1
240.300,207.535,190.772,-16.763,49.951,190.772,1,1
240.400,210.041,190.804,-19.237,49.952,190.804,1,1
240.500,212.543,190.841,-21.703,49.952,190.841,1,1
240.600,215.040,190.881,-24.159,49.952,190.881,1,1
240.700,217.530,190.925,-26.605,49.953,190.925,1,1
240.800,220.012,190.974,-29.039,49.953,190.974,1,1
240.900,222.486,191.026,-31.460,49.953,191.026,1,1
241.000,224.949,191.082,-33.867,49.954,191.082,1,1
241.100,227.402,191.143,-36.259,49.954,191.143,1,1
241.200,229.843,191.207,-38.636,49.955,191.207,1,1
241.300,232.270,191.276,-40.995,49.955,191.276,1,1
241.400,234.684,191.348,-43.336,49.956,191.348,1,1
241.500,237.082,191.424,-45.658,49.957,191.424,1,1
241.600,239.464,191.504,-47.960,49.957,191.504,1,1
241.700,241.829,191.588,-50.241,49.958,191.588,1,1
241.800,244.175,191.675,-52.500,49.959,191.675,1,1
241.900,246.502,191.766,-54.736,49.960,191.766,1,1
242.000,248.808,191.861,-56.947,49.960,191.861,1,1
242.100,251.094,191.960,-59.134,49.961,191.960,1,1
242.200,253.356,192.062,-61.294,49.962,192.062,1,1
242.300,255.596,192.168,-63.428,49.963,192.168,1,1
242.400,257.810,192.277,-65.534,49.964,192.277,1,1
242.500,260.000,192.390,-67.610,49.965,192.390,1,1
242.600,262.163,192.506,-69.658,49.966,192.506,1,1
242.700,264.299,192.625,-71.674,49.967,192.625,1,1
242.800,266.407,192.748,-73.659,49.968,192.748,1,1
242.900,268.486,192.874,-75.612,49.969,192.874,1,1
243.000,270.534,193.003,-77.531,49.970,193.003,1,1
243.100,272.552,193.135,-79.416,49.971,193.135,1,1
243.200,274.538,193.271,-81.267,49.972,193.271,1,1
243.300,276.491,193.409,-83.082,49.973,193.409,1,1
243.400,278.410,193.551,-84.860,49.974,193.551,1,1
243.500,280.296,193.695,-86.601,49.976,193.695,1,1
243.600,282.146,193.842,-88.303,49.977,193.842,1,1
243.700,283.960,193.992,-89.967,49.978,193.992,1,1
243.800,285.737,194.145,-91.592,49.979,194.145,1,1
243.900,287.476,194.300,-93.176,49.981,194.300,1,1
244.000,289.177,194.458,-94.719,49.982,194.458,1,1
244.100,290.839,194.618,-96.221,49.983,194.618,1,1
244.200,292.462,194.781,-97.680,49.985,194.781,1,1
244.300,294.043,194.946,-99.097,49.986,194.946,1,1
244.400,295.584,195.114,-100.000,49.987,195.584,1,1
244.500,297.082,195.284,-100.000,49.989,197.082,1,1
244.600,298.538,195.455,-100.000,49.990,198.538,1,1
244.700,299.951,195.629,-100.000,49.992,199.951,1,1
244.800,301.319,195.805,-100.000,49.993,201.319,1,1
244.900,302.644,195.983,-100.000,49.994,202.644,1,1
245.000,303.923,196.162,-100.000,49.996,203.923,1,1
245.100,305.157,196.344,-100.000,49.997,205.157,1,1
245.200,306.344,196.527,-100.000,49.999,206.344,1,1
245.300,307.485,196.711,-100.000,50.000,207.485,1,1
245.400,308.579,196.898,-100.000,50.001,208.579,1,1
245.500,309.625,197.085,-100.000,50.003,209.625,1,1
245.600,310.624,197.274,-100.000,50.004,210.624,1,1
245.700,311.573,197.464,-100.000,50.006,211.573,1,1
245.800,312.474,197.656,-100.000,50.007,212.474,1,1
245.900,313.325,197.848,-100.000,50.008,213.325,1,1
246.000,314.127,198.042,-100.000,50.010,214.127,1,1
246.100,314.878,198.236,-100.000,50.011,214.878,1,1
246.200,315.580,198.431,-100.000,50.012,215.580,1,1
246.300,316.230,198.627,-100.000,50.014,216.230,1,1
246.400,316.829,198.824,-100.000,50.015,216.829,1,1
246.500,317.378,199.021,-100.000,50.017,217.378,1,1
246.600,317.874,199.219,-100.000,50.018,217.874,1,1
246.700,318.320,199.417,-100.000,50.019,218.320,1,1
246.800,318.713,199.616,-100.000,50.021,218.713,1,1
246.900,319.054,199.814,-100.000,50.022,219.054,1,1
247.000,319.343,200.013,-100.000,50.024,219.343,1,1
247.100,319.579,200.212,-100.000,50.025,219.579,1,1
247.200,319.763,200.411,-100.000,50.026,219.763,1,1
247.300,319.895,200.610,-100.000,50.028,219.895,1,1
247.400,319.974,200.808,-100.000,50.029,219.974,1,1
247.500,320.000,201.007,-100.000,50.031,220.000,1,1
247.600,319.974,201.205,-100.000,50.032,219.974,1,1
247.700,319.895,201.402,-100.000,50.033,219.895,1,1
247.800,319.763,201.599,-100.000,50.035,219.763,1,1
247.900,319.579,201.795,-100.000,50.036,219.579,1,1
248.000,319.343,201.991,-100.000,50.037,219.343,1,1
248.100,319.054,202.186,-100.000,50.039,219.054,1,1
248.200,318.713,202.380,-100.000,50.040,218.713,1,1
248.300,318.320,202.573,-100.000,50.042,218.320,1,1
248.400,317.874,202.764,-100.000,50.043,217.874,1,1
248.500,317.378,202.955,-100.000,50.044,217.378,1,1
248.600,316.829,203.145,-100.000,50.046,216.829,1,1
248.700,316.230,203.333,-100.000,50.047,216.230,1,1
248.800,315.580,203.520,-100.000,50.049,215.580,1,1
248.900,314.878,203.705,-100.000,50.050,214.878,1,1
249.000,314.127,203.889,-100.000,50.051,214.127,1,1
249.100,313.325,204.071,-100.000,50.053,213.325,1,1
249.200,312.474,204.251,-100.000,50.054,212.474,1,1
249.300,311.573,204.430,-100.000,50.056,211.573,1,1
249.400,310.624,204.606,-100.000,50.057,210.624,1,1
249.500,309.625,204.781,-100.000,50.058,209.625,1,1
249.600,308.579,204.954,-100.000,50.060,208.579,1,1
249.700,307.485,205.124,-100.000,50.061,207.485,1,1
249.800,306.344,205.293,-100.000,50.062,206.344,1,1
249.900,305.157,205.459,-99.698,50.064,205.459,1,1
250.000,303.923,205.623,-98.300,50.065,205.623,1,1
250.100,302.644,205.784,-96.859,50.067,205.784,1,1
250.200,301.319,205.943,-95.376,50.068,205.943,1,1
250.300,299.951,206.100,-93.851,50.069,206.100,1,1
250.400,298.538,206.253,-92.285,50.070,206.253,1,1
250.500,297.082,206.405,-90.678,50.072,206.405,1,1
250.600,295.584,206.553,-89.031,50.073,206.553,1,1
250.700,294.043,206.698,-87.345,50.074,206.698,1,1
250.800,292.462,206.841,-85.620,50.075,206.841,1,1
250.900,290.839,206.981,-83.858,50.077,206.981,1,1
251.000,289.177,207.118,-82.060,50.078,207.118,1,1
251.100,287.476,207.251,-80.225,50.079,207.251,1,1
251.200,285.737,207.382,-78.355,50.080,207.382,1,1
251.300,283.960,207.509,-76.450,50.081,207.509,1,1
251.400,282.146,207.634,-74.512,50.082,207.634,1,1
251.500,280.296,207.755,-72.541,50.083,207.755,1,1
251.600,278.410,207.872,-70.538,50.084,207.872,1,1
251.700,276.491,207.986,-68.505,50.085,207.986,1,1
251.800,274.538,208.097,-66.441,50.086,208.097,1,1
251.900,272.552,208.204,-64.348,50.087,208.204,1,1
252.000,270.534,208.308,-62.226,50.088,208.308,1,1
252.100,268.486,208.408,-60.078,50.088,208.408,1,1
252.200,266.407,208.505,-57.902,50.089,208.505,1,1
252.300,264.299,208.597,-55.702,50.090,208.597,1,1
252.400,262.163,208.687,-53.477,50.091,208.687,1,1
252.500,260.000,208.772,-51.228,50.091,208.772,1,1
252.600,257.810,208.854,-48.957,50.092,208.854,1,1
252.700,255.596,208.931,-46.664,50.093,208.931,1,1
252.800,253.356,209.005,-44.351,50.093,209.005,1,1
252.900,251.094,209.075,-42.018,50.094,209.075,1,1
253.000,248.808,209.141,-39.667,50.095,209.141,1,1
253.100,246.502,209.204,-37.298,50.095,209.204,1,1
253.200,244.175,209.262,-34.913,50.096,209.262,1,1
253.300,241.829,209.316,-32.513,50.096,209.316,1,1
253.400,239.464,209.366,-30.098,50.096,209.366,1,1
253.500,237.082,209.412,-27.670,50.097,209.412,1,1
253.600,234.684,209.454,-25.230,50.097,209.454,1,1
253.700,232.270,209.492,-22.778,50.097,209.492,1,1
253.800,229.843,209.526,-20.317,50.098,209.526,1,1
253.900,227.402,209.556,-17.846,50.098,209.556,1,1
254.000,224.949,209.581,-15.368,50.098,209.581,1,1
254.100,222.486,209.603,-12.883,50.098,209.603,1,1
254.200,220.012,209.620,-10.392,50.099,209.620,1,1
254.300,217.530,209.633,-7.897,50.099,209.633,1,1
254.400,215.040,209.642,-5.398,50.099,209.642,1,1
254.500,212.543,209.647,-2.896,50.099,209.647,1,1
254.600,210.041,209.648,-0.393,50.099,209.648,1,1
254.700,207.535,209.644,2.109,50.099,209.644,1,1
254.800,205.025,209.637,4.612,50.099,209.637,1,1
254.900,202.513,209.625,7.112,50.099,209.625,1,1
255.000,200.000,209.609,9.609,50.098,209.609,1,1
255.100,197.487,209.589,12.102,50.098,209.589,1,1
255.200,194.975,209.564,14.589,50.098,209.564,1,1
255.300,192.465,209.536,17.071,50.098,209.536,1,1
255.400,189.959,209.503,19.545,50.098,209.503,1,1
255.500,187.457,209.467,22.010,50.097,209.467,1,1
255.600,184.960,209.426,24.466,50.097,209.426,1,1
255.700,182.470,209.381,26.911,50.097,209.381,1,1
255.800,179.988,209.332,29.344,50.096,209.332,1,1
255.900,177.514,209.279,31.765,50.096,209.279,1,1
256.000,175.051,209.222,34.172,50.095,209.222,1,1
256.100,172.598,209.161,36.563,50.095,209.161,1,1
256.200,170.157,209.096,38.939,50.094,209.096,1,1
256.300,167.730,209.027,41.298,50.094,209.027,1,1
256.400,165.316,208.955,43.639,50.093,208.955,1,1
256.500,162.918,208.878,45.960,50.092,208.878,1,1
256.600,160.536,208.798,48.262,50.092,208.798,1,1
256.700,158.171,208.713,50.542,50.091,208.713,1,1
256.800,155.825,208.625,52.800,50.090,208.625,1,1
256.900,153.498,208.534,55.036,50.089,208.534,1,1
257.000,151.192,208.438,57.247,50.089,208.438,1,1
257.100,148.906,208.339,59.433,50.088,208.339,1,1
257.200,146.644,208.237,61.593,50.087,208.237,1,1
257.300,144.404,208.130,63.726,50.086,208.130,1,1
257.400,142.190,208.021,65.831,50.085,208.021,1,1
257.500,140.000,207.908,67.908,50.084,207.908,1,1
257.600,137.837,207.791,69.954,50.083,207.791,1,1
257.700,135.701,207.671,71.970,50.082,207.671,1,1
257.800,133.593,207.548,73.955,50.081,207.548,1,1
257.900,131.514,207.421,75.907,50.080,207.421,1,1
258.000,129.466,207.292,77.826,50.079,207.292,1,1
258.100,127.448,207.159,79.711,50.078,207.159,1,1
258.200,125.462,207.023,81.560,50.077,207.023,1,1
258.300,123.509,206.884,83.375,50.076,206.884,1,1
258.400,121.590,206.742,85.152,50.075,206.742,1,1
258.500,119.704,206.597,86.893,50.073,206.597,1,1
258.600,117.854,206.449,88.595,50.072,206.449,1,1
258.700,116.040,206.299,90.259,50.071,206.299,1,1
258.800,114.263,206.146,91.883,50.070,206.146,1,1
258.900,112.524,205.990,93.466,50.068,205.990,1,1
259.000,110.823,205.832,95.009,50.067,205.832,1,1
259.100,109.161,205.671,96.510,50.066,205.671,1,1
259.200,107.538,205.508,97.969,50.064,205.508,1,1
259.300,105.957,205.342,99.385,50.063,205.342,1,1
259.400,104.416,205.174,100.000,50.061,204.416,1,1
259.500,102.918,205.004,100.000,50.060,202.918,1,1
259.600,101.462,204.832,100.000,50.059,201.462,1,1
259.700,100.049,204.657,100.000,50.057,200.049,1,1
259.800,98.681,204.481,100.000,50.056,198.681,1,1
259.900,97.356,204.303,100.000,50.055,197.356,1,1
260.000,96.077,204.123,100.000,50.053,196.077,1,1
260.100,94.843,203.941,100.000,50.052,194.843,1,1
260.200,93.656,203.757,100.000,50.050,193.656,1,1
260.300,92.515,203.572,100.000,50.049,192.515,1,1
260.400,91.421,203.386,100.000,50.048,191.421,1,1
260.500,90.375,203.197,100.000,50.046,190.375,1,1
260.600,89.376,203.008,100.000,50.045,189.376,1,1
260.700,88.427,202.817,100.000,50.043,188.427,1,1
260.800,87.526,202.626,100.000,50.042,187.526,1,1
260.900,86.675,202.433,100.000,50.041,186.675,1,1
261.000,85.873,202.239,100.000,50.039,185.873,1,1
261.100,85.122,202.044,100.000,50.038,185.122,1,1
261.200,84.420,201.848,100.000,50.036,184.420,1,1
261.300,83.770,201.652,100.000,50.035,183.770,1,1
261.400,83.171,201.455,100.000,50.034,183.171,1,1
261.500,82.622,201.257,100.000,50.032,182.622,1,1
261.600,82.126,201.059,100.000,50.031,182.126,1,1
261.700,81.680,200.860,100.000,50.030,181.680,1,1
261.800,81.287,200.661,100.000,50.028,181.287,1,1
261.900,80.946,200.462,100.000,50.027,180.946,1,1
262.000,80.657,200.262,100.000,50.025,180.657,1,1
262.100,80.421,200.063,100.000,50.024,180.421,1,1
262.200,80.237,199.864,100.000,50.023,180.237,1,1
262.300,80.105,199.664,100.000,50.021,180.105,1,1
262.400,80.026,199.465,100.000,50.020,180.026,1,1
262.500,80.000,199.267,100.000,50.018,180.000,1,1
262.600,80.026,199.068,100.000,50.017,180.026,1,1
262.700,80.105,198.870,100.000,50.016,180.105,1,1
262.800,80.237,198.673,100.000,50.014,180.237,1,1
262.900,80.421,198.476,100.000,50.013,180.421,1,1
263.000,80.657,198.280,100.000,50.011,180.657,1,1
263.100,80.946,198.085,100.000,50.010,180.946,1,1
263.200,81.287,197.890,100.000,50.009,181.287,1,1
263.300,81.680,197.697,100.000,50.007,181.680,1,1
263.400,82.126,197.505,100.000,50.006,182.126,1,1
263.500,82.622,197.314,100.000,50.005,182.622,1,1
263.600,83.171,197.124,100.000,50.003,183.171,1,1
263.700,83.770,196.935,100.000,50.002,183.770,1,1
263.800,84.420,196.748,100.000,50.000,184.420,1,1
263.900,85.122,196.562,100.000,49.999,185.122,1,1
264.000,85.873,196.378,100.000,49.998,185.873,1,1
264.100,86.675,196.195,100.000,49.996,186.675,1,1
264.200,87.526,196.015,100.000,49.995,187.526,1,1
264.300,88.427,195.836,100.000,49.993,188.427,1,1
264.400,89.376,195.659,100.000,49.992,189.376,1,1
264.500,90.375,195.483,100.000,49.991,190.375,1,1
264.600,91.421,195.310,100.000,49.989,191.421,1,1
264.700,92.515,195.139,100.000,49.988,192.515,1,1
264.800,93.656,194.970,100.000,49.986,193.656,1,1
264.900,94.843,194.804,99.960,49.985,194.804,1,1
265.000,96.077,194.639,98.562,49.984,194.639,1,1
265.100,97.356,194.478,97.121,49.982,194.478,1,1
265.200,98.681,194.318,95.637,49.981,194.318,1,1
265.300,100.049,194.161,94.112,49.980,194.161,1,1
265.400,101.462,194.007,92.545,49.978,194.007,1,1
265.500,102.918,193.855,90.938,49.977,193.855,1,1
265.600,104.416,193.707,89.290,49.976,193.707,1,1
265.700,105.957,193.561,87.604,49.975,193.561,1,1
265.800,107.538,193.418,85.879,49.974,193.418,1,1
265.900,109.161,193.277,84.117,49.972,193.277,1,1
266.000,110.823,193.140,82.318,49.971,193.140,1,1
266.100,112.524,193.006,80.482,49.970,193.006,1,1
266.200,114.263,192.875,78.612,49.969,192.875,1,1
266.300,116.040,192.747,76.707,49.968,192.747,1,1
266.400,117.854,192.623,74.768,49.967,192.623,1,1
266.500,119.704,192.501,72.797,49.966,192.501,1,1
266.600,121.590,192.383,70.794,49.965,192.383,1,1
266.700,123.509,192.269,68.759,49.964,192.269,1,1
266.800,125.462,192.157,66.695,49.963,192.157,1,1
266.900,127.448,192.050,64.602,49.962,192.050,1,1
267.000,129.466,191.946,62.480,49.961,191.946,1,1
267.100,131.514,191.845,60.331,49.960,191.845,1,1
267.200,133.593,191.748,58.155,49.960,191.748,1,1
267.300,135.701,191.655,55.954,49.959,191.655,1,1
267.400,137.837,191.565,53.729,49.958,191.565,1,1
267.500,140.000,191.480,51.480,49.957,191.480,1,1
267.600,142.190,191.398,49.208,49.957,191.398,1,1
267.700,144.404,191.319,46.915,49.956,191.319,1,1
267.800,146.644,191.245,44.601,49.955,191.245,1,1
267.900,148.906,191.175,42.268,49.955,191.175,1,1
268.000,151.192,191.108,39.916,49.954,191.108,1,1
268.100,153.498,191.045,37.547,49.954,191.045,1,1
268.200,155.825,190.987,35.162,49.953,190.987,1,1
268.300,158.171,190.932,32.761,49.953,190.932,1,1
268.400,160.536,190.882,30.346,49.952,190.882,1,1
268.500,162.918,190.835,27.917,49.952,190.835,1,1
268.600,165.316,190.793,25.477,49.952,190.793,1,1
268.700,167.730,190.754,23.025,49.951,190.754,1,1
268.800,170.157,190.720,20.563,49.951,190.720,1,1
268.900,172.598,190.690,18.092,49.951,190.690,1,1
269.000,175.051,190.664,15.613,49.951,190.664,1,1
269.100,177.514,190.642,13.128,49.950,190.642,1,1
269.200,179.988,190.624,10.637,49.950,190.624,1,1
269.300,182.470,190.611,8.141,49.950,190.611,1,1
269.400,184.960,190.601,5.641,49.950,190.601,1,1
269.500,187.457,190.596,3.139,49.950,190.596,1,1
269.600,189.959,190.595,0.636,49.950,190.595,1,1
269.700,192.465,190.598,-1.867,49.950,190.598,1,1
269.800,194.975,190.605,-4.370,49.950,190.605,1,1
269.900,197.487,190.617,-6.870,49.950,190.617,1,1
270.000,200.000,190.632,-9.368,49.950,190.632,1,1
270.100,202.513,190.652,-11.861,49.951,190.652,1,1
270.200,205.025,190.676,-14.349,49.951,190.676,1,1
270.300,207.535,190.704,-16.831,49.951,190.704,1,1
270.400,210.041,190.736,-19.305,49.951,190.736,1,1
270.500,212.543,190.773,-21.771,49.952,190.773,1,1
270.600,215.040,190.813,-24.227,49.952,190.813,1,1
270.700,217.530,190.857,-26.672,49.952,190.857,1,1
270.800,220.012,190.906,-29.106,49.953,190.906,1,1
270.900,222.486,190.959,-31.527,49.953,190.959,1,1
271.000,224.949,191.015,-33.934,49.954,191.015,1,1
271.100,227.402,191.076,-36.326,49.954,191.076,1,1
271.200,229.843,191.140,-38.703,49.955,191.140,1,1
271.300,232.270,191.209,-41.062,49.955,191.209,1,1
271.400,234.684,191.281,-43.403,49.956,191.281,1,1
271.500,237.082,191.357,-45.725,49.956,191.357,1,1
271.600,239.464,191.437,-48.027,49.957,191.437,1,1
271.700,241.829,191.521,-50.308,49.958,191.521,1,1
271.800,244.175,191.609,-52.566,49.958,191.609,1,1
271.900,246.502,191.700,-54.802,49.959,191.700,1,1
272.000,248.808,191.795,-57.013,49.960,191.795,1,1
272.100,251.094,191.894,-59.200,49.961,191.894,1,1
272.200,253.356,191.996,-61.360,49.962,191.996,1,1
272.300,255.596,192.102,-63.494,49.963,192.102,1,1
272.400,257.810,192.211,-65.599,49.963,192.211,1,1
272.500,260.000,192.324,-67.676,49.964,192.324,1,1
272.600,262.163,192.440,-69.723,49.965,192.440,1,1
272.700,264.299,192.560,-71.740,49.966,192.560,1,1
272.800,266.407,192.683,-73.724,49.967,192.683,1,1
272.900,268.486,192.809,-75.677,49.968,192.809,1,1
273.000,270.534,192.938,-77.596,49.970,192.938,1,1
273.100,272.552,193.070,-79.481,49.971,193.070,1,1
273.200,274.538,193.206,-81.332,49.972,193.206,1,1
273.300,276.491,193.345,-83.146,49.973,193.345,1,1
273.400,278.410,193.486,-84.924,49.974,193.486,1,1
273.500,280.296,193.631,-86.665,49.975,193.631,1,1
273.600,282.146,193.778,-88.368,49.977,193.778,1,1
273.700,283.960,193.928,-90.032,49.978,193.928,1,1
273.800,285.737,194.081,-91.656,49.979,194.081,1,1
273.900,287.476,194.236,-93.240,49.980,194.236,1,1
274.000,289.177,194.394,-94.783,49.982,194.394,1,1
274.100,290.839,194.554,-96.285,49.983,194.554,1,1
274.200,292.462,194.717,-97.744,49.984,194.717,1,1
274.300,294.043,194.883,-99.161,49.986,194.883,1,1
274.400,295.584,195.050,-100.000,49.987,195.584,1,1
274.500,297.082,195.220,-100.000,49.989,197.082,1,1
274.600,298.538,195.392,-100.000,49.990,198.538,1,1
274.700,299.951,195.566,-100.000,49.991,199.951,1,1
274.800,301.319,195.742,-100.000,49.993,201.319,1,1
274.900,302.644,195.920,-100.000,49.994,202.644,1,1
275.000,303.923,196.099,-100.000,49.995,203.923,1,1
275.100,305.157,196.281,-100.000,49.997,205.157,1,1
275.200,306.344,196.464,-100.000,49.998,206.344,1,1
275.300,307.485,196.649,-100.000,50.000,207.485,1,1
275.400,308.579,196.835,-100.000,50.001,208.579,1,1
275.500,309.625,197.023,-100.000,50.002,209.625,1,1
275.600,310.624,197.212,-100.000,50.004,210.624,1,1
275.700,311.573,197.402,-100.000,50.005,211.573,1,1
275.800,312.474,197.593,-100.000,50.007,212.474,1,1
275.900,313.325,197.786,-100.000,50.008,213.325,1,1
276.000,314.127,197.980,-100.000,50.009,214.127,1,1
276.100,314.878,198.174,-100.000,50.011,214.878,1,1
276.200,315.580,198.369,-100.000,50.012,215.580,1,1
276.300,316.230,198.566,-100.000,50.014,216.230,1,1
276.400,316.829,198.762,-100.000,50.015,216.829,1,1
276.500,317.378,198.960,-100.000,50.016,217.378,1,1
276.600,317.874,199.158,-100.000,50.018,217.874,1,1
276.700,318.320,199.356,-100.000,50.019,218.320,1,1
276.800,318.713,199.554,-100.000,50.020,218.713,1,1
276.900,319.054,199.753,-100.000,50.022,219.054,1,1
277.000,319.343,199.952,-100.000,50.023,219.343,1,1
277.100,319.579,200.151,-100.000,50.025,219.579,1,1
277.200,319.763,200.350,-100.000,50.026,219.763,1,1
277.300,319.895,200.549,-100.000,50.027,219.895,1,1
277.400,319.974,200.748,-100.000,50.029,219.974,1,1
277.500,320.000,200.946,-100.000,50.030,220.000,1,1
277.600,319.974,201.144,-100.000,50.032,219.974,1,1
277.700,319.895,201.342,-100.000,50.033,219.895,1,1
277.800,319.763,201.539,-100.000,50.034,219.763,1,1
277.900,319.579,201.735,-100.000,50.036,219.579,1,1
278.000,319.343,201.931,-100.000,50.037,219.343,1,1
278.100,319.054,202.126,-100.000,50.039,219.054,1,1
278.200,318.713,202.320,-100.000,50.040,218.713,1,1
278.300,318.320,202.513,-100.000,50.041,218.320,1,1
278.400,317.874,202.705,-100.000,50.043,217.874,1,1
278.500,317.378,202.896,-100.000,50.044,217.378,1,1
278.600,316.829,203.085,-100.000,50.045,216.829,1,1
278.700,316.230,203.274,-100.000,50.047,216.230,1,1
278.800,315.580,203.460,-100.000,50.048,215.580,1,1
278.900,314.878,203.646,-100.000,50.050,214.878,1,1
279.000,314.127,203.830,-100.000,50.051,214.127,1,1
279.100,313.325,204.012,-100.000,50.052,213.325,1,1
279.200,312.474,204.192,-100.000,50.054,212.474,1,1
279.300,311.573,204.371,-100.000,50.055,211.573,1,1
279.400,310.624,204.548,-100.000,50.057,210.624,1,1
279.500,309.625,204.723,-100.000,50.058,209.625,1,1
279.600,308.579,204.895,-100.000,50.059,208.579,1,1
279.700,307.485,205.066,-100.000,50.061,207.485,1,1
279.800,306.344,205.235,-100.000,50.062,206.344,1,1
279.900,305.157,205.401,-99.756,50.064,205.401,1,1
280.000,303.923,205.565,-98.358,50.065,205.565,1,1
280.100,302.644,205.726,-96.917,50.066,205.726,1,1
280.200,301.319,205.885,-95.434,50.068,205.885,1,1
280.300,299.951,206.042,-93.909,50.069,206.042,1,1
280.400,298.538,206.196,-92.342,50.070,206.196,1,1
280.500,297.082,206.347,-90.735,50.071,206.347,1,1
280.600,295.584,206.496,-89.088,50.073,206.496,1,1
280.700,294.043,206.641,-87.402,50.074,206.641,1,1
280.800,292.462,206.784,-85.678,50.075,206.784,1,1
280.900,290.839,206.924,-83.916,50.076,206.924,1,1
281.000,289.177,207.061,-82.117,50.077,207.061,1,1
281.100,287.476,207.195,-80.282,50.078,207.195,1,1
281.200,285.737,207.325,-78.412,50.080,207.325,1,1
281.300,283.960,207.453,-76.507,50.081,207.453,1,1
281.400,282.146,207.577,-74.569,50.082,207.577,1,1
281.500,280.296,207.698,-72.598,50.083,207.698,1,1
281.600,278.410,207.816,-70.595,50.084,207.816,1,1
281.700,276.491,207.930,-68.561,50.085,207.930,1,1
281.800,274.538,208.041,-66.497,50.086,208.041,1,1
281.900,272.552,208.148,-64.404,50.086,208.148,1,1
282.000,270.534,208.252,-62.282,50.087,208.252,1,1
282.100,268.486,208.352,-60.134,50.088,208.352,1,1
282.200,266.407,208.449,-57.958,50.089,208.449,1,1
282.300,264.299,208.542,-55.758,50.090,208.542,1,1
282.400,262.163,208.631,-53.532,50.090,208.631,1,1
282.500,260.000,208.716,-51.284,50.091,208.716,1,1
282.600,257.810,208.798,-49.012,50.092,208.798,1,1
282.700,255.596,208.876,-46.720,50.092,208.876,1,1
282.800,253.356,208.950,-44.406,50.093,208.950,1,1
282.900,251.094,209.020,-42.073,50.094,209.020,1,1
283.000,248.808,209.086,-39.722,50.094,209.086,1,1
283.100,246.502,209.148,-37.353,50.095,209.148,1,1
283.200,244.175,209.207,-34.968,50.095,209.207,1,1
283.300,241.829,209.261,-32.568,50.096,209.261,1,1
283.400,239.464,209.311,-30.153,50.096,209.311,1,1
283.500,237.082,209.358,-27.725,50.097,209.358,1,1
283.600,234.684,209.400,-25.284,50.097,209.400,1,1
283.700,232.270,209.438,-22.833,50.097,209.438,1,1
283.800,229.843,209.472,-20.371,50.097,209.472,1,1
283.900,227.402,209.501,-17.901,50.098,209.501,1,1
284.000,224.949,209.527,-15.422,50.098,209.527,1,1
284.100,222.486,209.549,-12.937,50.098,209.549,1,1
284.200,220.012,209.566,-10.446,50.098,209.566,1,1
284.300,217.530,209.579,-7.951,50.098,209.579,1,1
284.400,215.040,209.589,-5.451,50.098,209.589,1,1
284.500,212.543,209.593,-2.950,50.098,209.593,1,1
284.600,210.041,209.594,-0.447,50.098,209.594,1,1
284.700,207.535,209.591,2.056,50.098,209.591,1,1
284.800,205.025,209.583,4.558,50.098,209.583,1,1
284.900,202.513,209.571,7.058,50.098,209.571,1,1
285.000,200.000,209.555,9.555,50.098,209.555,1,1
285.100,197.487,209.535,12.048,50.098,209.535,1,1
285.200,194.975,209.511,14.536,50.098,209.511,1,1
285.300,192.465,209.483,17.018,50.098,209.483,1,1
285.400,189.959,209.450,19.492,50.097,209.450,1,1
285.500,187.457,209.414,21.957,50.097,209.414,1,1
285.600,184.960,209.373,24.413,50.097,209.373,1,1
285.700,182.470,209.328,26.858,50.096,209.328,1,1
285.800,179.988,209.279,29.292,50.096,209.279,1,1
285.900,177.514,209.227,31.712,50.095,209.227,1,1
286.000,175.051,209.170,34.119,50.095,209.170,1,1
286.100,172.598,209.109,36.511,50.094,209.109,1,1
286.200,170.157,209.044,38.887,50.094,209.044,1,1
286.300,167.730,208.975,41.246,50.093,208.975,1,1
286.400,165.316,208.903,43.586,50.093,208.903,1,1
286.500,162.918,208.826,45.908,50.092,208.826,1,1
286.600,160.536,208.746,48.210,50.091,208.746,1,1
286.700,158.171,208.662,50.490,50.091,208.662,1,1
286.800,155.825,208.574,52.749,50.090,208.574,1,1
286.900,153.498,208.482,54.984,50.089,208.482,1,1
287.000,151.192,208.387,57.195,50.088,208.387,1,1
287.100,148.906,208.288,59.381,50.088,208.288,1,1
287.200,146.644,208.185,61.541,50.087,208.185,1,1
287.300,144.404,208.079,63.675,50.086,208.079,1,1
287.400,142.190,207.969,65.780,50.085,207.969,1,1
287.500,140.000,207.856,67.856,50.084,207.856,1,1
287.600,137.837,207.740,69.903,50.083,207.740,1,1
287.700,135.701,207.620,71.919,50.082,207.620,1,1
287.800,133.593,207.497,73.904,50.081,207.497,1,1
287.900,131.514,207.370,75.856,50.080,207.370,1,1
288.000,129.466,207.241,77.775,50.079,207.241,1,1
288.100,127.448,207.108,79.660,50.078,207.108,1,1
288.200,125.462,206.972,81.510,50.077,206.972,1,1
288.300,123.509,206.833,83.324,50.075,206.833,1,1
288.400,121.590,206.691,85.102,50.074,206.691,1,1
288.500,119.704,206.547,86.842,50.073,206.547,1,1
288.600,117.854,206.399,88.545,50.072,206.399,1,1
288.700,116.040,206.249,90.208,50.071,206.249,1,1
288.800,114.263,206.096,91.832,50.069,206.096,1,1
288.900,112.524,205.940,93.416,50.068,205.940,1,1
289.000,110.823,205.782,94.959,50.067,205.782,1,1
289.100,109.161,205.621,96.460,50.065,205.621,1,1
289.200,107.538,205.458,97.919,50.064,205.458,1,1
289.300,105.957,205.292,99.335,50.063,205.292,1,1
289.400,104.416,205.124,100.000,50.061,204.416,1,1
289.500,102.918,204.954,100.000,50.060,202.918,1,1
289.600,101.462,204.782,100.000,50.058,201.462,1,1
289.700,100.049,204.608,100.000,50.057,200.049,1,1
289.800,98.681,204.432,100.000,50.056,198.681,1,1
289.900,97.356,204.253,100.000,50.054,197.356,1,1
290.000,96.077,204.073,100.000,50.053,196.077,1,1
290.100,94.843,203.892,100.000,50.052,194.843,1,1
290.200,93.656,203.708,100.000,50.050,193.656,1,1
290.300,92.515,203.523,100.000,50.049,192.515,1,1
290.400,91.421,203.337,100.000,50.047,191.421,1,1
290.500,90.375,203.149,100.000,50.046,190.375,1,1
290.600,89.376,202.960,100.000,50.045,189.376,1,1
290.700,88.427,202.769,100.000,50.043,188.427,1,1
290.800,87.526,202.577,100.000,50.042,187.526,1,1
290.900,86.675,202.384,100.000,50.040,186.675,1,1
291.000,85.873,202.190,100.000,50.039,185.873,1,1
291.100,85.122,201.996,100.000,50.038,185.122,1,1
291.200,84.420,201.800,100.000,50.036,184.420,1,1
291.300,83.770,201.604,100.000,50.035,183.770,1,1
291.400,83.171,201.407,100.000,50.033,183.171,1,1
291.500,82.622,201.209,100.000,50.032,182.622,1,1
291.600,82.126,201.011,100.000,50.031,182.126,1,1
291.700,81.680,200.812,100.000,50.029,181.680,1,1
291.800,81.287,200.613,100.000,50.028,181.287,1,1
291.900,80.946,200.414,100.000,50.027,180.946,1,1
292.000,80.657,200.215,100.000,50.025,180.657,1,1
292.100,80.421,200.016,100.000,50.024,180.421,1,1
292.200,80.237,199.816,100.000,50.022,180.237,1,1
292.300,80.105,199.617,100.000,50.021,180.105,1,1
292.400,80.026,199.418,100.000,50.020,180.026,1,1
292.500,80.000,199.220,100.000,50.018,180.000,1,1
292.600,80.026,199.021,100.000,50.017,180.026,1,1
292.700,80.105,198.823,100.000,50.015,180.105,1,1
292.800,80.237,198.626,100.000,50.014,180.237,1,1
292.900,80.421,198.429,100.000,50.013,180.421,1,1
293.000,80.657,198.233,100.000,50.011,180.657,1,1
293.100,80.946,198.038,100.000,50.010,180.946,1,1
293.200,81.287,197.844,100.000,50.008,181.287,1,1
293.300,81.680,197.651,100.000,50.007,181.680,1,1
293.400,82.126,197.458,100.000,50.006,182.126,1,1
293.500,82.622,197.267,100.000,50.004,182.622,1,1
293.600,83.171,197.078,100.000,50.003,183.171,1,1
293.700,83.770,196.889,100.000,50.002,183.770,1,1
293.800,84.420,196.702,100.000,50.000,184.420,1,1
293.900,85.122,196.516,100.000,49.999,185.122,1,1
294.000,85.873,196.332,100.000,49.997,185.873,1,1
294.100,86.675,196.150,100.000,49.996,186.675,1,1
294.200,87.526,195.969,100.000,49.995,187.526,1,1
294.300,88.427,195.790,100.000,49.993,188.427,1,1
294.400,89.376,195.613,100.000,49.992,189.376,1,1
294.500,90.375,195.438,100.000,49.990,190.375,1,1
294.600,91.421,195.265,100.000,49.989,191.421,1,1
294.700,92.515,195.094,100.000,49.988,192.515,1,1
294.800,93.656,194.925,100.000,49.986,193.656,1,1
294.900,94.843,194.758,99.915,49.985,194.758,1,1
295.000,96.077,194.594,98.517,49.983,194.594,1,1
295.100,97.356,194.432,97.076,49.982,194.432,1,1
295.200,98.681,194.273,95.592,49.981,194.273,1,1
295.300,100.049,194.116,94.067,49.980,194.116,1,1
295.400,101.462,193.962,92.500,49.978,193.962,1,1
295.500,102.918,193.811,90.893,49.977,193.811,1,1
295.600,104.416,193.662,89.246,49.976,193.662,1,1
295.700,105.957,193.516,87.559,49.974,193.516,1,1
295.800,107.538,193.373,85.835,49.973,193.373,1,1
295.900,109.161,193.233,84.072,49.972,193.233,1,1
296.000,110.823,193.096,82.273,49.971,193.096,1,1
296.100,112.524,192.962,80.438,49.970,192.962,1,1
296.200,114.263,192.831,78.567,49.969,192.831,1,1
296.300,116.040,192.703,76.663,49.968,192.703,1,1
296.400,117.854,192.578,74.724,49.967,192.578,1,1
296.500,119.704,192.457,72.753,49.966,192.457,1,1
296.600,121.590,192.339,70.750,49.965,192.339,1,1
296.700,123.509,192.225,68.716,49.964,192.225,1,1
296.800,125.462,192.114,66.651,49.963,192.114,1,1
296.900,127.448,192.006,64.558,49.962,192.006,1,1
297.000,129.466,191.902,62.436,49.961,191.902,1,1
297.100,131.514,191.802,60.287,49.960,191.802,1,1
297.200,133.593,191.705,58.112,49.959,191.705,1,1
297.300,135.701,191.611,55.911,49.959,191.611,1,1
297.400,137.837,191.522,53.685,49.958,191.522,1,1
297.500,140.000,191.436,51.436,49.957,191.436,1,1
297.600,142.190,191.354,49.165,49.956,191.354,1,1
297.700,144.404,191.276,46.872,49.956,191.276,1,1
297.800,146.644,191.202,44.558,49.955,191.202,1,1
297.900,148.906,191.132,42.225,49.955,191.132,1,1
298.000,151.192,191.065,39.874,49.954,191.065,1,1
298.100,153.498,191.003,37.504,49.954,191.003,1,1
298.200,155.825,190.944,35.119,49.953,190.944,1,1
298.300,158.171,190.890,32.718,49.953,190.890,1,1
298.400,160.536,190.839,30.303,49.952,190.839,1,1
298.500,162.918,190.793,27.875,49.952,190.793,1,1
298.600,165.316,190.750,25.434,49.951,190.750,1,1
298.700,167.730,190.712,22.982,49.951,190.712,1,1
298.800,170.157,190.678,20.520,49.951,190.678,1,1
298.900,172.598,190.648,18.050,49.951,190.648,1,1
299.000,175.051,190.622,15.571,49.950,190.622,1,1
299.100,177.514,190.600,13.086,49.950,190.600,1,1
299.200,179.988,190.582,10.594,49.950,190.582,1,1
299.300,182.470,190.569,8.099,49.950,190.569,1,1
299.400,184.960,190.559,5.599,49.950,190.559,1,1
299.500,187.457,190.554,3.098,49.950,190.554,1,1
299.600,189.959,190.553,0.595,49.950,190.553,1,1
299.700,192.465,190.556,-1.909,49.950,190.556,1,1
299.800,194.975,190.564,-4.411,49.950,190.564,1,1
299.900,197.487,190.575,-6.912,49.950,190.575,1,1
