Time_s,P_load_kW,P_pv_kW,P_grid_kW,P_bat_kW,SOC_pct,Rev_kW,Dem_kW,Sm_kW,Mode
0.000,200.000,150.000,50.000,0.000,50.000,0.000,0.000,0.000,0
0.100,200.000,150.000,50.000,0.000,50.000,0.000,0.000,0.000,0
0.200,200.000,150.000,50.000,0.000,50.000,0.000,0.000,0.000,0
0.300,200.000,150.000,50.000,0.000,50.000,0.000,0.000,0.000,0
0.400,200.000,150.000,50.000,0.000,50.000,0.000,0.000,0.000,0
0.500,200.000,150.000,50.000,0.000,50.000,0.000,0.000,0.000,0
0.600,200.000,150.000,50.000,0.000,50.000,0.000,0.000,0.000,0
0.700,200.000,150.000,50.000,0.000,50.000,0.000,0.000,0.000,0
0.800,200.000,150.000,50.000,0.000,50.000,0.000,0.000,0.000,0
0.900,200.000,150.000,50.000,0.000,50.000,0.000,0.000,0.000,0
1.000,200.000,150.000,50.000,0.000,50.000,0.000,0.000,0.000,0
1.100,200.000,150.000,50.000,0.000,50.000,0.000,0.000,0.000,0
1.200,200.000,150.000,50.000,0.000,50.000,0.000,0.000,0.000,0
1.300,200.000,150.000,50.000,0.000,50.000,0.000,0.000,0.000,0
1.400,200.000,150.000,50.000,0.000,50.000,0.000,0.000,0.000,0
1.500,200.000,150.000,50.000,0.000,50.000,0.000,0.000,0.000,0
1.600,200.000,150.000,50.000,0.000,50.000,0.000,0.000,0.000,0
1.700,200.000,150.000,50.000,0.000,50.000,0.000,0.000,0.000,0
1.800,200.000,150.000,50.000,0.000,50.000,0.000,0.000,0.000,0
1.900,200.000,150.000,50.000,0.000,50.000,0.000,0.000,0.000,0
2.000,200.000,150.000,50.000,0.000,50.000,0.000,0.000,0.000,0
2.100,200.000,150.000,50.000,0.000,50.000,0.000,0.000,0.000,0
2.200,200.000,150.000,50.000,0.000,50.000,0.000,0.000,0.000,0
2.300,200.000,150.000,50.000,0.000,50.000,0.000,0.000,0.000,0
2.400,200.000,150.000,50.000,0.000,50.000,0.000,0.000,0.000,0
2.500,200.000,150.000,50.000,0.000,50.000,0.000,0.000,0.000,0
2.600,200.000,150.000,50.000,0.000,50.000,0.000,0.000,0.000,0
2.700,200.000,150.000,50.000,0.000,50.000,0.000,0.000,0.000,0
2.800,200.000,150.000,50.000,0.000,50.000,0.000,0.000,0.000,0
2.900,200.000,150.000,50.000,0.000,50.000,0.000,0.000,0.000,0
3.000,200.000,150.000,50.000,0.000,50.000,0.000,0.000,0.000,0
3.100,200.000,150.000,50.000,0.000,50.000,0.000,0.000,0.000,0
3.200,200.000,150.000,50.000,0.000,50.000,0.000,0.000,0.000,0
3.300,200.000,150.000,50.000,0.000,50.000,0.000,0.000,0.000,0
3.400,200.000,150.000,50.000,0.000,50.000,0.000,0.000,0.000,0
3.500,200.000,150.000,50.000,0.000,50.000,0.000,0.000,0.000,0
3.600,200.000,150.000,50.000,0.000,50.000,0.000,0.000,0.000,0
3.700,200.000,150.000,50.000,0.000,50.000,0.000,0.000,0.000,0
3.800,200.000,150.000,50.000,0.000,50.000,0.000,0.000,0.000,0
3.900,200.000,150.000,50.000,0.000,50.000,0.000,0.000,0.000,0
4.000,200.000,150.000,50.000,0.000,50.000,0.000,0.000,0.000,0
4.100,200.000,150.000,50.000,0.000,50.000,0.000,0.000,0.000,0
4.200,200.000,150.000,50.000,0.000,50.000,0.000,0.000,0.000,0
4.300,200.000,150.000,50.000,0.000,50.000,0.000,0.000,0.000,0
4.400,200.000,150.000,50.000,0.000,50.000,0.000,0.000,0.000,0
4.500,200.000,150.000,50.000,0.000,50.000,0.000,0.000,0.000,0
4.600,200.000,150.000,50.000,0.000,50.000,0.000,0.000,0.000,0
4.700,200.000,150.000,50.000,0.000,50.000,0.000,0.000,0.000,0
4.800,200.000,150.000,50.000,0.000,50.000,0.000,0.000,0.000,0
4.900,200.000,150.000,50.000,0.000,50.000,0.000,0.000,0.000,0
5.000,200.000,150.000,50.000,0.000,50.000,0.000,0.000,0.000,0
5.100,200.000,150.000,50.000,0.000,50.000,0.000,0.000,0.000,0
5.200,200.000,150.000,50.000,0.000,50.000,0.000,0.000,0.000,0
5.300,200.000,150.000,50.000,0.000,50.000,0.000,0.000,0.000,0
5.400,200.000,150.000,50.000,0.000,50.000,0.000,0.000,0.000,0
5.500,200.000,150.000,50.000,0.000,50.000,0.000,0.000,0.000,0
5.600,200.000,150.000,50.000,0.000,50.000,0.000,0.000,0.000,0
5.700,200.000,150.000,50.000,0.000,50.000,0.000,0.000,0.000,0
5.800,200.000,150.000,50.000,0.000,50.000,0.000,0.000,0.000,0
5.900,200.000,150.000,50.000,0.000,50.000,0.000,0.000,0.000,0
6.000,200.000,150.000,50.000,0.000,50.000,0.000,0.000,0.000,0
6.100,200.000,150.000,50.000,0.000,50.000,0.000,0.000,0.000,0
6.200,200.000,150.000,50.000,0.000,50.000,0.000,0.000,0.000,0
6.300,200.000,150.000,50.000,0.000,50.000,0.000,0.000,0.000,0
6.400,200.000,150.000,50.000,0.000,50.000,0.000,0.000,0.000,0
6.500,200.000,150.000,50.000,0.000,50.000,0.000,0.000,0.000,0
6.600,200.000,150.000,50.000,0.000,50.000,0.000,0.000,0.000,0
6.700,200.000,150.000,50.000,0.000,50.000,0.000,0.000,0.000,0
6.800,200.000,150.000,50.000,0.000,50.000,0.000,0.000,0.000,0
6.900,200.000,150.000,50.000,0.000,50.000,0.000,0.000,0.000,0
7.000,200.000,150.000,50.000,0.000,50.000,0.000,0.000,0.000,0
7.100,200.000,150.000,50.000,0.000,50.000,0.000,0.000,0.000,0
7.200,200.000,150.000,50.000,0.000,50.000,0.000,0.000,0.000,0
7.300,200.000,150.000,50.000,0.000,50.000,0.000,0.000,0.000,0
7.400,200.000,150.000,50.000,0.000,50.000,0.000,0.000,0.000,0
7.500,200.000,150.000,50.000,0.000,50.000,0.000,0.000,0.000,0
7.600,200.000,150.000,50.000,0.000,50.000,0.000,0.000,0.000,0
7.700,200.000,150.000,50.000,0.000,50.000,0.000,0.000,0.000,0
7.800,200.000,150.000,50.000,0.000,50.000,0.000,0.000,0.000,0
7.900,200.000,150.000,50.000,0.000,50.000,0.000,0.000,0.000,0
8.000,200.000,150.000,50.000,0.000,50.000,0.000,0.000,0.000,0
8.100,200.000,150.000,50.000,0.000,50.000,0.000,0.000,0.000,0
8.200,200.000,150.000,50.000,0.000,50.000,0.000,0.000,0.000,0
8.300,200.000,150.000,50.000,0.000,50.000,0.000,0.000,0.000,0
8.400,200.000,150.000,50.000,0.000,50.000,0.000,0.000,0.000,0
8.500,200.000,150.000,50.000,0.000,50.000,0.000,0.000,0.000,0
8.600,200.000,150.000,50.000,0.000,50.000,0.000,0.000,0.000,0
8.700,200.000,150.000,50.000,0.000,50.000,0.000,0.000,0.000,0
8.800,200.000,150.000,50.000,0.000,50.000,0.000,0.000,0.000,0
8.900,200.000,150.000,50.000,0.000,50.000,0.000,0.000,0.000,0
9.000,200.000,150.000,50.000,0.000,50.000,0.000,0.000,0.000,0
9.100,200.000,150.000,50.000,0.000,50.000,0.000,0.000,0.000,0
9.200,200.000,150.000,50.000,0.000,50.000,0.000,0.000,0.000,0
9.300,200.000,150.000,50.000,0.000,50.000,0.000,0.000,0.000,0
9.400,200.000,150.000,50.000,0.000,50.000,0.000,0.000,0.000,0
9.500,200.000,150.000,50.000,0.000,50.000,0.000,0.000,0.000,0
9.600,200.000,150.000,50.000,0.000,50.000,0.000,0.000,0.000,0
9.700,200.000,150.000,50.000,0.000,50.000,0.000,0.000,0.000,0
9.800,200.000,150.000,50.000,0.000,50.000,0.000,0.000,0.000,0
9.900,200.000,150.000,50.000,0.000,50.000,0.000,0.000,0.000,0
10.000,200.000,150.000,50.000,0.000,50.000,0.000,0.000,0.000,0
10.100,200.000,150.000,50.000,0.000,50.000,0.000,0.000,0.000,0
10.200,200.000,150.000,50.000,0.000,50.000,0.000,0.000,0.000,0
10.300,200.000,150.000,50.000,0.000,50.000,0.000,0.000,0.000,0
10.400,200.000,150.000,50.000,0.000,50.000,0.000,0.000,0.000,0
10.500,200.000,150.000,50.000,0.000,50.000,0.000,0.000,0.000,0
10.600,200.000,150.000,50.000,0.000,50.000,0.000,0.000,0.000,0
10.700,200.000,150.000,50.000,0.000,50.000,0.000,0.000,0.000,0
10.800,200.000,150.000,50.000,0.000,50.000,0.000,0.000,0.000,0
10.900,200.000,150.000,50.000,0.000,50.000,0.000,0.000,0.000,0
11.000,200.000,150.000,50.000,0.000,50.000,0.000,0.000,0.000,0
11.100,200.000,150.000,50.000,0.000,50.000,0.000,0.000,0.000,0
11.200,200.000,150.000,50.000,0.000,50.000,0.000,0.000,0.000,0
11.300,200.000,150.000,50.000,0.000,50.000,0.000,0.000,0.000,0
11.400,200.000,150.000,50.000,0.000,50.000,0.000,0.000,0.000,0
11.500,200.000,150.000,50.000,0.000,50.000,0.000,0.000,0.000,0
11.600,200.000,150.000,50.000,0.000,50.000,0.000,0.000,0.000,0
11.700,200.000,150.000,50.000,0.000,50.000,0.000,0.000,0.000,0
11.800,200.000,150.000,50.000,0.000,50.000,0.000,0.000,0.000,0
11.900,200.000,150.000,50.000,0.000,50.000,0.000,0.000,0.000,0
12.000,200.000,150.000,50.000,0.000,50.000,0.000,0.000,0.000,0
12.100,200.000,150.000,50.000,0.000,50.000,0.000,0.000,0.000,0
12.200,200.000,150.000,50.000,0.000,50.000,0.000,0.000,0.000,0
12.300,200.000,150.000,50.000,0.000,50.000,0.000,0.000,0.000,0
12.400,200.000,150.000,50.000,0.000,50.000,0.000,0.000,0.000,0
12.500,200.000,150.000,50.000,0.000,50.000,0.000,0.000,0.000,0
12.600,200.000,150.000,50.000,0.000,50.000,0.000,0.000,0.000,0
12.700,200.000,150.000,50.000,0.000,50.000,0.000,0.000,0.000,0
12.800,200.000,150.000,50.000,0.000,50.000,0.000,0.000,0.000,0
12.900,200.000,150.000,50.000,0.000,50.000,0.000,0.000,0.000,0
13.000,200.000,150.000,50.000,0.000,50.000,0.000,0.000,0.000,0
13.100,200.000,150.000,50.000,0.000,50.000,0.000,0.000,0.000,0
13.200,200.000,150.000,50.000,0.000,50.000,0.000,0.000,0.000,0
13.300,200.000,150.000,50.000,0.000,50.000,0.000,0.000,0.000,0
13.400,200.000,150.000,50.000,0.000,50.000,0.000,0.000,0.000,0
13.500,200.000,150.000,50.000,0.000,50.000,0.000,0.000,0.000,0
13.600,200.000,150.000,50.000,0.000,50.000,0.000,0.000,0.000,0
13.700,200.000,150.000,50.000,0.000,50.000,0.000,0.000,0.000,0
13.800,200.000,150.000,50.000,0.000,50.000,0.000,0.000,0.000,0
13.900,200.000,150.000,50.000,0.000,50.000,0.000,0.000,0.000,0
14.000,200.000,150.000,50.000,0.000,50.000,0.000,0.000,0.000,0
14.100,200.000,150.000,50.000,0.000,50.000,0.000,0.000,0.000,0
14.200,200.000,150.000,50.000,0.000,50.000,0.000,0.000,0.000,0
14.300,200.000,150.000,50.000,0.000,50.000,0.000,0.000,0.000,0
14.400,200.000,150.000,50.000,0.000,50.000,0.000,0.000,0.000,0
14.500,200.000,150.000,50.000,0.000,50.000,0.000,0.000,0.000,0
14.600,200.000,150.000,50.000,0.000,50.000,0.000,0.000,0.000,0
14.700,200.000,150.000,50.000,0.000,50.000,0.000,0.000,0.000,0
14.800,200.000,150.000,50.000,0.000,50.000,0.000,0.000,0.000,0
14.900,200.000,150.000,50.000,0.000,50.000,0.000,0.000,0.000,0
15.000,200.000,150.000,50.000,0.000,50.000,0.000,0.000,0.000,0
15.100,200.000,150.000,50.000,0.000,50.000,0.000,0.000,0.000,0
15.200,200.000,150.000,50.000,0.000,50.000,0.000,0.000,0.000,0
15.300,200.000,150.000,50.000,0.000,50.000,0.000,0.000,0.000,0
15.400,200.000,150.000,50.000,0.000,50.000,0.000,0.000,0.000,0
15.500,200.000,150.000,50.000,0.000,50.000,0.000,0.000,0.000,0
15.600,200.000,150.000,50.000,0.000,50.000,0.000,0.000,0.000,0
15.700,200.000,150.000,50.000,0.000,50.000,0.000,0.000,0.000,0
15.800,200.000,150.000,50.000,0.000,50.000,0.000,0.000,0.000,0
15.900,200.000,150.000,50.000,0.000,50.000,0.000,0.000,0.000,0
16.000,200.000,150.000,50.000,0.000,50.000,0.000,0.000,0.000,0
16.100,200.000,150.000,50.000,0.000,50.000,0.000,0.000,0.000,0
16.200,200.000,150.000,50.000,0.000,50.000,0.000,0.000,0.000,0
16.300,200.000,150.000,50.000,0.000,50.000,0.000,0.000,0.000,0
16.400,200.000,150.000,50.000,0.000,50.000,0.000,0.000,0.000,0
16.500,200.000,150.000,50.000,0.000,50.000,0.000,0.000,0.000,0
16.600,200.000,150.000,50.000,0.000,50.000,0.000,0.000,0.000,0
16.700,200.000,150.000,50.000,0.000,50.000,0.000,0.000,0.000,0
16.800,200.000,150.000,50.000,0.000,50.000,0.000,0.000,0.000,0
16.900,200.000,150.000,50.000,0.000,50.000,0.000,0.000,0.000,0
17.000,200.000,150.000,50.000,0.000,50.000,0.000,0.000,0.000,0
17.100,200.000,150.000,50.000,0.000,50.000,0.000,0.000,0.000,0
17.200,200.000,150.000,50.000,0.000,50.000,0.000,0.000,0.000,0
17.300,200.000,150.000,50.000,0.000,50.000,0.000,0.000,0.000,0
17.400,200.000,150.000,50.000,0.000,50.000,0.000,0.000,0.000,0
17.500,200.000,150.000,50.000,0.000,50.000,0.000,0.000,0.000,0
17.600,200.000,150.000,50.000,0.000,50.000,0.000,0.000,0.000,0
17.700,200.000,150.000,50.000,0.000,50.000,0.000,0.000,0.000,0
17.800,200.000,150.000,50.000,0.000,50.000,0.000,0.000,0.000,0
17.900,200.000,150.000,50.000,0.000,50.000,0.000,0.000,0.000,0
18.000,200.000,150.000,50.000,0.000,50.000,0.000,0.000,0.000,0
18.100,200.000,150.000,50.000,0.000,50.000,0.000,0.000,0.000,0
18.200,200.000,150.000,50.000,0.000,50.000,0.000,0.000,0.000,0
18.300,200.000,150.000,50.000,0.000,50.000,0.000,0.000,0.000,0
18.400,200.000,150.000,50.000,0.000,50.000,0.000,0.000,0.000,0
18.500,200.000,150.000,50.000,0.000,50.000,0.000,0.000,0.000,0
18.600,200.000,150.000,50.000,0.000,50.000,0.000,0.000,0.000,0
18.700,200.000,150.000,50.000,0.000,50.000,0.000,0.000,0.000,0
18.800,200.000,150.000,50.000,0.000,50.000,0.000,0.000,0.000,0
18.900,200.000,150.000,50.000,0.000,50.000,0.000,0.000,0.000,0
19.000,200.000,150.000,50.000,0.000,50.000,0.000,0.000,0.000,0
19.100,200.000,150.000,50.000,0.000,50.000,0.000,0.000,0.000,0
19.200,200.000,150.000,50.000,0.000,50.000,0.000,0.000,0.000,0
19.300,200.000,150.000,50.000,0.000,50.000,0.000,0.000,0.000,0
19.400,200.000,150.000,50.000,0.000,50.000,0.000,0.000,0.000,0
19.500,200.000,150.000,50.000,0.000,50.000,0.000,0.000,0.000,0
19.600,200.000,150.000,50.000,0.000,50.000,0.000,0.000,0.000,0
19.700,200.000,150.000,50.000,0.000,50.000,0.000,0.000,0.000,0
19.800,200.000,150.000,50.000,0.000,50.000,0.000,0.000,0.000,0
19.900,200.000,150.000,50.000,0.000,50.000,0.000,0.000,0.000,0
20.000,200.000,150.000,50.000,0.000,50.000,0.000,0.000,0.000,0
20.100,200.000,150.000,50.000,0.000,50.000,0.000,0.000,0.000,0
20.200,200.000,150.000,50.000,0.000,50.000,0.000,0.000,0.000,0
20.300,200.000,150.000,50.000,0.000,50.000,0.000,0.000,0.000,0
20.400,200.000,150.000,50.000,0.000,50.000,0.000,0.000,0.000,0
20.500,200.000,150.000,50.000,0.000,50.000,0.000,0.000,0.000,0
20.600,200.000,150.000,50.000,0.000,50.000,0.000,0.000,0.000,0
20.700,200.000,150.000,50.000,0.000,50.000,0.000,0.000,0.000,0
20.800,200.000,150.000,50.000,0.000,50.000,0.000,0.000,0.000,0
20.900,200.000,150.000,50.000,0.000,50.000,0.000,0.000,0.000,0
21.000,200.000,150.000,50.000,0.000,50.000,0.000,0.000,0.000,0
21.100,200.000,150.000,50.000,0.000,50.000,0.000,0.000,0.000,0
21.200,200.000,150.000,50.000,0.000,50.000,0.000,0.000,0.000,0
21.300,200.000,150.000,50.000,0.000,50.000,0.000,0.000,0.000,0
21.400,200.000,150.000,50.000,0.000,50.000,0.000,0.000,0.000,0
21.500,200.000,150.000,50.000,0.000,50.000,0.000,0.000,0.000,0
21.600,200.000,150.000,50.000,0.000,50.000,0.000,0.000,0.000,0
21.700,200.000,150.000,50.000,0.000,50.000,0.000,0.000,0.000,0
21.800,200.000,150.000,50.000,0.000,50.000,0.000,0.000,0.000,0
21.900,200.000,150.000,50.000,0.000,50.000,0.000,0.000,0.000,0
22.000,200.000,150.000,50.000,0.000,50.000,0.000,0.000,0.000,0
22.100,200.000,150.000,50.000,0.000,50.000,0.000,0.000,0.000,0
22.200,200.000,150.000,50.000,0.000,50.000,0.000,0.000,0.000,0
22.300,200.000,150.000,50.000,0.000,50.000,0.000,0.000,0.000,0
22.400,200.000,150.000,50.000,0.000,50.000,0.000,0.000,0.000,0
22.500,200.000,150.000,50.000,0.000,50.000,0.000,0.000,0.000,0
22.600,200.000,150.000,50.000,0.000,50.000,0.000,0.000,0.000,0
22.700,200.000,150.000,50.000,0.000,50.000,0.000,0.000,0.000,0
22.800,200.000,150.000,50.000,0.000,50.000,0.000,0.000,0.000,0
22.900,200.000,150.000,50.000,0.000,50.000,0.000,0.000,0.000,0
23.000,200.000,150.000,50.000,0.000,50.000,0.000,0.000,0.000,0
23.100,200.000,150.000,50.000,0.000,50.000,0.000,0.000,0.000,0
23.200,200.000,150.000,50.000,0.000,50.000,0.000,0.000,0.000,0
23.300,200.000,150.000,50.000,0.000,50.000,0.000,0.000,0.000,0
23.400,200.000,150.000,50.000,0.000,50.000,0.000,0.000,0.000,0
23.500,200.000,150.000,50.000,0.000,50.000,0.000,0.000,0.000,0
23.600,200.000,150.000,50.000,0.000,50.000,0.000,0.000,0.000,0
23.700,200.000,150.000,50.000,0.000,50.000,0.000,0.000,0.000,0
23.800,200.000,150.000,50.000,0.000,50.000,0.000,0.000,0.000,0
23.900,200.000,150.000,50.000,0.000,50.000,0.000,0.000,0.000,0
24.000,200.000,150.000,50.000,0.000,50.000,0.000,0.000,0.000,0
24.100,200.000,150.000,50.000,0.000,50.000,0.000,0.000,0.000,0
24.200,200.000,150.000,50.000,0.000,50.000,0.000,0.000,0.000,0
24.300,200.000,150.000,50.000,0.000,50.000,0.000,0.000,0.000,0
24.400,200.000,150.000,50.000,0.000,50.000,0.000,0.000,0.000,0
24.500,200.000,150.000,50.000,0.000,50.000,0.000,0.000,0.000,0
24.600,200.000,150.000,50.000,0.000,50.000,0.000,0.000,0.000,0
24.700,200.000,150.000,50.000,0.000,50.000,0.000,0.000,0.000,0
24.800,200.000,150.000,50.000,0.000,50.000,0.000,0.000,0.000,0
24.900,200.000,150.000,50.000,0.000,50.000,0.000,0.000,0.000,0
25.000,200.000,150.000,50.000,0.000,50.000,0.000,0.000,0.000,0
25.100,200.000,150.000,50.000,0.000,50.000,0.000,0.000,0.000,0
25.200,200.000,150.000,50.000,0.000,50.000,0.000,0.000,0.000,0
25.300,200.000,150.000,50.000,0.000,50.000,0.000,0.000,0.000,0
25.400,200.000,150.000,50.000,0.000,50.000,0.000,0.000,0.000,0
25.500,200.000,150.000,50.000,0.000,50.000,0.000,0.000,0.000,0
25.600,200.000,150.000,50.000,0.000,50.000,0.000,0.000,0.000,0
25.700,200.000,150.000,50.000,0.000,50.000,0.000,0.000,0.000,0
25.800,200.000,150.000,50.000,0.000,50.000,0.000,0.000,0.000,0
25.900,200.000,150.000,50.000,0.000,50.000,0.000,0.000,0.000,0
26.000,200.000,150.000,50.000,0.000,50.000,0.000,0.000,0.000,0
26.100,200.000,150.000,50.000,0.000,50.000,0.000,0.000,0.000,0
26.200,200.000,150.000,50.000,0.000,50.000,0.000,0.000,0.000,0
26.300,200.000,150.000,50.000,0.000,50.000,0.000,0.000,0.000,0
26.400,200.000,150.000,50.000,0.000,50.000,0.000,0.000,0.000,0
26.500,200.000,150.000,50.000,0.000,50.000,0.000,0.000,0.000,0
26.600,200.000,150.000,50.000,0.000,50.000,0.000,0.000,0.000,0
26.700,200.000,150.000,50.000,0.000,50.000,0.000,0.000,0.000,0
26.800,200.000,150.000,50.000,0.000,50.000,0.000,0.000,0.000,0
26.900,200.000,150.000,50.000,0.000,50.000,0.000,0.000,0.000,0
27.000,200.000,150.000,50.000,0.000,50.000,0.000,0.000,0.000,0
27.100,200.000,150.000,50.000,0.000,50.000,0.000,0.000,0.000,0
27.200,200.000,150.000,50.000,0.000,50.000,0.000,0.000,0.000,0
27.300,200.000,150.000,50.000,0.000,50.000,0.000,0.000,0.000,0
27.400,200.000,150.000,50.000,0.000,50.000,0.000,0.000,0.000,0
27.500,200.000,150.000,50.000,0.000,50.000,0.000,0.000,0.000,0
27.600,200.000,150.000,50.000,0.000,50.000,0.000,0.000,0.000,0
27.700,200.000,150.000,50.000,0.000,50.000,0.000,0.000,0.000,0
27.800,200.000,150.000,50.000,0.000,50.000,0.000,0.000,0.000,0
27.900,200.000,150.000,50.000,0.000,50.000,0.000,0.000,0.000,0
28.000,200.000,150.000,50.000,0.000,50.000,0.000,0.000,0.000,0
28.100,200.000,150.000,50.000,0.000,50.000,0.000,0.000,0.000,0
28.200,200.000,150.000,50.000,0.000,50.000,0.000,0.000,0.000,0
28.300,200.000,150.000,50.000,0.000,50.000,0.000,0.000,0.000,0
28.400,200.000,150.000,50.000,0.000,50.000,0.000,0.000,0.000,0
28.500,200.000,150.000,50.000,0.000,50.000,0.000,0.000,0.000,0
28.600,200.000,150.000,50.000,0.000,50.000,0.000,0.000,0.000,0
28.700,200.000,150.000,50.000,0.000,50.000,0.000,0.000,0.000,0
28.800,200.000,150.000,50.000,0.000,50.000,0.000,0.000,0.000,0
28.900,200.000,150.000,50.000,0.000,50.000,0.000,0.000,0.000,0
29.000,200.000,150.000,50.000,0.000,50.000,0.000,0.000,0.000,0
29.100,200.000,150.000,50.000,0.000,50.000,0.000,0.000,0.000,0
29.200,200.000,150.000,50.000,0.000,50.000,0.000,0.000,0.000,0
29.300,200.000,150.000,50.000,0.000,50.000,0.000,0.000,0.000,0
29.400,200.000,150.000,50.000,0.000,50.000,0.000,0.000,0.000,0
29.500,200.000,150.000,50.000,0.000,50.000,0.000,0.000,0.000,0
29.600,200.000,150.000,50.000,0.000,50.000,0.000,0.000,0.000,0
29.700,200.000,150.000,50.000,0.000,50.000,0.000,0.000,0.000,0
29.800,200.000,150.000,50.000,0.000,50.000,0.000,0.000,0.000,0
29.900,200.000,150.000,50.000,0.000,50.000,0.000,0.000,0.000,0
30.000,200.000,150.000,50.000,0.000,50.000,0.000,0.000,0.000,0
30.100,200.000,150.000,50.000,0.000,50.000,0.000,0.000,0.000,0
30.200,200.000,150.000,50.000,0.000,50.000,0.000,0.000,0.000,0
30.300,200.000,150.000,50.000,0.000,50.000,0.000,0.000,0.000,0
30.400,200.000,150.000,50.000,0.000,50.000,0.000,0.000,0.000,0
30.500,200.000,150.000,50.000,0.000,50.000,0.000,0.000,0.000,0
30.600,200.000,150.000,50.000,0.000,50.000,0.000,0.000,0.000,0
30.700,200.000,150.000,50.000,0.000,50.000,0.000,0.000,0.000,0
30.800,200.000,150.000,50.000,0.000,50.000,0.000,0.000,0.000,0
30.900,200.000,150.000,50.000,0.000,50.000,0.000,0.000,0.000,0
31.000,200.000,150.000,50.000,0.000,50.000,0.000,0.000,0.000,0
31.100,200.000,150.000,50.000,0.000,50.000,0.000,0.000,0.000,0
31.200,200.000,150.000,50.000,0.000,50.000,0.000,0.000,0.000,0
31.300,200.000,150.000,50.000,0.000,50.000,0.000,0.000,0.000,0
31.400,200.000,150.000,50.000,0.000,50.000,0.000,0.000,0.000,0
31.500,200.000,150.000,50.000,0.000,50.000,0.000,0.000,0.000,0
31.600,200.000,150.000,50.000,0.000,50.000,0.000,0.000,0.000,0
31.700,200.000,150.000,50.000,0.000,50.000,0.000,0.000,0.000,0
31.800,200.000,150.000,50.000,0.000,50.000,0.000,0.000,0.000,0
31.900,200.000,150.000,50.000,0.000,50.000,0.000,0.000,0.000,0
32.000,200.000,150.000,50.000,0.000,50.000,0.000,0.000,0.000,0
32.100,200.000,150.000,50.000,0.000,50.000,0.000,0.000,0.000,0
32.200,200.000,150.000,50.000,0.000,50.000,0.000,0.000,0.000,0
32.300,200.000,150.000,50.000,0.000,50.000,0.000,0.000,0.000,0
32.400,200.000,150.000,50.000,0.000,50.000,0.000,0.000,0.000,0
32.500,200.000,150.000,50.000,0.000,50.000,0.000,0.000,0.000,0
32.600,200.000,150.000,50.000,0.000,50.000,0.000,0.000,0.000,0
32.700,200.000,150.000,50.000,0.000,50.000,0.000,0.000,0.000,0
32.800,200.000,150.000,50.000,0.000,50.000,0.000,0.000,0.000,0
32.900,200.000,150.000,50.000,0.000,50.000,0.000,0.000,0.000,0
33.000,200.000,150.000,50.000,0.000,50.000,0.000,0.000,0.000,0
33.100,200.000,150.000,50.000,0.000,50.000,0.000,0.000,0.000,0
33.200,200.000,150.000,50.000,0.000,50.000,0.000,0.000,0.000,0
33.300,200.000,150.000,50.000,0.000,50.000,0.000,0.000,0.000,0
33.400,200.000,150.000,50.000,0.000,50.000,0.000,0.000,0.000,0
33.500,200.000,150.000,50.000,0.000,50.000,0.000,0.000,0.000,0
33.600,200.000,150.000,50.000,0.000,50.000,0.000,0.000,0.000,0
33.700,200.000,150.000,50.000,0.000,50.000,0.000,0.000,0.000,0
33.800,200.000,150.000,50.000,0.000,50.000,0.000,0.000,0.000,0
33.900,200.000,150.000,50.000,0.000,50.000,0.000,0.000,0.000,0
34.000,200.000,150.000,50.000,0.000,50.000,0.000,0.000,0.000,0
34.100,200.000,150.000,50.000,0.000,50.000,0.000,0.000,0.000,0
34.200,200.000,150.000,50.000,0.000,50.000,0.000,0.000,0.000,0
34.300,200.000,150.000,50.000,0.000,50.000,0.000,0.000,0.000,0
34.400,200.000,150.000,50.000,0.000,50.000,0.000,0.000,0.000,0
34.500,200.000,150.000,50.000,0.000,50.000,0.000,0.000,0.000,0
34.600,200.000,150.000,50.000,0.000,50.000,0.000,0.000,0.000,0
34.700,200.000,150.000,50.000,0.000,50.000,0.000,0.000,0.000,0
34.800,200.000,150.000,50.000,0.000,50.000,0.000,0.000,0.000,0
34.900,200.000,150.000,50.000,0.000,50.000,0.000,0.000,0.000,0
35.000,200.000,150.000,50.000,0.000,50.000,0.000,0.000,0.000,0
35.100,200.000,150.000,50.000,0.000,50.000,0.000,0.000,0.000,0
35.200,200.000,150.000,50.000,0.000,50.000,0.000,0.000,0.000,0
35.300,200.000,150.000,50.000,0.000,50.000,0.000,0.000,0.000,0
35.400,200.000,150.000,50.000,0.000,50.000,0.000,0.000,0.000,0
35.500,200.000,150.000,50.000,0.000,50.000,0.000,0.000,0.000,0
35.600,200.000,150.000,50.000,0.000,50.000,0.000,0.000,0.000,0
35.700,200.000,150.000,50.000,0.000,50.000,0.000,0.000,0.000,0
35.800,200.000,150.000,50.000,0.000,50.000,0.000,0.000,0.000,0
35.900,200.000,150.000,50.000,0.000,50.000,0.000,0.000,0.000,0
36.000,200.000,150.000,50.000,0.000,50.000,0.000,0.000,0.000,0
36.100,200.000,150.000,50.000,0.000,50.000,0.000,0.000,0.000,0
36.200,200.000,150.000,50.000,0.000,50.000,0.000,0.000,0.000,0
36.300,200.000,150.000,50.000,0.000,50.000,0.000,0.000,0.000,0
36.400,200.000,150.000,50.000,0.000,50.000,0.000,0.000,0.000,0
36.500,200.000,150.000,50.000,0.000,50.000,0.000,0.000,0.000,0
36.600,200.000,150.000,50.000,0.000,50.000,0.000,0.000,0.000,0
36.700,200.000,150.000,50.000,0.000,50.000,0.000,0.000,0.000,0
36.800,200.000,150.000,50.000,0.000,50.000,0.000,0.000,0.000,0
36.900,200.000,150.000,50.000,0.000,50.000,0.000,0.000,0.000,0
37.000,200.000,150.000,50.000,0.000,50.000,0.000,0.000,0.000,0
37.100,200.000,150.000,50.000,0.000,50.000,0.000,0.000,0.000,0
37.200,200.000,150.000,50.000,0.000,50.000,0.000,0.000,0.000,0
37.300,200.000,150.000,50.000,0.000,50.000,0.000,0.000,0.000,0
37.400,200.000,150.000,50.000,0.000,50.000,0.000,0.000,0.000,0
37.500,200.000,150.000,50.000,0.000,50.000,0.000,0.000,0.000,0
37.600,200.000,150.000,50.000,0.000,50.000,0.000,0.000,0.000,0
37.700,200.000,150.000,50.000,0.000,50.000,0.000,0.000,0.000,0
37.800,200.000,150.000,50.000,0.000,50.000,0.000,0.000,0.000,0
37.900,200.000,150.000,50.000,0.000,50.000,0.000,0.000,0.000,0
38.000,200.000,150.000,50.000,0.000,50.000,0.000,0.000,0.000,0
38.100,200.000,150.000,50.000,0.000,50.000,0.000,0.000,0.000,0
38.200,200.000,150.000,50.000,0.000,50.000,0.000,0.000,0.000,0
38.300,200.000,150.000,50.000,0.000,50.000,0.000,0.000,0.000,0
38.400,200.000,150.000,50.000,0.000,50.000,0.000,0.000,0.000,0
38.500,200.000,150.000,50.000,0.000,50.000,0.000,0.000,0.000,0
38.600,200.000,150.000,50.000,0.000,50.000,0.000,0.000,0.000,0
38.700,200.000,150.000,50.000,0.000,50.000,0.000,0.000,0.000,0
38.800,200.000,150.000,50.000,0.000,50.000,0.000,0.000,0.000,0
38.900,200.000,150.000,50.000,0.000,50.000,0.000,0.000,0.000,0
39.000,200.000,150.000,50.000,0.000,50.000,0.000,0.000,0.000,0
39.100,200.000,150.000,50.000,0.000,50.000,0.000,0.000,0.000,0
39.200,200.000,150.000,50.000,0.000,50.000,0.000,0.000,0.000,0
39.300,200.000,150.000,50.000,0.000,50.000,0.000,0.000,0.000,0
39.400,200.000,150.000,50.000,0.000,50.000,0.000,0.000,0.000,0
39.500,200.000,150.000,50.000,0.000,50.000,0.000,0.000,0.000,0
39.600,200.000,150.000,50.000,0.000,50.000,0.000,0.000,0.000,0
39.700,200.000,150.000,50.000,0.000,50.000,0.000,0.000,0.000,0
39.800,200.000,150.000,50.000,0.000,50.000,0.000,0.000,0.000,0
39.900,200.000,150.000,50.000,0.000,50.000,0.000,0.000,0.000,0
40.000,200.000,150.000,50.000,0.000,50.000,0.000,0.000,0.000,0
40.100,200.000,150.000,50.000,0.000,50.000,0.000,0.000,0.000,0
40.200,200.000,150.000,50.000,0.000,50.000,0.000,0.000,0.000,0
40.300,200.000,150.000,50.000,0.000,50.000,0.000,0.000,0.000,0
40.400,200.000,150.000,50.000,0.000,50.000,0.000,0.000,0.000,0
40.500,200.000,150.000,50.000,0.000,50.000,0.000,0.000,0.000,0
40.600,200.000,150.000,50.000,0.000,50.000,0.000,0.000,0.000,0
40.700,200.000,150.000,50.000,0.000,50.000,0.000,0.000,0.000,0
40.800,200.000,150.000,50.000,0.000,50.000,0.000,0.000,0.000,0
40.900,200.000,150.000,50.000,0.000,50.000,0.000,0.000,0.000,0
41.000,200.000,150.000,50.000,0.000,50.000,0.000,0.000,0.000,0
41.100,200.000,150.000,50.000,0.000,50.000,0.000,0.000,0.000,0
41.200,200.000,150.000,50.000,0.000,50.000,0.000,0.000,0.000,0
41.300,200.000,150.000,50.000,0.000,50.000,0.000,0.000,0.000,0
41.400,200.000,150.000,50.000,0.000,50.000,0.000,0.000,0.000,0
41.500,200.000,150.000,50.000,0.000,50.000,0.000,0.000,0.000,0
41.600,200.000,150.000,50.000,0.000,50.000,0.000,0.000,0.000,0
41.700,200.000,150.000,50.000,0.000,50.000,0.000,0.000,0.000,0
41.800,200.000,150.000,50.000,0.000,50.000,0.000,0.000,0.000,0
41.900,200.000,150.000,50.000,0.000,50.000,0.000,0.000,0.000,0
42.000,200.000,150.000,50.000,0.000,50.000,0.000,0.000,0.000,0
42.100,200.000,150.000,50.000,0.000,50.000,0.000,0.000,0.000,0
42.200,200.000,150.000,50.000,0.000,50.000,0.000,0.000,0.000,0
42.300,200.000,150.000,50.000,0.000,50.000,0.000,0.000,0.000,0
42.400,200.000,150.000,50.000,0.000,50.000,0.000,0.000,0.000,0
42.500,200.000,150.000,50.000,0.000,50.000,0.000,0.000,0.000,0
42.600,200.000,150.000,50.000,0.000,50.000,0.000,0.000,0.000,0
42.700,200.000,150.000,50.000,0.000,50.000,0.000,0.000,0.000,0
42.800,200.000,150.000,50.000,0.000,50.000,0.000,0.000,0.000,0
42.900,200.000,150.000,50.000,0.000,50.000,0.000,0.000,0.000,0
43.000,200.000,150.000,50.000,0.000,50.000,0.000,0.000,0.000,0
43.100,200.000,150.000,50.000,0.000,50.000,0.000,0.000,0.000,0
43.200,200.000,150.000,50.000,0.000,50.000,0.000,0.000,0.000,0
43.300,200.000,150.000,50.000,0.000,50.000,0.000,0.000,0.000,0
43.400,200.000,150.000,50.000,0.000,50.000,0.000,0.000,0.000,0
43.500,200.000,150.000,50.000,0.000,50.000,0.000,0.000,0.000,0
43.600,200.000,150.000,50.000,0.000,50.000,0.000,0.000,0.000,0
43.700,200.000,150.000,50.000,0.000,50.000,0.000,0.000,0.000,0
43.800,200.000,150.000,50.000,0.000,50.000,0.000,0.000,0.000,0
43.900,200.000,150.000,50.000,0.000,50.000,0.000,0.000,0.000,0
44.000,200.000,150.000,50.000,0.000,50.000,0.000,0.000,0.000,0
44.100,200.000,150.000,50.000,0.000,50.000,0.000,0.000,0.000,0
44.200,200.000,150.000,50.000,0.000,50.000,0.000,0.000,0.000,0
44.300,200.000,150.000,50.000,0.000,50.000,0.000,0.000,0.000,0
44.400,200.000,150.000,50.000,0.000,50.000,0.000,0.000,0.000,0
44.500,200.000,150.000,50.000,0.000,50.000,0.000,0.000,0.000,0
44.600,200.000,150.000,50.000,0.000,50.000,0.000,0.000,0.000,0
44.700,200.000,150.000,50.000,0.000,50.000,0.000,0.000,0.000,0
44.800,200.000,150.000,50.000,0.000,50.000,0.000,0.000,0.000,0
44.900,200.000,150.000,50.000,0.000,50.000,0.000,0.000,0.000,0
45.000,200.000,150.000,50.000,0.000,50.000,0.000,0.000,0.000,0
45.100,200.000,150.000,50.000,0.000,50.000,0.000,0.000,0.000,0
45.200,200.000,150.000,50.000,0.000,50.000,0.000,0.000,0.000,0
45.300,200.000,150.000,50.000,0.000,50.000,0.000,0.000,0.000,0
45.400,200.000,150.000,50.000,0.000,50.000,0.000,0.000,0.000,0
45.500,200.000,150.000,50.000,0.000,50.000,0.000,0.000,0.000,0
45.600,200.000,150.000,50.000,0.000,50.000,0.000,0.000,0.000,0
45.700,200.000,150.000,50.000,0.000,50.000,0.000,0.000,0.000,0
45.800,200.000,150.000,50.000,0.000,50.000,0.000,0.000,0.000,0
45.900,200.000,150.000,50.000,0.000,50.000,0.000,0.000,0.000,0
46.000,200.000,150.000,50.000,0.000,50.000,0.000,0.000,0.000,0
46.100,200.000,150.000,50.000,0.000,50.000,0.000,0.000,0.000,0
46.200,200.000,150.000,50.000,0.000,50.000,0.000,0.000,0.000,0
46.300,200.000,150.000,50.000,0.000,50.000,0.000,0.000,0.000,0
46.400,200.000,150.000,50.000,0.000,50.000,0.000,0.000,0.000,0
46.500,200.000,150.000,50.000,0.000,50.000,0.000,0.000,0.000,0
46.600,200.000,150.000,50.000,0.000,50.000,0.000,0.000,0.000,0
46.700,200.000,150.000,50.000,0.000,50.000,0.000,0.000,0.000,0
46.800,200.000,150.000,50.000,0.000,50.000,0.000,0.000,0.000,0
46.900,200.000,150.000,50.000,0.000,50.000,0.000,0.000,0.000,0
47.000,200.000,150.000,50.000,0.000,50.000,0.000,0.000,0.000,0
47.100,200.000,150.000,50.000,0.000,50.000,0.000,0.000,0.000,0
47.200,200.000,150.000,50.000,0.000,50.000,0.000,0.000,0.000,0
47.300,200.000,150.000,50.000,0.000,50.000,0.000,0.000,0.000,0
47.400,200.000,150.000,50.000,0.000,50.000,0.000,0.000,0.000,0
47.500,200.000,150.000,50.000,0.000,50.000,0.000,0.000,0.000,0
47.600,200.000,150.000,50.000,0.000,50.000,0.000,0.000,0.000,0
47.700,200.000,150.000,50.000,0.000,50.000,0.000,0.000,0.000,0
47.800,200.000,150.000,50.000,0.000,50.000,0.000,0.000,0.000,0
47.900,200.000,150.000,50.000,0.000,50.000,0.000,0.000,0.000,0
48.000,200.000,150.000,50.000,0.000,50.000,0.000,0.000,0.000,0
48.100,200.000,150.000,50.000,0.000,50.000,0.000,0.000,0.000,0
48.200,200.000,150.000,50.000,0.000,50.000,0.000,0.000,0.000,0
48.300,200.000,150.000,50.000,0.000,50.000,0.000,0.000,0.000,0
48.400,200.000,150.000,50.000,0.000,50.000,0.000,0.000,0.000,0
48.500,200.000,150.000,50.000,0.000,50.000,0.000,0.000,0.000,0
48.600,200.000,150.000,50.000,0.000,50.000,0.000,0.000,0.000,0
48.700,200.000,150.000,50.000,0.000,50.000,0.000,0.000,0.000,0
48.800,200.000,150.000,50.000,0.000,50.000,0.000,0.000,0.000,0
48.900,200.000,150.000,50.000,0.000,50.000,0.000,0.000,0.000,0
49.000,200.000,150.000,50.000,0.000,50.000,0.000,0.000,0.000,0
49.100,200.000,150.000,50.000,0.000,50.000,0.000,0.000,0.000,0
49.200,200.000,150.000,50.000,0.000,50.000,0.000,0.000,0.000,0
49.300,200.000,150.000,50.000,0.000,50.000,0.000,0.000,0.000,0
49.400,200.000,150.000,50.000,0.000,50.000,0.000,0.000,0.000,0
49.500,200.000,150.000,50.000,0.000,50.000,0.000,0.000,0.000,0
49.600,200.000,150.000,50.000,0.000,50.000,0.000,0.000,0.000,0
49.700,200.000,150.000,50.000,0.000,50.000,0.000,0.000,0.000,0
49.800,200.000,150.000,50.000,0.000,50.000,0.000,0.000,0.000,0
49.900,200.000,150.000,50.000,0.000,50.000,0.000,0.000,0.000,0
50.000,200.000,300.000,-100.000,-10.000,50.000,45.000,0.000,-149.750,1
50.100,200.000,300.000,-90.000,-20.000,50.000,53.100,0.000,-149.501,1
50.200,200.000,300.000,-80.000,-30.000,50.000,56.586,0.000,-149.252,1
50.300,200.000,300.000,-70.000,-40.000,50.000,56.818,0.000,-149.004,1
50.400,200.000,300.000,-60.000,-50.000,50.000,54.749,0.000,-148.756,1
50.500,200.000,300.000,-50.000,-51.044,50.001,51.044,0.000,-148.509,1
50.600,200.000,300.000,-48.956,-48.320,50.001,48.320,0.000,-148.262,1
50.700,200.000,300.000,-51.680,-47.185,50.001,47.185,0.000,-148.015,1
50.800,200.000,300.000,-52.815,-46.787,50.001,46.787,0.000,-147.769,1
50.900,200.000,300.000,-53.213,-46.730,50.001,46.730,0.000,-147.523,1
51.000,200.000,300.000,-53.270,-46.832,50.001,46.832,0.000,-147.277,1
51.100,200.000,300.000,-53.168,-47.006,50.001,47.006,0.000,-147.032,1
51.200,200.000,300.000,-52.994,-47.214,50.001,47.214,0.000,-146.788,1
51.300,200.000,300.000,-52.786,-47.437,50.002,47.437,0.000,-146.543,1
51.400,200.000,300.000,-52.563,-47.666,50.002,47.666,0.000,-146.300,1
51.500,200.000,300.000,-52.334,-47.898,50.002,47.898,0.000,-146.056,1
51.600,200.000,300.000,-52.102,-48.130,50.002,48.130,0.000,-145.813,1
51.700,200.000,300.000,-51.870,-48.362,50.002,48.362,0.000,-145.570,1
51.800,200.000,300.000,-51.638,-48.593,50.002,48.593,0.000,-145.328,1
51.900,200.000,300.000,-51.407,-48.823,50.002,48.823,0.000,-145.086,1
52.000,200.000,300.000,-51.177,-49.053,50.003,49.053,0.000,-144.845,1
52.100,200.000,300.000,-50.947,-49.281,50.003,49.281,0.000,-144.604,1
52.200,200.000,300.000,-50.719,-49.508,50.003,49.508,0.000,-144.363,1
52.300,200.000,300.000,-50.492,-49.735,50.003,49.735,0.000,-144.123,1
52.400,200.000,300.000,-50.265,-49.960,50.003,49.960,0.000,-143.883,1
52.500,200.000,300.000,-50.040,-50.184,50.003,50.184,0.000,-143.644,1
52.600,200.000,300.000,-49.816,-50.407,50.003,50.407,0.000,-143.405,1
52.700,200.000,300.000,-49.593,-50.630,50.004,50.630,0.000,-143.166,1
52.800,200.000,300.000,-49.370,-50.851,50.004,50.851,0.000,-142.928,1
52.900,200.000,300.000,-49.149,-51.071,50.004,51.071,0.000,-142.690,1
53.000,200.000,300.000,-48.929,-51.290,50.004,51.290,0.000,-142.453,1
53.100,200.000,300.000,-48.710,-51.509,50.004,51.509,0.000,-142.216,1
53.200,200.000,300.000,-48.491,-51.726,50.004,51.726,0.000,-141.979,1
53.300,200.000,300.000,-48.274,-51.942,50.004,51.942,0.000,-141.743,1
53.400,200.000,300.000,-48.058,-52.158,50.005,52.158,0.000,-141.507,1
53.500,200.000,300.000,-47.842,-52.372,50.005,52.372,0.000,-141.272,1
53.600,200.000,300.000,-47.628,-52.586,50.005,52.586,0.000,-141.037,1
53.700,200.000,300.000,-47.414,-52.798,50.005,52.798,0.000,-140.802,1
53.800,200.000,300.000,-47.202,-53.010,50.005,53.010,0.000,-140.568,1
53.900,200.000,300.000,-46.990,-53.220,50.005,53.220,0.000,-140.334,1
54.000,200.000,300.000,-46.780,-53.430,50.005,53.430,0.000,-140.100,1
54.100,200.000,300.000,-46.570,-53.639,50.006,53.639,0.000,-139.867,1
54.200,200.000,300.000,-46.361,-53.846,50.006,53.846,0.000,-139.634,1
54.300,200.000,300.000,-46.154,-54.053,50.006,54.053,0.000,-139.402,1
54.400,200.000,300.000,-45.947,-54.259,50.006,54.259,0.000,-139.170,1
54.500,200.000,300.000,-45.741,-54.464,50.006,54.464,0.000,-138.939,1
54.600,200.000,300.000,-45.536,-54.668,50.006,54.668,0.000,-138.707,1
54.700,200.000,300.000,-45.332,-54.871,50.006,54.871,0.000,-138.477,1
54.800,200.000,300.000,-45.129,-55.074,50.007,55.074,0.000,-138.246,1
54.900,200.000,300.000,-44.926,-55.275,50.007,55.275,0.000,-138.016,1
55.000,200.000,300.000,-44.725,-55.475,50.007,55.475,0.000,-137.787,1
55.100,200.000,300.000,-44.525,-55.675,50.007,55.675,0.000,-137.557,1
55.200,200.000,300.000,-44.325,-55.874,50.007,55.874,0.000,-137.328,1
55.300,200.000,300.000,-44.126,-56.071,50.007,56.071,0.000,-137.100,1
55.400,200.000,300.000,-43.929,-56.268,50.008,56.268,0.000,-136.872,1
55.500,200.000,300.000,-43.732,-56.464,50.008,56.464,0.000,-136.644,1
55.600,200.000,300.000,-43.536,-56.659,50.008,56.659,0.000,-136.417,1
55.700,200.000,300.000,-43.341,-56.854,50.008,56.854,0.000,-136.190,1
55.800,200.000,300.000,-43.146,-57.047,50.008,57.047,0.000,-135.963,1
55.900,200.000,300.000,-42.953,-57.239,50.008,57.239,0.000,-135.737,1
56.000,200.000,300.000,-42.761,-57.431,50.008,57.431,0.000,-135.511,1
56.100,200.000,300.000,-42.569,-57.622,50.009,57.622,0.000,-135.286,1
56.200,200.000,300.000,-42.378,-57.812,50.009,57.812,0.000,-135.060,1
56.300,200.000,300.000,-42.188,-58.001,50.009,58.001,0.000,-134.836,1
56.400,200.000,300.000,-41.999,-58.189,50.009,58.189,0.000,-134.611,1
56.500,200.000,300.000,-41.811,-58.376,50.009,58.376,0.000,-134.387,1
56.600,200.000,300.000,-41.624,-58.563,50.009,58.563,0.000,-134.164,1
56.700,200.000,300.000,-41.437,-58.749,50.010,58.749,0.000,-133.941,1
56.800,200.000,300.000,-41.251,-58.934,50.010,58.934,0.000,-133.718,1
56.900,200.000,300.000,-41.066,-59.118,50.010,59.118,0.000,-133.495,1
57.000,200.000,300.000,-40.882,-59.301,50.010,59.301,0.000,-133.273,1
57.100,200.000,300.000,-40.699,-59.483,50.010,59.483,0.000,-133.051,1
57.200,200.000,300.000,-40.517,-59.665,50.010,59.665,0.000,-132.830,1
57.300,200.000,300.000,-40.335,-59.846,50.011,59.846,0.000,-132.609,1
57.400,200.000,300.000,-40.154,-60.026,50.011,60.026,0.000,-132.388,1
57.500,200.000,300.000,-39.974,-60.205,50.011,60.205,0.000,-132.168,1
57.600,200.000,300.000,-39.795,-60.383,50.011,60.383,0.000,-131.948,1
57.700,200.000,300.000,-39.617,-60.561,50.011,60.561,0.000,-131.729,1
57.800,200.000,300.000,-39.439,-60.737,50.011,60.737,0.000,-131.509,1
57.900,200.000,300.000,-39.263,-60.913,50.012,60.913,0.000,-131.291,1
58.000,200.000,300.000,-39.087,-61.088,50.012,61.088,0.000,-131.072,1
58.100,200.000,300.000,-38.912,-61.263,50.012,61.263,0.000,-130.854,1
58.200,200.000,300.000,-38.737,-61.436,50.012,61.436,0.000,-130.636,1
58.300,200.000,300.000,-38.564,-61.609,50.012,61.609,0.000,-130.419,1
58.400,200.000,300.000,-38.391,-61.781,50.012,61.781,0.000,-130.202,1
58.500,200.000,300.000,-38.219,-61.953,50.013,61.953,0.000,-129.985,1
58.600,200.000,300.000,-38.047,-62.123,50.013,62.123,0.000,-129.769,1
58.700,200.000,300.000,-37.877,-62.293,50.013,62.293,0.000,-129.553,1
58.800,200.000,300.000,-37.707,-62.462,50.013,62.462,0.000,-129.338,1
58.900,200.000,300.000,-37.538,-62.630,50.013,62.630,0.000,-129.122,1
59.000,200.000,300.000,-37.370,-62.798,50.014,62.798,0.000,-128.907,1
59.100,200.000,300.000,-37.202,-62.964,50.014,62.964,0.000,-128.693,1
59.200,200.000,300.000,-37.036,-63.130,50.014,63.130,0.000,-128.479,1
59.300,200.000,300.000,-36.870,-63.296,50.014,63.296,0.000,-128.265,1
59.400,200.000,300.000,-36.704,-63.460,50.014,63.460,0.000,-128.052,1
59.500,200.000,300.000,-36.540,-63.624,50.014,63.624,0.000,-127.839,1
59.600,200.000,300.000,-36.376,-63.787,50.015,63.787,0.000,-127.626,1
59.700,200.000,300.000,-36.213,-63.949,50.015,63.949,0.000,-127.414,1
59.800,200.000,300.000,-36.051,-64.111,50.015,64.111,0.000,-127.202,1
59.900,200.000,300.000,-35.889,-64.272,50.015,64.272,0.000,-126.990,1
60.000,200.000,300.000,-35.728,-64.432,50.015,64.432,0.000,-126.779,1
60.100,200.000,300.000,-35.568,-64.591,50.015,64.591,0.000,-126.568,1
60.200,200.000,300.000,-35.409,-64.750,50.016,64.750,0.000,-126.357,1
60.300,200.000,300.000,-35.250,-64.908,50.016,64.908,0.000,-126.147,1
60.400,200.000,300.000,-35.092,-65.065,50.016,65.065,0.000,-125.937,1
60.500,200.000,300.000,-34.935,-65.222,50.016,65.222,0.000,-125.727,1
60.600,200.000,300.000,-34.778,-65.377,50.016,65.377,0.000,-125.518,1
60.700,200.000,300.000,-34.623,-65.533,50.017,65.533,0.000,-125.309,1
60.800,200.000,300.000,-34.467,-65.687,50.017,65.687,0.000,-125.101,1
60.900,200.000,300.000,-34.313,-65.841,50.017,65.841,0.000,-124.893,1
61.000,200.000,300.000,-34.159,-65.994,50.017,65.994,0.000,-124.685,1
61.100,200.000,300.000,-34.006,-66.146,50.017,66.146,0.000,-124.477,1
61.200,200.000,300.000,-33.854,-66.298,50.017,66.298,0.000,-124.270,1
61.300,200.000,300.000,-33.702,-66.449,50.018,66.449,0.000,-124.063,1
61.400,200.000,300.000,-33.551,-66.599,50.018,66.599,0.000,-123.857,1
61.500,200.000,300.000,-33.401,-66.749,50.018,66.749,0.000,-123.651,1
61.600,200.000,300.000,-33.251,-66.898,50.018,66.898,0.000,-123.445,1
61.700,200.000,300.000,-33.102,-67.046,50.018,67.046,0.000,-123.240,1
61.800,200.000,300.000,-32.954,-67.194,50.019,67.194,0.000,-123.035,1
61.900,200.000,300.000,-32.806,-67.341,50.019,67.341,0.000,-122.830,1
62.000,200.000,300.000,-32.659,-67.488,50.019,67.488,0.000,-122.626,1
62.100,200.000,300.000,-32.512,-67.633,50.019,67.633,0.000,-122.422,1
62.200,200.000,300.000,-32.367,-67.778,50.019,67.778,0.000,-122.218,1
62.300,200.000,300.000,-32.222,-67.923,50.020,67.923,0.000,-122.015,1
62.400,200.000,300.000,-32.077,-68.066,50.020,68.066,0.000,-121.812,1
62.500,200.000,300.000,-31.934,-68.210,50.020,68.210,0.000,-121.609,1
62.600,200.000,300.000,-31.790,-68.352,50.020,68.352,0.000,-121.407,1
62.700,200.000,300.000,-31.648,-68.494,50.020,68.494,0.000,-121.205,1
62.800,200.000,300.000,-31.506,-68.635,50.020,68.635,0.000,-121.003,1
62.900,200.000,300.000,-31.365,-68.776,50.021,68.776,0.000,-120.802,1
63.000,200.000,300.000,-31.224,-68.916,50.021,68.916,0.000,-120.601,1
63.100,200.000,300.000,-31.084,-69.055,50.021,69.055,0.000,-120.400,1
63.200,200.000,300.000,-30.945,-69.194,50.021,69.194,0.000,-120.200,1
63.300,200.000,300.000,-30.806,-69.332,50.021,69.332,0.000,-120.000,1
63.400,200.000,300.000,-30.668,-69.469,50.022,69.469,0.000,-119.800,1
63.500,200.000,300.000,-30.531,-69.606,50.022,69.606,0.000,-119.601,1
63.600,200.000,300.000,-30.394,-69.742,50.022,69.742,0.000,-119.402,1
63.700,200.000,300.000,-30.258,-69.878,50.022,69.878,0.000,-119.203,1
63.800,200.000,300.000,-30.122,-70.013,50.022,70.013,0.000,-119.005,1
63.900,200.000,300.000,-29.987,-70.147,50.023,70.147,0.000,-118.807,1
64.000,200.000,300.000,-29.853,-70.281,50.023,70.281,0.000,-118.609,1
64.100,200.000,300.000,-29.719,-70.414,50.023,70.414,0.000,-118.411,1
64.200,200.000,300.000,-29.586,-70.547,50.023,70.547,0.000,-118.214,1
64.300,200.000,300.000,-29.453,-70.679,50.023,70.679,0.000,-118.018,1
64.400,200.000,300.000,-29.321,-70.810,50.024,70.810,0.000,-117.821,1
64.500,200.000,300.000,-29.190,-70.941,50.024,70.941,0.000,-117.625,1
64.600,200.000,300.000,-29.059,-71.071,50.024,71.071,0.000,-117.430,1
64.700,200.000,300.000,-28.929,-71.201,50.024,71.201,0.000,-117.234,1
64.800,200.000,300.000,-28.799,-71.330,50.024,71.330,0.000,-117.039,1
64.900,200.000,300.000,-28.670,-71.458,50.025,71.458,0.000,-116.844,1
65.000,200.000,300.000,-28.542,-71.586,50.025,71.586,0.000,-116.650,1
65.100,200.000,300.000,-28.414,-71.714,50.025,71.714,0.000,-116.456,1
65.200,200.000,300.000,-28.286,-71.840,50.025,71.840,0.000,-116.262,1
65.300,200.000,300.000,-28.160,-71.967,50.025,71.967,0.000,-116.069,1
65.400,200.000,300.000,-28.033,-72.092,50.026,72.092,0.000,-115.876,1
65.500,200.000,300.000,-27.908,-72.217,50.026,72.217,0.000,-115.683,1
65.600,200.000,300.000,-27.783,-72.342,50.026,72.342,0.000,-115.490,1
65.700,200.000,300.000,-27.658,-72.466,50.026,72.466,0.000,-115.298,1
65.800,200.000,300.000,-27.534,-72.589,50.026,72.589,0.000,-115.106,1
65.900,200.000,300.000,-27.411,-72.712,50.027,72.712,0.000,-114.915,1
66.000,200.000,300.000,-27.288,-72.834,50.027,72.834,0.000,-114.724,1
66.100,200.000,300.000,-27.166,-72.956,50.027,72.956,0.000,-114.533,1
66.200,200.000,300.000,-27.044,-73.077,50.027,73.077,0.000,-114.342,1
66.300,200.000,300.000,-26.923,-73.198,50.027,73.198,0.000,-114.152,1
66.400,200.000,300.000,-26.802,-73.318,50.028,73.318,0.000,-113.962,1
66.500,200.000,300.000,-26.682,-73.438,50.028,73.438,0.000,-113.772,1
66.600,200.000,300.000,-26.562,-73.557,50.028,73.557,0.000,-113.583,1
66.700,200.000,300.000,-26.443,-73.675,50.028,73.675,0.000,-113.394,1
66.800,200.000,300.000,-26.325,-73.793,50.028,73.793,0.000,-113.205,1
66.900,200.000,300.000,-26.207,-73.911,50.029,73.911,0.000,-113.017,1
67.000,200.000,300.000,-26.089,-74.028,50.029,74.028,0.000,-112.829,1
67.100,200.000,300.000,-25.972,-74.144,50.029,74.144,0.000,-112.641,1
67.200,200.000,300.000,-25.856,-74.260,50.029,74.260,0.000,-112.454,1
67.300,200.000,300.000,-25.740,-74.375,50.029,74.375,0.000,-112.267,1
67.400,200.000,300.000,-25.625,-74.490,50.030,74.490,0.000,-112.080,1
67.500,200.000,300.000,-25.510,-74.604,50.030,74.604,0.000,-111.893,1
67.600,200.000,300.000,-25.396,-74.718,50.030,74.718,0.000,-111.707,1
67.700,200.000,300.000,-25.282,-74.831,50.030,74.831,0.000,-111.521,1
67.800,200.000,300.000,-25.169,-74.944,50.030,74.944,0.000,-111.336,1
67.900,200.000,300.000,-25.056,-75.057,50.031,75.057,0.000,-111.150,1
68.000,200.000,300.000,-24.943,-75.168,50.031,75.168,0.000,-110.966,1
68.100,200.000,300.000,-24.832,-75.280,50.031,75.280,0.000,-110.781,1
68.200,200.000,300.000,-24.720,-75.390,50.031,75.390,0.000,-110.597,1
68.300,200.000,300.000,-24.610,-75.501,50.032,75.501,0.000,-110.413,1
68.400,200.000,300.000,-24.499,-75.610,50.032,75.610,0.000,-110.229,1
68.500,200.000,300.000,-24.390,-75.720,50.032,75.720,0.000,-110.045,1
68.600,200.000,300.000,-24.280,-75.829,50.032,75.829,0.000,-109.862,1
68.700,200.000,300.000,-24.171,-75.937,50.032,75.937,0.000,-109.680,1
68.800,200.000,300.000,-24.063,-76.045,50.033,76.045,0.000,-109.497,1
68.900,200.000,300.000,-23.955,-76.152,50.033,76.152,0.000,-109.315,1
69.000,200.000,300.000,-23.848,-76.259,50.033,76.259,0.000,-109.133,1
69.100,200.000,300.000,-23.741,-76.365,50.033,76.365,0.000,-108.951,1
69.200,200.000,300.000,-23.635,-76.471,50.033,76.471,0.000,-108.770,1
69.300,200.000,300.000,-23.529,-76.577,50.034,76.577,0.000,-108.589,1
69.400,200.000,300.000,-23.423,-76.682,50.034,76.682,0.000,-108.408,1
69.500,200.000,300.000,-23.318,-76.786,50.034,76.786,0.000,-108.228,1
69.600,200.000,300.000,-23.214,-76.890,50.034,76.890,0.000,-108.048,1
69.700,200.000,300.000,-23.110,-76.994,50.034,76.994,0.000,-107.868,1
69.800,200.000,300.000,-23.006,-77.097,50.035,77.097,0.000,-107.689,1
69.900,200.000,300.000,-22.903,-77.200,50.035,77.200,0.000,-107.510,1
70.000,200.000,300.000,-22.800,-77.302,50.035,77.302,0.000,-107.331,1
70.100,200.000,300.000,-22.698,-77.404,50.035,77.404,0.000,-107.152,1
70.200,200.000,300.000,-22.596,-77.505,50.036,77.505,0.000,-106.974,1
70.300,200.000,300.000,-22.495,-77.606,50.036,77.606,0.000,-106.796,1
70.400,200.000,300.000,-22.394,-77.706,50.036,77.706,0.000,-106.618,1
70.500,200.000,300.000,-22.294,-77.806,50.036,77.806,0.000,-106.441,1
70.600,200.000,300.000,-22.194,-77.905,50.036,77.905,0.000,-106.264,1
70.700,200.000,300.000,-22.095,-78.004,50.037,78.004,0.000,-106.087,1
70.800,200.000,300.000,-21.996,-78.103,50.037,78.103,0.000,-105.910,1
70.900,200.000,300.000,-21.897,-78.201,50.037,78.201,0.000,-105.734,1
71.000,200.000,300.000,-21.799,-78.299,50.037,78.299,0.000,-105.558,1
71.100,200.000,300.000,-21.701,-78.396,50.037,78.396,0.000,-105.382,1
71.200,200.000,300.000,-21.604,-78.493,50.038,78.493,0.000,-105.207,1
71.300,200.000,300.000,-21.507,-78.589,50.038,78.589,0.000,-105.032,1
71.400,200.000,300.000,-21.411,-78.685,50.038,78.685,0.000,-104.857,1
71.500,200.000,300.000,-21.315,-78.781,50.038,78.781,0.000,-104.683,1
71.600,200.000,300.000,-21.219,-78.876,50.039,78.876,0.000,-104.509,1
71.700,200.000,300.000,-21.124,-78.970,50.039,78.970,0.000,-104.335,1
71.800,200.000,300.000,-21.030,-79.065,50.039,79.065,0.000,-104.161,1
71.900,200.000,300.000,-20.935,-79.159,50.039,79.159,0.000,-103.988,1
72.000,200.000,300.000,-20.841,-79.252,50.039,79.252,0.000,-103.815,1
72.100,200.000,300.000,-20.748,-79.345,50.040,79.345,0.000,-103.642,1
72.200,200.000,300.000,-20.655,-79.438,50.040,79.438,0.000,-103.470,1
72.300,200.000,300.000,-20.562,-79.530,50.040,79.530,0.000,-103.297,1
72.400,200.000,300.000,-20.470,-79.621,50.040,79.621,0.000,-103.126,1
72.500,200.000,300.000,-20.379,-79.713,50.041,79.713,0.000,-102.954,1
72.600,200.000,300.000,-20.287,-79.804,50.041,79.804,0.000,-102.783,1
72.700,200.000,300.000,-20.196,-79.894,50.041,79.894,0.000,-102.612,1
72.800,200.000,300.000,-20.106,-79.984,50.041,79.984,0.000,-102.441,1
72.900,200.000,300.000,-20.016,-80.074,50.041,80.074,0.000,-102.270,1
73.000,200.000,300.000,-19.926,-80.163,50.042,80.163,0.000,-102.100,1
73.100,200.000,300.000,-19.837,-80.252,50.042,80.252,0.000,-101.930,1
73.200,200.000,300.000,-19.748,-80.341,50.042,80.341,0.000,-101.761,1
73.300,200.000,300.000,-19.659,-80.429,50.042,80.429,0.000,-101.592,1
73.400,200.000,300.000,-19.571,-80.517,50.043,80.517,0.000,-101.422,1
73.500,200.000,300.000,-19.483,-80.604,50.043,80.604,0.000,-101.254,1
73.600,200.000,300.000,-19.396,-80.691,50.043,80.691,0.000,-101.085,1
73.700,200.000,300.000,-19.309,-80.777,50.043,80.777,0.000,-100.917,1
73.800,200.000,300.000,-19.223,-80.863,50.043,80.863,0.000,-100.749,1
73.900,200.000,300.000,-19.137,-80.949,50.044,80.949,0.000,-100.581,1
74.000,200.000,300.000,-19.051,-81.035,50.044,81.035,0.000,-100.414,1
74.100,200.000,300.000,-18.965,-81.120,50.044,81.120,0.000,-100.247,1
74.200,200.000,300.000,-18.880,-81.204,50.044,81.204,0.000,-100.080,1
74.300,200.000,300.000,-18.796,-81.288,50.045,81.288,0.000,-99.914,1
74.400,200.000,300.000,-18.712,-81.372,50.045,81.372,0.000,-99.747,1
74.500,200.000,300.000,-18.628,-81.456,50.045,81.456,0.000,-99.582,1
74.600,200.000,300.000,-18.544,-81.539,50.045,81.539,0.000,-99.416,1
74.700,200.000,300.000,-18.461,-81.622,50.046,81.622,0.000,-99.250,1
74.800,200.000,300.000,-18.378,-81.704,50.046,81.704,0.000,-99.085,1
74.900,200.000,300.000,-18.296,-81.786,50.046,81.786,0.000,-98.920,1
75.000,200.000,300.000,-18.214,-81.868,50.046,81.868,0.000,-98.756,1
75.100,200.000,300.000,-18.132,-81.949,50.046,81.949,0.000,-98.591,1
75.200,200.000,300.000,-18.051,-82.030,50.047,82.030,0.000,-98.427,1
75.300,200.000,300.000,-17.970,-82.110,50.047,82.110,0.000,-98.264,1
75.400,200.000,300.000,-17.890,-82.190,50.047,82.190,0.000,-98.100,1
75.500,200.000,300.000,-17.810,-82.270,50.047,82.270,0.000,-97.937,1
75.600,200.000,300.000,-17.730,-82.350,50.048,82.350,0.000,-97.774,1
75.700,200.000,300.000,-17.650,-82.429,50.048,82.429,0.000,-97.611,1
75.800,200.000,300.000,-17.571,-82.508,50.048,82.508,0.000,-97.449,1
75.900,200.000,300.000,-17.492,-82.586,50.048,82.586,0.000,-97.287,1
76.000,200.000,300.000,-17.414,-82.664,50.048,82.664,0.000,-97.125,1
76.100,200.000,300.000,-17.336,-82.742,50.049,82.742,0.000,-96.963,1
76.200,200.000,300.000,-17.258,-82.819,50.049,82.819,0.000,-96.802,1
76.300,200.000,300.000,-17.181,-82.896,50.049,82.896,0.000,-96.641,1
76.400,200.000,300.000,-17.104,-82.973,50.049,82.973,0.000,-96.480,1
76.500,200.000,300.000,-17.027,-83.049,50.050,83.049,0.000,-96.320,1
76.600,200.000,300.000,-16.951,-83.125,50.050,83.125,0.000,-96.159,1
76.700,200.000,300.000,-16.875,-83.201,50.050,83.201,0.000,-95.999,1
76.800,200.000,300.000,-16.799,-83.276,50.050,83.276,0.000,-95.840,1
76.900,200.000,300.000,-16.724,-83.351,50.051,83.351,0.000,-95.680,1
77.000,200.000,300.000,-16.649,-83.425,50.051,83.425,0.000,-95.521,1
77.100,200.000,300.000,-16.575,-83.500,50.051,83.500,0.000,-95.362,1
77.200,200.000,300.000,-16.500,-83.574,50.051,83.574,0.000,-95.203,1
77.300,200.000,300.000,-16.426,-83.647,50.051,83.647,0.000,-95.045,1
77.400,200.000,300.000,-16.353,-83.721,50.052,83.721,0.000,-94.887,1
77.500,200.000,300.000,-16.279,-83.794,50.052,83.794,0.000,-94.729,1
77.600,200.000,300.000,-16.206,-83.866,50.052,83.866,0.000,-94.571,1
77.700,200.000,300.000,-16.134,-83.939,50.052,83.939,0.000,-94.414,1
77.800,200.000,300.000,-16.061,-84.011,50.053,84.011,0.000,-94.257,1
77.900,200.000,300.000,-15.989,-84.082,50.053,84.082,0.000,-94.100,1
78.000,200.000,300.000,-15.918,-84.153,50.053,84.153,0.000,-93.943,1
78.100,200.000,300.000,-15.847,-84.225,50.053,84.225,0.000,-93.787,1
78.200,200.000,300.000,-15.775,-84.295,50.054,84.295,0.000,-93.631,1
78.300,200.000,300.000,-15.705,-84.366,50.054,84.366,0.000,-93.475,1
78.400,200.000,300.000,-15.634,-84.436,50.054,84.436,0.000,-93.320,1
78.500,200.000,300.000,-15.564,-84.505,50.054,84.505,0.000,-93.164,1
78.600,200.000,300.000,-15.495,-84.575,50.055,84.575,0.000,-93.009,1
78.700,200.000,300.000,-15.425,-84.644,50.055,84.644,0.000,-92.855,1
78.800,200.000,300.000,-15.356,-84.713,50.055,84.713,0.000,-92.700,1
78.900,200.000,300.000,-15.287,-84.781,50.055,84.781,0.000,-92.546,1
79.000,200.000,300.000,-15.219,-84.850,50.055,84.850,0.000,-92.392,1
79.100,200.000,300.000,-15.150,-84.917,50.056,84.917,0.000,-92.238,1
79.200,200.000,300.000,-15.083,-84.985,50.056,84.985,0.000,-92.085,1
79.300,200.000,300.000,-15.015,-85.052,50.056,85.052,0.000,-91.931,1
79.400,200.000,300.000,-14.948,-85.119,50.056,85.119,0.000,-91.778,1
79.500,200.000,300.000,-14.881,-85.186,50.057,85.186,0.000,-91.626,1
79.600,200.000,300.000,-14.814,-85.252,50.057,85.252,0.000,-91.473,1
79.700,200.000,300.000,-14.748,-85.318,50.057,85.318,0.000,-91.321,1
79.800,200.000,300.000,-14.682,-85.384,50.057,85.384,0.000,-91.169,1
79.900,200.000,300.000,-14.616,-85.450,50.058,85.450,0.000,-91.017,1
80.000,200.000,300.000,-14.550,-85.515,50.058,85.515,0.000,-90.866,1
80.100,200.000,300.000,-14.485,-85.580,50.058,85.580,0.000,-90.715,1
80.200,200.000,300.000,-14.420,-85.645,50.058,85.645,0.000,-90.564,1
80.300,200.000,300.000,-14.355,-85.709,50.059,85.709,0.000,-90.413,1
80.400,200.000,300.000,-14.291,-85.773,50.059,85.773,0.000,-90.263,1
80.500,200.000,300.000,-14.227,-85.837,50.059,85.837,0.000,-90.113,1
80.600,200.000,300.000,-14.163,-85.900,50.059,85.900,0.000,-89.963,1
80.700,200.000,300.000,-14.100,-85.963,50.059,85.963,0.000,-89.813,1
80.800,200.000,300.000,-14.037,-86.026,50.060,86.026,0.000,-89.664,1
80.900,200.000,300.000,-13.974,-86.089,50.060,86.089,0.000,-89.514,1
81.000,200.000,300.000,-13.911,-86.151,50.060,86.151,0.000,-89.365,1
81.100,200.000,300.000,-13.849,-86.213,50.060,86.213,0.000,-89.217,1
81.200,200.000,300.000,-13.787,-86.275,50.061,86.275,0.000,-89.068,1
81.300,200.000,300.000,-13.725,-86.337,50.061,86.337,0.000,-88.920,1
81.400,200.000,300.000,-13.663,-86.398,50.061,86.398,0.000,-88.772,1
81.500,200.000,300.000,-13.602,-86.459,50.061,86.459,0.000,-88.624,1
81.600,200.000,300.000,-13.541,-86.519,50.062,86.519,0.000,-88.477,1
81.700,200.000,300.000,-13.481,-86.580,50.062,86.580,0.000,-88.330,1
81.800,200.000,300.000,-13.420,-86.640,50.062,86.640,0.000,-88.183,1
81.900,200.000,300.000,-13.360,-86.700,50.062,86.700,0.000,-88.036,1
82.000,200.000,300.000,-13.300,-86.760,50.063,86.760,0.000,-87.890,1
82.100,200.000,300.000,-13.240,-86.819,50.063,86.819,0.000,-87.743,1
82.200,200.000,300.000,-13.181,-86.878,50.063,86.878,0.000,-87.597,1
82.300,200.000,300.000,-13.122,-86.937,50.063,86.937,0.000,-87.452,1
82.400,200.000,300.000,-13.063,-86.995,50.064,86.995,0.000,-87.306,1
82.500,200.000,300.000,-13.005,-87.054,50.064,87.054,0.000,-87.161,1
82.600,200.000,300.000,-12.946,-87.112,50.064,87.112,0.000,-87.016,1
82.700,200.000,300.000,-12.888,-87.169,50.064,87.169,0.000,-86.871,1
82.800,200.000,300.000,-12.831,-87.227,50.065,87.227,0.000,-86.726,1
82.900,200.000,300.000,-12.773,-87.284,50.065,87.284,0.000,-86.582,1
83.000,200.000,300.000,-12.716,-87.341,50.065,87.341,0.000,-86.438,1
83.100,200.000,300.000,-12.659,-87.398,50.065,87.398,0.000,-86.294,1
83.200,200.000,300.000,-12.602,-87.454,50.066,87.454,0.000,-86.151,1
83.300,200.000,300.000,-12.546,-87.511,50.066,87.511,0.000,-86.007,1
83.400,200.000,300.000,-12.489,-87.566,50.066,87.566,0.000,-85.864,1
83.500,200.000,300.000,-12.434,-87.622,50.066,87.622,0.000,-85.721,1
83.600,200.000,300.000,-12.378,-87.678,50.066,87.678,0.000,-85.579,1
83.700,200.000,300.000,-12.322,-87.733,50.067,87.733,0.000,-85.436,1
83.800,200.000,300.000,-12.267,-87.788,50.067,87.788,0.000,-85.294,1
83.900,200.000,300.000,-12.212,-87.843,50.067,87.843,0.000,-85.152,1
84.000,200.000,300.000,-12.157,-87.897,50.067,87.897,0.000,-85.011,1
84.100,200.000,300.000,-12.103,-87.951,50.068,87.951,0.000,-84.869,1
84.200,200.000,300.000,-12.049,-88.005,50.068,88.005,0.000,-84.728,1
84.300,200.000,300.000,-11.995,-88.059,50.068,88.059,0.000,-84.587,1
84.400,200.000,300.000,-11.941,-88.113,50.068,88.113,0.000,-84.446,1
84.500,200.000,300.000,-11.887,-88.166,50.069,88.166,0.000,-84.306,1
84.600,200.000,300.000,-11.834,-88.219,50.069,88.219,0.000,-84.165,1
84.700,200.000,300.000,-11.781,-88.272,50.069,88.272,0.000,-84.025,1
84.800,200.000,300.000,-11.728,-88.324,50.069,88.324,0.000,-83.886,1
84.900,200.000,300.000,-11.676,-88.377,50.070,88.377,0.000,-83.746,1
85.000,200.000,300.000,-11.623,-88.429,50.070,88.429,0.000,-83.607,1
85.100,200.000,300.000,-11.571,-88.481,50.070,88.481,0.000,-83.467,1
85.200,200.000,300.000,-11.519,-88.532,50.070,88.532,0.000,-83.329,1
85.300,200.000,300.000,-11.468,-88.584,50.071,88.584,0.000,-83.190,1
85.400,200.000,300.000,-11.416,-88.635,50.071,88.635,0.000,-83.052,1
85.500,200.000,300.000,-11.365,-88.686,50.071,88.686,0.000,-82.913,1
85.600,200.000,300.000,-11.314,-88.736,50.071,88.736,0.000,-82.775,1
85.700,200.000,300.000,-11.264,-88.787,50.072,88.787,0.000,-82.638,1
85.800,200.000,300.000,-11.213,-88.837,50.072,88.837,0.000,-82.500,1
85.900,200.000,300.000,-11.163,-88.887,50.072,88.887,0.000,-82.363,1
86.000,200.000,300.000,-11.113,-88.937,50.072,88.937,0.000,-82.226,1
86.100,200.000,300.000,-11.063,-88.987,50.073,88.987,0.000,-82.089,1
86.200,200.000,300.000,-11.013,-89.036,50.073,89.036,0.000,-81.952,1
86.300,200.000,300.000,-10.964,-89.085,50.073,89.085,0.000,-81.816,1
86.400,200.000,300.000,-10.915,-89.134,50.073,89.134,0.000,-81.680,1
86.500,200.000,300.000,-10.866,-89.183,50.074,89.183,0.000,-81.544,1
86.600,200.000,300.000,-10.817,-89.231,50.074,89.231,0.000,-81.408,1
86.700,200.000,300.000,-10.769,-89.279,50.074,89.279,0.000,-81.273,1
86.800,200.000,300.000,-10.721,-89.327,50.074,89.327,0.000,-81.138,1
86.900,200.000,300.000,-10.673,-89.375,50.075,89.375,0.000,-81.003,1
87.000,200.000,300.000,-10.625,-89.423,50.075,89.423,0.000,-80.868,1
87.100,200.000,300.000,-10.577,-89.470,50.075,89.470,0.000,-80.733,1
87.200,200.000,300.000,-10.530,-89.517,50.075,89.517,0.000,-80.599,1
87.300,200.000,300.000,-10.483,-89.564,50.076,89.564,0.000,-80.465,1
87.400,200.000,300.000,-10.436,-89.611,50.076,89.611,0.000,-80.331,1
87.500,200.000,300.000,-10.389,-89.658,50.076,89.658,0.000,-80.197,1
87.600,200.000,300.000,-10.342,-89.704,50.076,89.704,0.000,-80.064,1
87.700,200.000,300.000,-10.296,-89.750,50.077,89.750,0.000,-79.931,1
87.800,200.000,300.000,-10.250,-89.796,50.077,89.796,0.000,-79.798,1
87.900,200.000,300.000,-10.204,-89.842,50.077,89.842,0.000,-79.665,1
88.000,200.000,300.000,-10.158,-89.887,50.077,89.887,0.000,-79.532,1
88.100,200.000,300.000,-10.113,-89.933,50.078,89.933,0.000,-79.400,1
88.200,200.000,300.000,-10.067,-89.978,50.078,89.978,0.000,-79.268,1
88.300,200.000,300.000,-10.022,-90.023,50.078,90.023,0.000,-79.136,1
88.400,200.000,300.000,-9.977,-90.068,50.078,90.068,0.000,-79.004,1
88.500,200.000,300.000,-9.932,-90.112,50.079,90.112,0.000,-78.873,1
88.600,200.000,300.000,-9.888,-90.156,50.079,90.156,0.000,-78.742,1
88.700,200.000,300.000,-9.844,-90.200,50.079,90.200,0.000,-78.611,1
88.800,200.000,300.000,-9.800,-90.244,50.079,90.244,0.000,-78.480,1
88.900,200.000,300.000,-9.756,-90.288,50.080,90.288,0.000,-78.349,1
89.000,200.000,300.000,-9.712,-90.332,50.080,90.332,0.000,-78.219,1
89.100,200.000,300.000,-9.668,-90.375,50.080,90.375,0.000,-78.089,1
89.200,200.000,300.000,-9.625,-90.418,50.080,90.418,0.000,-77.959,1
89.300,200.000,300.000,-9.582,-90.461,50.081,90.461,0.000,-77.829,1
89.400,200.000,300.000,-9.539,-90.504,50.081,90.504,0.000,-77.700,1
89.500,200.000,300.000,-9.496,-90.546,50.081,90.546,0.000,-77.570,1
89.600,200.000,300.000,-9.454,-90.589,50.081,90.589,0.000,-77.441,1
89.700,200.000,300.000,-9.411,-90.631,50.082,90.631,0.000,-77.312,1
89.800,200.000,300.000,-9.369,-90.673,50.082,90.673,0.000,-77.184,1
89.900,200.000,300.000,-9.327,-90.715,50.082,90.715,0.000,-77.055,1
90.000,200.000,300.000,-9.285,-90.756,50.082,90.756,0.000,-76.927,1
90.100,200.000,300.000,-9.244,-90.798,50.083,90.798,0.000,-76.799,1
90.200,200.000,300.000,-9.202,-90.839,50.083,90.839,0.000,-76.671,1
90.300,200.000,300.000,-9.161,-90.880,50.083,90.880,0.000,-76.544,1
90.400,200.000,300.000,-9.120,-90.921,50.083,90.921,0.000,-76.416,1
90.500,200.000,300.000,-9.079,-90.962,50.084,90.962,0.000,-76.289,1
90.600,200.000,300.000,-9.038,-91.002,50.084,91.002,0.000,-76.162,1
90.700,200.000,300.000,-8.998,-91.042,50.084,91.042,0.000,-76.036,1
90.800,200.000,300.000,-8.958,-91.083,50.084,91.083,0.000,-75.909,1
90.900,200.000,300.000,-8.917,-91.123,50.085,91.123,0.000,-75.783,1
91.000,200.000,300.000,-8.877,-91.162,50.085,91.162,0.000,-75.657,1
91.100,200.000,300.000,-8.838,-91.202,50.085,91.202,0.000,-75.531,1
91.200,200.000,300.000,-8.798,-91.241,50.085,91.241,0.000,-75.405,1
91.300,200.000,300.000,-8.759,-91.281,50.086,91.281,0.000,-75.280,1
91.400,200.000,300.000,-8.719,-91.320,50.086,91.320,0.000,-75.154,1
91.500,200.000,300.000,-8.680,-91.359,50.086,91.359,0.000,-75.029,1
91.600,200.000,300.000,-8.641,-91.397,50.086,91.397,0.000,-74.904,1
91.700,200.000,300.000,-8.603,-91.436,50.087,91.436,0.000,-74.780,1
91.800,200.000,300.000,-8.564,-91.474,50.087,91.474,0.000,-74.655,1
91.900,200.000,300.000,-8.526,-91.512,50.087,91.512,0.000,-74.531,1
92.000,200.000,300.000,-8.488,-91.550,50.087,91.550,0.000,-74.407,1
92.100,200.000,300.000,-8.450,-91.588,50.088,91.588,0.000,-74.283,1
92.200,200.000,300.000,-8.412,-91.626,50.088,91.626,0.000,-74.160,1
92.300,200.000,300.000,-8.374,-91.664,50.088,91.664,0.000,-74.036,1
92.400,200.000,300.000,-8.336,-91.701,50.088,91.701,0.000,-73.913,1
92.500,200.000,300.000,-8.299,-91.738,50.089,91.738,0.000,-73.790,1
92.600,200.000,300.000,-8.262,-91.775,50.089,91.775,0.000,-73.667,1
92.700,200.000,300.000,-8.225,-91.812,50.089,91.812,0.000,-73.545,1
92.800,200.000,300.000,-8.188,-91.849,50.089,91.849,0.000,-73.423,1
92.900,200.000,300.000,-8.151,-91.885,50.090,91.885,0.000,-73.300,1
93.000,200.000,300.000,-8.115,-91.922,50.090,91.922,0.000,-73.178,1
93.100,200.000,300.000,-8.078,-91.958,50.090,91.958,0.000,-73.057,1
93.200,200.000,300.000,-8.042,-91.994,50.090,91.994,0.000,-72.935,1
93.300,200.000,300.000,-8.006,-92.030,50.091,92.030,0.000,-72.814,1
93.400,200.000,300.000,-7.970,-92.065,50.091,92.065,0.000,-72.693,1
93.500,200.000,300.000,-7.935,-92.101,50.091,92.101,0.000,-72.572,1
93.600,200.000,300.000,-7.899,-92.136,50.092,92.136,0.000,-72.451,1
93.700,200.000,300.000,-7.864,-92.172,50.092,92.172,0.000,-72.330,1
93.800,200.000,300.000,-7.828,-92.207,50.092,92.207,0.000,-72.210,1
93.900,200.000,300.000,-7.793,-92.242,50.092,92.242,0.000,-72.090,1
94.000,200.000,300.000,-7.758,-92.276,50.093,92.276,0.000,-71.970,1
94.100,200.000,300.000,-7.724,-92.311,50.093,92.311,0.000,-71.850,1
94.200,200.000,300.000,-7.689,-92.346,50.093,92.346,0.000,-71.731,1
94.300,200.000,300.000,-7.654,-92.380,50.093,92.380,0.000,-71.611,1
94.400,200.000,300.000,-7.620,-92.414,50.094,92.414,0.000,-71.492,1
94.500,200.000,300.000,-7.586,-92.448,50.094,92.448,0.000,-71.373,1
94.600,200.000,300.000,-7.552,-92.482,50.094,92.482,0.000,-71.254,1
94.700,200.000,300.000,-7.518,-92.516,50.094,92.516,0.000,-71.136,1
94.800,200.000,300.000,-7.484,-92.549,50.095,92.549,0.000,-71.017,1
94.900,200.000,300.000,-7.451,-92.582,50.095,92.582,0.000,-70.899,1
95.000,200.000,300.000,-7.418,-92.616,50.095,92.616,0.000,-70.781,1
95.100,200.000,300.000,-7.384,-92.649,50.095,92.649,0.000,-70.663,1
95.200,200.000,300.000,-7.351,-92.682,50.096,92.682,0.000,-70.546,1
95.300,200.000,300.000,-7.318,-92.715,50.096,92.715,0.000,-70.429,1
95.400,200.000,300.000,-7.285,-92.747,50.096,92.747,0.000,-70.311,1
95.500,200.000,300.000,-7.253,-92.780,50.096,92.780,0.000,-70.194,1
95.600,200.000,300.000,-7.220,-92.812,50.097,92.812,0.000,-70.078,1
95.700,200.000,300.000,-7.188,-92.844,50.097,92.844,0.000,-69.961,1
95.800,200.000,300.000,-7.156,-92.876,50.097,92.876,0.000,-69.845,1
95.900,200.000,300.000,-7.124,-92.908,50.097,92.908,0.000,-69.728,1
96.000,200.000,300.000,-7.092,-92.940,50.098,92.940,0.000,-69.612,1
96.100,200.000,300.000,-7.060,-92.972,50.098,92.972,0.000,-69.496,1
96.200,200.000,300.000,-7.028,-93.003,50.098,93.003,0.000,-69.381,1
96.300,200.000,300.000,-6.997,-93.035,50.098,93.035,0.000,-69.265,1
96.400,200.000,300.000,-6.965,-93.066,50.099,93.066,0.000,-69.150,1
96.500,200.000,300.000,-6.934,-93.097,50.099,93.097,0.000,-69.035,1
96.600,200.000,300.000,-6.903,-93.128,50.099,93.128,0.000,-68.920,1
96.700,200.000,300.000,-6.872,-93.159,50.099,93.159,0.000,-68.806,1
96.800,200.000,300.000,-6.841,-93.189,50.100,93.189,0.000,-68.691,1
96.900,200.000,300.000,-6.811,-93.220,50.100,93.220,0.000,-68.577,1
97.000,200.000,300.000,-6.780,-93.250,50.100,93.250,0.000,-68.463,1
97.100,200.000,300.000,-6.750,-93.280,50.101,93.280,0.000,-68.349,1
97.200,200.000,300.000,-6.720,-93.310,50.101,93.310,0.000,-68.235,1
97.300,200.000,300.000,-6.690,-93.340,50.101,93.340,0.000,-68.122,1
97.400,200.000,300.000,-6.660,-93.370,50.101,93.370,0.000,-68.008,1
97.500,200.000,300.000,-6.630,-93.400,50.102,93.400,0.000,-67.895,1
97.600,200.000,300.000,-6.600,-93.430,50.102,93.430,0.000,-67.782,1
97.700,200.000,300.000,-6.570,-93.459,50.102,93.459,0.000,-67.669,1
97.800,200.000,300.000,-6.541,-93.488,50.102,93.488,0.000,-67.557,1
97.900,200.000,300.000,-6.512,-93.518,50.103,93.518,0.000,-67.444,1
98.000,200.000,300.000,-6.482,-93.547,50.103,93.547,0.000,-67.332,1
98.100,200.000,300.000,-6.453,-93.576,50.103,93.576,0.000,-67.220,1
98.200,200.000,300.000,-6.424,-93.604,50.103,93.604,0.000,-67.108,1
98.300,200.000,300.000,-6.396,-93.633,50.104,93.633,0.000,-66.996,1
98.400,200.000,300.000,-6.367,-93.662,50.104,93.662,0.000,-66.885,1
98.500,200.000,300.000,-6.338,-93.690,50.104,93.690,0.000,-66.774,1
98.600,200.000,300.000,-6.310,-93.718,50.104,93.718,0.000,-66.663,1
98.700,200.000,300.000,-6.282,-93.746,50.105,93.746,0.000,-66.552,1
98.800,200.000,300.000,-6.254,-93.774,50.105,93.774,0.000,-66.441,1
98.900,200.000,300.000,-6.226,-93.802,50.105,93.802,0.000,-66.330,1
99.000,200.000,300.000,-6.198,-93.830,50.105,93.830,0.000,-66.220,1
99.100,200.000,300.000,-6.170,-93.858,50.106,93.858,0.000,-66.110,1
99.200,200.000,300.000,-6.142,-93.885,50.106,93.885,0.000,-66.000,1
99.300,200.000,300.000,-6.115,-93.913,50.106,93.913,0.000,-65.890,1
99.400,200.000,300.000,-6.087,-93.940,50.107,93.940,0.000,-65.780,1
99.500,200.000,300.000,-6.060,-93.967,50.107,93.967,0.000,-65.671,1
99.600,200.000,300.000,-6.033,-93.994,50.107,93.994,0.000,-65.562,1
99.700,200.000,300.000,-6.006,-94.021,50.107,94.021,0.000,-65.453,1
99.800,200.000,300.000,-5.979,-94.048,50.108,94.048,0.000,-65.344,1
99.900,200.000,300.000,-5.952,-94.075,50.108,94.075,0.000,-65.235,1
100.000,450.000,150.000,394.075,-84.075,50.108,65.852,0.000,84.624,1
100.100,450.000,150.000,384.075,-74.075,50.108,46.097,0.000,84.483,1
100.200,450.000,150.000,374.075,-64.075,50.108,32.268,0.000,84.343,1
100.300,450.000,150.000,364.075,-54.075,50.109,22.587,0.000,84.202,1
100.400,450.000,150.000,354.075,-44.075,50.109,15.811,0.000,84.062,1
100.500,450.000,150.000,344.075,-34.075,50.109,11.068,0.000,83.922,1
100.600,450.000,150.000,334.075,-24.075,50.109,7.747,0.000,83.783,1
100.700,450.000,150.000,324.075,-14.075,50.109,5.423,0.000,83.643,1
100.800,450.000,150.000,314.075,-4.075,50.109,3.796,0.000,83.504,1
100.900,450.000,150.000,304.075,-2.657,50.109,2.657,0.000,83.365,1
101.000,450.000,150.000,302.657,-1.860,50.109,1.860,0.000,83.226,1
101.100,450.000,150.000,301.860,-1.302,50.109,1.302,0.000,83.088,1
101.200,450.000,150.000,301.302,-0.911,50.109,0.911,0.000,82.950,1
101.300,450.000,150.000,300.911,-0.638,50.109,0.638,0.000,82.812,1
101.400,450.000,150.000,300.638,9.362,50.109,0.447,0.000,82.674,1
101.500,450.000,150.000,290.638,19.362,50.109,0.313,0.000,82.536,1
101.600,450.000,150.000,280.638,29.362,50.109,0.219,0.000,82.399,0
101.700,450.000,150.000,270.638,39.362,50.109,0.153,0.000,82.262,0
101.800,450.000,150.000,260.638,49.362,50.109,0.107,0.000,82.125,0
101.900,450.000,150.000,250.638,59.362,50.108,0.075,0.000,81.988,0
102.000,450.000,150.000,240.638,69.362,50.108,0.053,0.000,81.852,0
102.100,450.000,150.000,230.638,79.362,50.108,0.037,0.000,81.716,0
102.200,450.000,150.000,220.638,81.580,50.108,0.026,0.000,81.580,0
102.300,450.000,150.000,218.420,81.444,50.108,0.018,0.000,81.444,0
102.400,450.000,150.000,218.556,81.309,50.107,0.013,0.000,81.309,0
102.500,450.000,150.000,218.691,81.173,50.107,0.009,0.000,81.173,0
102.600,450.000,150.000,218.827,81.038,50.107,0.006,0.000,81.038,0
102.700,450.000,150.000,218.962,80.903,50.107,0.004,0.000,80.903,0
102.800,450.000,150.000,219.097,80.769,50.106,0.003,0.000,80.769,0
102.900,450.000,150.000,219.231,80.634,50.106,0.002,0.000,80.634,0
103.000,450.000,150.000,219.366,80.500,50.106,0.001,0.000,80.500,0
103.100,450.000,150.000,219.500,80.366,50.106,0.001,0.000,80.366,0
103.200,450.000,150.000,219.634,80.233,50.105,0.001,0.000,80.233,0
103.300,450.000,150.000,219.767,80.099,50.105,0.001,0.000,80.099,0
103.400,450.000,150.000,219.901,79.966,50.105,0.000,0.000,79.966,0
103.500,450.000,150.000,220.034,79.833,50.105,0.000,0.000,79.833,0
103.600,450.000,150.000,220.167,79.700,50.105,0.000,0.000,79.700,0
103.700,450.000,150.000,220.300,79.567,50.104,0.000,0.000,79.567,0
103.800,450.000,150.000,220.433,79.435,50.104,0.000,0.000,79.435,0
103.900,450.000,150.000,220.565,79.303,50.104,0.000,0.000,79.303,0
104.000,450.000,150.000,220.697,79.171,50.104,0.000,0.000,79.171,0
104.100,450.000,150.000,220.829,79.039,50.103,0.000,0.000,79.039,0
104.200,450.000,150.000,220.961,78.907,50.103,0.000,0.000,78.907,0
104.300,450.000,150.000,221.093,78.776,50.103,0.000,0.000,78.776,0
104.400,450.000,150.000,221.224,78.645,50.103,0.000,0.000,78.645,0
104.500,450.000,150.000,221.355,78.514,50.103,0.000,0.000,78.514,0
104.600,450.000,150.000,221.486,78.384,50.102,0.000,0.000,78.384,0
104.700,450.000,150.000,221.616,78.253,50.102,0.000,0.000,78.253,0
104.800,450.000,150.000,221.747,78.123,50.102,0.000,0.000,78.123,0
104.900,450.000,150.000,221.877,77.993,50.102,0.000,0.000,77.993,0
105.000,450.000,150.000,222.007,77.863,50.102,0.000,0.000,77.863,0
105.100,450.000,150.000,222.137,77.734,50.101,0.000,0.000,77.734,0
105.200,450.000,150.000,222.266,77.604,50.101,0.000,0.000,77.604,0
105.300,450.000,150.000,222.396,77.475,50.101,0.000,0.000,77.475,0
105.400,450.000,150.000,222.525,77.346,50.101,0.000,0.000,77.346,0
105.500,450.000,150.000,222.654,77.218,50.100,0.000,0.000,77.218,0
105.600,450.000,150.000,222.782,77.089,50.100,0.000,0.000,77.089,0
105.700,450.000,150.000,222.911,76.961,50.100,0.000,0.000,76.961,0
105.800,450.000,150.000,223.039,76.833,50.100,0.000,0.000,76.833,0
105.900,450.000,150.000,223.167,76.705,50.100,0.000,0.000,76.705,0
106.000,450.000,150.000,223.295,76.577,50.099,0.000,0.000,76.577,0
106.100,450.000,150.000,223.423,76.450,50.099,0.000,0.000,76.450,0
106.200,450.000,150.000,223.550,76.323,50.099,0.000,0.000,76.323,0
106.300,450.000,150.000,223.677,76.196,50.099,0.000,0.000,76.196,0
106.400,450.000,150.000,223.804,76.069,50.099,0.000,0.000,76.069,0
106.500,450.000,150.000,223.931,75.942,50.098,0.000,0.000,75.942,0
106.600,450.000,150.000,224.058,75.816,50.098,0.000,0.000,75.816,0
106.700,450.000,150.000,224.184,75.690,50.098,0.000,0.000,75.690,0
106.800,450.000,150.000,224.310,75.564,50.098,0.000,0.000,75.564,0
106.900,450.000,150.000,224.436,75.438,50.097,0.000,0.000,75.438,0
107.000,450.000,150.000,224.562,75.313,50.097,0.000,0.000,75.313,0
107.100,450.000,150.000,224.687,75.187,50.097,0.000,0.000,75.187,0
107.200,450.000,150.000,224.813,75.062,50.097,0.000,0.000,75.062,0
107.300,450.000,150.000,224.938,74.937,50.097,0.000,0.000,74.937,0
107.400,450.000,150.000,225.063,74.813,50.096,0.000,0.000,74.813,0
107.500,450.000,150.000,225.187,74.688,50.096,0.000,0.000,74.688,0
107.600,450.000,150.000,225.312,74.564,50.096,0.000,0.000,74.564,0
107.700,450.000,150.000,225.436,74.440,50.096,0.000,0.000,74.440,0
107.800,450.000,150.000,225.560,74.316,50.096,0.000,0.000,74.316,0
107.900,450.000,150.000,225.684,74.192,50.095,0.000,0.000,74.192,0
108.000,450.000,150.000,225.808,74.069,50.095,0.000,0.000,74.069,0
108.100,450.000,150.000,225.931,73.946,50.095,0.000,0.000,73.946,0
108.200,450.000,150.000,226.054,73.823,50.095,0.000,0.000,73.823,0
108.300,450.000,150.000,226.177,73.700,50.095,0.000,0.000,73.700,0
108.400,450.000,150.000,226.300,73.577,50.094,0.000,0.000,73.577,0
108.500,450.000,150.000,226.423,73.455,50.094,0.000,0.000,73.455,0
108.600,450.000,150.000,226.545,73.332,50.094,0.000,0.000,73.332,0
108.700,450.000,150.000,226.668,73.210,50.094,0.000,0.000,73.210,0
108.800,450.000,150.000,226.790,73.089,50.094,0.000,0.000,73.089,0
108.900,450.000,150.000,226.911,72.967,50.093,0.000,0.000,72.967,0
109.000,450.000,150.000,227.033,72.846,50.093,0.000,0.000,72.846,0
109.100,450.000,150.000,227.154,72.724,50.093,0.000,0.000,72.724,0
109.200,450.000,150.000,227.276,72.603,50.093,0.000,0.000,72.603,0
109.300,450.000,150.000,227.397,72.483,50.093,0.000,0.000,72.483,0
109.400,450.000,150.000,227.517,72.362,50.092,0.000,0.000,72.362,0
109.500,450.000,150.000,227.638,72.242,50.092,0.000,0.000,72.242,0
109.600,450.000,150.000,227.758,72.121,50.092,0.000,0.000,72.121,0
109.700,450.000,150.000,227.879,72.001,50.092,0.000,0.000,72.001,0
109.800,450.000,150.000,227.999,71.882,50.092,0.000,0.000,71.882,0
109.900,450.000,150.000,228.118,71.762,50.091,0.000,0.000,71.762,0
110.000,450.000,150.000,228.238,71.643,50.091,0.000,0.000,71.643,0
110.100,450.000,150.000,228.357,71.523,50.091,0.000,0.000,71.523,0
110.200,450.000,150.000,228.477,71.404,50.091,0.000,0.000,71.404,0
110.300,450.000,150.000,228.596,71.286,50.091,0.000,0.000,71.286,0
110.400,450.000,150.000,228.714,71.167,50.090,0.000,0.000,71.167,0
110.500,450.000,150.000,228.833,71.049,50.090,0.000,0.000,71.049,0
110.600,450.000,150.000,228.951,70.930,50.090,0.000,0.000,70.930,0
110.700,450.000,150.000,229.070,70.812,50.090,0.000,0.000,70.812,0
110.800,450.000,150.000,229.188,70.694,50.090,0.000,0.000,70.694,0
110.900,450.000,150.000,229.306,70.577,50.089,0.000,0.000,70.577,0
111.000,450.000,150.000,229.423,70.459,50.089,0.000,0.000,70.459,0
111.100,450.000,150.000,229.541,70.342,50.089,0.000,0.000,70.342,0
111.200,450.000,150.000,229.658,70.225,50.089,0.000,0.000,70.225,0
111.300,450.000,150.000,229.775,70.108,50.089,0.000,0.000,70.108,0
111.400,450.000,150.000,229.892,69.992,50.088,0.000,0.000,69.992,0
111.500,450.000,150.000,230.008,69.875,50.088,0.000,0.000,69.875,0
111.600,450.000,150.000,230.125,69.759,50.088,0.000,0.000,69.759,0
111.700,450.000,150.000,230.241,69.643,50.088,0.000,0.000,69.643,0
111.800,450.000,150.000,230.357,69.527,50.088,0.000,0.000,69.527,0
111.900,450.000,150.000,230.473,69.411,50.087,0.000,0.000,69.411,0
112.000,450.000,150.000,230.589,69.296,50.087,0.000,0.000,69.296,0
112.100,450.000,150.000,230.704,69.180,50.087,0.000,0.000,69.180,0
112.200,450.000,150.000,230.820,69.065,50.087,0.000,0.000,69.065,0
112.300,450.000,150.000,230.935,68.950,50.087,0.000,0.000,68.950,0
112.400,450.000,150.000,231.050,68.836,50.086,0.000,0.000,68.836,0
112.500,450.000,150.000,231.164,68.721,50.086,0.000,0.000,68.721,0
112.600,450.000,150.000,231.279,68.607,50.086,0.000,0.000,68.607,0
112.700,450.000,150.000,231.393,68.493,50.086,0.000,0.000,68.493,0
112.800,450.000,150.000,231.507,68.379,50.086,0.000,0.000,68.379,0
112.900,450.000,150.000,231.621,68.265,50.086,0.000,0.000,68.265,0
113.000,450.000,150.000,231.735,68.151,50.085,0.000,0.000,68.151,0
113.100,450.000,150.000,231.849,68.038,50.085,0.000,0.000,68.038,0
113.200,450.000,150.000,231.962,67.925,50.085,0.000,0.000,67.925,0
113.300,450.000,150.000,232.075,67.812,50.085,0.000,0.000,67.812,0
113.400,450.000,150.000,232.188,67.699,50.085,0.000,0.000,67.699,0
113.500,450.000,150.000,232.301,67.586,50.084,0.000,0.000,67.586,0
113.600,450.000,150.000,232.414,67.474,50.084,0.000,0.000,67.474,0
113.700,450.000,150.000,232.526,67.362,50.084,0.000,0.000,67.362,0
113.800,450.000,150.000,232.638,67.249,50.084,0.000,0.000,67.249,0
113.900,450.000,150.000,232.751,67.138,50.084,0.000,0.000,67.138,0
114.000,450.000,150.000,232.862,67.026,50.083,0.000,0.000,67.026,0
114.100,450.000,150.000,232.974,66.914,50.083,0.000,0.000,66.914,0
114.200,450.000,150.000,233.086,66.803,50.083,0.000,0.000,66.803,0
114.300,450.000,150.000,233.197,66.692,50.083,0.000,0.000,66.692,0
114.400,450.000,150.000,233.308,66.581,50.083,0.000,0.000,66.581,0
114.500,450.000,150.000,233.419,66.470,50.083,0.000,0.000,66.470,0
114.600,450.000,150.000,233.530,66.360,50.082,0.000,0.000,66.360,0
114.700,450.000,150.000,233.640,66.249,50.082,0.000,0.000,66.249,0
114.800,450.000,150.000,233.751,66.139,50.082,0.000,0.000,66.139,0
114.900,450.000,150.000,233.861,66.029,50.082,0.000,0.000,66.029,0
115.000,450.000,150.000,233.971,65.919,50.082,0.000,0.000,65.919,0
115.100,450.000,150.000,234.081,65.809,50.081,0.000,0.000,65.809,0
115.200,450.000,150.000,234.191,65.700,50.081,0.000,0.000,65.700,0
115.300,450.000,150.000,234.300,65.590,50.081,0.000,0.000,65.590,0
115.400,450.000,150.000,234.410,65.481,50.081,0.000,0.000,65.481,0
115.500,450.000,150.000,234.519,65.372,50.081,0.000,0.000,65.372,0
115.600,450.000,150.000,234.628,65.264,50.081,0.000,0.000,65.264,0
115.700,450.000,150.000,234.736,65.155,50.080,0.000,0.000,65.155,0
115.800,450.000,150.000,234.845,65.047,50.080,0.000,0.000,65.047,0
115.900,450.000,150.000,234.953,64.938,50.080,0.000,0.000,64.938,0
116.000,450.000,150.000,235.062,64.830,50.080,0.000,0.000,64.830,0
116.100,450.000,150.000,235.170,64.722,50.080,0.000,0.000,64.722,0
116.200,450.000,150.000,235.278,64.615,50.079,0.000,0.000,64.615,0
116.300,450.000,150.000,235.385,64.507,50.079,0.000,0.000,64.507,0
116.400,450.000,150.000,235.493,64.400,50.079,0.000,0.000,64.400,0
116.500,450.000,150.000,235.600,64.293,50.079,0.000,0.000,64.293,0
116.600,450.000,150.000,235.707,64.186,50.079,0.000,0.000,64.186,0
116.700,450.000,150.000,235.814,64.079,50.079,0.000,0.000,64.079,0
116.800,450.000,150.000,235.921,63.972,50.078,0.000,0.000,63.972,0
116.900,450.000,150.000,236.028,63.866,50.078,0.000,0.000,63.866,0
117.000,450.000,150.000,236.134,63.760,50.078,0.000,0.000,63.760,0
117.100,450.000,150.000,236.240,63.654,50.078,0.000,0.000,63.654,0
117.200,450.000,150.000,236.346,63.548,50.078,0.000,0.000,63.548,0
117.300,450.000,150.000,236.452,63.442,50.078,0.000,0.000,63.442,0
117.400,450.000,150.000,236.558,63.336,50.077,0.000,0.000,63.336,0
117.500,450.000,150.000,236.664,63.231,50.077,0.000,0.000,63.231,0
117.600,450.000,150.000,236.769,63.126,50.077,0.000,0.000,63.126,0
117.700,450.000,150.000,236.874,63.021,50.077,0.000,0.000,63.021,0
117.800,450.000,150.000,236.979,62.916,50.077,0.000,0.000,62.916,0
117.900,450.000,150.000,237.084,62.811,50.076,0.000,0.000,62.811,0
118.000,450.000,150.000,237.189,62.707,50.076,0.000,0.000,62.707,0
118.100,450.000,150.000,237.293,62.602,50.076,0.000,0.000,62.602,0
118.200,450.000,150.000,237.398,62.498,50.076,0.000,0.000,62.498,0
118.300,450.000,150.000,237.502,62.394,50.076,0.000,0.000,62.394,0
118.400,450.000,150.000,237.606,62.290,50.076,0.000,0.000,62.290,0
118.500,450.000,150.000,237.710,62.187,50.075,0.000,0.000,62.187,0
118.600,450.000,150.000,237.813,62.083,50.075,0.000,0.000,62.083,0
118.700,450.000,150.000,237.917,61.980,50.075,0.000,0.000,61.980,0
118.800,450.000,150.000,238.020,61.877,50.075,0.000,0.000,61.877,0
118.900,450.000,150.000,238.123,61.774,50.075,0.000,0.000,61.774,0
119.000,450.000,150.000,238.226,61.671,50.075,0.000,0.000,61.671,0
119.100,450.000,150.000,238.329,61.568,50.074,0.000,0.000,61.568,0
119.200,450.000,150.000,238.432,61.466,50.074,0.000,0.000,61.466,0
119.300,450.000,150.000,238.534,61.364,50.074,0.000,0.000,61.364,0
119.400,450.000,150.000,238.636,61.262,50.074,0.000,0.000,61.262,0
119.500,450.000,150.000,238.738,61.160,50.074,0.000,0.000,61.160,0
119.600,450.000,150.000,238.840,61.058,50.074,0.000,0.000,61.058,0
119.700,450.000,150.000,238.942,60.956,50.073,0.000,0.000,60.956,0
119.800,450.000,150.000,239.044,60.855,50.073,0.000,0.000,60.855,0
119.900,450.000,150.000,239.145,60.754,50.073,0.000,0.000,60.754,0
120.000,450.000,150.000,239.246,60.653,50.073,0.000,0.000,60.653,0
120.100,450.000,150.000,239.347,60.552,50.073,0.000,0.000,60.552,0
120.200,450.000,150.000,239.448,60.451,50.073,0.000,0.000,60.451,0
120.300,450.000,150.000,239.549,60.350,50.072,0.000,0.000,60.350,0
120.400,450.000,150.000,239.650,60.250,50.072,0.000,0.000,60.250,0
120.500,450.000,150.000,239.750,60.150,50.072,0.000,0.000,60.150,0
120.600,450.000,150.000,239.850,60.050,50.072,0.000,0.000,60.050,0
120.700,450.000,150.000,239.950,59.950,50.072,0.000,0.000,59.950,0
120.800,450.000,150.000,240.050,59.850,50.072,0.000,0.000,59.850,0
120.900,450.000,150.000,240.150,59.750,50.071,0.000,0.000,59.750,0
121.000,450.000,150.000,240.250,59.651,50.071,0.000,0.000,59.651,0
121.100,450.000,150.000,240.349,59.552,50.071,0.000,0.000,59.552,0
121.200,450.000,150.000,240.448,59.453,50.071,0.000,0.000,59.453,0
121.300,450.000,150.000,240.547,59.354,50.071,0.000,0.000,59.354,0
121.400,450.000,150.000,240.646,59.255,50.071,0.000,0.000,59.255,0
121.500,450.000,150.000,240.745,59.156,50.070,0.000,0.000,59.156,0
121.600,450.000,150.000,240.844,59.058,50.070,0.000,0.000,59.058,0
121.700,450.000,150.000,240.942,58.960,50.070,0.000,0.000,58.960,0
121.800,450.000,150.000,241.040,58.861,50.070,0.000,0.000,58.861,0
121.900,450.000,150.000,241.139,58.764,50.070,0.000,0.000,58.764,0
122.000,450.000,150.000,241.236,58.666,50.070,0.000,0.000,58.666,0
122.100,450.000,150.000,241.334,58.568,50.069,0.000,0.000,58.568,0
122.200,450.000,150.000,241.432,58.471,50.069,0.000,0.000,58.471,0
122.300,450.000,150.000,241.529,58.373,50.069,0.000,0.000,58.373,0
122.400,450.000,150.000,241.627,58.276,50.069,0.000,0.000,58.276,0
122.500,450.000,150.000,241.724,58.179,50.069,0.000,0.000,58.179,0
122.600,450.000,150.000,241.821,58.083,50.069,0.000,0.000,58.083,0
122.700,450.000,150.000,241.917,57.986,50.068,0.000,0.000,57.986,0
122.800,450.000,150.000,242.014,57.889,50.068,0.000,0.000,57.889,0
122.900,450.000,150.000,242.111,57.793,50.068,0.000,0.000,57.793,0
123.000,450.000,150.000,242.207,57.697,50.068,0.000,0.000,57.697,0
123.100,450.000,150.000,242.303,57.601,50.068,0.000,0.000,57.601,0
123.200,450.000,150.000,242.399,57.505,50.068,0.000,0.000,57.505,0
123.300,450.000,150.000,242.495,57.409,50.067,0.000,0.000,57.409,0
123.400,450.000,150.000,242.591,57.314,50.067,0.000,0.000,57.314,0
123.500,450.000,150.000,242.686,57.218,50.067,0.000,0.000,57.218,0
123.600,450.000,150.000,242.782,57.123,50.067,0.000,0.000,57.123,0
123.700,450.000,150.000,242.877,57.028,50.067,0.000,0.000,57.028,0
123.800,450.000,150.000,242.972,56.933,50.067,0.000,0.000,56.933,0
123.900,450.000,150.000,243.067,56.839,50.066,0.000,0.000,56.839,0
124.000,450.000,150.000,243.161,56.744,50.066,0.000,0.000,56.744,0
124.100,450.000,150.000,243.256,56.650,50.066,0.000,0.000,56.650,0
124.200,450.000,150.000,243.350,56.555,50.066,0.000,0.000,56.555,0
124.300,450.000,150.000,243.445,56.461,50.066,0.000,0.000,56.461,0
124.400,450.000,150.000,243.539,56.367,50.066,0.000,0.000,56.367,0
124.500,450.000,150.000,243.633,56.274,50.066,0.000,0.000,56.274,0
124.600,450.000,150.000,243.726,56.180,50.065,0.000,0.000,56.180,0
124.700,450.000,150.000,243.820,56.086,50.065,0.000,0.000,56.086,0
124.800,450.000,150.000,243.914,55.993,50.065,0.000,0.000,55.993,0
124.900,450.000,150.000,244.007,55.900,50.065,0.000,0.000,55.900,0
125.000,450.000,150.000,244.100,55.807,50.065,0.000,0.000,55.807,0
125.100,450.000,150.000,244.193,55.714,50.065,0.000,0.000,55.714,0
125.200,450.000,150.000,244.286,55.621,50.064,0.000,0.000,55.621,0
125.300,450.000,150.000,244.379,55.529,50.064,0.000,0.000,55.529,0
125.400,450.000,150.000,244.471,55.436,50.064,0.000,0.000,55.436,0
125.500,450.000,150.000,244.564,55.344,50.064,0.000,0.000,55.344,0
125.600,450.000,150.000,244.656,55.252,50.064,0.000,0.000,55.252,0
125.700,450.000,150.000,244.748,55.160,50.064,0.000,0.000,55.160,0
125.800,450.000,150.000,244.840,55.068,50.064,0.000,0.000,55.068,0
125.900,450.000,150.000,244.932,54.977,50.063,0.000,0.000,54.977,0
126.000,450.000,150.000,245.023,54.885,50.063,0.000,0.000,54.885,0
126.100,450.000,150.000,245.115,54.794,50.063,0.000,0.000,54.794,0
126.200,450.000,150.000,245.206,54.703,50.063,0.000,0.000,54.703,0
126.300,450.000,150.000,245.297,54.612,50.063,0.000,0.000,54.612,0
126.400,450.000,150.000,245.388,54.521,50.063,0.000,0.000,54.521,0
126.500,450.000,150.000,245.479,54.430,50.062,0.000,0.000,54.430,0
126.600,450.000,150.000,245.570,54.340,50.062,0.000,0.000,54.340,0
126.700,450.000,150.000,245.660,54.249,50.062,0.000,0.000,54.249,0
126.800,450.000,150.000,245.751,54.159,50.062,0.000,0.000,54.159,0
126.900,450.000,150.000,245.841,54.069,50.062,0.000,0.000,54.069,0
127.000,450.000,150.000,245.931,53.979,50.062,0.000,0.000,53.979,0
127.100,450.000,150.000,246.021,53.889,50.062,0.000,0.000,53.889,0
127.200,450.000,150.000,246.111,53.799,50.061,0.000,0.000,53.799,0
127.300,450.000,150.000,246.201,53.710,50.061,0.000,0.000,53.710,0
127.400,450.000,150.000,246.290,53.620,50.061,0.000,0.000,53.620,0
127.500,450.000,150.000,246.380,53.531,50.061,0.000,0.000,53.531,0
127.600,450.000,150.000,246.469,53.442,50.061,0.000,0.000,53.442,0
127.700,450.000,150.000,246.558,53.353,50.061,0.000,0.000,53.353,0
127.800,450.000,150.000,246.647,53.265,50.061,0.000,0.000,53.265,0
127.900,450.000,150.000,246.735,53.176,50.060,0.000,0.000,53.176,0
128.000,450.000,150.000,246.824,53.087,50.060,0.000,0.000,53.087,0
128.100,450.000,150.000,246.913,52.999,50.060,0.000,0.000,52.999,0
128.200,450.000,150.000,247.001,52.911,50.060,0.000,0.000,52.911,0
128.300,450.000,150.000,247.089,52.823,50.060,0.000,0.000,52.823,0
128.400,450.000,150.000,247.177,52.735,50.060,0.000,0.000,52.735,0
128.500,450.000,150.000,247.265,52.647,50.060,0.000,0.000,52.647,0
128.600,450.000,150.000,247.353,52.560,50.059,0.000,0.000,52.560,0
128.700,450.000,150.000,247.440,52.472,50.059,0.000,0.000,52.472,0
128.800,450.000,150.000,247.528,52.385,50.059,0.000,0.000,52.385,0
128.900,450.000,150.000,247.615,52.298,50.059,0.000,0.000,52.298,0
129.000,450.000,150.000,247.702,52.211,50.059,0.000,0.000,52.211,0
129.100,450.000,150.000,247.789,52.124,50.059,0.000,0.000,52.124,0
129.200,450.000,150.000,247.876,52.037,50.058,0.000,0.000,52.037,0
129.300,450.000,150.000,247.963,51.950,50.058,0.000,0.000,51.950,0
129.400,450.000,150.000,248.050,51.864,50.058,0.000,0.000,51.864,0
129.500,450.000,150.000,248.136,51.778,50.058,0.000,0.000,51.778,0
129.600,450.000,150.000,248.222,51.692,50.058,0.000,0.000,51.692,0
129.700,450.000,150.000,248.308,51.606,50.058,0.000,0.000,51.606,0
129.800,450.000,150.000,248.394,51.520,50.058,0.000,0.000,51.520,0
129.900,450.000,150.000,248.480,51.434,50.057,0.000,0.000,51.434,0
130.000,450.000,150.000,248.566,51.348,50.057,0.000,0.000,51.348,0
130.100,450.000,150.000,248.652,51.263,50.057,0.000,0.000,51.263,0
130.200,450.000,150.000,248.737,51.178,50.057,0.000,0.000,51.178,0
130.300,450.000,150.000,248.822,51.093,50.057,0.000,0.000,51.093,0
130.400,450.000,150.000,248.907,51.008,50.057,0.000,0.000,51.008,0
130.500,450.000,150.000,248.992,50.923,50.057,0.000,0.000,50.923,0
130.600,450.000,150.000,249.077,50.838,50.056,0.000,0.000,50.838,0
130.700,450.000,150.000,249.162,50.753,50.056,0.000,0.000,50.753,0
130.800,450.000,150.000,249.247,50.669,50.056,0.000,0.000,50.669,0
130.900,450.000,150.000,249.331,50.585,50.056,0.000,0.000,50.585,0
131.000,450.000,150.000,249.415,50.500,50.056,0.000,0.000,50.500,0
131.100,450.000,150.000,249.500,50.416,50.056,0.000,0.000,50.416,0
131.200,450.000,150.000,249.584,50.332,50.056,0.000,0.000,50.332,0
131.300,450.000,150.000,249.668,50.249,50.056,0.000,0.000,50.249,0
131.400,450.000,150.000,249.751,50.165,50.055,0.000,0.000,50.165,0
131.500,450.000,150.000,249.835,50.082,50.055,0.000,0.000,50.082,0
131.600,450.000,150.000,249.918,49.998,50.055,0.000,0.000,49.998,0
131.700,450.000,150.000,250.002,49.915,50.055,0.000,0.000,49.915,0
131.800,450.000,150.000,250.085,49.832,50.055,0.000,0.000,49.832,0
131.900,450.000,150.000,250.168,49.749,50.055,0.000,0.000,49.749,0
132.000,450.000,150.000,250.251,49.666,50.055,0.000,0.000,49.666,0
132.100,450.000,150.000,250.334,49.584,50.054,0.000,0.000,49.584,0
132.200,450.000,150.000,250.416,49.501,50.054,0.000,0.000,49.501,0
132.300,450.000,150.000,250.499,49.419,50.054,0.000,0.000,49.419,0
132.400,450.000,150.000,250.581,49.337,50.054,0.000,0.000,49.337,0
132.500,450.000,150.000,250.663,49.255,50.054,0.000,0.000,49.255,0
132.600,450.000,150.000,250.745,49.173,50.054,0.000,0.000,49.173,0
132.700,450.000,150.000,250.827,49.091,50.054,0.000,0.000,49.091,0
132.800,450.000,150.000,250.909,49.009,50.053,0.000,0.000,49.009,0
132.900,450.000,150.000,250.991,48.928,50.053,0.000,0.000,48.928,0
133.000,450.000,150.000,251.072,48.846,50.053,0.000,0.000,48.846,0
133.100,450.000,150.000,251.154,48.765,50.053,0.000,0.000,48.765,0
133.200,450.000,150.000,251.235,48.684,50.053,0.000,0.000,48.684,0
133.300,450.000,150.000,251.316,48.603,50.053,0.000,0.000,48.603,0
133.400,450.000,150.000,251.397,48.522,50.053,0.000,0.000,48.522,0
133.500,450.000,150.000,251.478,48.441,50.053,0.000,0.000,48.441,0
133.600,450.000,150.000,251.559,48.361,50.052,0.000,0.000,48.361,0
133.700,450.000,150.000,251.639,48.280,50.052,0.000,0.000,48.280,0
133.800,450.000,150.000,251.720,48.200,50.052,0.000,0.000,48.200,0
133.900,450.000,150.000,251.800,48.120,50.052,0.000,0.000,48.120,0
134.000,450.000,150.000,251.880,48.039,50.052,0.000,0.000,48.039,0
134.100,450.000,150.000,251.961,47.960,50.052,0.000,0.000,47.960,0
134.200,450.000,150.000,252.040,47.880,50.052,0.000,0.000,47.880,0
134.300,450.000,150.000,252.120,47.800,50.051,0.000,0.000,47.800,0
134.400,450.000,150.000,252.200,47.721,50.051,0.000,0.000,47.721,0
134.500,450.000,150.000,252.279,47.641,50.051,0.000,0.000,47.641,0
134.600,450.000,150.000,252.359,47.562,50.051,0.000,0.000,47.562,0
134.700,450.000,150.000,252.438,47.483,50.051,0.000,0.000,47.483,0
134.800,450.000,150.000,252.517,47.404,50.051,0.000,0.000,47.404,0
134.900,450.000,150.000,252.596,47.325,50.051,0.000,0.000,47.325,0
135.000,450.000,150.000,252.675,47.246,50.051,0.000,0.000,47.246,0
135.100,450.000,150.000,252.754,47.167,50.050,0.000,0.000,47.167,0
135.200,450.000,150.000,252.833,47.089,50.050,0.000,0.000,47.089,0
135.300,450.000,150.000,252.911,47.011,50.050,0.000,0.000,47.011,0
135.400,450.000,150.000,252.989,46.932,50.050,0.000,0.000,46.932,0
135.500,450.000,150.000,253.068,46.854,50.050,0.000,0.000,46.854,0
135.600,450.000,150.000,253.146,46.776,50.050,0.000,0.000,46.776,0
135.700,450.000,150.000,253.224,46.699,50.050,0.000,0.000,46.699,0
135.800,450.000,150.000,253.301,46.621,50.049,0.000,0.000,46.621,0
135.900,450.000,150.000,253.379,46.543,50.049,0.000,0.000,46.543,0
136.000,450.000,150.000,253.457,46.466,50.049,0.000,0.000,46.466,0
136.100,450.000,150.000,253.534,46.389,50.049,0.000,0.000,46.389,0
136.200,450.000,150.000,253.611,46.311,50.049,0.000,0.000,46.311,0
136.300,450.000,150.000,253.689,46.234,50.049,0.000,0.000,46.234,0
136.400,450.000,150.000,253.766,46.157,50.049,0.000,0.000,46.157,0
136.500,450.000,150.000,253.843,46.081,50.049,0.000,0.000,46.081,0
136.600,450.000,150.000,253.919,46.004,50.048,0.000,0.000,46.004,0
136.700,450.000,150.000,253.996,45.927,50.048,0.000,0.000,45.927,0
136.800,450.000,150.000,254.073,45.851,50.048,0.000,0.000,45.851,0
136.900,450.000,150.000,254.149,45.775,50.048,0.000,0.138,45.775,0
137.000,450.000,150.000,254.225,45.698,50.048,0.000,0.307,45.698,0
137.100,450.000,150.000,254.302,45.622,50.048,0.000,0.481,45.622,0
137.200,450.000,150.000,254.378,45.547,50.048,0.000,0.658,45.547,0
137.300,450.000,150.000,254.453,45.471,50.048,0.000,0.839,45.471,0
137.400,450.000,150.000,254.529,45.395,50.047,0.000,1.024,45.395,0
137.500,450.000,150.000,254.605,45.320,50.047,0.000,1.213,45.320,0
137.600,450.000,150.000,254.680,45.244,50.047,0.000,1.406,45.244,0
137.700,450.000,150.000,254.756,45.169,50.047,0.000,1.603,45.169,0
137.800,450.000,150.000,254.831,45.094,50.047,0.000,1.803,45.094,0
137.900,450.000,150.000,254.906,45.019,50.047,0.000,2.007,45.019,0
138.000,450.000,150.000,254.981,44.944,50.047,0.000,2.215,44.944,0
138.100,450.000,150.000,255.056,44.869,50.047,0.000,2.427,44.869,0
138.200,450.000,150.000,255.131,44.794,50.046,0.000,2.643,44.794,0
138.300,450.000,150.000,255.206,44.720,50.046,0.000,2.862,44.720,0
138.400,450.000,150.000,255.280,44.645,50.046,0.000,3.086,44.645,0
138.500,450.000,150.000,255.355,44.571,50.046,0.000,3.313,44.571,0
138.600,450.000,150.000,255.429,44.497,50.046,0.000,3.544,44.497,0
138.700,450.000,150.000,255.503,44.423,50.046,0.000,3.778,44.423,0
138.800,450.000,150.000,255.577,44.349,50.046,0.000,4.017,44.349,0
138.900,450.000,150.000,255.651,44.275,50.046,0.000,4.259,44.275,0
139.000,450.000,150.000,255.725,44.202,50.045,0.000,4.505,44.202,0
139.100,450.000,150.000,255.798,44.128,50.045,0.000,4.755,44.128,0
139.200,450.000,150.000,255.872,44.055,50.045,0.000,5.008,44.055,0
139.300,450.000,150.000,255.945,43.981,50.045,0.000,5.265,43.981,0
139.400,450.000,150.000,256.019,43.908,50.045,0.000,5.526,43.908,0
139.500,450.000,150.000,256.092,43.835,50.045,0.000,5.791,43.835,0
139.600,450.000,150.000,256.165,43.762,50.045,0.000,6.059,43.762,0
139.700,450.000,150.000,256.238,43.689,50.045,0.000,6.331,43.689,0
139.800,450.000,150.000,256.311,43.617,50.044,0.000,6.607,43.617,0
139.900,450.000,150.000,256.383,43.544,50.044,0.000,6.886,43.544,0
140.000,450.000,150.000,256.456,43.472,50.044,0.000,7.169,43.472,0
140.100,450.000,150.000,256.528,43.399,50.044,0.000,7.456,43.399,0
140.200,450.000,150.000,256.601,43.327,50.044,0.000,7.747,43.327,0
140.300,450.000,150.000,256.673,43.255,50.044,0.000,8.041,43.255,0
140.400,450.000,150.000,256.745,43.183,50.044,0.000,8.339,43.183,0
140.500,450.000,150.000,256.817,43.111,50.044,0.000,8.640,43.111,0
140.600,450.000,150.000,256.889,43.039,50.043,0.000,8.946,43.039,0
140.700,450.000,150.000,256.961,42.968,50.043,0.000,9.255,42.968,0
140.800,450.000,150.000,257.032,42.896,50.043,0.000,9.567,42.896,0
140.900,450.000,150.000,257.104,42.825,50.043,0.000,9.883,42.825,0
141.000,450.000,150.000,257.175,42.754,50.043,0.000,10.203,42.754,0
141.100,450.000,150.000,257.246,42.682,50.043,0.000,10.526,42.682,0
141.200,450.000,150.000,257.318,32.682,50.043,0.000,10.853,42.611,2
141.300,450.000,150.000,267.318,22.682,50.043,0.000,11.184,42.541,2
141.400,450.000,150.000,277.318,12.682,50.043,0.000,11.717,42.470,2
141.500,450.000,150.000,287.318,12.457,50.043,0.000,12.457,42.399,2
141.600,450.000,150.000,287.543,13.409,50.043,0.000,13.409,42.329,2
141.700,450.000,150.000,286.591,14.383,50.043,0.000,14.383,42.258,2
141.800,450.000,150.000,285.617,15.354,50.043,0.000,15.354,42.188,2
141.900,450.000,150.000,284.646,16.323,50.043,0.000,16.323,42.118,2
142.000,450.000,150.000,283.677,17.289,50.042,0.000,17.289,42.048,2
142.100,450.000,150.000,282.711,18.251,50.042,0.000,18.251,41.978,2
142.200,450.000,150.000,281.749,19.208,50.042,0.000,19.208,41.908,2
142.300,450.000,150.000,280.792,20.161,50.042,0.000,20.161,41.838,2
142.400,450.000,150.000,279.839,21.109,50.042,0.000,21.109,41.768,2
142.500,450.000,150.000,278.891,22.051,50.042,0.000,22.051,41.699,2
142.600,450.000,150.000,277.949,22.987,50.042,0.000,22.987,41.629,2
142.700,450.000,150.000,277.013,23.917,50.042,0.000,23.917,41.560,2
142.800,450.000,150.000,276.083,24.840,50.042,0.000,24.840,41.491,2
142.900,450.000,150.000,275.160,25.756,50.042,0.000,25.756,41.422,2
143.000,450.000,150.000,274.244,26.664,50.042,0.000,26.664,41.353,2
143.100,450.000,150.000,273.336,27.565,50.042,0.000,27.565,41.284,2
143.200,450.000,150.000,272.435,28.457,50.042,0.000,28.457,41.216,2
143.300,450.000,150.000,271.543,29.341,50.042,0.000,29.341,41.147,2
143.400,450.000,150.000,270.659,30.216,50.042,0.000,30.216,41.079,2
143.500,450.000,150.000,269.784,31.082,50.041,0.000,31.082,41.010,2
143.600,450.000,150.000,268.918,31.938,50.041,0.000,31.938,40.942,2
143.700,450.000,150.000,268.062,32.784,50.041,0.000,32.784,40.874,2
143.800,450.000,150.000,267.216,33.621,50.041,0.000,33.621,40.806,2
143.900,450.000,150.000,266.379,34.447,50.041,0.000,34.447,40.738,2
144.000,450.000,150.000,265.553,35.262,50.041,0.000,35.262,40.670,2
144.100,450.000,150.000,264.738,36.067,50.041,0.000,36.067,40.603,2
144.200,450.000,150.000,263.933,36.861,50.041,0.000,36.861,40.535,2
144.300,450.000,150.000,263.139,37.643,50.041,0.000,37.643,40.467,2
144.400,450.000,150.000,262.357,38.414,50.041,0.000,38.414,40.400,2
144.500,450.000,150.000,261.586,39.173,50.040,0.000,39.173,40.333,2
144.600,450.000,150.000,260.827,39.920,50.040,0.000,39.920,40.266,2
144.700,450.000,150.000,260.080,40.655,50.040,0.000,40.655,40.199,2
144.800,450.000,150.000,259.345,41.378,50.040,0.000,41.378,40.132,2
144.900,450.000,150.000,258.622,42.088,50.040,0.000,42.088,40.065,2
145.000,450.000,150.000,257.912,42.785,50.040,0.000,42.785,39.999,2
145.100,450.000,150.000,257.215,43.470,50.040,0.000,43.470,39.932,2
145.200,450.000,150.000,256.530,44.142,50.040,0.000,44.142,39.866,2
145.300,450.000,150.000,255.858,44.801,50.040,0.000,44.801,39.799,2
145.400,450.000,150.000,255.199,45.447,50.039,0.000,45.447,39.733,2
145.500,450.000,150.000,254.553,46.079,50.039,0.000,46.079,39.667,2
145.600,450.000,150.000,253.921,46.698,50.039,0.000,46.698,39.601,2
145.700,450.000,150.000,253.302,47.304,50.039,0.000,47.304,39.535,2
145.800,450.000,150.000,252.696,47.896,50.039,0.000,47.896,39.469,2
145.900,450.000,150.000,252.104,48.475,50.039,0.000,48.475,39.403,2
146.000,450.000,150.000,251.525,49.039,50.039,0.000,49.039,39.338,2
146.100,450.000,150.000,250.961,49.590,50.038,0.000,49.590,39.272,2
146.200,450.000,150.000,250.410,50.127,50.038,0.000,50.127,39.207,2
146.300,450.000,150.000,249.873,50.651,50.038,0.000,50.651,39.142,2
146.400,450.000,150.000,249.349,51.160,50.038,0.000,51.160,39.077,2
146.500,450.000,150.000,248.840,51.656,50.038,0.000,51.656,39.012,2
146.600,450.000,150.000,248.344,52.137,50.038,0.000,52.137,38.947,2
146.700,450.000,150.000,247.863,52.605,50.038,0.000,52.605,38.882,2
146.800,450.000,150.000,247.395,53.059,50.037,0.000,53.059,38.817,2
146.900,450.000,150.000,246.941,53.498,50.037,0.000,53.498,38.753,2
147.000,450.000,150.000,246.502,53.924,50.037,0.000,53.924,38.688,2
147.100,450.000,150.000,246.076,54.336,50.037,0.000,54.336,38.624,2
147.200,450.000,150.000,245.664,54.734,50.037,0.000,54.734,38.560,2
147.300,450.000,150.000,245.266,55.118,50.037,0.000,55.118,38.495,2
147.400,450.000,150.000,244.882,55.488,50.037,0.000,55.488,38.431,2
147.500,450.000,150.000,244.512,55.845,50.036,0.000,55.845,38.367,2
147.600,450.000,150.000,244.155,56.188,50.036,0.000,56.188,38.304,2
147.700,450.000,150.000,243.812,56.517,50.036,0.000,56.517,38.240,2
147.800,450.000,150.000,243.483,56.832,50.036,0.000,56.832,38.176,2
147.900,450.000,150.000,243.168,57.134,50.036,0.000,57.134,38.113,2
148.000,450.000,150.000,242.866,57.422,50.036,0.000,57.422,38.049,2
148.100,450.000,150.000,242.578,57.697,50.035,0.000,57.697,37.986,2
148.200,450.000,150.000,242.303,57.959,50.035,0.000,57.959,37.923,2
148.300,450.000,150.000,242.041,58.207,50.035,0.000,58.207,37.860,2
148.400,450.000,150.000,241.793,58.443,50.035,0.000,58.443,37.797,2
148.500,450.000,150.000,241.557,58.665,50.035,0.000,58.665,37.734,2
148.600,450.000,150.000,241.335,58.874,50.035,0.000,58.874,37.671,2
148.700,450.000,150.000,241.126,59.071,50.034,0.000,59.071,37.608,2
148.800,450.000,150.000,240.929,59.254,50.034,0.000,59.254,37.546,2
148.900,450.000,150.000,240.746,59.425,50.034,0.000,59.425,37.483,2
149.000,450.000,150.000,240.575,59.584,50.034,0.000,59.584,37.421,2
149.100,450.000,150.000,240.416,59.730,50.034,0.000,59.730,37.359,2
149.200,450.000,150.000,240.270,59.865,50.034,0.000,59.865,37.297,2
149.300,450.000,150.000,240.135,59.987,50.033,0.000,59.987,37.234,2
149.400,450.000,150.000,240.013,60.097,50.033,0.000,60.097,37.173,2
149.500,450.000,150.000,239.903,60.195,50.033,0.000,60.195,37.111,2
149.600,450.000,150.000,239.805,60.281,50.033,0.000,60.281,37.049,2
149.700,450.000,150.000,239.719,60.356,50.033,0.000,60.356,36.987,2
149.800,450.000,150.000,239.644,60.420,50.033,0.000,60.420,36.926,2
149.900,450.000,150.000,239.580,60.473,50.032,0.000,60.473,36.864,2
150.000,450.000,150.000,239.527,60.514,50.032,0.000,60.514,36.803,2
150.100,450.000,150.000,239.486,60.545,50.032,0.000,60.545,36.742,2
150.200,450.000,150.000,239.455,60.564,50.032,0.000,60.564,36.681,2
150.300,450.000,150.000,239.436,60.573,50.032,0.000,60.573,36.620,2
150.400,450.000,150.000,239.427,60.572,50.032,0.000,60.572,36.559,2
150.500,450.000,150.000,239.428,60.561,50.031,0.000,60.561,36.498,2
150.600,450.000,150.000,239.439,60.539,50.031,0.000,60.539,36.437,2
150.700,450.000,150.000,239.461,60.508,50.031,0.000,60.508,36.376,2
150.800,450.000,150.000,239.492,60.467,50.031,0.000,60.467,36.316,2
150.900,450.000,150.000,239.533,60.416,50.031,0.000,60.416,36.255,2
151.000,450.000,150.000,239.584,60.356,50.031,0.000,60.356,36.195,2
151.100,450.000,150.000,239.644,60.286,50.030,0.000,60.286,36.135,2
151.200,450.000,150.000,239.714,60.208,50.030,0.000,60.208,36.075,2
151.300,450.000,150.000,239.792,60.121,50.030,0.000,60.121,36.015,2
151.400,450.000,150.000,239.879,59.827,50.030,0.000,59.827,35.955,2
151.500,450.000,150.000,240.173,59.320,50.030,0.000,59.320,35.895,2
151.600,450.000,150.000,240.680,58.601,50.030,0.000,58.601,35.835,2
151.700,450.000,150.000,241.399,57.864,50.029,0.000,57.864,35.776,2
151.800,450.000,150.000,242.136,57.137,50.029,0.000,57.137,35.716,2
151.900,450.000,150.000,242.863,56.421,50.029,0.000,56.421,35.657,2
152.000,450.000,150.000,243.579,55.718,50.029,0.000,55.718,35.597,2
152.100,450.000,150.000,244.282,55.027,50.029,0.000,55.027,35.538,2
152.200,450.000,150.000,244.973,54.350,50.029,0.000,54.350,35.479,2
152.300,450.000,150.000,245.650,53.686,50.029,0.000,53.686,35.420,2
152.400,450.000,150.000,246.314,53.037,50.028,0.000,53.037,35.361,2
152.500,450.000,150.000,246.963,52.403,50.028,0.000,52.403,35.302,2
152.600,450.000,150.000,247.597,51.784,50.028,0.000,51.784,35.243,2
152.700,450.000,150.000,248.216,51.180,50.028,0.000,51.180,35.185,2
152.800,450.000,150.000,248.820,50.593,50.028,0.000,50.593,35.126,2
152.900,450.000,150.000,249.407,50.021,50.028,0.000,50.021,35.068,2
153.000,450.000,150.000,249.979,49.466,50.028,0.000,49.466,35.010,2
153.100,450.000,150.000,250.534,48.929,50.027,0.000,48.929,34.951,2
153.200,450.000,150.000,251.071,48.408,50.027,0.000,48.408,34.893,2
153.300,450.000,150.000,251.592,47.904,50.027,0.000,47.904,34.835,2
153.400,450.000,150.000,252.096,47.418,50.027,0.000,47.418,34.777,2
153.500,450.000,150.000,252.582,46.950,50.027,0.000,46.950,34.719,2
153.600,450.000,150.000,253.050,46.500,50.027,0.000,46.500,34.661,2
153.700,450.000,150.000,253.500,46.068,50.027,0.000,46.068,34.604,2
153.800,450.000,150.000,253.932,45.654,50.026,0.000,45.654,34.546,2
153.900,450.000,150.000,254.346,45.259,50.026,0.000,45.259,34.489,2
154.000,450.000,150.000,254.741,44.881,50.026,0.000,44.881,34.431,2
154.100,450.000,150.000,255.119,44.523,50.026,0.000,44.523,34.374,2
154.200,450.000,150.000,255.477,44.182,50.026,0.000,44.182,34.317,2
154.300,450.000,150.000,255.818,43.860,50.026,0.000,43.860,34.260,2
154.400,450.000,150.000,256.140,43.557,50.026,0.000,43.557,34.203,2
154.500,450.000,150.000,256.443,43.272,50.026,0.000,43.272,34.146,2
154.600,450.000,150.000,256.728,43.005,50.026,0.000,43.005,34.089,2
154.700,450.000,150.000,256.995,42.757,50.025,0.000,42.757,34.032,2
154.800,450.000,150.000,257.243,42.527,50.025,0.000,42.527,33.976,2
154.900,450.000,150.000,257.473,42.315,50.025,0.000,42.315,33.919,2
155.000,450.000,150.000,257.685,42.121,50.025,0.000,42.121,33.863,2
155.100,450.000,150.000,257.879,41.945,50.025,0.000,41.945,33.806,2
155.200,450.000,150.000,258.055,41.786,50.025,0.000,41.786,33.750,2
155.300,450.000,150.000,258.214,41.645,50.025,0.000,41.645,33.694,2
155.400,450.000,150.000,258.355,41.522,50.025,0.000,41.522,33.638,2
155.500,450.000,150.000,258.478,41.416,50.024,0.000,41.416,33.582,2
155.600,450.000,150.000,258.584,41.326,50.024,0.000,41.326,33.526,2
155.700,450.000,150.000,258.674,41.254,50.024,0.000,41.254,33.470,2
155.800,450.000,150.000,258.746,41.198,50.024,0.000,41.198,33.415,2
155.900,450.000,150.000,258.802,41.158,50.024,0.000,41.158,33.359,2
156.000,450.000,150.000,258.842,41.134,50.024,0.000,41.134,33.303,2
156.100,450.000,150.000,258.866,41.126,50.024,0.000,41.126,33.248,2
156.200,450.000,150.000,258.874,41.133,50.024,0.000,41.133,33.193,2
156.300,450.000,150.000,258.867,41.155,50.024,0.000,41.155,33.137,2
156.400,450.000,150.000,258.845,41.193,50.023,0.000,41.193,33.082,2
156.500,450.000,150.000,258.807,41.244,50.023,0.000,41.244,33.027,2
156.600,450.000,150.000,258.756,41.310,50.023,0.000,41.310,32.972,2
156.700,450.000,150.000,258.690,41.390,50.023,0.000,41.390,32.918,2
156.800,450.000,150.000,258.610,41.484,50.023,0.000,41.484,32.863,2
156.900,450.000,150.000,258.516,41.590,50.023,0.000,41.590,32.808,2
157.000,450.000,150.000,258.410,41.709,50.023,0.000,41.709,32.753,2
157.100,450.000,150.000,258.291,41.841,50.023,0.000,41.841,32.699,2
157.200,450.000,150.000,258.159,41.985,50.022,0.000,41.985,32.645,2
157.300,450.000,150.000,258.015,42.141,50.022,0.000,42.141,32.590,2
157.400,450.000,150.000,257.859,42.307,50.022,0.000,42.307,32.536,2
157.500,450.000,150.000,257.693,42.485,50.022,0.000,42.485,32.482,2
157.600,450.000,150.000,257.515,42.674,50.022,0.000,42.674,32.428,2
157.700,450.000,150.000,257.326,42.872,50.022,0.000,42.872,32.374,2
157.800,450.000,150.000,257.128,43.081,50.022,0.000,43.081,32.320,2
157.900,450.000,150.000,256.919,43.298,50.022,0.000,43.298,32.266,2
158.000,450.000,150.000,256.702,43.525,50.022,0.000,43.525,32.213,2
158.100,450.000,150.000,256.475,43.760,50.021,0.000,43.760,32.159,2
158.200,450.000,150.000,256.240,44.004,50.021,0.000,44.004,32.105,2
158.300,450.000,150.000,255.996,44.255,50.021,0.000,44.255,32.052,2
158.400,450.000,150.000,255.745,44.513,50.021,0.000,44.513,31.999,2
158.500,450.000,150.000,255.487,44.778,50.021,0.000,44.778,31.945,2
158.600,450.000,150.000,255.222,45.050,50.021,0.000,45.050,31.892,2
158.700,450.000,150.000,254.950,45.328,50.021,0.000,45.328,31.839,2
158.800,450.000,150.000,254.672,45.612,50.021,0.000,45.612,31.786,2
158.900,450.000,150.000,254.388,45.901,50.020,0.000,45.901,31.733,2
159.000,450.000,150.000,254.099,46.195,50.020,0.000,46.195,31.681,2
159.100,450.000,150.000,253.805,46.493,50.020,0.000,46.493,31.628,2
159.200,450.000,150.000,253.507,46.795,50.020,0.000,46.795,31.575,2
159.300,450.000,150.000,253.205,47.101,50.020,0.000,47.101,31.523,2
159.400,450.000,150.000,252.899,47.411,50.020,0.000,47.411,31.470,2
159.500,450.000,150.000,252.589,47.723,50.020,0.000,47.723,31.418,2
159.600,450.000,150.000,252.277,48.037,50.020,0.000,48.037,31.366,2
159.700,450.000,150.000,251.963,48.354,50.019,0.000,48.354,31.313,2
159.800,450.000,150.000,251.646,48.672,50.019,0.000,48.672,31.261,2
159.900,450.000,150.000,251.328,48.992,50.019,0.000,48.992,31.209,2
160.000,450.000,150.000,251.008,49.312,50.019,0.000,49.312,31.157,2
160.100,450.000,150.000,250.688,49.633,50.019,0.000,49.633,31.106,2
160.200,450.000,150.000,250.367,49.955,50.019,0.000,49.955,31.054,2
160.300,450.000,150.000,250.045,50.276,50.019,0.000,50.276,31.002,2
160.400,450.000,150.000,249.724,50.596,50.018,0.000,50.596,30.950,2
160.500,450.000,150.000,249.404,50.916,50.018,0.000,50.916,30.899,2
160.600,450.000,150.000,249.084,51.234,50.018,0.000,51.234,30.848,2
160.700,450.000,150.000,248.766,51.550,50.018,0.000,51.550,30.796,2
160.800,450.000,150.000,248.450,51.865,50.018,0.000,51.865,30.745,2
160.900,450.000,150.000,248.135,52.177,50.018,0.000,52.177,30.694,2
161.000,450.000,150.000,247.823,52.487,50.018,0.000,52.487,30.643,2
161.100,450.000,150.000,247.513,52.794,50.017,0.000,52.794,30.592,2
161.200,450.000,150.000,247.206,53.097,50.017,0.000,53.097,30.541,2
161.300,450.000,150.000,246.903,53.397,50.017,0.000,53.397,30.490,2
161.400,450.000,150.000,246.603,53.693,50.017,0.000,53.693,30.439,2
161.500,450.000,150.000,246.307,53.985,50.017,0.000,53.985,30.389,2
161.600,450.000,150.000,246.015,54.268,50.017,0.000,54.268,30.338,2
161.700,450.000,150.000,245.732,54.538,50.017,0.000,54.538,30.288,2
161.800,450.000,150.000,245.462,54.791,50.016,0.000,54.791,30.237,2
161.900,450.000,150.000,245.209,55.026,50.016,0.000,55.026,30.187,2
162.000,450.000,150.000,244.974,55.243,50.016,0.000,55.243,30.137,2
162.100,450.000,150.000,244.757,55.443,50.016,0.000,55.443,30.087,2
162.200,450.000,150.000,244.557,55.624,50.016,0.000,55.624,30.037,2
162.300,450.000,150.000,244.376,55.788,50.016,0.000,55.788,29.987,2
162.400,450.000,150.000,244.212,55.935,50.015,0.000,55.935,29.937,2
162.500,450.000,150.000,244.065,56.064,50.015,0.000,56.064,29.887,2
162.600,450.000,150.000,243.936,56.177,50.015,0.000,56.177,29.837,2
162.700,450.000,150.000,243.823,56.273,50.015,0.000,56.273,29.787,2
162.800,450.000,150.000,243.727,56.352,50.015,0.000,56.352,29.738,2
162.900,450.000,150.000,243.648,56.415,50.015,0.000,56.415,29.688,2
163.000,450.000,150.000,243.585,56.462,50.014,0.000,56.462,29.639,2
163.100,450.000,150.000,243.538,56.494,50.014,0.000,56.494,29.590,2
163.200,450.000,150.000,243.506,56.510,50.014,0.000,56.510,29.540,2
163.300,450.000,150.000,243.490,56.512,50.014,0.000,56.512,29.491,2
163.400,450.000,150.000,243.488,56.499,50.014,0.000,56.499,29.442,2
163.500,450.000,150.000,243.501,56.472,50.014,0.000,56.472,29.393,2
163.600,450.000,150.000,243.528,56.431,50.014,0.000,56.431,29.344,2
163.700,450.000,150.000,243.569,56.376,50.013,0.000,56.376,29.296,2
163.800,450.000,150.000,243.624,56.309,50.013,0.000,56.309,29.247,2
163.900,450.000,150.000,243.691,56.229,50.013,0.000,56.229,29.198,2
164.000,450.000,150.000,243.771,56.138,50.013,0.000,56.138,29.150,2
164.100,450.000,150.000,243.862,56.034,50.013,0.000,56.034,29.101,2
164.200,450.000,150.000,243.966,55.919,50.013,0.000,55.919,29.053,2
164.300,450.000,150.000,244.081,55.794,50.012,0.000,55.794,29.004,2
164.400,450.000,150.000,244.206,55.658,50.012,0.000,55.658,28.956,2
164.500,450.000,150.000,244.342,55.513,50.012,0.000,55.513,28.908,2
164.600,450.000,150.000,244.487,55.358,50.012,0.000,55.358,28.860,2
164.700,450.000,150.000,244.642,55.194,50.012,0.000,55.194,28.812,2
164.800,450.000,150.000,244.806,55.022,50.012,0.000,55.022,28.764,2
164.900,450.000,150.000,244.978,54.843,50.012,0.000,54.843,28.716,2
165.000,450.000,150.000,245.157,54.655,50.011,0.000,54.655,28.668,2
165.100,450.000,150.000,245.345,54.461,50.011,0.000,54.461,28.620,2
165.200,450.000,150.000,245.539,54.261,50.011,0.000,54.261,28.573,2
165.300,450.000,150.000,245.739,54.054,50.011,0.000,54.054,28.525,2
165.400,450.000,150.000,245.946,53.842,50.011,0.000,53.842,28.478,2
165.500,450.000,150.000,246.158,53.626,50.011,0.000,53.626,28.430,2
165.600,450.000,150.000,246.374,53.404,50.010,0.000,53.404,28.383,2
165.700,450.000,150.000,246.596,53.179,50.010,0.000,53.179,28.336,2
165.800,450.000,150.000,246.821,52.950,50.010,0.000,52.950,28.289,2
165.900,450.000,150.000,247.050,52.719,50.010,0.000,52.719,28.242,2
166.000,450.000,150.000,247.281,52.485,50.010,0.000,52.485,28.195,2
166.100,450.000,150.000,247.515,52.249,50.010,0.000,52.249,28.148,2
166.200,450.000,150.000,247.751,52.011,50.010,0.000,52.011,28.101,2
166.300,450.000,150.000,247.989,51.772,50.009,0.000,51.772,28.054,2
166.400,450.000,150.000,248.228,51.532,50.009,0.000,51.532,28.008,2
166.500,450.000,150.000,248.468,51.293,50.009,0.000,51.293,27.961,2
166.600,450.000,150.000,248.707,51.053,50.009,0.000,51.053,27.914,2
166.700,450.000,150.000,248.947,50.814,50.009,0.000,50.814,27.868,2
166.800,450.000,150.000,249.186,50.577,50.009,0.000,50.577,27.822,2
166.900,450.000,150.000,249.423,50.340,50.009,0.000,50.340,27.775,2
167.000,450.000,150.000,249.660,50.106,50.008,0.000,50.106,27.729,2
167.100,450.000,150.000,249.894,49.874,50.008,0.000,49.874,27.683,2
167.200,450.000,150.000,250.126,49.644,50.008,0.000,49.644,27.637,2
167.300,450.000,150.000,250.356,49.418,50.008,0.000,49.418,27.591,2
167.400,450.000,150.000,250.582,49.195,50.008,0.000,49.195,27.545,2
167.500,450.000,150.000,250.805,48.976,50.008,0.000,48.976,27.499,2
167.600,450.000,150.000,251.024,48.762,50.008,0.000,48.762,27.453,2
167.700,450.000,150.000,251.238,48.551,50.008,0.000,48.551,27.408,2
167.800,450.000,150.000,251.449,48.346,50.007,0.000,48.346,27.362,2
167.900,450.000,150.000,251.654,48.145,50.007,0.000,48.145,27.317,2
168.000,450.000,150.000,251.855,47.950,50.007,0.000,47.950,27.271,2
168.100,450.000,150.000,252.050,47.761,50.007,0.000,47.761,27.226,2
168.200,450.000,150.000,252.239,47.578,50.007,0.000,47.578,27.180,2
168.300,450.000,150.000,252.422,47.401,50.007,0.000,47.401,27.135,2
168.400,450.000,150.000,252.599,47.230,50.007,0.000,47.230,27.090,2
168.500,450.000,150.000,252.770,47.067,50.006,0.000,47.067,27.045,2
168.600,450.000,150.000,252.933,46.910,50.006,0.000,46.910,27.000,2
168.700,450.000,150.000,253.090,46.761,50.006,0.000,46.761,26.955,2
168.800,450.000,150.000,253.239,46.619,50.006,0.000,46.619,26.910,2
168.900,450.000,150.000,253.381,46.484,50.006,0.000,46.484,26.865,2
169.000,450.000,150.000,253.516,46.358,50.006,0.000,46.358,26.821,2
169.100,450.000,150.000,253.642,46.239,50.006,0.000,46.239,26.776,2
169.200,450.000,150.000,253.761,46.128,50.006,0.000,46.128,26.732,2
169.300,450.000,150.000,253.872,46.026,50.005,0.000,46.026,26.687,2
169.400,450.000,150.000,253.974,45.932,50.005,0.000,45.932,26.643,2
169.500,450.000,150.000,254.068,45.847,50.005,0.000,45.847,26.598,2
169.600,450.000,150.000,254.153,45.770,50.005,0.000,45.770,26.554,2
169.700,450.000,150.000,254.230,45.702,50.005,0.000,45.702,26.510,2
169.800,450.000,150.000,254.298,45.643,50.005,0.000,45.643,26.466,2
169.900,450.000,150.000,254.357,45.592,50.005,0.000,45.592,26.422,2
170.000,450.000,150.000,254.408,45.551,50.005,0.000,45.551,26.378,2
170.100,450.000,150.000,254.449,45.518,50.004,0.000,45.518,26.334,2
170.200,450.000,150.000,254.482,45.494,50.004,0.000,45.494,26.290,2
170.300,450.000,150.000,254.506,45.480,50.004,0.000,45.480,26.246,2
170.400,450.000,150.000,254.520,45.474,50.004,0.000,45.474,26.203,2
170.500,450.000,150.000,254.526,45.477,50.004,0.000,45.477,26.159,2
170.600,450.000,150.000,254.523,45.489,50.004,0.000,45.489,26.116,2
170.700,450.000,150.000,254.511,45.510,50.004,0.000,45.510,26.072,2
170.800,450.000,150.000,254.490,45.540,50.004,0.000,45.540,26.029,2
170.900,450.000,150.000,254.460,45.578,50.003,0.000,45.578,25.985,2
171.000,450.000,150.000,254.422,45.625,50.003,0.000,45.625,25.942,2
171.100,450.000,150.000,254.375,45.681,50.003,0.000,45.681,25.899,2
171.200,450.000,150.000,254.319,45.746,50.003,0.000,45.746,25.856,2
171.300,450.000,150.000,254.254,45.819,50.003,0.000,45.819,25.813,2
171.400,450.000,150.000,254.181,45.900,50.003,0.000,45.900,25.770,2
171.500,450.000,150.000,254.100,45.989,50.003,0.000,45.989,25.727,2
171.600,450.000,150.000,254.011,46.087,50.003,0.000,46.087,25.684,2
171.700,450.000,150.000,253.913,46.192,50.002,0.000,46.192,25.642,2
171.800,450.000,150.000,253.808,46.305,50.002,0.000,46.305,25.599,2
171.900,450.000,150.000,253.695,46.426,50.002,0.000,46.426,25.556,2
172.000,450.000,150.000,253.574,46.554,50.002,0.000,46.554,25.514,2
172.100,450.000,150.000,253.446,46.688,50.002,0.000,46.688,25.471,2
172.200,450.000,150.000,253.312,46.828,50.002,0.000,46.828,25.429,2
172.300,450.000,150.000,253.172,46.974,50.002,0.000,46.974,25.387,2
172.400,450.000,150.000,253.026,47.125,50.001,0.000,47.125,25.344,2
172.500,450.000,150.000,252.875,47.280,50.001,0.000,47.280,25.302,2
172.600,450.000,150.000,252.720,47.441,50.001,0.000,47.441,25.260,2
172.700,450.000,150.000,252.559,47.605,50.001,0.000,47.605,25.218,2
172.800,450.000,150.000,252.395,47.772,50.001,0.000,47.772,25.176,2
172.900,450.000,150.000,252.228,47.942,50.001,0.000,47.942,25.134,2
173.000,450.000,150.000,252.058,48.115,50.001,0.000,48.115,25.092,2
173.100,450.000,150.000,251.885,48.291,50.001,0.000,48.291,25.051,2
173.200,450.000,150.000,251.709,48.467,50.000,0.000,48.467,25.009,2
173.300,450.000,150.000,251.533,48.646,50.000,0.000,48.646,24.967,2
173.400,450.000,150.000,251.354,48.825,50.000,0.000,48.825,24.926,2
173.500,450.000,150.000,251.175,49.004,50.000,0.000,49.004,24.884,2
173.600,450.000,150.000,250.996,49.184,50.000,0.000,49.184,24.843,2
173.700,450.000,150.000,250.816,49.363,50.000,0.000,49.363,24.802,2
173.800,450.000,150.000,250.637,49.542,50.000,0.000,49.542,24.760,2
173.900,450.000,150.000,250.458,49.719,49.999,0.000,49.719,24.719,2
174.000,450.000,150.000,250.281,49.896,49.999,0.000,49.896,24.678,2
174.100,450.000,150.000,250.104,50.070,49.999,0.000,50.070,24.637,2
174.200,450.000,150.000,249.930,50.242,49.999,0.000,50.242,24.596,2
174.300,450.000,150.000,249.758,50.412,49.999,0.000,50.412,24.555,2
174.400,450.000,150.000,249.588,50.579,49.999,0.000,50.579,24.514,2
174.500,450.000,150.000,249.421,50.743,49.999,0.000,50.743,24.473,2
174.600,450.000,150.000,249.257,50.904,49.998,0.000,50.904,24.433,2
174.700,450.000,150.000,249.096,51.061,49.998,0.000,51.061,24.392,2
174.800,450.000,150.000,248.939,51.214,49.998,0.000,51.214,24.351,2
174.900,450.000,150.000,248.786,51.363,49.998,0.000,51.363,24.311,2
175.000,450.000,150.000,248.637,51.508,49.998,0.000,51.508,24.270,2
175.100,450.000,150.000,248.492,51.648,49.998,0.000,51.648,24.230,2
175.200,450.000,150.000,248.352,51.783,49.998,0.000,51.783,24.190,2
175.300,450.000,150.000,248.217,51.912,49.997,0.000,51.912,24.149,2
175.400,450.000,150.000,248.088,52.037,49.997,0.000,52.037,24.109,2
175.500,450.000,150.000,247.963,52.156,49.997,0.000,52.156,24.069,2
175.600,450.000,150.000,247.844,52.269,49.997,0.000,52.269,24.029,2
175.700,450.000,150.000,247.731,52.377,49.997,0.000,52.377,23.989,2
175.800,450.000,150.000,247.623,52.479,49.997,0.000,52.479,23.949,2
175.900,450.000,150.000,247.521,52.574,49.997,0.000,52.574,23.909,2
176.000,450.000,150.000,247.426,52.663,49.996,0.000,52.663,23.870,2
176.100,450.000,150.000,247.337,52.746,49.996,0.000,52.746,23.830,2
176.200,450.000,150.000,247.254,52.823,49.996,0.000,52.823,23.790,2
176.300,450.000,150.000,247.177,52.893,49.996,0.000,52.893,23.751,2
176.400,450.000,150.000,247.107,52.957,49.996,0.000,52.957,23.711,2
176.500,450.000,150.000,247.043,53.014,49.996,0.000,53.014,23.672,2
176.600,450.000,150.000,246.986,53.064,49.996,0.000,53.064,23.632,2
176.700,450.000,150.000,246.936,53.108,49.995,0.000,53.108,23.593,2
176.800,450.000,150.000,246.892,53.145,49.995,0.000,53.145,23.554,2
176.900,450.000,150.000,246.855,53.176,49.995,0.000,53.176,23.515,2
177.000,450.000,150.000,246.824,53.199,49.995,0.000,53.199,23.475,2
177.100,450.000,150.000,246.801,53.216,49.995,0.000,53.216,23.436,2
177.200,450.000,150.000,246.784,53.227,49.995,0.000,53.227,23.397,2
177.300,450.000,150.000,246.773,53.231,49.995,0.000,53.231,23.358,2
177.400,450.000,150.000,246.769,53.229,49.994,0.000,53.229,23.320,2
177.500,450.000,150.000,246.771,53.220,49.994,0.000,53.220,23.281,2
177.600,450.000,150.000,246.780,53.205,49.994,0.000,53.205,23.242,2
177.700,450.000,150.000,246.795,53.183,49.994,0.000,53.183,23.203,2
177.800,450.000,150.000,246.817,53.156,49.994,0.000,53.156,23.165,2
177.900,450.000,150.000,246.844,53.123,49.994,0.000,53.123,23.126,2
178.000,450.000,150.000,246.877,53.083,49.994,0.000,53.083,23.088,2
178.100,450.000,150.000,246.917,53.038,49.993,0.000,53.038,23.049,2
178.200,450.000,150.000,246.962,52.987,49.993,0.000,52.987,23.011,2
178.300,450.000,150.000,247.013,52.931,49.993,0.000,52.931,22.973,2
178.400,450.000,150.000,247.069,52.870,49.993,0.000,52.870,22.934,2
178.500,450.000,150.000,247.130,52.803,49.993,0.000,52.803,22.896,2
178.600,450.000,150.000,247.197,52.732,49.993,0.000,52.732,22.858,2
178.700,450.000,150.000,247.268,52.656,49.992,0.000,52.656,22.820,2
178.800,450.000,150.000,247.344,52.575,49.992,0.000,52.575,22.782,2
178.900,450.000,150.000,247.425,52.490,49.992,0.000,52.490,22.744,2
179.000,450.000,150.000,247.510,52.400,49.992,0.000,52.400,22.706,2
179.100,450.000,150.000,247.600,52.307,49.992,0.000,52.307,22.669,2
179.200,450.000,150.000,247.693,52.210,49.992,0.000,52.210,22.631,2
179.300,450.000,150.000,247.790,52.109,49.992,0.000,52.109,22.593,2
179.400,450.000,150.000,247.891,52.005,49.991,0.000,52.005,22.556,2
179.500,450.000,150.000,247.995,51.898,49.991,0.000,51.898,22.518,2
179.600,450.000,150.000,248.102,51.788,49.991,0.000,51.788,22.481,2
179.700,450.000,150.000,248.212,51.676,49.991,0.000,51.676,22.443,2
179.800,450.000,150.000,248.324,51.561,49.991,0.000,51.561,22.406,2
179.900,450.000,150.000,248.439,51.444,49.991,0.000,51.444,22.369,2
180.000,450.000,150.000,248.556,51.326,49.991,0.000,51.326,22.331,2
180.100,450.000,150.000,248.674,51.205,49.990,0.000,51.205,22.294,2
180.200,450.000,150.000,248.795,51.083,49.990,0.000,51.083,22.257,2
180.300,450.000,150.000,248.917,50.960,49.990,0.000,50.960,22.220,2
180.400,450.000,150.000,249.040,50.837,49.990,0.000,50.837,22.183,2
180.500,450.000,150.000,249.163,50.712,49.990,0.000,50.712,22.146,2
180.600,450.000,150.000,249.288,50.587,49.990,0.000,50.587,22.109,2
180.700,450.000,150.000,249.413,50.462,49.990,0.000,50.462,22.073,2
180.800,450.000,150.000,249.538,50.337,49.989,0.000,50.337,22.036,2
180.900,450.000,150.000,249.663,50.213,49.989,0.000,50.213,21.999,2
181.000,450.000,150.000,249.787,50.089,49.989,0.000,50.089,21.963,2
181.100,450.000,150.000,249.911,49.966,49.989,0.000,49.966,21.926,2
181.200,450.000,150.000,250.034,49.844,49.989,0.000,49.844,21.890,2
181.300,450.000,150.000,250.156,49.724,49.989,0.000,49.724,21.853,2
181.400,450.000,150.000,250.276,49.605,49.989,0.000,49.605,21.817,2
181.500,450.000,150.000,250.395,49.488,49.989,0.000,49.488,21.781,2
181.600,450.000,150.000,250.512,49.373,49.988,0.000,49.373,21.744,2
181.700,450.000,150.000,250.627,49.260,49.988,0.000,49.260,21.708,2
181.800,450.000,150.000,250.740,49.149,49.988,0.000,49.149,21.672,2
181.900,450.000,150.000,250.851,49.042,49.988,0.000,49.042,21.636,2
182.000,450.000,150.000,250.958,48.937,49.988,0.000,48.937,21.600,2
182.100,450.000,150.000,251.063,48.836,49.988,0.000,48.836,21.564,2
182.200,450.000,150.000,251.164,48.737,49.988,0.000,48.737,21.528,2
182.300,450.000,150.000,251.263,48.643,49.987,0.000,48.643,21.492,2
182.400,450.000,150.000,251.357,48.552,49.987,0.000,48.552,21.457,2
182.500,450.000,150.000,251.448,48.465,49.987,0.000,48.465,21.421,2
182.600,450.000,150.000,251.535,48.382,49.987,0.000,48.382,21.385,2
182.700,450.000,150.000,251.618,48.303,49.987,0.000,48.303,21.350,2
182.800,450.000,150.000,251.697,48.228,49.987,0.000,48.228,21.314,2
182.900,450.000,150.000,251.772,48.158,49.987,0.000,48.158,21.279,2
183.000,450.000,150.000,251.842,48.092,49.986,0.000,48.092,21.243,2
183.100,450.000,150.000,251.908,48.031,49.986,0.000,48.031,21.208,2
183.200,450.000,150.000,251.969,47.974,49.986,0.000,47.974,21.173,2
183.300,450.000,150.000,252.026,47.922,49.986,0.000,47.922,21.137,2
183.400,450.000,150.000,252.078,47.875,49.986,0.000,47.875,21.102,2
183.500,450.000,150.000,252.125,47.833,49.986,0.000,47.833,21.067,2
183.600,450.000,150.000,252.167,47.796,49.986,0.000,47.796,21.032,2
183.700,450.000,150.000,252.204,47.764,49.986,0.000,47.764,20.997,2
183.800,450.000,150.000,252.236,47.736,49.985,0.000,47.736,20.962,2
183.900,450.000,150.000,252.264,47.714,49.985,0.000,47.714,20.927,2
184.000,450.000,150.000,252.286,47.696,49.985,0.000,47.696,20.892,2
184.100,450.000,150.000,252.304,47.683,49.985,0.000,47.683,20.858,2
184.200,450.000,150.000,252.317,47.675,49.985,0.000,47.675,20.823,2
184.300,450.000,150.000,252.325,47.673,49.985,0.000,47.673,20.788,2
184.400,450.000,150.000,252.327,47.674,49.985,0.000,47.674,20.754,2
184.500,450.000,150.000,252.326,47.681,49.984,0.000,47.681,20.719,2
184.600,450.000,150.000,252.319,47.692,49.984,0.000,47.692,20.685,2
184.700,450.000,150.000,252.308,47.708,49.984,0.000,47.708,20.650,2
184.800,450.000,150.000,252.292,47.728,49.984,0.000,47.728,20.616,2
184.900,450.000,150.000,252.272,47.753,49.984,0.000,47.753,20.582,2
185.000,450.000,150.000,252.247,47.782,49.984,0.000,47.782,20.547,2
185.100,450.000,150.000,252.218,47.816,49.984,0.000,47.816,20.513,2
185.200,450.000,150.000,252.184,47.853,49.984,0.000,47.853,20.479,2
185.300,450.000,150.000,252.147,47.895,49.983,0.000,47.895,20.445,2
185.400,450.000,150.000,252.105,47.940,49.983,0.000,47.940,20.411,2
185.500,450.000,150.000,252.060,47.989,49.983,0.000,47.989,20.377,2
185.600,450.000,150.000,252.011,48.042,49.983,0.000,48.042,20.343,2
185.700,450.000,150.000,251.958,48.098,49.983,0.000,48.098,20.309,2
185.800,450.000,150.000,251.902,48.157,49.983,0.000,48.157,20.275,2
185.900,450.000,150.000,251.843,48.220,49.983,0.000,48.220,20.242,2
186.000,450.000,150.000,251.780,48.285,49.982,0.000,48.285,20.208,2
186.100,450.000,150.000,251.715,48.353,49.982,0.000,48.353,20.174,2
186.200,450.000,150.000,251.647,48.424,49.982,0.000,48.424,20.141,2
186.300,450.000,150.000,251.576,48.498,49.982,0.000,48.498,20.107,2
186.400,450.000,150.000,251.502,48.574,49.982,0.000,48.574,20.074,2
186.500,450.000,150.000,251.426,48.652,49.982,0.000,48.652,20.040,2
186.600,450.000,150.000,251.348,48.732,49.982,0.000,48.732,20.007,2
186.700,450.000,150.000,251.268,48.813,49.982,0.000,48.813,19.974,2
186.800,450.000,150.000,251.187,48.896,49.981,0.000,48.896,19.941,2
186.900,450.000,150.000,251.104,48.981,49.981,0.000,48.981,19.907,2
187.000,450.000,150.000,251.019,49.067,49.981,0.000,49.067,19.874,2
187.100,450.000,150.000,250.933,49.154,49.981,0.000,49.154,19.841,2
187.200,450.000,150.000,250.846,49.242,49.981,0.000,49.242,19.808,2
187.300,450.000,150.000,250.758,49.330,49.981,0.000,49.330,19.775,2
187.400,450.000,150.000,250.670,49.419,49.981,0.000,49.419,19.742,2
187.500,450.000,150.000,250.581,49.508,49.980,0.000,49.508,19.709,2
187.600,450.000,150.000,250.492,49.598,49.980,0.000,49.598,19.677,2
187.700,450.000,150.000,250.402,49.687,49.980,0.000,49.687,19.644,2
187.800,450.000,150.000,250.313,49.776,49.980,0.000,49.776,19.611,2
187.900,450.000,150.000,250.224,49.865,49.980,0.000,49.865,19.579,2
188.000,450.000,150.000,250.135,49.953,49.980,0.000,49.953,19.546,2
188.100,450.000,150.000,250.047,50.040,49.980,0.000,50.040,19.514,2
188.200,450.000,150.000,249.960,50.126,49.979,0.000,50.126,19.481,2
188.300,450.000,150.000,249.874,50.212,49.979,0.000,50.212,19.449,2
188.400,450.000,150.000,249.788,50.296,49.979,0.000,50.296,19.416,2
188.500,450.000,150.000,249.704,50.379,49.979,0.000,50.379,19.384,2
188.600,450.000,150.000,249.621,50.460,49.979,0.000,50.460,19.352,2
188.700,450.000,150.000,249.540,50.539,49.979,0.000,50.539,19.320,2
188.800,450.000,150.000,249.461,50.617,49.979,0.000,50.617,19.287,2
188.900,450.000,150.000,249.383,50.692,49.978,0.000,50.692,19.255,2
189.000,450.000,150.000,249.308,50.766,49.978,0.000,50.766,19.223,2
189.100,450.000,150.000,249.234,50.837,49.978,0.000,50.837,19.191,2
189.200,450.000,150.000,249.163,50.906,49.978,0.000,50.906,19.159,2
189.300,450.000,150.000,249.094,50.972,49.978,0.000,50.972,19.127,2
189.400,450.000,150.000,249.028,51.036,49.978,0.000,51.036,19.096,2
189.500,450.000,150.000,248.964,51.097,49.978,0.000,51.097,19.064,2
189.600,450.000,150.000,248.903,51.156,49.978,0.000,51.156,19.032,2
189.700,450.000,150.000,248.844,51.211,49.977,0.000,51.211,19.000,2
189.800,450.000,150.000,248.789,51.264,49.977,0.000,51.264,18.969,2
189.900,450.000,150.000,248.736,51.313,49.977,0.000,51.313,18.937,2
190.000,450.000,150.000,248.687,51.360,49.977,0.000,51.360,18.906,2
190.100,450.000,150.000,248.640,51.403,49.977,0.000,51.403,18.874,2
190.200,450.000,150.000,248.597,51.443,49.977,0.000,51.443,18.843,2
190.300,450.000,150.000,248.557,51.479,49.977,0.000,51.479,18.812,2
190.400,450.000,150.000,248.521,51.513,49.976,0.000,51.513,18.780,2
190.500,450.000,150.000,248.487,51.543,49.976,0.000,51.543,18.749,2
190.600,450.000,150.000,248.457,51.569,49.976,0.000,51.569,18.718,2
190.700,450.000,150.000,248.431,51.592,49.976,0.000,51.592,18.687,2
190.800,450.000,150.000,248.408,51.612,49.976,0.000,51.612,18.656,2
190.900,450.000,150.000,248.388,51.628,49.976,0.000,51.628,18.625,2
191.000,450.000,150.000,248.372,51.641,49.976,0.000,51.641,18.594,2
191.100,450.000,150.000,248.359,51.651,49.975,0.000,51.651,18.563,2
191.200,450.000,150.000,248.349,51.656,49.975,0.000,51.656,18.532,2
191.300,450.000,150.000,248.344,51.659,49.975,0.000,51.659,18.501,2
191.400,450.000,150.000,248.341,51.658,49.975,0.000,51.658,18.470,2
191.500,450.000,150.000,248.342,51.654,49.975,0.000,51.654,18.439,2
191.600,450.000,150.000,248.346,51.646,49.975,0.000,51.646,18.409,2
191.700,450.000,150.000,248.354,51.635,49.975,0.000,51.635,18.378,2
191.800,450.000,150.000,248.365,51.621,49.974,0.000,51.621,18.347,2
191.900,450.000,150.000,248.379,51.604,49.974,0.000,51.604,18.317,2
192.000,450.000,150.000,248.396,51.583,49.974,0.000,51.583,18.286,2
192.100,450.000,150.000,248.417,51.560,49.974,0.000,51.560,18.256,2
192.200,450.000,150.000,248.440,51.533,49.974,0.000,51.533,18.226,2
192.300,450.000,150.000,248.467,51.504,49.974,0.000,51.504,18.195,2
192.400,450.000,150.000,248.496,51.472,49.973,0.000,51.472,18.165,2
192.500,450.000,150.000,248.528,51.437,49.973,0.000,51.437,18.135,2
192.600,450.000,150.000,248.563,51.400,49.973,0.000,51.400,18.105,2
192.700,450.000,150.000,248.600,51.360,49.973,0.000,51.360,18.075,2
192.800,450.000,150.000,248.640,51.317,49.973,0.000,51.317,18.044,2
192.900,450.000,150.000,248.683,51.273,49.973,0.000,51.273,18.014,2
193.000,450.000,150.000,248.727,51.226,49.973,0.000,51.226,17.984,2
193.100,450.000,150.000,248.774,51.177,49.973,0.000,51.177,17.955,2
193.200,450.000,150.000,248.823,51.126,49.972,0.000,51.126,17.925,2
193.300,450.000,150.000,248.874,51.074,49.972,0.000,51.074,17.895,2
193.400,450.000,150.000,248.926,51.019,49.972,0.000,51.019,17.865,2
193.500,450.000,150.000,248.981,50.964,49.972,0.000,50.964,17.835,2
193.600,450.000,150.000,249.036,50.906,49.972,0.000,50.906,17.806,2
193.700,450.000,150.000,249.094,50.848,49.972,0.000,50.848,17.776,2
193.800,450.000,150.000,249.152,50.788,49.972,0.000,50.788,17.746,2
193.900,450.000,150.000,249.212,50.727,49.971,0.000,50.727,17.717,2
194.000,450.000,150.000,249.273,50.666,49.971,0.000,50.666,17.687,2
194.100,450.000,150.000,249.334,50.603,49.971,0.000,50.603,17.658,2
194.200,450.000,150.000,249.397,50.540,49.971,0.000,50.540,17.629,2
194.300,450.000,150.000,249.460,50.476,49.971,0.000,50.476,17.599,2
194.400,450.000,150.000,249.524,50.413,49.971,0.000,50.413,17.570,2
194.500,450.000,150.000,249.587,50.348,49.971,0.000,50.348,17.541,2
194.600,450.000,150.000,249.652,50.284,49.970,0.000,50.284,17.512,2
194.700,450.000,150.000,249.716,50.220,49.970,0.000,50.220,17.482,2
194.800,450.000,150.000,249.780,50.156,49.970,0.000,50.156,17.453,2
194.900,450.000,150.000,249.844,50.092,49.970,0.000,50.092,17.424,2
195.000,450.000,150.000,249.908,50.029,49.970,0.000,50.029,17.395,2
195.100,450.000,150.000,249.971,49.966,49.970,0.000,49.966,17.366,2
195.200,450.000,150.000,250.034,49.904,49.970,0.000,49.904,17.338,2
195.300,450.000,150.000,250.096,49.843,49.969,0.000,49.843,17.309,2
195.400,450.000,150.000,250.157,49.783,49.969,0.000,49.783,17.280,2
195.500,450.000,150.000,250.217,49.724,49.969,0.000,49.724,17.251,2
195.600,450.000,150.000,250.276,49.665,49.969,0.000,49.665,17.222,2
195.700,450.000,150.000,250.335,49.609,49.969,0.000,49.609,17.194,2
195.800,450.000,150.000,250.391,49.553,49.969,0.000,49.553,17.165,2
195.900,450.000,150.000,250.447,49.499,49.969,0.000,49.499,17.137,2
196.000,450.000,150.000,250.501,49.446,49.968,0.000,49.446,17.108,2
196.100,450.000,150.000,250.554,49.395,49.968,0.000,49.395,17.080,2
196.200,450.000,150.000,250.605,49.346,49.968,0.000,49.346,17.051,2
196.300,450.000,150.000,250.654,49.299,49.968,0.000,49.299,17.023,2
196.400,450.000,150.000,250.701,49.253,49.968,0.000,49.253,16.994,2
196.500,450.000,150.000,250.747,49.210,49.968,0.000,49.210,16.966,2
196.600,450.000,150.000,250.790,49.168,49.968,0.000,49.168,16.938,2
196.700,450.000,150.000,250.832,49.129,49.967,0.000,49.129,16.910,2
196.800,450.000,150.000,250.871,49.091,49.967,0.000,49.091,16.882,2
196.900,450.000,150.000,250.909,49.056,49.967,0.000,49.056,16.854,2
197.000,450.000,150.000,250.944,49.023,49.967,0.000,49.023,16.826,2
197.100,450.000,150.000,250.977,48.993,49.967,0.000,48.993,16.798,2
197.200,450.000,150.000,251.007,48.965,49.967,0.000,48.965,16.770,2
197.300,450.000,150.000,251.035,48.939,49.967,0.000,48.939,16.742,2
197.400,450.000,150.000,251.061,48.915,49.967,0.000,48.915,16.714,2
197.500,450.000,150.000,251.085,48.894,49.966,0.000,48.894,16.686,2
197.600,450.000,150.000,251.106,48.876,49.966,0.000,48.876,16.658,2
197.700,450.000,150.000,251.124,48.860,49.966,0.000,48.860,16.631,2
197.800,450.000,150.000,251.140,48.846,49.966,0.000,48.846,16.603,2
197.900,450.000,150.000,251.154,48.835,49.966,0.000,48.835,16.575,2
198.000,450.000,150.000,251.165,48.826,49.966,0.000,48.826,16.548,2
198.100,450.000,150.000,251.174,48.820,49.966,0.000,48.820,16.520,2
198.200,450.000,150.000,251.180,48.816,49.965,0.000,48.816,16.493,2
198.300,450.000,150.000,251.184,48.815,49.965,0.000,48.815,16.465,2
198.400,450.000,150.000,251.185,48.816,49.965,0.000,48.816,16.438,2
198.500,450.000,150.000,251.184,48.819,49.965,0.000,48.819,16.410,2
198.600,450.000,150.000,251.181,48.825,49.965,0.000,48.825,16.383,2
198.700,450.000,150.000,251.175,48.833,49.965,0.000,48.833,16.356,2
198.800,450.000,150.000,251.167,48.844,49.965,0.000,48.844,16.329,2
198.900,450.000,150.000,251.156,48.856,49.965,0.000,48.856,16.301,2
199.000,450.000,150.000,251.144,48.871,49.964,0.000,48.871,16.274,2
199.100,450.000,150.000,251.129,48.888,49.964,0.000,48.888,16.247,2
199.200,450.000,150.000,251.112,48.907,49.964,0.000,48.907,16.220,2
199.300,450.000,150.000,251.093,48.928,49.964,0.000,48.928,16.193,2
199.400,450.000,150.000,251.072,48.952,49.964,0.000,48.952,16.166,2
199.500,450.000,150.000,251.048,48.977,49.964,0.000,48.977,16.139,2
199.600,450.000,150.000,251.023,49.003,49.964,0.000,49.003,16.113,2
199.700,450.000,150.000,250.997,49.032,49.963,0.000,49.032,16.086,2
199.800,450.000,150.000,250.968,49.062,49.963,0.000,49.062,16.059,2
199.900,450.000,150.000,250.938,49.094,49.963,0.000,49.094,16.032,2
200.000,200.000,150.000,0.906,49.128,49.963,0.000,49.128,16.006,2
200.100,200.000,150.000,0.872,44.162,49.963,0.000,44.162,15.979,2
200.200,200.000,150.000,5.838,34.162,49.963,25.426,39.074,15.952,1
200.300,200.000,150.000,15.838,24.162,49.963,40.810,33.961,15.926,1
200.400,200.000,150.000,25.838,14.162,49.963,49.141,28.928,15.899,1
200.500,200.000,150.000,35.838,4.162,49.963,34.398,23.980,15.873,1
200.600,200.000,150.000,45.838,-5.838,49.963,24.079,19.120,15.846,1
200.700,200.000,150.000,55.838,-15.838,49.963,16.855,14.355,15.820,1
200.800,200.000,150.000,65.838,-11.799,49.963,11.799,9.689,15.794,1
200.900,200.000,150.000,61.799,-8.259,49.963,8.259,5.128,15.768,1
201.000,200.000,150.000,58.259,-5.781,49.963,5.781,0.394,15.741,1
201.100,200.000,150.000,55.781,-4.047,49.963,4.047,0.000,15.715,1
201.200,200.000,150.000,54.047,-2.833,49.963,2.833,0.000,15.689,1
201.300,200.000,150.000,52.833,-1.983,49.963,1.983,0.000,15.663,1
201.400,200.000,150.000,51.983,-1.388,49.963,1.388,0.000,15.637,1
201.500,200.000,150.000,51.388,-0.972,49.963,0.972,0.000,15.611,1
201.600,200.000,150.000,50.972,-0.680,49.963,0.680,0.000,15.585,1
201.700,200.000,150.000,50.680,9.320,49.963,0.476,0.000,15.559,1
201.800,200.000,150.000,40.680,15.533,49.963,0.333,0.000,15.533,1
201.900,200.000,150.000,34.467,15.507,49.963,0.233,0.000,15.507,0
202.000,200.000,150.000,34.493,15.481,49.963,0.163,0.000,15.481,0
202.100,200.000,150.000,34.519,15.456,49.963,0.114,0.000,15.456,0
202.200,200.000,150.000,34.544,15.430,49.963,0.080,0.000,15.430,0
202.300,200.000,150.000,34.570,15.404,49.963,0.056,0.000,15.404,0
202.400,200.000,150.000,34.596,15.379,49.963,0.039,0.000,15.379,0
202.500,200.000,150.000,34.621,15.353,49.962,0.027,0.000,15.353,0
202.600,200.000,150.000,34.647,15.327,49.962,0.019,0.000,15.327,0
202.700,200.000,150.000,34.673,15.302,49.962,0.013,0.000,15.302,0
202.800,200.000,150.000,34.698,15.276,49.962,0.009,0.000,15.276,0
202.900,200.000,150.000,34.724,15.251,49.962,0.007,0.000,15.251,0
203.000,200.000,150.000,34.749,15.226,49.962,0.005,0.000,15.226,0
203.100,200.000,150.000,34.774,15.200,49.962,0.003,0.000,15.200,0
203.200,200.000,150.000,34.800,15.175,49.962,0.002,0.000,15.175,0
203.300,200.000,150.000,34.825,15.150,49.962,0.002,0.000,15.150,0
203.400,200.000,150.000,34.850,15.125,49.962,0.001,0.000,15.125,0
203.500,200.000,150.000,34.875,15.099,49.962,0.001,0.000,15.099,0
203.600,200.000,150.000,34.901,15.074,49.962,0.001,0.000,15.074,0
203.700,200.000,150.000,34.926,15.049,49.962,0.000,0.000,15.049,0
203.800,200.000,150.000,34.951,15.024,49.962,0.000,0.000,15.024,0
203.900,200.000,150.000,34.976,14.999,49.962,0.000,0.000,14.999,0
204.000,200.000,150.000,35.001,14.974,49.962,0.000,0.000,14.974,0
204.100,200.000,150.000,35.026,14.949,49.962,0.000,0.000,14.949,0
204.200,200.000,150.000,35.051,14.924,49.962,0.000,0.000,14.924,0
204.300,200.000,150.000,35.076,14.900,49.962,0.000,0.000,14.900,0
204.400,200.000,150.000,35.100,14.875,49.962,0.000,0.000,14.875,0
204.500,200.000,150.000,35.125,14.850,49.962,0.000,0.000,14.850,0
204.600,200.000,150.000,35.150,14.825,49.962,0.000,0.000,14.825,0
204.700,200.000,150.000,35.175,14.801,49.962,0.000,0.000,14.801,0
204.800,200.000,150.000,35.199,14.776,49.962,0.000,0.000,14.776,0
204.900,200.000,150.000,35.224,14.751,49.961,0.000,0.000,14.751,0
205.000,200.000,150.000,35.249,14.727,49.961,0.000,0.000,14.727,0
205.100,200.000,150.000,35.273,14.702,49.961,0.000,0.000,14.702,0
205.200,200.000,150.000,35.298,14.678,49.961,0.000,0.000,14.678,0
205.300,200.000,150.000,35.322,14.653,49.961,0.000,0.000,14.653,0
205.400,200.000,150.000,35.347,14.629,49.961,0.000,0.000,14.629,0
205.500,200.000,150.000,35.371,14.605,49.961,0.000,0.000,14.605,0
205.600,200.000,150.000,35.395,14.580,49.961,0.000,0.000,14.580,0
205.700,200.000,150.000,35.420,14.556,49.961,0.000,0.000,14.556,0
205.800,200.000,150.000,35.444,14.532,49.961,0.000,0.000,14.532,0
205.900,200.000,150.000,35.468,14.508,49.961,0.000,0.000,14.508,0
206.000,200.000,150.000,35.492,14.484,49.961,0.000,0.000,14.484,0
206.100,200.000,150.000,35.516,14.460,49.961,0.000,0.000,14.460,0
206.200,200.000,150.000,35.540,14.436,49.961,0.000,0.000,14.436,0
206.300,200.000,150.000,35.564,14.411,49.961,0.000,0.000,14.411,0
206.400,200.000,150.000,35.589,14.388,49.961,0.000,0.000,14.388,0
206.500,200.000,150.000,35.612,14.364,49.961,0.000,0.000,14.364,0
206.600,200.000,150.000,35.636,14.340,49.961,0.000,0.000,14.340,0
206.700,200.000,150.000,35.660,14.316,49.961,0.000,0.000,14.316,0
206.800,200.000,150.000,35.684,14.292,49.961,0.000,0.000,14.292,0
206.900,200.000,150.000,35.708,14.268,49.961,0.000,0.000,14.268,0
207.000,200.000,150.000,35.732,14.244,49.961,0.000,0.000,14.244,0
207.100,200.000,150.000,35.756,14.221,49.961,0.000,0.000,14.221,0
207.200,200.000,150.000,35.779,14.197,49.961,0.000,0.000,14.197,0
207.300,200.000,150.000,35.803,14.173,49.961,0.000,0.000,14.173,0
207.400,200.000,150.000,35.827,14.150,49.960,0.000,0.000,14.150,0
207.500,200.000,150.000,35.850,14.126,49.960,0.000,0.000,14.126,0
207.600,200.000,150.000,35.874,14.103,49.960,0.000,0.000,14.103,0
207.700,200.000,150.000,35.897,14.079,49.960,0.000,0.000,14.079,0
207.800,200.000,150.000,35.921,14.056,49.960,0.000,0.000,14.056,0
207.900,200.000,150.000,35.944,14.033,49.960,0.000,0.000,14.033,0
208.000,200.000,150.000,35.967,14.009,49.960,0.000,0.000,14.009,0
208.100,200.000,150.000,35.991,13.986,49.960,0.000,0.000,13.986,0
208.200,200.000,150.000,36.014,13.963,49.960,0.000,0.000,13.963,0
208.300,200.000,150.000,36.037,13.939,49.960,0.000,0.000,13.939,0
208.400,200.000,150.000,36.061,13.916,49.960,0.000,0.000,13.916,0
208.500,200.000,150.000,36.084,13.893,49.960,0.000,0.000,13.893,0
208.600,200.000,150.000,36.107,13.870,49.960,0.000,0.000,13.870,0
208.700,200.000,150.000,36.130,13.847,49.960,0.000,0.000,13.847,0
208.800,200.000,150.000,36.153,13.824,49.960,0.000,0.000,13.824,0
208.900,200.000,150.000,36.176,13.801,49.960,0.000,0.000,13.801,0
209.000,200.000,150.000,36.199,13.778,49.960,0.000,0.000,13.778,0
209.100,200.000,150.000,36.222,13.755,49.960,0.000,0.000,13.755,0
209.200,200.000,150.000,36.245,13.732,49.960,0.000,0.000,13.732,0
209.300,200.000,150.000,36.268,13.709,49.960,0.000,0.000,13.709,0
209.400,200.000,150.000,36.291,13.686,49.960,0.000,0.000,13.686,0
209.500,200.000,150.000,36.314,13.664,49.960,0.000,0.000,13.664,0
209.600,200.000,150.000,36.336,13.641,49.960,0.000,0.000,13.641,0
209.700,200.000,150.000,36.359,13.618,49.960,0.000,0.000,13.618,0
209.800,200.000,150.000,36.382,13.596,49.960,0.000,0.000,13.596,0
209.900,200.000,150.000,36.404,13.573,49.960,0.000,0.000,13.573,0
210.000,200.000,150.000,36.427,13.550,49.959,0.000,0.000,13.550,0
210.100,200.000,150.000,36.450,13.528,49.959,0.000,0.000,13.528,0
210.200,200.000,150.000,36.472,13.505,49.959,0.000,0.000,13.505,0
210.300,200.000,150.000,36.495,13.483,49.959,0.000,0.000,13.483,0
210.400,200.000,150.000,36.517,13.460,49.959,0.000,0.000,13.460,0
210.500,200.000,150.000,36.540,13.438,49.959,0.000,0.000,13.438,0
210.600,200.000,150.000,36.562,13.416,49.959,0.000,0.000,13.416,0
210.700,200.000,150.000,36.584,13.393,49.959,0.000,0.000,13.393,0
210.800,200.000,150.000,36.607,13.371,49.959,0.000,0.000,13.371,0
210.900,200.000,150.000,36.629,13.349,49.959,0.000,0.000,13.349,0
211.000,200.000,150.000,36.651,13.327,49.959,0.000,0.000,13.327,0
211.100,200.000,150.000,36.673,13.304,49.959,0.000,0.000,13.304,0
211.200,200.000,150.000,36.696,13.282,49.959,0.000,0.000,13.282,0
211.300,200.000,150.000,36.718,13.260,49.959,0.000,0.000,13.260,0
211.400,200.000,150.000,36.740,13.238,49.959,0.000,0.000,13.238,0
211.500,200.000,150.000,36.762,13.216,49.959,0.000,0.000,13.216,0
211.600,200.000,150.000,36.784,13.194,49.959,0.000,0.000,13.194,0
211.700,200.000,150.000,36.806,13.172,49.959,0.000,0.000,13.172,0
211.800,200.000,150.000,36.828,13.150,49.959,0.000,0.000,13.150,0
211.900,200.000,150.000,36.850,13.128,49.959,0.000,0.000,13.128,0
212.000,200.000,150.000,36.872,13.106,49.959,0.000,0.000,13.106,0
212.100,200.000,150.000,36.894,13.085,49.959,0.000,0.000,13.085,0
212.200,200.000,150.000,36.915,13.063,49.959,0.000,0.000,13.063,0
212.300,200.000,150.000,36.937,13.041,49.959,0.000,0.000,13.041,0
212.400,200.000,150.000,36.959,13.019,49.959,0.000,0.000,13.019,0
212.500,200.000,150.000,36.981,12.998,49.959,0.000,0.000,12.998,0
212.600,200.000,150.000,37.002,12.976,49.959,0.000,0.000,12.976,0
212.700,200.000,150.000,37.024,12.955,49.958,0.000,0.000,12.955,0
212.800,200.000,150.000,37.045,12.933,49.958,0.000,0.000,12.933,0
212.900,200.000,150.000,37.067,12.911,49.958,0.000,0.000,12.911,0
213.000,200.000,150.000,37.089,12.890,49.958,0.000,0.000,12.890,0
213.100,200.000,150.000,37.110,12.869,49.958,0.000,0.000,12.869,0
213.200,200.000,150.000,37.131,12.847,49.958,0.000,0.000,12.847,0
213.300,200.000,150.000,37.153,12.826,49.958,0.000,0.000,12.826,0
213.400,200.000,150.000,37.174,12.804,49.958,0.000,0.000,12.804,0
213.500,200.000,150.000,37.196,12.783,49.958,0.000,0.000,12.783,0
213.600,200.000,150.000,37.217,12.762,49.958,0.000,0.000,12.762,0
213.700,200.000,150.000,37.238,12.741,49.958,0.000,0.000,12.741,0
213.800,200.000,150.000,37.259,12.719,49.958,0.000,0.000,12.719,0
213.900,200.000,150.000,37.281,12.698,49.958,0.000,0.000,12.698,0
214.000,200.000,150.000,37.302,12.677,49.958,0.000,0.000,12.677,0
214.100,200.000,150.000,37.323,12.656,49.958,0.000,0.000,12.656,0
214.200,200.000,150.000,37.344,12.635,49.958,0.000,0.000,12.635,0
214.300,200.000,150.000,37.365,12.614,49.958,0.000,0.000,12.614,0
214.400,200.000,150.000,37.386,12.593,49.958,0.000,0.000,12.593,0
214.500,200.000,150.000,37.407,12.572,49.958,0.000,0.000,12.572,0
214.600,200.000,150.000,37.428,12.551,49.958,0.000,0.000,12.551,0
214.700,200.000,150.000,37.449,12.530,49.958,0.000,0.000,12.530,0
214.800,200.000,150.000,37.470,12.509,49.958,0.000,0.000,12.509,0
214.900,200.000,150.000,37.491,12.489,49.958,0.000,0.000,12.489,0
215.000,200.000,150.000,37.511,12.468,49.958,0.000,0.000,12.468,0
215.100,200.000,150.000,37.532,12.447,49.958,0.000,0.000,12.447,0
215.200,200.000,150.000,37.553,12.426,49.958,0.000,0.000,12.426,0
215.300,200.000,150.000,37.574,12.406,49.958,0.000,0.000,12.406,0
215.400,200.000,150.000,37.594,12.385,49.958,0.000,0.000,12.385,0
215.500,200.000,150.000,37.615,12.364,49.957,0.000,0.000,12.364,0
215.600,200.000,150.000,37.636,12.344,49.957,0.000,0.000,12.344,0
215.700,200.000,150.000,37.656,12.323,49.957,0.000,0.000,12.323,0
215.800,200.000,150.000,37.677,12.303,49.957,0.000,0.000,12.303,0
215.900,200.000,150.000,37.697,12.282,49.957,0.000,0.000,12.282,0
216.000,200.000,150.000,37.718,12.262,49.957,0.000,0.000,12.262,0
216.100,200.000,150.000,37.738,12.241,49.957,0.000,0.000,12.241,0
216.200,200.000,150.000,37.759,12.221,49.957,0.000,0.000,12.221,0
216.300,200.000,150.000,37.779,12.201,49.957,0.000,0.000,12.201,0
216.400,200.000,150.000,37.799,12.180,49.957,0.000,0.000,12.180,0
216.500,200.000,150.000,37.820,12.160,49.957,0.000,0.000,12.160,0
216.600,200.000,150.000,37.840,12.140,49.957,0.000,0.000,12.140,0
216.700,200.000,150.000,37.860,12.120,49.957,0.000,0.000,12.120,0
216.800,200.000,150.000,37.880,12.100,49.957,0.000,0.000,12.100,0
216.900,200.000,150.000,37.900,12.079,49.957,0.000,0.000,12.079,0
217.000,200.000,150.000,37.921,12.059,49.957,0.000,0.000,12.059,0
217.100,200.000,150.000,37.941,12.039,49.957,0.000,0.000,12.039,0
217.200,200.000,150.000,37.961,12.019,49.957,0.000,0.000,12.019,0
217.300,200.000,150.000,37.981,11.999,49.957,0.000,0.000,11.999,0
217.400,200.000,150.000,38.001,11.979,49.957,0.000,0.000,11.979,0
217.500,200.000,150.000,38.021,11.959,49.957,0.000,0.000,11.959,0
217.600,200.000,150.000,38.041,11.939,49.957,0.000,0.000,11.939,0
217.700,200.000,150.000,38.061,11.920,49.957,0.000,0.000,11.920,0
217.800,200.000,150.000,38.080,11.900,49.957,0.000,0.000,11.900,0
217.900,200.000,150.000,38.100,11.880,49.957,0.000,0.000,11.880,0
218.000,200.000,150.000,38.120,11.860,49.957,0.000,0.000,11.860,0
218.100,200.000,150.000,38.140,11.840,49.957,0.000,0.000,11.840,0
218.200,200.000,150.000,38.160,11.821,49.957,0.000,0.000,11.821,0
218.300,200.000,150.000,38.179,11.801,49.957,0.000,0.000,11.801,0
218.400,200.000,150.000,38.199,11.781,49.957,0.000,0.000,11.781,0
218.500,200.000,150.000,38.219,11.762,49.956,0.000,0.000,11.762,0
218.600,200.000,150.000,38.238,11.742,49.956,0.000,0.000,11.742,0
218.700,200.000,150.000,38.258,11.723,49.956,0.000,0.000,11.723,0
218.800,200.000,150.000,38.277,11.703,49.956,0.000,0.000,11.703,0
218.900,200.000,150.000,38.297,11.684,49.956,0.000,0.000,11.684,0
219.000,200.000,150.000,38.316,11.664,49.956,0.000,0.000,11.664,0
219.100,200.000,150.000,38.336,11.645,49.956,0.000,0.000,11.645,0
219.200,200.000,150.000,38.355,11.626,49.956,0.000,0.000,11.626,0
219.300,200.000,150.000,38.374,11.606,49.956,0.000,0.000,11.606,0
219.400,200.000,150.000,38.394,11.587,49.956,0.000,0.000,11.587,0
219.500,200.000,150.000,38.413,11.568,49.956,0.000,0.000,11.568,0
219.600,200.000,150.000,38.432,11.548,49.956,0.000,0.000,11.548,0
219.700,200.000,150.000,38.452,11.529,49.956,0.000,0.000,11.529,0
219.800,200.000,150.000,38.471,11.510,49.956,0.000,0.000,11.510,0
219.900,200.000,150.000,38.490,11.491,49.956,0.000,0.000,11.491,0
220.000,200.000,150.000,38.509,11.472,49.956,0.000,0.000,11.472,0
220.100,200.000,150.000,38.528,11.453,49.956,0.000,0.000,11.453,0
220.200,200.000,150.000,38.547,11.434,49.956,0.000,0.000,11.434,0
220.300,200.000,150.000,38.566,11.415,49.956,0.000,0.000,11.415,0
220.400,200.000,150.000,38.585,11.396,49.956,0.000,0.000,11.396,0
220.500,200.000,150.000,38.604,11.377,49.956,0.000,0.000,11.377,0
220.600,200.000,150.000,38.623,11.358,49.956,0.000,0.000,11.358,0
220.700,200.000,150.000,38.642,11.339,49.956,0.000,0.000,11.339,0
220.800,200.000,150.000,38.661,11.320,49.956,0.000,0.000,11.320,0
220.900,200.000,150.000,38.680,11.301,49.956,0.000,0.000,11.301,0
221.000,200.000,150.000,38.699,11.282,49.956,0.000,0.000,11.282,0
221.100,200.000,150.000,38.718,11.263,49.956,0.000,0.000,11.263,0
221.200,200.000,150.000,38.737,11.245,49.956,0.000,0.000,11.245,0
221.300,200.000,150.000,38.755,11.226,49.956,0.000,0.000,11.226,0
221.400,200.000,150.000,38.774,11.207,49.956,0.000,0.000,11.207,0
221.500,200.000,150.000,38.793,11.189,49.956,0.000,0.000,11.189,0
221.600,200.000,150.000,38.811,11.170,49.955,0.000,0.000,11.170,0
221.700,200.000,150.000,38.830,11.151,49.955,0.000,0.000,11.151,0
221.800,200.000,150.000,38.849,11.133,49.955,0.000,0.000,11.133,0
221.900,200.000,150.000,38.867,11.114,49.955,0.000,0.000,11.114,0
222.000,200.000,150.000,38.886,11.096,49.955,0.000,0.000,11.096,0
222.100,200.000,150.000,38.904,11.077,49.955,0.000,0.000,11.077,0
222.200,200.000,150.000,38.923,11.059,49.955,0.000,0.000,11.059,0
222.300,200.000,150.000,38.941,11.041,49.955,0.000,0.000,11.041,0
222.400,200.000,150.000,38.959,11.022,49.955,0.000,0.000,11.022,0
222.500,200.000,150.000,38.978,11.004,49.955,0.000,0.000,11.004,0
222.600,200.000,150.000,38.996,10.986,49.955,0.000,0.000,10.986,0
222.700,200.000,150.000,39.014,10.967,49.955,0.000,0.000,10.967,0
222.800,200.000,150.000,39.033,10.949,49.955,0.000,0.000,10.949,0
222.900,200.000,150.000,39.051,10.931,49.955,0.000,0.000,10.931,0
223.000,200.000,150.000,39.069,10.913,49.955,0.000,0.000,10.913,0
223.100,200.000,150.000,39.087,10.895,49.955,0.000,0.000,10.895,0
223.200,200.000,150.000,39.105,10.876,49.955,0.000,0.000,10.876,0
223.300,200.000,150.000,39.124,10.858,49.955,0.000,0.000,10.858,0
223.400,200.000,150.000,39.142,10.840,49.955,0.000,0.000,10.840,0
223.500,200.000,150.000,39.160,10.822,49.955,0.000,0.000,10.822,0
223.600,200.000,150.000,39.178,10.804,49.955,0.000,0.000,10.804,0
223.700,200.000,150.000,39.196,10.786,49.955,0.000,0.000,10.786,0
223.800,200.000,150.000,39.214,10.768,49.955,0.000,0.000,10.768,0
223.900,200.000,150.000,39.232,10.750,49.955,0.000,0.000,10.750,0
224.000,200.000,150.000,39.250,10.732,49.955,0.000,0.000,10.732,0
224.100,200.000,150.000,39.268,10.715,49.955,0.000,0.000,10.715,0
224.200,200.000,150.000,39.285,10.697,49.955,0.000,0.000,10.697,0
224.300,200.000,150.000,39.303,10.679,49.955,0.000,0.000,10.679,0
224.400,200.000,150.000,39.321,10.661,49.955,0.000,0.000,10.661,0
224.500,200.000,150.000,39.339,10.643,49.955,0.000,0.000,10.643,0
224.600,200.000,150.000,39.357,10.626,49.955,0.000,0.000,10.626,0
224.700,200.000,150.000,39.374,10.608,49.955,0.000,0.000,10.608,0
224.800,200.000,150.000,39.392,10.590,49.955,0.000,0.000,10.590,0
224.900,200.000,150.000,39.410,10.573,49.955,0.000,0.000,10.573,0
225.000,200.000,150.000,39.427,10.555,49.954,0.000,0.000,10.555,0
225.100,200.000,150.000,39.445,10.538,49.954,0.000,0.000,10.538,0
225.200,200.000,150.000,39.462,10.520,49.954,0.000,0.000,10.520,0
225.300,200.000,150.000,39.480,10.503,49.954,0.000,0.000,10.503,0
225.400,200.000,150.000,39.497,10.485,49.954,0.000,0.000,10.485,0
225.500,200.000,150.000,39.515,10.468,49.954,0.000,0.000,10.468,0
225.600,200.000,150.000,39.532,10.450,49.954,0.000,0.000,10.450,0
225.700,200.000,150.000,39.550,10.433,49.954,0.000,0.000,10.433,0
225.800,200.000,150.000,39.567,10.416,49.954,0.000,0.000,10.416,0
225.900,200.000,150.000,39.584,10.398,49.954,0.000,0.000,10.398,0
226.000,200.000,150.000,39.602,10.381,49.954,0.000,0.000,10.381,0
226.100,200.000,150.000,39.619,10.364,49.954,0.000,0.000,10.364,0
226.200,200.000,150.000,39.636,10.346,49.954,0.000,0.000,10.346,0
226.300,200.000,150.000,39.654,10.329,49.954,0.000,0.000,10.329,0
226.400,200.000,150.000,39.671,10.312,49.954,0.000,0.000,10.312,0
226.500,200.000,150.000,39.688,10.295,49.954,0.000,0.000,10.295,0
226.600,200.000,150.000,39.705,10.278,49.954,0.000,0.000,10.278,0
226.700,200.000,150.000,39.722,10.261,49.954,0.000,0.000,10.261,0
226.800,200.000,150.000,39.739,10.244,49.954,0.000,0.000,10.244,0
226.900,200.000,150.000,39.756,10.226,49.954,0.000,0.000,10.226,0
227.000,200.000,150.000,39.774,10.209,49.954,0.000,0.000,10.209,0
227.100,200.000,150.000,39.791,10.192,49.954,0.000,0.000,10.192,0
227.200,200.000,150.000,39.808,10.175,49.954,0.000,0.000,10.175,0
227.300,200.000,150.000,39.825,10.159,49.954,0.000,0.000,10.159,0
227.400,200.000,150.000,39.841,10.142,49.954,0.000,0.000,10.142,0
227.500,200.000,150.000,39.858,10.125,49.954,0.000,0.000,10.125,0
227.600,200.000,150.000,39.875,10.108,49.954,0.000,0.000,10.108,0
227.700,200.000,150.000,39.892,10.091,49.954,0.000,0.000,10.091,0
227.800,200.000,150.000,39.909,10.074,49.954,0.000,0.000,10.074,0
227.900,200.000,150.000,39.926,10.058,49.954,0.000,0.000,10.058,0
228.000,200.000,150.000,39.942,10.041,49.954,0.000,0.000,10.041,0
228.100,200.000,150.000,39.959,10.024,49.954,0.000,0.000,10.024,0
228.200,200.000,150.000,39.976,10.007,49.954,0.000,0.000,10.007,0
228.300,200.000,150.000,39.993,9.991,49.954,0.000,0.000,9.991,0
228.400,200.000,150.000,40.009,9.974,49.954,0.000,0.000,9.974,0
228.500,200.000,150.000,40.026,9.958,49.953,0.000,0.000,9.958,0
228.600,200.000,150.000,40.042,9.941,49.953,0.000,0.000,9.941,0
228.700,200.000,150.000,40.059,9.924,49.953,0.000,0.000,9.924,0
228.800,200.000,150.000,40.076,9.908,49.953,0.000,0.000,9.908,0
228.900,200.000,150.000,40.092,9.891,49.953,0.000,0.000,9.891,0
229.000,200.000,150.000,40.109,9.875,49.953,0.000,0.000,9.875,0
229.100,200.000,150.000,40.125,9.859,49.953,0.000,0.000,9.859,0
229.200,200.000,150.000,40.141,9.842,49.953,0.000,0.000,9.842,0
229.300,200.000,150.000,40.158,9.826,49.953,0.000,0.000,9.826,0
229.400,200.000,150.000,40.174,9.809,49.953,0.000,0.000,9.809,0
229.500,200.000,150.000,40.191,9.793,49.953,0.000,0.000,9.793,0
229.600,200.000,150.000,40.207,9.777,49.953,0.000,0.000,9.777,0
229.700,200.000,150.000,40.223,9.761,49.953,0.000,0.000,9.761,0
229.800,200.000,150.000,40.239,9.744,49.953,0.000,0.000,9.744,0
229.900,200.000,150.000,40.256,9.728,49.953,0.000,0.000,9.728,0
230.000,200.000,150.000,40.272,9.712,49.953,0.000,0.000,9.712,0
230.100,200.000,150.000,40.288,9.696,49.953,0.000,0.000,9.696,0
230.200,200.000,150.000,40.304,9.680,49.953,0.000,0.000,9.680,0
230.300,200.000,150.000,40.320,9.664,49.953,0.000,0.000,9.664,0
230.400,200.000,150.000,40.336,9.647,49.953,0.000,0.000,9.647,0
230.500,200.000,150.000,40.353,9.631,49.953,0.000,0.000,9.631,0
230.600,200.000,150.000,40.369,9.615,49.953,0.000,0.000,9.615,0
230.700,200.000,150.000,40.385,9.599,49.953,0.000,0.000,9.599,0
230.800,200.000,150.000,40.401,9.583,49.953,0.000,0.000,9.583,0
230.900,200.000,150.000,40.417,9.567,49.953,0.000,0.000,9.567,0
231.000,200.000,150.000,40.433,9.552,49.953,0.000,0.000,9.552,0
231.100,200.000,150.000,40.448,9.536,49.953,0.000,0.000,9.536,0
231.200,200.000,150.000,40.464,9.520,49.953,0.000,0.000,9.520,0
231.300,200.000,150.000,40.480,9.504,49.953,0.000,0.000,9.504,0
231.400,200.000,150.000,40.496,9.488,49.953,0.000,0.000,9.488,0
231.500,200.000,150.000,40.512,9.472,49.953,0.000,0.000,9.472,0
231.600,200.000,150.000,40.528,9.457,49.953,0.000,0.000,9.457,0
231.700,200.000,150.000,40.543,9.441,49.953,0.000,0.000,9.441,0
231.800,200.000,150.000,40.559,9.425,49.953,0.000,0.000,9.425,0
231.900,200.000,150.000,40.575,9.409,49.953,0.000,0.000,9.409,0
232.000,200.000,150.000,40.591,9.394,49.953,0.000,0.000,9.394,0
232.100,200.000,150.000,40.606,9.378,49.953,0.000,0.000,9.378,0
232.200,200.000,150.000,40.622,9.363,49.952,0.000,0.000,9.363,0
232.300,200.000,150.000,40.637,9.347,49.952,0.000,0.000,9.347,0
232.400,200.000,150.000,40.653,9.331,49.952,0.000,0.000,9.331,0
232.500,200.000,150.000,40.669,9.316,49.952,0.000,0.000,9.316,0
232.600,200.000,150.000,40.684,9.300,49.952,0.000,0.000,9.300,0
232.700,200.000,150.000,40.700,9.285,49.952,0.000,0.000,9.285,0
232.800,200.000,150.000,40.715,9.269,49.952,0.000,0.000,9.269,0
232.900,200.000,150.000,40.731,9.254,49.952,0.000,0.000,9.254,0
233.000,200.000,150.000,40.746,9.239,49.952,0.000,0.000,9.239,0
233.100,200.000,150.000,40.761,9.223,49.952,0.000,0.000,9.223,0
233.200,200.000,150.000,40.777,9.208,49.952,0.000,0.000,9.208,0
233.300,200.000,150.000,40.792,9.193,49.952,0.000,0.000,9.193,0
233.400,200.000,150.000,40.807,9.177,49.952,0.000,0.000,9.177,0
233.500,200.000,150.000,40.823,9.162,49.952,0.000,0.000,9.162,0
233.600,200.000,150.000,40.838,9.147,49.952,0.000,0.000,9.147,0
233.700,200.000,150.000,40.853,9.132,49.952,0.000,0.000,9.132,0
233.800,200.000,150.000,40.868,9.116,49.952,0.000,0.000,9.116,0
233.900,200.000,150.000,40.884,9.101,49.952,0.000,0.000,9.101,0
234.000,200.000,150.000,40.899,9.086,49.952,0.000,0.000,9.086,0
234.100,200.000,150.000,40.914,9.071,49.952,0.000,0.000,9.071,0
234.200,200.000,150.000,40.929,9.056,49.952,0.000,0.000,9.056,0
234.300,200.000,150.000,40.944,9.041,49.952,0.000,0.000,9.041,0
234.400,200.000,150.000,40.959,9.026,49.952,0.000,0.000,9.026,0
234.500,200.000,150.000,40.974,9.011,49.952,0.000,0.000,9.011,0
234.600,200.000,150.000,40.989,8.996,49.952,0.000,0.000,8.996,0
234.700,200.000,150.000,41.004,8.981,49.952,0.000,0.000,8.981,0
234.800,200.000,150.000,41.019,8.966,49.952,0.000,0.000,8.966,0
234.900,200.000,150.000,41.034,8.951,49.952,0.000,0.000,8.951,0
235.000,200.000,150.000,41.049,8.936,49.952,0.000,0.000,8.936,0
235.100,200.000,150.000,41.064,8.921,49.952,0.000,0.000,8.921,0
235.200,200.000,150.000,41.079,8.906,49.952,0.000,0.000,8.906,0
235.300,200.000,150.000,41.094,8.891,49.952,0.000,0.000,8.891,0
235.400,200.000,150.000,41.109,8.877,49.952,0.000,0.000,8.877,0
235.500,200.000,150.000,41.123,8.862,49.952,0.000,0.000,8.862,0
235.600,200.000,150.000,41.138,8.847,49.952,0.000,0.000,8.847,0
235.700,200.000,150.000,41.153,8.832,49.952,0.000,0.000,8.832,0
235.800,200.000,150.000,41.168,8.818,49.952,0.000,0.000,8.818,0
235.900,200.000,150.000,41.182,8.803,49.952,0.000,0.000,8.803,0
236.000,200.000,150.000,41.197,8.788,49.952,0.000,0.000,8.788,0
236.100,200.000,150.000,41.212,8.774,49.952,0.000,0.000,8.774,0
236.200,200.000,150.000,41.226,8.759,49.951,0.000,0.000,8.759,0
236.300,200.000,150.000,41.241,8.745,49.951,0.000,0.000,8.745,0
236.400,200.000,150.000,41.255,8.730,49.951,0.000,0.000,8.730,0
236.500,200.000,150.000,41.270,8.716,49.951,0.000,0.000,8.716,0
236.600,200.000,150.000,41.284,8.701,49.951,0.000,0.000,8.701,0
236.700,200.000,150.000,41.299,8.687,49.951,0.000,0.000,8.687,0
236.800,200.000,150.000,41.313,8.672,49.951,0.000,0.000,8.672,0
236.900,200.000,150.000,41.328,8.658,49.951,0.000,0.000,8.658,0
237.000,200.000,150.000,41.342,8.643,49.951,0.000,0.000,8.643,0
237.100,200.000,150.000,41.357,8.629,49.951,0.000,0.000,8.629,0
237.200,200.000,150.000,41.371,8.615,49.951,0.000,0.000,8.615,0
237.300,200.000,150.000,41.385,8.600,49.951,0.000,0.000,8.600,0
237.400,200.000,150.000,41.400,8.586,49.951,0.000,0.000,8.586,0
237.500,200.000,150.000,41.414,8.572,49.951,0.000,0.000,8.572,0
237.600,200.000,150.000,41.428,8.557,49.951,0.000,0.000,8.557,0
237.700,200.000,150.000,41.443,8.543,49.951,0.000,0.000,8.543,0
237.800,200.000,150.000,41.457,8.529,49.951,0.000,0.000,8.529,0
237.900,200.000,150.000,41.471,8.515,49.951,0.000,0.000,8.515,0
238.000,200.000,150.000,41.485,8.501,49.951,0.000,0.000,8.501,0
238.100,200.000,150.000,41.499,8.486,49.951,0.000,0.000,8.486,0
238.200,200.000,150.000,41.514,8.472,49.951,0.000,0.000,8.472,0
238.300,200.000,150.000,41.528,8.458,49.951,0.000,0.000,8.458,0
238.400,200.000,150.000,41.542,8.444,49.951,0.000,0.000,8.444,0
238.500,200.000,150.000,41.556,8.430,49.951,0.000,0.000,8.430,0
238.600,200.000,150.000,41.570,8.416,49.951,0.000,0.000,8.416,0
238.700,200.000,150.000,41.584,8.402,49.951,0.000,0.000,8.402,0
238.800,200.000,150.000,41.598,8.388,49.951,0.000,0.000,8.388,0
238.900,200.000,150.000,41.612,8.374,49.951,0.000,0.000,8.374,0
239.000,200.000,150.000,41.626,8.360,49.951,0.000,0.000,8.360,0
239.100,200.000,150.000,41.640,8.346,49.951,0.000,0.000,8.346,0
239.200,200.000,150.000,41.654,8.332,49.951,0.000,0.000,8.332,0
239.300,200.000,150.000,41.668,8.319,49.951,0.000,0.000,8.319,0
239.400,200.000,150.000,41.681,8.305,49.951,0.000,0.000,8.305,0
239.500,200.000,150.000,41.695,8.291,49.951,0.000,0.000,8.291,0
239.600,200.000,150.000,41.709,8.277,49.951,0.000,0.000,8.277,0
239.700,200.000,150.000,41.723,8.263,49.951,0.000,0.000,8.263,0
239.800,200.000,150.000,41.737,8.250,49.951,0.000,0.000,8.250,0
239.900,200.000,150.000,41.750,8.236,49.951,0.000,0.000,8.236,0
240.000,200.000,150.000,41.764,8.222,49.951,0.000,0.000,8.222,0
240.100,200.000,150.000,41.778,8.208,49.951,0.000,0.000,8.208,0
240.200,200.000,150.000,41.792,8.195,49.951,0.000,0.000,8.195,0
240.300,200.000,150.000,41.805,8.181,49.951,0.000,0.000,8.181,0
240.400,200.000,150.000,41.819,8.168,49.950,0.000,0.000,8.168,0
240.500,200.000,150.000,41.832,8.154,49.950,0.000,0.000,8.154,0
240.600,200.000,150.000,41.846,8.140,49.950,0.000,0.000,8.140,0
240.700,200.000,150.000,41.860,8.127,49.950,0.000,0.000,8.127,0
240.800,200.000,150.000,41.873,8.113,49.950,0.000,0.000,8.113,0
240.900,200.000,150.000,41.887,8.100,49.950,0.000,0.000,8.100,0
241.000,200.000,150.000,41.900,8.086,49.950,0.000,0.000,8.086,0
241.100,200.000,150.000,41.914,8.073,49.950,0.000,0.000,8.073,0
241.200,200.000,150.000,41.927,8.059,49.950,0.000,0.000,8.059,0
241.300,200.000,150.000,41.941,8.046,49.950,0.000,0.000,8.046,0
241.400,200.000,150.000,41.954,8.033,49.950,0.000,0.000,8.033,0
241.500,200.000,150.000,41.967,8.019,49.950,0.000,0.000,8.019,0
241.600,200.000,150.000,41.981,8.006,49.950,0.000,0.000,8.006,0
241.700,200.000,150.000,41.994,7.993,49.950,0.000,0.000,7.993,0
241.800,200.000,150.000,42.007,7.979,49.950,0.000,0.000,7.979,0
241.900,200.000,150.000,42.021,7.966,49.950,0.000,0.000,7.966,0
242.000,200.000,150.000,42.034,7.953,49.950,0.000,0.000,7.953,0
242.100,200.000,150.000,42.047,7.940,49.950,0.000,0.000,7.940,0
242.200,200.000,150.000,42.060,7.926,49.950,0.000,0.000,7.926,0
242.300,200.000,150.000,42.074,7.913,49.950,0.000,0.000,7.913,0
242.400,200.000,150.000,42.087,7.900,49.950,0.000,0.000,7.900,0
242.500,200.000,150.000,42.100,7.887,49.950,0.000,0.000,7.887,0
242.600,200.000,150.000,42.113,7.874,49.950,0.000,0.000,7.874,0
242.700,200.000,150.000,42.126,7.861,49.950,0.000,0.000,7.861,0
242.800,200.000,150.000,42.139,7.848,49.950,0.000,0.000,7.848,0
242.900,200.000,150.000,42.152,7.834,49.950,0.000,0.000,7.834,0
243.000,200.000,150.000,42.166,7.821,49.950,0.000,0.000,7.821,0
243.100,200.000,150.000,42.179,7.808,49.950,0.000,0.000,7.808,0
243.200,200.000,150.000,42.192,7.795,49.950,0.000,0.000,7.795,0
243.300,200.000,150.000,42.205,7.782,49.950,0.000,0.000,7.782,0
243.400,200.000,150.000,42.218,7.770,49.950,0.000,0.000,7.770,0
243.500,200.000,150.000,42.230,7.757,49.950,0.000,0.000,7.757,0
243.600,200.000,150.000,42.243,7.744,49.950,0.000,0.000,7.744,0
243.700,200.000,150.000,42.256,7.731,49.950,0.000,0.000,7.731,0
243.800,200.000,150.000,42.269,7.718,49.950,0.000,0.000,7.718,0
243.900,200.000,150.000,42.282,7.705,49.950,0.000,0.000,7.705,0
244.000,200.000,150.000,42.295,7.692,49.950,0.000,0.000,7.692,0
244.100,200.000,150.000,42.308,7.679,49.950,0.000,0.000,7.679,0
244.200,200.000,150.000,42.321,7.667,49.950,0.000,0.000,7.667,0
244.300,200.000,150.000,42.333,7.654,49.950,0.000,0.000,7.654,0
244.400,200.000,150.000,42.346,7.641,49.950,0.000,0.000,7.641,0
244.500,200.000,150.000,42.359,7.628,49.950,0.000,0.000,7.628,0
244.600,200.000,150.000,42.372,7.616,49.950,0.000,0.000,7.616,0
244.700,200.000,150.000,42.384,7.603,49.950,0.000,0.000,7.603,0
244.800,200.000,150.000,42.397,7.590,49.950,0.000,0.000,7.590,0
244.900,200.000,150.000,42.410,7.578,49.950,0.000,0.000,7.578,0
245.000,200.000,150.000,42.422,7.565,49.949,0.000,0.000,7.565,0
245.100,200.000,150.000,42.435,7.553,49.949,0.000,0.000,7.553,0
245.200,200.000,150.000,42.447,7.540,49.949,0.000,0.000,7.540,0
245.300,200.000,150.000,42.460,7.528,49.949,0.000,0.000,7.528,0
245.400,200.000,150.000,42.472,7.515,49.949,0.000,0.000,7.515,0
245.500,200.000,150.000,42.485,7.503,49.949,0.000,0.000,7.503,0
245.600,200.000,150.000,42.497,7.490,49.949,0.000,0.000,7.490,0
245.700,200.000,150.000,42.510,7.478,49.949,0.000,0.000,7.478,0
245.800,200.000,150.000,42.522,7.465,49.949,0.000,0.000,7.465,0
245.900,200.000,150.000,42.535,7.453,49.949,0.000,0.000,7.453,0
246.000,200.000,150.000,42.547,7.440,49.949,0.000,0.000,7.440,0
246.100,200.000,150.000,42.560,7.428,49.949,0.000,0.000,7.428,0
246.200,200.000,150.000,42.572,7.416,49.949,0.000,0.000,7.416,0
246.300,200.000,150.000,42.584,7.403,49.949,0.000,0.000,7.403,0
246.400,200.000,150.000,42.597,7.391,49.949,0.000,0.000,7.391,0
246.500,200.000,150.000,42.609,7.379,49.949,0.000,0.000,7.379,0
246.600,200.000,150.000,42.621,7.366,49.949,0.000,0.000,7.366,0
246.700,200.000,150.000,42.634,7.354,49.949,0.000,0.000,7.354,0
246.800,200.000,150.000,42.646,7.342,49.949,0.000,0.000,7.342,0
246.900,200.000,150.000,42.658,7.330,49.949,0.000,0.000,7.330,0
247.000,200.000,150.000,42.670,7.317,49.949,0.000,0.000,7.317,0
247.100,200.000,150.000,42.683,7.305,49.949,0.000,0.000,7.305,0
247.200,200.000,150.000,42.695,7.293,49.949,0.000,0.000,7.293,0
247.300,200.000,150.000,42.707,7.281,49.949,0.000,0.000,7.281,0
247.400,200.000,150.000,42.719,7.269,49.949,0.000,0.000,7.269,0
247.500,200.000,150.000,42.731,7.257,49.949,0.000,0.000,7.257,0
247.600,200.000,150.000,42.743,7.245,49.949,0.000,0.000,7.245,0
247.700,200.000,150.000,42.755,7.233,49.949,0.000,0.000,7.233,0
247.800,200.000,150.000,42.767,7.221,49.949,0.000,0.000,7.221,0
247.900,200.000,150.000,42.779,7.209,49.949,0.000,0.000,7.209,0
248.000,200.000,150.000,42.791,7.197,49.949,0.000,0.000,7.197,0
248.100,200.000,150.000,42.803,7.185,49.949,0.000,0.000,7.185,0
248.200,200.000,150.000,42.815,7.173,49.949,0.000,0.000,7.173,0
248.300,200.000,150.000,42.827,7.161,49.949,0.000,0.000,7.161,0
248.400,200.000,150.000,42.839,7.149,49.949,0.000,0.000,7.149,0
248.500,200.000,150.000,42.851,7.137,49.949,0.000,0.000,7.137,0
248.600,200.000,150.000,42.863,7.125,49.949,0.000,0.000,7.125,0
248.700,200.000,150.000,42.875,7.113,49.949,0.000,0.000,7.113,0
248.800,200.000,150.000,42.887,7.101,49.949,0.000,0.000,7.101,0
248.900,200.000,150.000,42.899,7.090,49.949,0.000,0.000,7.090,0
249.000,200.000,150.000,42.910,7.078,49.949,0.000,0.000,7.078,0
249.100,200.000,150.000,42.922,7.066,49.949,0.000,0.000,7.066,0
249.200,200.000,150.000,42.934,7.054,49.949,0.000,0.000,7.054,0
249.300,200.000,150.000,42.946,7.042,49.949,0.000,0.000,7.042,0
249.400,200.000,150.000,42.958,7.031,49.949,0.000,0.000,7.031,0
249.500,200.000,150.000,42.969,7.019,49.949,0.000,0.000,7.019,0
249.600,200.000,150.000,42.981,7.007,49.949,0.000,0.000,7.007,0
249.700,200.000,150.000,42.993,6.996,49.949,0.000,0.000,6.996,0
249.800,200.000,150.000,43.004,6.984,49.949,0.000,0.000,6.984,0
249.900,200.000,150.000,43.016,6.972,49.949,0.000,0.000,6.972,0
250.000,200.000,150.000,43.028,6.961,49.948,0.000,0.000,6.961,0
250.100,200.000,150.000,43.039,6.949,49.948,0.000,0.000,6.949,0
250.200,200.000,150.000,43.051,6.938,49.948,0.000,0.000,6.938,0
250.300,200.000,150.000,43.062,6.926,49.948,0.000,0.000,6.926,0
250.400,200.000,150.000,43.074,6.915,49.948,0.000,0.000,6.915,0
250.500,200.000,150.000,43.085,6.903,49.948,0.000,0.000,6.903,0
250.600,200.000,150.000,43.097,6.892,49.948,0.000,0.000,6.892,0
250.700,200.000,150.000,43.108,6.880,49.948,0.000,0.000,6.880,0
250.800,200.000,150.000,43.120,6.869,49.948,0.000,0.000,6.869,0
250.900,200.000,150.000,43.131,6.857,49.948,0.000,0.000,6.857,0
251.000,200.000,150.000,43.143,6.846,49.948,0.000,0.000,6.846,0
251.100,200.000,150.000,43.154,6.834,49.948,0.000,0.000,6.834,0
251.200,200.000,150.000,43.166,6.823,49.948,0.000,0.000,6.823,0
251.300,200.000,150.000,43.177,6.812,49.948,0.000,0.000,6.812,0
251.400,200.000,150.000,43.188,6.800,49.948,0.000,0.000,6.800,0
251.500,200.000,150.000,43.200,6.789,49.948,0.000,0.000,6.789,0
251.600,200.000,150.000,43.211,6.778,49.948,0.000,0.000,6.778,0
251.700,200.000,150.000,43.222,6.767,49.948,0.000,0.000,6.767,0
251.800,200.000,150.000,43.233,6.755,49.948,0.000,0.000,6.755,0
251.900,200.000,150.000,43.245,6.744,49.948,0.000,0.000,6.744,0
252.000,200.000,150.000,43.256,6.733,49.948,0.000,0.000,6.733,0
252.100,200.000,150.000,43.267,6.722,49.948,0.000,0.000,6.722,0
252.200,200.000,150.000,43.278,6.710,49.948,0.000,0.000,6.710,0
252.300,200.000,150.000,43.290,6.699,49.948,0.000,0.000,6.699,0
252.400,200.000,150.000,43.301,6.688,49.948,0.000,0.000,6.688,0
252.500,200.000,150.000,43.312,6.677,49.948,0.000,0.000,6.677,0
252.600,200.000,150.000,43.323,6.666,49.948,0.000,0.000,6.666,0
252.700,200.000,150.000,43.334,6.655,49.948,0.000,0.000,6.655,0
252.800,200.000,150.000,43.345,6.644,49.948,0.000,0.000,6.644,0
252.900,200.000,150.000,43.356,6.633,49.948,0.000,0.000,6.633,0
253.000,200.000,150.000,43.367,6.622,49.948,0.000,0.000,6.622,0
253.100,200.000,150.000,43.378,6.611,49.948,0.000,0.000,6.611,0
253.200,200.000,150.000,43.389,6.600,49.948,0.000,0.000,6.600,0
253.300,200.000,150.000,43.400,6.589,49.948,0.000,0.000,6.589,0
253.400,200.000,150.000,43.411,6.578,49.948,0.000,0.000,6.578,0
253.500,200.000,150.000,43.422,6.567,49.948,0.000,0.000,6.567,0
253.600,200.000,150.000,43.433,6.556,49.948,0.000,0.000,6.556,0
253.700,200.000,150.000,43.444,6.545,49.948,0.000,0.000,6.545,0
253.800,200.000,150.000,43.455,6.534,49.948,0.000,0.000,6.534,0
253.900,200.000,150.000,43.466,6.523,49.948,0.000,0.000,6.523,0
254.000,200.000,150.000,43.477,6.512,49.948,0.000,0.000,6.512,0
254.100,200.000,150.000,43.488,6.501,49.948,0.000,0.000,6.501,0
254.200,200.000,150.000,43.499,6.491,49.948,0.000,0.000,6.491,0
254.300,200.000,150.000,43.509,6.480,49.948,0.000,0.000,6.480,0
254.400,200.000,150.000,43.520,6.469,49.948,0.000,0.000,6.469,0
254.500,200.000,150.000,43.531,6.458,49.948,0.000,0.000,6.458,0
254.600,200.000,150.000,43.542,6.448,49.948,0.000,0.000,6.448,0
254.700,200.000,150.000,43.552,6.437,49.948,0.000,0.000,6.437,0
254.800,200.000,150.000,43.563,6.426,49.948,0.000,0.000,6.426,0
254.900,200.000,150.000,43.574,6.415,49.948,0.000,0.000,6.415,0
255.000,200.000,150.000,43.585,6.405,49.948,0.000,0.000,6.405,0
255.100,200.000,150.000,43.595,6.394,49.948,0.000,0.000,6.394,0
255.200,200.000,150.000,43.606,6.383,49.948,0.000,0.000,6.383,0
255.300,200.000,150.000,43.617,6.373,49.948,0.000,0.000,6.373,0
255.400,200.000,150.000,43.627,6.362,49.947,0.000,0.000,6.362,0
255.500,200.000,150.000,43.638,6.352,49.947,0.000,0.000,6.352,0
255.600,200.000,150.000,43.648,6.341,49.947,0.000,0.000,6.341,0
255.700,200.000,150.000,43.659,6.330,49.947,0.000,0.000,6.330,0
255.800,200.000,150.000,43.670,6.320,49.947,0.000,0.000,6.320,0
255.900,200.000,150.000,43.680,6.309,49.947,0.000,0.000,6.309,0
256.000,200.000,150.000,43.691,6.299,49.947,0.000,0.000,6.299,0
256.100,200.000,150.000,43.701,6.288,49.947,0.000,0.000,6.288,0
256.200,200.000,150.000,43.712,6.278,49.947,0.000,0.000,6.278,0
256.300,200.000,150.000,43.722,6.268,49.947,0.000,0.000,6.268,0
256.400,200.000,150.000,43.732,6.257,49.947,0.000,0.000,6.257,0
256.500,200.000,150.000,43.743,6.247,49.947,0.000,0.000,6.247,0
256.600,200.000,150.000,43.753,6.236,49.947,0.000,0.000,6.236,0
256.700,200.000,150.000,43.764,6.226,49.947,0.000,0.000,6.226,0
256.800,200.000,150.000,43.774,6.216,49.947,0.000,0.000,6.216,0
256.900,200.000,150.000,43.784,6.205,49.947,0.000,0.000,6.205,0
257.000,200.000,150.000,43.795,6.195,49.947,0.000,0.000,6.195,0
257.100,200.000,150.000,43.805,6.185,49.947,0.000,0.000,6.185,0
257.200,200.000,150.000,43.815,6.174,49.947,0.000,0.000,6.174,0
257.300,200.000,150.000,43.826,6.164,49.947,0.000,0.000,6.164,0
257.400,200.000,150.000,43.836,6.154,49.947,0.000,0.000,6.154,0
257.500,200.000,150.000,43.846,6.144,49.947,0.000,0.000,6.144,0
257.600,200.000,150.000,43.856,6.133,49.947,0.000,0.000,6.133,0
257.700,200.000,150.000,43.867,6.123,49.947,0.000,0.000,6.123,0
257.800,200.000,150.000,43.877,6.113,49.947,0.000,0.000,6.113,0
257.900,200.000,150.000,43.887,6.103,49.947,0.000,0.000,6.103,0
258.000,200.000,150.000,43.897,6.093,49.947,0.000,0.000,6.093,0
258.100,200.000,150.000,43.907,6.082,49.947,0.000,0.000,6.082,0
258.200,200.000,150.000,43.918,6.072,49.947,0.000,0.000,6.072,0
258.300,200.000,150.000,43.928,6.062,49.947,0.000,0.000,6.062,0
258.400,200.000,150.000,43.938,6.052,49.947,0.000,0.000,6.052,0
258.500,200.000,150.000,43.948,6.042,49.947,0.000,0.000,6.042,0
258.600,200.000,150.000,43.958,6.032,49.947,0.000,0.000,6.032,0
258.700,200.000,150.000,43.968,6.022,49.947,0.000,0.000,6.022,0
258.800,200.000,150.000,43.978,6.012,49.947,0.000,0.000,6.012,0
258.900,200.000,150.000,43.988,6.002,49.947,0.000,0.000,6.002,0
259.000,200.000,150.000,43.998,5.992,49.947,0.000,0.000,5.992,0
259.100,200.000,150.000,44.008,5.982,49.947,0.000,0.000,5.982,0
259.200,200.000,150.000,44.018,5.972,49.947,0.000,0.000,5.972,0
259.300,200.000,150.000,44.028,5.962,49.947,0.000,0.000,5.962,0
259.400,200.000,150.000,44.038,5.952,49.947,0.000,0.000,5.952,0
259.500,200.000,150.000,44.048,5.942,49.947,0.000,0.000,5.942,0
259.600,200.000,150.000,44.058,5.932,49.947,0.000,0.000,5.932,0
259.700,200.000,150.000,44.068,5.923,49.947,0.000,0.000,5.923,0
259.800,200.000,150.000,44.077,5.913,49.947,0.000,0.000,5.913,0
259.900,200.000,150.000,44.087,5.903,49.947,0.000,0.000,5.903,0
260.000,200.000,150.000,44.097,5.893,49.947,0.000,0.000,5.893,0
260.100,200.000,150.000,44.107,5.883,49.947,0.000,0.000,5.883,0
260.200,200.000,150.000,44.117,5.873,49.947,0.000,0.000,5.873,0
260.300,200.000,150.000,44.127,5.864,49.947,0.000,0.000,5.864,0
260.400,200.000,150.000,44.136,5.854,49.947,0.000,0.000,5.854,0
260.500,200.000,150.000,44.146,5.844,49.947,0.000,0.000,5.844,0
260.600,200.000,150.000,44.156,5.834,49.947,0.000,0.000,5.834,0
260.700,200.000,150.000,44.166,5.825,49.947,0.000,0.000,5.825,0
260.800,200.000,150.000,44.175,5.815,49.947,0.000,0.000,5.815,0
260.900,200.000,150.000,44.185,5.805,49.947,0.000,0.000,5.805,0
261.000,200.000,150.000,44.195,5.796,49.947,0.000,0.000,5.796,0
261.100,200.000,150.000,44.204,5.786,49.947,0.000,0.000,5.786,0
261.200,200.000,150.000,44.214,5.776,49.947,0.000,0.000,5.776,0
261.300,200.000,150.000,44.224,5.767,49.946,0.000,0.000,5.767,0
261.400,200.000,150.000,44.233,5.757,49.946,0.000,0.000,5.757,0
261.500,200.000,150.000,44.243,5.748,49.946,0.000,0.000,5.748,0
261.600,200.000,150.000,44.252,5.738,49.946,0.000,0.000,5.738,0
261.700,200.000,150.000,44.262,5.729,49.946,0.000,0.000,5.729,0
261.800,200.000,150.000,44.271,5.719,49.946,0.000,0.000,5.719,0
261.900,200.000,150.000,44.281,5.709,49.946,0.000,0.000,5.709,0
262.000,200.000,150.000,44.291,5.700,49.946,0.000,0.000,5.700,0
262.100,200.000,150.000,44.300,5.691,49.946,0.000,0.000,5.691,0
262.200,200.000,150.000,44.309,5.681,49.946,0.000,0.000,5.681,0
262.300,200.000,150.000,44.319,5.672,49.946,0.000,0.000,5.672,0
262.400,200.000,150.000,44.328,5.662,49.946,0.000,0.000,5.662,0
262.500,200.000,150.000,44.338,5.653,49.946,0.000,0.000,5.653,0
262.600,200.000,150.000,44.347,5.643,49.946,0.000,0.000,5.643,0
262.700,200.000,150.000,44.357,5.634,49.946,0.000,0.000,5.634,0
262.800,200.000,150.000,44.366,5.625,49.946,0.000,0.000,5.625,0
262.900,200.000,150.000,44.375,5.615,49.946,0.000,0.000,5.615,0
263.000,200.000,150.000,44.385,5.606,49.946,0.000,0.000,5.606,0
263.100,200.000,150.000,44.394,5.597,49.946,0.000,0.000,5.597,0
263.200,200.000,150.000,44.403,5.587,49.946,0.000,0.000,5.587,0
263.300,200.000,150.000,44.413,5.578,49.946,0.000,0.000,5.578,0
263.400,200.000,150.000,44.422,5.569,49.946,0.000,0.000,5.569,0
263.500,200.000,150.000,44.431,5.559,49.946,0.000,0.000,5.559,0
263.600,200.000,150.000,44.441,5.550,49.946,0.000,0.000,5.550,0
263.700,200.000,150.000,44.450,5.541,49.946,0.000,0.000,5.541,0
263.800,200.000,150.000,44.459,5.532,49.946,0.000,0.000,5.532,0
263.900,200.000,150.000,44.468,5.522,49.946,0.000,0.000,5.522,0
264.000,200.000,150.000,44.478,5.513,49.946,0.000,0.000,5.513,0
264.100,200.000,150.000,44.487,5.504,49.946,0.000,0.000,5.504,0
264.200,200.000,150.000,44.496,5.495,49.946,0.000,0.000,5.495,0
264.300,200.000,150.000,44.505,5.486,49.946,0.000,0.000,5.486,0
264.400,200.000,150.000,44.514,5.477,49.946,0.000,0.000,5.477,0
264.500,200.000,150.000,44.523,5.468,49.946,0.000,0.000,5.468,0
264.600,200.000,150.000,44.532,5.458,49.946,0.000,0.000,5.458,0
264.700,200.000,150.000,44.542,5.449,49.946,0.000,0.000,5.449,0
264.800,200.000,150.000,44.551,5.440,49.946,0.000,0.000,5.440,0
264.900,200.000,150.000,44.560,5.431,49.946,0.000,0.000,5.431,0
265.000,200.000,150.000,44.569,5.422,49.946,0.000,0.000,5.422,0
265.100,200.000,150.000,44.578,5.413,49.946,0.000,0.000,5.413,0
265.200,200.000,150.000,44.587,5.404,49.946,0.000,0.000,5.404,0
265.300,200.000,150.000,44.596,5.395,49.946,0.000,0.000,5.395,0
265.400,200.000,150.000,44.605,5.386,49.946,0.000,0.000,5.386,0
265.500,200.000,150.000,44.614,5.377,49.946,0.000,0.000,5.377,0
265.600,200.000,150.000,44.623,5.368,49.946,0.000,0.000,5.368,0
265.700,200.000,150.000,44.632,5.359,49.946,0.000,0.000,5.359,0
265.800,200.000,150.000,44.641,5.350,49.946,0.000,0.000,5.350,0
265.900,200.000,150.000,44.650,5.342,49.946,0.000,0.000,5.342,0
266.000,200.000,150.000,44.658,5.333,49.946,0.000,0.000,5.333,0
266.100,200.000,150.000,44.667,5.324,49.946,0.000,0.000,5.324,0
266.200,200.000,150.000,44.676,5.315,49.946,0.000,0.000,5.315,0
266.300,200.000,150.000,44.685,5.306,49.946,0.000,0.000,5.306,0
266.400,200.000,150.000,44.694,5.297,49.946,0.000,0.000,5.297,0
266.500,200.000,150.000,44.703,5.288,49.946,0.000,0.000,5.288,0
266.600,200.000,150.000,44.712,5.280,49.946,0.000,0.000,5.280,0
266.700,200.000,150.000,44.720,5.271,49.946,0.000,0.000,5.271,0
266.800,200.000,150.000,44.729,5.262,49.946,0.000,0.000,5.262,0
266.900,200.000,150.000,44.738,5.253,49.946,0.000,0.000,5.253,0
267.000,200.000,150.000,44.747,5.245,49.946,0.000,0.000,5.245,0
267.100,200.000,150.000,44.755,5.236,49.946,0.000,0.000,5.236,0
267.200,200.000,150.000,44.764,5.227,49.946,0.000,0.000,5.227,0
267.300,200.000,150.000,44.773,5.218,49.946,0.000,0.000,5.218,0
267.400,200.000,150.000,44.782,5.210,49.946,0.000,0.000,5.210,0
267.500,200.000,150.000,44.790,5.201,49.946,0.000,0.000,5.201,0
267.600,200.000,150.000,44.799,5.192,49.946,0.000,0.000,5.192,0
267.700,200.000,150.000,44.808,5.184,49.946,0.000,0.000,5.184,0
267.800,200.000,150.000,44.816,5.175,49.946,0.000,0.000,5.175,0
267.900,200.000,150.000,44.825,5.167,49.945,0.000,0.000,5.167,0
268.000,200.000,150.000,44.833,5.158,49.945,0.000,0.000,5.158,0
268.100,200.000,150.000,44.842,5.149,49.945,0.000,0.000,5.149,0
268.200,200.000,150.000,44.851,5.141,49.945,0.000,0.000,5.141,0
268.300,200.000,150.000,44.859,5.132,49.945,0.000,0.000,5.132,0
268.400,200.000,150.000,44.868,5.124,49.945,0.000,0.000,5.124,0
268.500,200.000,150.000,44.876,5.115,49.945,0.000,0.000,5.115,0
268.600,200.000,150.000,44.885,5.107,49.945,0.000,0.000,5.107,0
268.700,200.000,150.000,44.893,5.098,49.945,0.000,0.000,5.098,0
268.800,200.000,150.000,44.902,5.090,49.945,0.000,0.000,5.090,0
268.900,200.000,150.000,44.910,5.081,49.945,0.000,0.000,5.081,0
269.000,200.000,150.000,44.919,5.073,49.945,0.000,0.000,5.073,0
269.100,200.000,150.000,44.927,5.064,49.945,0.000,0.000,5.064,0
269.200,200.000,150.000,44.936,5.056,49.945,0.000,0.000,5.056,0
269.300,200.000,150.000,44.944,5.048,49.945,0.000,0.000,5.048,0
269.400,200.000,150.000,44.952,5.039,49.945,0.000,0.000,5.039,0
269.500,200.000,150.000,44.961,5.031,49.945,0.000,0.000,5.031,0
269.600,200.000,150.000,44.969,5.022,49.945,0.000,0.000,5.022,0
269.700,200.000,150.000,44.978,5.014,49.945,0.000,0.000,5.014,0
269.800,200.000,150.000,44.986,5.006,49.945,0.000,0.000,5.006,0
269.900,200.000,150.000,44.994,4.997,49.945,0.000,0.000,4.997,0
270.000,200.000,150.000,45.003,4.989,49.945,0.000,0.000,4.989,0
270.100,200.000,150.000,45.011,4.981,49.945,0.000,0.000,4.981,0
270.200,200.000,150.000,45.019,4.972,49.945,0.000,0.000,4.972,0
270.300,200.000,150.000,45.028,4.964,49.945,0.000,0.000,4.964,0
270.400,200.000,150.000,45.036,4.956,49.945,0.000,0.000,4.956,0
270.500,200.000,150.000,45.044,4.948,49.945,0.000,0.000,4.948,0
270.600,200.000,150.000,45.052,4.939,49.945,0.000,0.000,4.939,0
270.700,200.000,150.000,45.061,4.931,49.945,0.000,0.000,4.931,0
270.800,200.000,150.000,45.069,4.923,49.945,0.000,0.000,4.923,0
270.900,200.000,150.000,45.077,4.915,49.945,0.000,0.000,4.915,0
271.000,200.000,150.000,45.085,4.907,49.945,0.000,0.000,4.907,0
271.100,200.000,150.000,45.093,4.898,49.945,0.000,0.000,4.898,0
271.200,200.000,150.000,45.102,4.890,49.945,0.000,0.000,4.890,0
271.300,200.000,150.000,45.110,4.882,49.945,0.000,0.000,4.882,0
271.400,200.000,150.000,45.118,4.874,49.945,0.000,0.000,4.874,0
271.500,200.000,150.000,45.126,4.866,49.945,0.000,0.000,4.866,0
271.600,200.000,150.000,45.134,4.858,49.945,0.000,0.000,4.858,0
271.700,200.000,150.000,45.142,4.850,49.945,0.000,0.000,4.850,0
271.800,200.000,150.000,45.150,4.842,49.945,0.000,0.000,4.842,0
271.900,200.000,150.000,45.158,4.834,49.945,0.000,0.000,4.834,0
272.000,200.000,150.000,45.166,4.826,49.945,0.000,0.000,4.826,0
272.100,200.000,150.000,45.174,4.818,49.945,0.000,0.000,4.818,0
272.200,200.000,150.000,45.182,4.810,49.945,0.000,0.000,4.810,0
272.300,200.000,150.000,45.190,4.802,49.945,0.000,0.000,4.802,0
272.400,200.000,150.000,45.198,4.794,49.945,0.000,0.000,4.794,0
272.500,200.000,150.000,45.206,4.786,49.945,0.000,0.000,4.786,0
272.600,200.000,150.000,45.214,4.778,49.945,0.000,0.000,4.778,0
272.700,200.000,150.000,45.222,4.770,49.945,0.000,0.000,4.770,0
272.800,200.000,150.000,45.230,4.762,49.945,0.000,0.000,4.762,0
272.900,200.000,150.000,45.238,4.754,49.945,0.000,0.000,4.754,0
273.000,200.000,150.000,45.246,4.746,49.945,0.000,0.000,4.746,0
273.100,200.000,150.000,45.254,4.738,49.945,0.000,0.000,4.738,0
273.200,200.000,150.000,45.262,4.730,49.945,0.000,0.000,4.730,0
273.300,200.000,150.000,45.270,4.722,49.945,0.000,0.000,4.722,0
273.400,200.000,150.000,45.278,4.714,49.945,0.000,0.000,4.714,0
273.500,200.000,150.000,45.286,4.707,49.945,0.000,0.000,4.707,0
273.600,200.000,150.000,45.293,4.699,49.945,0.000,0.000,4.699,0
273.700,200.000,150.000,45.301,4.691,49.945,0.000,0.000,4.691,0
273.800,200.000,150.000,45.309,4.683,49.945,0.000,0.000,4.683,0
273.900,200.000,150.000,45.317,4.675,49.945,0.000,0.000,4.675,0
274.000,200.000,150.000,45.325,4.668,49.945,0.000,0.000,4.668,0
274.100,200.000,150.000,45.332,4.660,49.945,0.000,0.000,4.660,0
274.200,200.000,150.000,45.340,4.652,49.945,0.000,0.000,4.652,0
274.300,200.000,150.000,45.348,4.644,49.945,0.000,0.000,4.644,0
274.400,200.000,150.000,45.356,4.637,49.945,0.000,0.000,4.637,0
274.500,200.000,150.000,45.363,4.629,49.945,0.000,0.000,4.629,0
274.600,200.000,150.000,45.371,4.621,49.945,0.000,0.000,4.621,0
274.700,200.000,150.000,45.379,4.613,49.945,0.000,0.000,4.613,0
274.800,200.000,150.000,45.387,4.606,49.945,0.000,0.000,4.606,0
274.900,200.000,150.000,45.394,4.598,49.945,0.000,0.000,4.598,0
275.000,200.000,150.000,45.402,4.590,49.945,0.000,0.000,4.590,0
275.100,200.000,150.000,45.410,4.583,49.945,0.000,0.000,4.583,0
275.200,200.000,150.000,45.417,4.575,49.945,0.000,0.000,4.575,0
275.300,200.000,150.000,45.425,4.568,49.944,0.000,0.000,4.568,0
275.400,200.000,150.000,45.432,4.560,49.944,0.000,0.000,4.560,0
275.500,200.000,150.000,45.440,4.552,49.944,0.000,0.000,4.552,0
275.600,200.000,150.000,45.448,4.545,49.944,0.000,0.000,4.545,0
275.700,200.000,150.000,45.455,4.537,49.944,0.000,0.000,4.537,0
275.800,200.000,150.000,45.463,4.530,49.944,0.000,0.000,4.530,0
275.900,200.000,150.000,45.470,4.522,49.944,0.000,0.000,4.522,0
276.000,200.000,150.000,45.478,4.515,49.944,0.000,0.000,4.515,0
276.100,200.000,150.000,45.485,4.507,49.944,0.000,0.000,4.507,0
276.200,200.000,150.000,45.493,4.500,49.944,0.000,0.000,4.500,0
276.300,200.000,150.000,45.500,4.492,49.944,0.000,0.000,4.492,0
276.400,200.000,150.000,45.508,4.485,49.944,0.000,0.000,4.485,0
276.500,200.000,150.000,45.515,4.477,49.944,0.000,0.000,4.477,0
276.600,200.000,150.000,45.523,4.470,49.944,0.000,0.000,4.470,0
276.700,200.000,150.000,45.530,4.462,49.944,0.000,0.000,4.462,0
276.800,200.000,150.000,45.538,4.455,49.944,0.000,0.000,4.455,0
276.900,200.000,150.000,45.545,4.447,49.944,0.000,0.000,4.447,0
277.000,200.000,150.000,45.553,4.440,49.944,0.000,0.000,4.440,0
277.100,200.000,150.000,45.560,4.433,49.944,0.000,0.000,4.433,0
277.200,200.000,150.000,45.567,4.425,49.944,0.000,0.000,4.425,0
277.300,200.000,150.000,45.575,4.418,49.944,0.000,0.000,4.418,0
277.400,200.000,150.000,45.582,4.411,49.944,0.000,0.000,4.411,0
277.500,200.000,150.000,45.589,4.403,49.944,0.000,0.000,4.403,0
277.600,200.000,150.000,45.597,4.396,49.944,0.000,0.000,4.396,0
277.700,200.000,150.000,45.604,4.389,49.944,0.000,0.000,4.389,0
277.800,200.000,150.000,45.611,4.381,49.944,0.000,0.000,4.381,0
277.900,200.000,150.000,45.619,4.374,49.944,0.000,0.000,4.374,0
278.000,200.000,150.000,45.626,4.367,49.944,0.000,0.000,4.367,0
278.100,200.000,150.000,45.633,4.359,49.944,0.000,0.000,4.359,0
278.200,200.000,150.000,45.641,4.352,49.944,0.000,0.000,4.352,0
278.300,200.000,150.000,45.648,4.345,49.944,0.000,0.000,4.345,0
278.400,200.000,150.000,45.655,4.338,49.944,0.000,0.000,4.338,0
278.500,200.000,150.000,45.662,4.331,49.944,0.000,0.000,4.331,0
278.600,200.000,150.000,45.669,4.323,49.944,0.000,0.000,4.323,0
278.700,200.000,150.000,45.677,4.316,49.944,0.000,0.000,4.316,0
278.800,200.000,150.000,45.684,4.309,49.944,0.000,0.000,4.309,0
278.900,200.000,150.000,45.691,4.302,49.944,0.000,0.000,4.302,0
279.000,200.000,150.000,45.698,4.295,49.944,0.000,0.000,4.295,0
279.100,200.000,150.000,45.705,4.287,49.944,0.000,0.000,4.287,0
279.200,200.000,150.000,45.713,4.280,49.944,0.000,0.000,4.280,0
279.300,200.000,150.000,45.720,4.273,49.944,0.000,0.000,4.273,0
279.400,200.000,150.000,45.727,4.266,49.944,0.000,0.000,4.266,0
279.500,200.000,150.000,45.734,4.259,49.944,0.000,0.000,4.259,0
279.600,200.000,150.000,45.741,4.252,49.944,0.000,0.000,4.252,0
279.700,200.000,150.000,45.748,4.245,49.944,0.000,0.000,4.245,0
279.800,200.000,150.000,45.755,4.238,49.944,0.000,0.000,4.238,0
279.900,200.000,150.000,45.762,4.231,49.944,0.000,0.000,4.231,0
280.000,200.000,150.000,45.769,4.224,49.944,0.000,0.000,4.224,0
280.100,200.000,150.000,45.776,4.217,49.944,0.000,0.000,4.217,0
280.200,200.000,150.000,45.783,4.210,49.944,0.000,0.000,4.210,0
280.300,200.000,150.000,45.790,4.203,49.944,0.000,0.000,4.203,0
280.400,200.000,150.000,45.797,4.196,49.944,0.000,0.000,4.196,0
280.500,200.000,150.000,45.804,4.189,49.944,0.000,0.000,4.189,0
280.600,200.000,150.000,45.811,4.182,49.944,0.000,0.000,4.182,0
280.700,200.000,150.000,45.818,4.175,49.944,0.000,0.000,4.175,0
280.800,200.000,150.000,45.825,4.168,49.944,0.000,0.000,4.168,0
280.900,200.000,150.000,45.832,4.161,49.944,0.000,0.000,4.161,0
281.000,200.000,150.000,45.839,4.154,49.944,0.000,0.000,4.154,0
281.100,200.000,150.000,45.846,4.147,49.944,0.000,0.000,4.147,0
281.200,200.000,150.000,45.853,4.140,49.944,0.000,0.000,4.140,0
281.300,200.000,150.000,45.860,4.133,49.944,0.000,0.000,4.133,0
281.400,200.000,150.000,45.867,4.126,49.944,0.000,0.000,4.126,0
281.500,200.000,150.000,45.874,4.120,49.944,0.000,0.000,4.120,0
281.600,200.000,150.000,45.880,4.113,49.944,0.000,0.000,4.113,0
281.700,200.000,150.000,45.887,4.106,49.944,0.000,0.000,4.106,0
281.800,200.000,150.000,45.894,4.099,49.944,0.000,0.000,4.099,0
281.900,200.000,150.000,45.901,4.092,49.944,0.000,0.000,4.092,0
282.000,200.000,150.000,45.908,4.085,49.944,0.000,0.000,4.085,0
282.100,200.000,150.000,45.915,4.079,49.944,0.000,0.000,4.079,0
282.200,200.000,150.000,45.921,4.072,49.944,0.000,0.000,4.072,0
282.300,200.000,150.000,45.928,4.065,49.944,0.000,0.000,4.065,0
282.400,200.000,150.000,45.935,4.058,49.944,0.000,0.000,4.058,0
282.500,200.000,150.000,45.942,4.051,49.944,0.000,0.000,4.051,0
282.600,200.000,150.000,45.949,4.045,49.944,0.000,0.000,4.045,0
282.700,200.000,150.000,45.955,4.038,49.944,0.000,0.000,4.038,0
282.800,200.000,150.000,45.962,4.031,49.944,0.000,0.000,4.031,0
282.900,200.000,150.000,45.969,4.025,49.944,0.000,0.000,4.025,0
283.000,200.000,150.000,45.975,4.018,49.944,0.000,0.000,4.018,0
283.100,200.000,150.000,45.982,4.011,49.944,0.000,0.000,4.011,0
283.200,200.000,150.000,45.989,4.005,49.944,0.000,0.000,4.005,0
283.300,200.000,150.000,45.995,3.998,49.944,0.000,0.000,3.998,0
283.400,200.000,150.000,46.002,3.991,49.944,0.000,0.000,3.991,0
283.500,200.000,150.000,46.009,3.985,49.944,0.000,0.000,3.985,0
283.600,200.000,150.000,46.015,3.978,49.944,0.000,0.000,3.978,0
283.700,200.000,150.000,46.022,3.971,49.943,0.000,0.000,3.971,0
283.800,200.000,150.000,46.029,3.965,49.943,0.000,0.000,3.965,0
283.900,200.000,150.000,46.035,3.958,49.943,0.000,0.000,3.958,0
284.000,200.000,150.000,46.042,3.952,49.943,0.000,0.000,3.952,0
284.100,200.000,150.000,46.048,3.945,49.943,0.000,0.000,3.945,0
284.200,200.000,150.000,46.055,3.938,49.943,0.000,0.000,3.938,0
284.300,200.000,150.000,46.062,3.932,49.943,0.000,0.000,3.932,0
284.400,200.000,150.000,46.068,3.925,49.943,0.000,0.000,3.925,0
284.500,200.000,150.000,46.075,3.919,49.943,0.000,0.000,3.919,0
284.600,200.000,150.000,46.081,3.912,49.943,0.000,0.000,3.912,0
284.700,200.000,150.000,46.088,3.906,49.943,0.000,0.000,3.906,0
284.800,200.000,150.000,46.094,3.899,49.943,0.000,0.000,3.899,0
284.900,200.000,150.000,46.101,3.893,49.943,0.000,0.000,3.893,0
285.000,200.000,150.000,46.107,3.886,49.943,0.000,0.000,3.886,0
285.100,200.000,150.000,46.114,3.880,49.943,0.000,0.000,3.880,0
285.200,200.000,150.000,46.120,3.873,49.943,0.000,0.000,3.873,0
285.300,200.000,150.000,46.127,3.867,49.943,0.000,0.000,3.867,0
285.400,200.000,150.000,46.133,3.860,49.943,0.000,0.000,3.860,0
285.500,200.000,150.000,46.140,3.854,49.943,0.000,0.000,3.854,0
285.600,200.000,150.000,46.146,3.848,49.943,0.000,0.000,3.848,0
285.700,200.000,150.000,46.152,3.841,49.943,0.000,0.000,3.841,0
285.800,200.000,150.000,46.159,3.835,49.943,0.000,0.000,3.835,0
285.900,200.000,150.000,46.165,3.828,49.943,0.000,0.000,3.828,0
286.000,200.000,150.000,46.172,3.822,49.943,0.000,0.000,3.822,0
286.100,200.000,150.000,46.178,3.816,49.943,0.000,0.000,3.816,0
286.200,200.000,150.000,46.184,3.809,49.943,0.000,0.000,3.809,0
286.300,200.000,150.000,46.191,3.803,49.943,0.000,0.000,3.803,0
286.400,200.000,150.000,46.197,3.797,49.943,0.000,0.000,3.797,0
286.500,200.000,150.000,46.203,3.790,49.943,0.000,0.000,3.790,0
286.600,200.000,150.000,46.210,3.784,49.943,0.000,0.000,3.784,0
286.700,200.000,150.000,46.216,3.778,49.943,0.000,0.000,3.778,0
286.800,200.000,150.000,46.222,3.772,49.943,0.000,0.000,3.772,0
286.900,200.000,150.000,46.228,3.765,49.943,0.000,0.000,3.765,0
287.000,200.000,150.000,46.235,3.759,49.943,0.000,0.000,3.759,0
287.100,200.000,150.000,46.241,3.753,49.943,0.000,0.000,3.753,0
287.200,200.000,150.000,46.247,3.746,49.943,0.000,0.000,3.746,0
287.300,200.000,150.000,46.254,3.740,49.943,0.000,0.000,3.740,0
287.400,200.000,150.000,46.260,3.734,49.943,0.000,0.000,3.734,0
287.500,200.000,150.000,46.266,3.728,49.943,0.000,0.000,3.728,0
287.600,200.000,150.000,46.272,3.722,49.943,0.000,0.000,3.722,0
287.700,200.000,150.000,46.278,3.715,49.943,0.000,0.000,3.715,0
287.800,200.000,150.000,46.285,3.709,49.943,0.000,0.000,3.709,0
287.900,200.000,150.000,46.291,3.703,49.943,0.000,0.000,3.703,0
288.000,200.000,150.000,46.297,3.697,49.943,0.000,0.000,3.697,0
288.100,200.000,150.000,46.303,3.691,49.943,0.000,0.000,3.691,0
288.200,200.000,150.000,46.309,3.685,49.943,0.000,0.000,3.685,0
288.300,200.000,150.000,46.315,3.678,49.943,0.000,0.000,3.678,0
288.400,200.000,150.000,46.322,3.672,49.943,0.000,0.000,3.672,0
288.500,200.000,150.000,46.328,3.666,49.943,0.000,0.000,3.666,0
288.600,200.000,150.000,46.334,3.660,49.943,0.000,0.000,3.660,0
288.700,200.000,150.000,46.340,3.654,49.943,0.000,0.000,3.654,0
288.800,200.000,150.000,46.346,3.648,49.943,0.000,0.000,3.648,0
288.900,200.000,150.000,46.352,3.642,49.943,0.000,0.000,3.642,0
289.000,200.000,150.000,46.358,3.636,49.943,0.000,0.000,3.636,0
289.100,200.000,150.000,46.364,3.630,49.943,0.000,0.000,3.630,0
289.200,200.000,150.000,46.370,3.624,49.943,0.000,0.000,3.624,0
289.300,200.000,150.000,46.376,3.618,49.943,0.000,0.000,3.618,0
289.400,200.000,150.000,46.382,3.612,49.943,0.000,0.000,3.612,0
289.500,200.000,150.000,46.388,3.606,49.943,0.000,0.000,3.606,0
289.600,200.000,150.000,46.394,3.600,49.943,0.000,0.000,3.600,0
289.700,200.000,150.000,46.400,3.594,49.943,0.000,0.000,3.594,0
289.800,200.000,150.000,46.406,3.588,49.943,0.000,0.000,3.588,0
289.900,200.000,150.000,46.412,3.582,49.943,0.000,0.000,3.582,0
290.000,200.000,150.000,46.418,3.576,49.943,0.000,0.000,3.576,0
290.100,200.000,150.000,46.424,3.570,49.943,0.000,0.000,3.570,0
290.200,200.000,150.000,46.430,3.564,49.943,0.000,0.000,3.564,0
290.300,200.000,150.000,46.436,3.558,49.943,0.000,0.000,3.558,0
290.400,200.000,150.000,46.442,3.552,49.943,0.000,0.000,3.552,0
290.500,200.000,150.000,46.448,3.546,49.943,0.000,0.000,3.546,0
290.600,200.000,150.000,46.454,3.540,49.943,0.000,0.000,3.540,0
290.700,200.000,150.000,46.460,3.534,49.943,0.000,0.000,3.534,0
290.800,200.000,150.000,46.466,3.528,49.943,0.000,0.000,3.528,0
290.900,200.000,150.000,46.472,3.523,49.943,0.000,0.000,3.523,0
291.000,200.000,150.000,46.477,3.517,49.943,0.000,0.000,3.517,0
291.100,200.000,150.000,46.483,3.511,49.943,0.000,0.000,3.511,0
291.200,200.000,150.000,46.489,3.505,49.943,0.000,0.000,3.505,0
291.300,200.000,150.000,46.495,3.499,49.943,0.000,0.000,3.499,0
291.400,200.000,150.000,46.501,3.493,49.943,0.000,0.000,3.493,0
291.500,200.000,150.000,46.507,3.488,49.943,0.000,0.000,3.488,0
291.600,200.000,150.000,46.512,3.482,49.943,0.000,0.000,3.482,0
291.700,200.000,150.000,46.518,3.476,49.943,0.000,0.000,3.476,0
291.800,200.000,150.000,46.524,3.470,49.943,0.000,0.000,3.470,0
291.900,200.000,150.000,46.530,3.464,49.943,0.000,0.000,3.464,0
292.000,200.000,150.000,46.536,3.459,49.943,0.000,0.000,3.459,0
292.100,200.000,150.000,46.541,3.453,49.943,0.000,0.000,3.453,0
292.200,200.000,150.000,46.547,3.447,49.943,0.000,0.000,3.447,0
292.300,200.000,150.000,46.553,3.441,49.943,0.000,0.000,3.441,0
292.400,200.000,150.000,46.559,3.436,49.943,0.000,0.000,3.436,0
292.500,200.000,150.000,46.564,3.430,49.943,0.000,0.000,3.430,0
292.600,200.000,150.000,46.570,3.424,49.943,0.000,0.000,3.424,0
292.700,200.000,150.000,46.576,3.419,49.943,0.000,0.000,3.419,0
292.800,200.000,150.000,46.581,3.413,49.943,0.000,0.000,3.413,0
292.900,200.000,150.000,46.587,3.407,49.943,0.000,0.000,3.407,0
293.000,200.000,150.000,46.593,3.402,49.943,0.000,0.000,3.402,0
293.100,200.000,150.000,46.598,3.396,49.943,0.000,0.000,3.396,0
293.200,200.000,150.000,46.604,3.390,49.943,0.000,0.000,3.390,0
293.300,200.000,150.000,46.610,3.385,49.943,0.000,0.000,3.385,0
293.400,200.000,150.000,46.615,3.379,49.943,0.000,0.000,3.379,0
293.500,200.000,150.000,46.621,3.373,49.943,0.000,0.000,3.373,0
293.600,200.000,150.000,46.627,3.368,49.942,0.000,0.000,3.368,0
293.700,200.000,150.000,46.632,3.362,49.942,0.000,0.000,3.362,0
293.800,200.000,150.000,46.638,3.357,49.942,0.000,0.000,3.357,0
293.900,200.000,150.000,46.643,3.351,49.942,0.000,0.000,3.351,0
294.000,200.000,150.000,46.649,3.345,49.942,0.000,0.000,3.345,0
294.100,200.000,150.000,46.655,3.340,49.942,0.000,0.000,3.340,0
294.200,200.000,150.000,46.660,3.334,49.942,0.000,0.000,3.334,0
294.300,200.000,150.000,46.666,3.329,49.942,0.000,0.000,3.329,0
294.400,200.000,150.000,46.671,3.323,49.942,0.000,0.000,3.323,0
294.500,200.000,150.000,46.677,3.318,49.942,0.000,0.000,3.318,0
294.600,200.000,150.000,46.682,3.312,49.942,0.000,0.000,3.312,0
294.700,200.000,150.000,46.688,3.307,49.942,0.000,0.000,3.307,0
294.800,200.000,150.000,46.693,3.301,49.942,0.000,0.000,3.301,0
294.900,200.000,150.000,46.699,3.296,49.942,0.000,0.000,3.296,0
295.000,200.000,150.000,46.704,3.290,49.942,0.000,0.000,3.290,0
295.100,200.000,150.000,46.710,3.285,49.942,0.000,0.000,3.285,0
295.200,200.000,150.000,46.715,3.279,49.942,0.000,0.000,3.279,0
295.300,200.000,150.000,46.721,3.274,49.942,0.000,0.000,3.274,0
295.400,200.000,150.000,46.726,3.268,49.942,0.000,0.000,3.268,0
295.500,200.000,150.000,46.732,3.263,49.942,0.000,0.000,3.263,0
295.600,200.000,150.000,46.737,3.257,49.942,0.000,0.000,3.257,0
295.700,200.000,150.000,46.743,3.252,49.942,0.000,0.000,3.252,0
295.800,200.000,150.000,46.748,3.247,49.942,0.000,0.000,3.247,0
295.900,200.000,150.000,46.753,3.241,49.942,0.000,0.000,3.241,0
296.000,200.000,150.000,46.759,3.236,49.942,0.000,0.000,3.236,0
296.100,200.000,150.000,46.764,3.230,49.942,0.000,0.000,3.230,0
296.200,200.000,150.000,46.770,3.225,49.942,0.000,0.000,3.225,0
296.300,200.000,150.000,46.775,3.220,49.942,0.000,0.000,3.220,0
296.400,200.000,150.000,46.780,3.214,49.942,0.000,0.000,3.214,0
296.500,200.000,150.000,46.786,3.209,49.942,0.000,0.000,3.209,0
296.600,200.000,150.000,46.791,3.204,49.942,0.000,0.000,3.204,0
296.700,200.000,150.000,46.796,3.198,49.942,0.000,0.000,3.198,0
296.800,200.000,150.000,46.802,3.193,49.942,0.000,0.000,3.193,0
296.900,200.000,150.000,46.807,3.188,49.942,0.000,0.000,3.188,0
297.000,200.000,150.000,46.812,3.182,49.942,0.000,0.000,3.182,0
297.100,200.000,150.000,46.818,3.177,49.942,0.000,0.000,3.177,0
297.200,200.000,150.000,46.823,3.172,49.942,0.000,0.000,3.172,0
297.300,200.000,150.000,46.828,3.166,49.942,0.000,0.000,3.166,0
297.400,200.000,150.000,46.834,3.161,49.942,0.000,0.000,3.161,0
297.500,200.000,150.000,46.839,3.156,49.942,0.000,0.000,3.156,0
297.600,200.000,150.000,46.844,3.151,49.942,0.000,0.000,3.151,0
297.700,200.000,150.000,46.849,3.145,49.942,0.000,0.000,3.145,0
297.800,200.000,150.000,46.855,3.140,49.942,0.000,0.000,3.140,0
297.900,200.000,150.000,46.860,3.135,49.942,0.000,0.000,3.135,0
298.000,200.000,150.000,46.865,3.130,49.942,0.000,0.000,3.130,0
298.100,200.000,150.000,46.870,3.125,49.942,0.000,0.000,3.125,0
298.200,200.000,150.000,46.875,3.119,49.942,0.000,0.000,3.119,0
298.300,200.000,150.000,46.881,3.114,49.942,0.000,0.000,3.114,0
298.400,200.000,150.000,46.886,3.109,49.942,0.000,0.000,3.109,0
298.500,200.000,150.000,46.891,3.104,49.942,0.000,0.000,3.104,0
298.600,200.000,150.000,46.896,3.099,49.942,0.000,0.000,3.099,0
298.700,200.000,150.000,46.901,3.094,49.942,0.000,0.000,3.094,0
298.800,200.000,150.000,46.906,3.088,49.942,0.000,0.000,3.088,0
298.900,200.000,150.000,46.912,3.083,49.942,0.000,0.000,3.083,0
299.000,200.000,150.000,46.917,3.078,49.942,0.000,0.000,3.078,0
299.100,200.000,150.000,46.922,3.073,49.942,0.000,0.000,3.073,0
299.200,200.000,150.000,46.927,3.068,49.942,0.000,0.000,3.068,0
299.300,200.000,150.000,46.932,3.063,49.942,0.000,0.000,3.063,0
299.400,200.000,150.000,46.937,3.058,49.942,0.000,0.000,3.058,0
299.500,200.000,150.000,46.942,3.053,49.942,0.000,0.000,3.053,0
299.600,200.000,150.000,46.947,3.047,49.942,0.000,0.000,3.047,0
299.700,200.000,150.000,46.953,3.042,49.942,0.000,0.000,3.042,0
299.800,200.000,150.000,46.958,3.037,49.942,0.000,0.000,3.037,0
299.900,200.000,150.000,46.963,3.032,49.942,0.000,0.000,3.032,0
