Time_s,Load_kW,P_grid_kW,P_bat_kW,A_window_kW,P_req_kW,en,comm,alarm
0.000,200.000,200.000,0.000,200.000,0.000,1,0,0
0.100,200.000,200.000,0.000,200.000,0.000,1,0,0
0.200,200.000,200.000,0.000,200.000,0.000,1,0,0
0.300,200.000,200.000,0.000,200.000,0.000,1,0,0
0.400,200.000,200.000,0.000,200.000,0.000,1,0,0
0.500,200.000,200.000,0.000,200.000,0.000,1,0,0
0.600,200.000,200.000,0.000,200.000,0.000,1,0,0
0.700,200.000,200.000,0.000,200.000,0.000,1,0,0
0.800,200.000,200.000,0.000,200.000,0.000,1,0,0
0.900,200.000,200.000,0.000,200.000,0.000,1,0,0
1.000,200.000,200.000,0.000,200.000,0.000,1,0,0
1.100,200.000,200.000,0.000,200.000,0.000,1,0,0
1.200,200.000,200.000,0.000,200.000,0.000,1,0,0
1.300,200.000,200.000,0.000,200.000,0.000,1,0,0
1.400,200.000,200.000,0.000,200.000,0.000,1,0,0
1.500,200.000,200.000,0.000,200.000,0.000,1,0,0
1.600,200.000,200.000,0.000,200.000,0.000,1,0,0
1.700,200.000,200.000,0.000,200.000,0.000,1,0,0
1.800,200.000,200.000,0.000,200.000,0.000,1,0,0
1.900,200.000,200.000,0.000,200.000,0.000,1,0,0
2.000,200.000,200.000,0.000,200.000,0.000,1,0,0
2.100,200.000,200.000,0.000,200.000,0.000,1,0,0
2.200,200.000,200.000,0.000,200.000,0.000,1,0,0
2.300,200.000,200.000,0.000,200.000,0.000,1,0,0
2.400,200.000,200.000,0.000,200.000,0.000,1,0,0
2.500,200.000,200.000,0.000,200.000,0.000,1,0,0
2.600,200.000,200.000,0.000,200.000,0.000,1,0,0
2.700,200.000,200.000,0.000,200.000,0.000,1,0,0
2.800,200.000,200.000,0.000,200.000,0.000,1,0,0
2.900,200.000,200.000,0.000,200.000,0.000,1,0,0
3.000,200.000,200.000,0.000,200.000,0.000,1,0,0
3.100,200.000,200.000,0.000,200.000,0.000,1,0,0
3.200,200.000,200.000,0.000,200.000,0.000,1,0,0
3.300,200.000,200.000,0.000,200.000,0.000,1,0,0
3.400,200.000,200.000,0.000,200.000,0.000,1,0,0
3.500,200.000,200.000,0.000,200.000,0.000,1,0,0
3.600,200.000,200.000,0.000,200.000,0.000,1,0,0
3.700,200.000,200.000,0.000,200.000,0.000,1,0,0
3.800,200.000,200.000,0.000,200.000,0.000,1,0,0
3.900,200.000,200.000,0.000,200.000,0.000,1,0,0
4.000,200.000,200.000,0.000,200.000,0.000,1,0,0
4.100,200.000,200.000,0.000,200.000,0.000,1,0,0
4.200,200.000,200.000,0.000,200.000,0.000,1,0,0
4.300,200.000,200.000,0.000,200.000,0.000,1,0,0
4.400,200.000,200.000,0.000,200.000,0.000,1,0,0
4.500,200.000,200.000,0.000,200.000,0.000,1,0,0
4.600,200.000,200.000,0.000,200.000,0.000,1,0,0
4.700,200.000,200.000,0.000,200.000,0.000,1,0,0
4.800,200.000,200.000,0.000,200.000,0.000,1,0,0
4.900,200.000,200.000,0.000,200.000,0.000,1,0,0
5.000,200.000,200.000,0.000,200.000,0.000,1,0,0
5.100,200.000,200.000,0.000,200.000,0.000,1,0,0
5.200,200.000,200.000,0.000,200.000,0.000,1,0,0
5.300,200.000,200.000,0.000,200.000,0.000,1,0,0
5.400,200.000,200.000,0.000,200.000,0.000,1,0,0
5.500,200.000,200.000,0.000,200.000,0.000,1,0,0
5.600,200.000,200.000,0.000,200.000,0.000,1,0,0
5.700,200.000,200.000,0.000,200.000,0.000,1,0,0
5.800,200.000,200.000,0.000,200.000,0.000,1,0,0
5.900,200.000,200.000,0.000,200.000,0.000,1,0,0
6.000,200.000,200.000,0.000,200.000,0.000,1,0,0
6.100,200.000,200.000,0.000,200.000,0.000,1,0,0
6.200,200.000,200.000,0.000,200.000,0.000,1,0,0
6.300,200.000,200.000,0.000,200.000,0.000,1,0,0
6.400,200.000,200.000,0.000,200.000,0.000,1,0,0
6.500,200.000,200.000,0.000,200.000,0.000,1,0,0
6.600,200.000,200.000,0.000,200.000,0.000,1,0,0
6.700,200.000,200.000,0.000,200.000,0.000,1,0,0
6.800,200.000,200.000,0.000,200.000,0.000,1,0,0
6.900,200.000,200.000,0.000,200.000,0.000,1,0,0
7.000,200.000,200.000,0.000,200.000,0.000,1,0,0
7.100,200.000,200.000,0.000,200.000,0.000,1,0,0
7.200,200.000,200.000,0.000,200.000,0.000,1,0,0
7.300,200.000,200.000,0.000,200.000,0.000,1,0,0
7.400,200.000,200.000,0.000,200.000,0.000,1,0,0
7.500,200.000,200.000,0.000,200.000,0.000,1,0,0
7.600,200.000,200.000,0.000,200.000,0.000,1,0,0
7.700,200.000,200.000,0.000,200.000,0.000,1,0,0
7.800,200.000,200.000,0.000,200.000,0.000,1,0,0
7.900,200.000,200.000,0.000,200.000,0.000,1,0,0
8.000,200.000,200.000,0.000,200.000,0.000,1,0,0
8.100,200.000,200.000,0.000,200.000,0.000,1,0,0
8.200,200.000,200.000,0.000,200.000,0.000,1,0,0
8.300,200.000,200.000,0.000,200.000,0.000,1,0,0
8.400,200.000,200.000,0.000,200.000,0.000,1,0,0
8.500,200.000,200.000,0.000,200.000,0.000,1,0,0
8.600,200.000,200.000,0.000,200.000,0.000,1,0,0
8.700,200.000,200.000,0.000,200.000,0.000,1,0,0
8.800,200.000,200.000,0.000,200.000,0.000,1,0,0
8.900,200.000,200.000,0.000,200.000,0.000,1,0,0
9.000,200.000,200.000,0.000,200.000,0.000,1,0,0
9.100,200.000,200.000,0.000,200.000,0.000,1,0,0
9.200,200.000,200.000,0.000,200.000,0.000,1,0,0
9.300,200.000,200.000,0.000,200.000,0.000,1,0,0
9.400,200.000,200.000,0.000,200.000,0.000,1,0,0
9.500,200.000,200.000,0.000,200.000,0.000,1,0,0
9.600,200.000,200.000,0.000,200.000,0.000,1,0,0
9.700,200.000,200.000,0.000,200.000,0.000,1,0,0
9.800,200.000,200.000,0.000,200.000,0.000,1,0,0
9.900,200.000,200.000,0.000,200.000,0.000,1,0,0
10.000,200.000,200.000,0.000,200.000,0.000,1,0,0
10.100,200.000,200.000,0.000,200.000,0.000,1,0,0
10.200,200.000,200.000,0.000,200.000,0.000,1,0,0
10.300,200.000,200.000,0.000,200.000,0.000,1,0,0
10.400,200.000,200.000,0.000,200.000,0.000,1,0,0
10.500,200.000,200.000,0.000,200.000,0.000,1,0,0
10.600,200.000,200.000,0.000,200.000,0.000,1,0,0
10.700,200.000,200.000,0.000,200.000,0.000,1,0,0
10.800,200.000,200.000,0.000,200.000,0.000,1,0,0
10.900,200.000,200.000,0.000,200.000,0.000,1,0,0
11.000,200.000,200.000,0.000,200.000,0.000,1,0,0
11.100,200.000,200.000,0.000,200.000,0.000,1,0,0
11.200,200.000,200.000,0.000,200.000,0.000,1,0,0
11.300,200.000,200.000,0.000,200.000,0.000,1,0,0
11.400,200.000,200.000,0.000,200.000,0.000,1,0,0
11.500,200.000,200.000,0.000,200.000,0.000,1,0,0
11.600,200.000,200.000,0.000,200.000,0.000,1,0,0
11.700,200.000,200.000,0.000,200.000,0.000,1,0,0
11.800,200.000,200.000,0.000,200.000,0.000,1,0,0
11.900,200.000,200.000,0.000,200.000,0.000,1,0,0
12.000,200.000,200.000,0.000,200.000,0.000,1,0,0
12.100,200.000,200.000,0.000,200.000,0.000,1,0,0
12.200,200.000,200.000,0.000,200.000,0.000,1,0,0
12.300,200.000,200.000,0.000,200.000,0.000,1,0,0
12.400,200.000,200.000,0.000,200.000,0.000,1,0,0
12.500,200.000,200.000,0.000,200.000,0.000,1,0,0
12.600,200.000,200.000,0.000,200.000,0.000,1,0,0
12.700,200.000,200.000,0.000,200.000,0.000,1,0,0
12.800,200.000,200.000,0.000,200.000,0.000,1,0,0
12.900,200.000,200.000,0.000,200.000,0.000,1,0,0
13.000,200.000,200.000,0.000,200.000,0.000,1,0,0
13.100,200.000,200.000,0.000,200.000,0.000,1,0,0
13.200,200.000,200.000,0.000,200.000,0.000,1,0,0
13.300,200.000,200.000,0.000,200.000,0.000,1,0,0
13.400,200.000,200.000,0.000,200.000,0.000,1,0,0
13.500,200.000,200.000,0.000,200.000,0.000,1,0,0
13.600,200.000,200.000,0.000,200.000,0.000,1,0,0
13.700,200.000,200.000,0.000,200.000,0.000,1,0,0
13.800,200.000,200.000,0.000,200.000,0.000,1,0,0
13.900,200.000,200.000,0.000,200.000,0.000,1,0,0
14.000,200.000,200.000,0.000,200.000,0.000,1,0,0
14.100,200.000,200.000,0.000,200.000,0.000,1,0,0
14.200,200.000,200.000,0.000,200.000,0.000,1,0,0
14.300,200.000,200.000,0.000,200.000,0.000,1,0,0
14.400,200.000,200.000,0.000,200.000,0.000,1,0,0
14.500,200.000,200.000,0.000,200.000,0.000,1,0,0
14.600,200.000,200.000,0.000,200.000,0.000,1,0,0
14.700,200.000,200.000,0.000,200.000,0.000,1,0,0
14.800,200.000,200.000,0.000,200.000,0.000,1,0,0
14.900,200.000,200.000,0.000,200.000,0.000,1,0,0
15.000,200.000,200.000,0.000,200.000,0.000,1,0,0
15.100,200.000,200.000,0.000,200.000,0.000,1,0,0
15.200,200.000,200.000,0.000,200.000,0.000,1,0,0
15.300,200.000,200.000,0.000,200.000,0.000,1,0,0
15.400,200.000,200.000,0.000,200.000,0.000,1,0,0
15.500,200.000,200.000,0.000,200.000,0.000,1,0,0
15.600,200.000,200.000,0.000,200.000,0.000,1,0,0
15.700,200.000,200.000,0.000,200.000,0.000,1,0,0
15.800,200.000,200.000,0.000,200.000,0.000,1,0,0
15.900,200.000,200.000,0.000,200.000,0.000,1,0,0
16.000,200.000,200.000,0.000,200.000,0.000,1,0,0
16.100,200.000,200.000,0.000,200.000,0.000,1,0,0
16.200,200.000,200.000,0.000,200.000,0.000,1,0,0
16.300,200.000,200.000,0.000,200.000,0.000,1,0,0
16.400,200.000,200.000,0.000,200.000,0.000,1,0,0
16.500,200.000,200.000,0.000,200.000,0.000,1,0,0
16.600,200.000,200.000,0.000,200.000,0.000,1,0,0
16.700,200.000,200.000,0.000,200.000,0.000,1,0,0
16.800,200.000,200.000,0.000,200.000,0.000,1,0,0
16.900,200.000,200.000,0.000,200.000,0.000,1,0,0
17.000,200.000,200.000,0.000,200.000,0.000,1,0,0
17.100,200.000,200.000,0.000,200.000,0.000,1,0,0
17.200,200.000,200.000,0.000,200.000,0.000,1,0,0
17.300,200.000,200.000,0.000,200.000,0.000,1,0,0
17.400,200.000,200.000,0.000,200.000,0.000,1,0,0
17.500,200.000,200.000,0.000,200.000,0.000,1,0,0
17.600,200.000,200.000,0.000,200.000,0.000,1,0,0
17.700,200.000,200.000,0.000,200.000,0.000,1,0,0
17.800,200.000,200.000,0.000,200.000,0.000,1,0,0
17.900,200.000,200.000,0.000,200.000,0.000,1,0,0
18.000,200.000,200.000,0.000,200.000,0.000,1,0,0
18.100,200.000,200.000,0.000,200.000,0.000,1,0,0
18.200,200.000,200.000,0.000,200.000,0.000,1,0,0
18.300,200.000,200.000,0.000,200.000,0.000,1,0,0
18.400,200.000,200.000,0.000,200.000,0.000,1,0,0
18.500,200.000,200.000,0.000,200.000,0.000,1,0,0
18.600,200.000,200.000,0.000,200.000,0.000,1,0,0
18.700,200.000,200.000,0.000,200.000,0.000,1,0,0
18.800,200.000,200.000,0.000,200.000,0.000,1,0,0
18.900,200.000,200.000,0.000,200.000,0.000,1,0,0
19.000,200.000,200.000,0.000,200.000,0.000,1,0,0
19.100,200.000,200.000,0.000,200.000,0.000,1,0,0
19.200,200.000,200.000,0.000,200.000,0.000,1,0,0
19.300,200.000,200.000,0.000,200.000,0.000,1,0,0
19.400,200.000,200.000,0.000,200.000,0.000,1,0,0
19.500,200.000,200.000,0.000,200.000,0.000,1,0,0
19.600,200.000,200.000,0.000,200.000,0.000,1,0,0
19.700,200.000,200.000,0.000,200.000,0.000,1,0,0
19.800,200.000,200.000,0.000,200.000,0.000,1,0,0
19.900,200.000,200.000,0.000,200.000,0.000,1,0,0
20.000,200.000,200.000,0.000,200.000,0.000,1,0,0
20.100,200.000,200.000,0.000,200.000,0.000,1,0,0
20.200,200.000,200.000,0.000,200.000,0.000,1,0,0
20.300,200.000,200.000,0.000,200.000,0.000,1,0,0
20.400,200.000,200.000,0.000,200.000,0.000,1,0,0
20.500,200.000,200.000,0.000,200.000,0.000,1,0,0
20.600,200.000,200.000,0.000,200.000,0.000,1,0,0
20.700,200.000,200.000,0.000,200.000,0.000,1,0,0
20.800,200.000,200.000,0.000,200.000,0.000,1,0,0
20.900,200.000,200.000,0.000,200.000,0.000,1,0,0
21.000,200.000,200.000,0.000,200.000,0.000,1,0,0
21.100,200.000,200.000,0.000,200.000,0.000,1,0,0
21.200,200.000,200.000,0.000,200.000,0.000,1,0,0
21.300,200.000,200.000,0.000,200.000,0.000,1,0,0
21.400,200.000,200.000,0.000,200.000,0.000,1,0,0
21.500,200.000,200.000,0.000,200.000,0.000,1,0,0
21.600,200.000,200.000,0.000,200.000,0.000,1,0,0
21.700,200.000,200.000,0.000,200.000,0.000,1,0,0
21.800,200.000,200.000,0.000,200.000,0.000,1,0,0
21.900,200.000,200.000,0.000,200.000,0.000,1,0,0
22.000,200.000,200.000,0.000,200.000,0.000,1,0,0
22.100,200.000,200.000,0.000,200.000,0.000,1,0,0
22.200,200.000,200.000,0.000,200.000,0.000,1,0,0
22.300,200.000,200.000,0.000,200.000,0.000,1,0,0
22.400,200.000,200.000,0.000,200.000,0.000,1,0,0
22.500,200.000,200.000,0.000,200.000,0.000,1,0,0
22.600,200.000,200.000,0.000,200.000,0.000,1,0,0
22.700,200.000,200.000,0.000,200.000,0.000,1,0,0
22.800,200.000,200.000,0.000,200.000,0.000,1,0,0
22.900,200.000,200.000,0.000,200.000,0.000,1,0,0
23.000,200.000,200.000,0.000,200.000,0.000,1,0,0
23.100,200.000,200.000,0.000,200.000,0.000,1,0,0
23.200,200.000,200.000,0.000,200.000,0.000,1,0,0
23.300,200.000,200.000,0.000,200.000,0.000,1,0,0
23.400,200.000,200.000,0.000,200.000,0.000,1,0,0
23.500,200.000,200.000,0.000,200.000,0.000,1,0,0
23.600,200.000,200.000,0.000,200.000,0.000,1,0,0
23.700,200.000,200.000,0.000,200.000,0.000,1,0,0
23.800,200.000,200.000,0.000,200.000,0.000,1,0,0
23.900,200.000,200.000,0.000,200.000,0.000,1,0,0
24.000,200.000,200.000,0.000,200.000,0.000,1,0,0
24.100,200.000,200.000,0.000,200.000,0.000,1,0,0
24.200,200.000,200.000,0.000,200.000,0.000,1,0,0
24.300,200.000,200.000,0.000,200.000,0.000,1,0,0
24.400,200.000,200.000,0.000,200.000,0.000,1,0,0
24.500,200.000,200.000,0.000,200.000,0.000,1,0,0
24.600,200.000,200.000,0.000,200.000,0.000,1,0,0
24.700,200.000,200.000,0.000,200.000,0.000,1,0,0
24.800,200.000,200.000,0.000,200.000,0.000,1,0,0
24.900,200.000,200.000,0.000,200.000,0.000,1,0,0
25.000,200.000,200.000,0.000,200.000,0.000,1,0,0
25.100,200.000,200.000,0.000,200.000,0.000,1,0,0
25.200,200.000,200.000,0.000,200.000,0.000,1,0,0
25.300,200.000,200.000,0.000,200.000,0.000,1,0,0
25.400,200.000,200.000,0.000,200.000,0.000,1,0,0
25.500,200.000,200.000,0.000,200.000,0.000,1,0,0
25.600,200.000,200.000,0.000,200.000,0.000,1,0,0
25.700,200.000,200.000,0.000,200.000,0.000,1,0,0
25.800,200.000,200.000,0.000,200.000,0.000,1,0,0
25.900,200.000,200.000,0.000,200.000,0.000,1,0,0
26.000,200.000,200.000,0.000,200.000,0.000,1,0,0
26.100,200.000,200.000,0.000,200.000,0.000,1,0,0
26.200,200.000,200.000,0.000,200.000,0.000,1,0,0
26.300,200.000,200.000,0.000,200.000,0.000,1,0,0
26.400,200.000,200.000,0.000,200.000,0.000,1,0,0
26.500,200.000,200.000,0.000,200.000,0.000,1,0,0
26.600,200.000,200.000,0.000,200.000,0.000,1,0,0
26.700,200.000,200.000,0.000,200.000,0.000,1,0,0
26.800,200.000,200.000,0.000,200.000,0.000,1,0,0
26.900,200.000,200.000,0.000,200.000,0.000,1,0,0
27.000,200.000,200.000,0.000,200.000,0.000,1,0,0
27.100,200.000,200.000,0.000,200.000,0.000,1,0,0
27.200,200.000,200.000,0.000,200.000,0.000,1,0,0
27.300,200.000,200.000,0.000,200.000,0.000,1,0,0
27.400,200.000,200.000,0.000,200.000,0.000,1,0,0
27.500,200.000,200.000,0.000,200.000,0.000,1,0,0
27.600,200.000,200.000,0.000,200.000,0.000,1,0,0
27.700,200.000,200.000,0.000,200.000,0.000,1,0,0
27.800,200.000,200.000,0.000,200.000,0.000,1,0,0
27.900,200.000,200.000,0.000,200.000,0.000,1,0,0
28.000,200.000,200.000,0.000,200.000,0.000,1,0,0
28.100,200.000,200.000,0.000,200.000,0.000,1,0,0
28.200,200.000,200.000,0.000,200.000,0.000,1,0,0
28.300,200.000,200.000,0.000,200.000,0.000,1,0,0
28.400,200.000,200.000,0.000,200.000,0.000,1,0,0
28.500,200.000,200.000,0.000,200.000,0.000,1,0,0
28.600,200.000,200.000,0.000,200.000,0.000,1,0,0
28.700,200.000,200.000,0.000,200.000,0.000,1,0,0
28.800,200.000,200.000,0.000,200.000,0.000,1,0,0
28.900,200.000,200.000,0.000,200.000,0.000,1,0,0
29.000,200.000,200.000,0.000,200.000,0.000,1,0,0
29.100,200.000,200.000,0.000,200.000,0.000,1,0,0
29.200,200.000,200.000,0.000,200.000,0.000,1,0,0
29.300,200.000,200.000,0.000,200.000,0.000,1,0,0
29.400,200.000,200.000,0.000,200.000,0.000,1,0,0
29.500,200.000,200.000,0.000,200.000,0.000,1,0,0
29.600,200.000,200.000,0.000,200.000,0.000,1,0,0
29.700,200.000,200.000,0.000,200.000,0.000,1,0,0
29.800,200.000,200.000,0.000,200.000,0.000,1,0,0
29.900,200.000,200.000,0.000,200.000,0.000,1,0,0
30.000,200.000,200.000,0.000,200.000,0.000,1,0,0
30.100,200.000,200.000,0.000,200.000,0.000,1,0,0
30.200,200.000,200.000,0.000,200.000,0.000,1,0,0
30.300,200.000,200.000,0.000,200.000,0.000,1,0,0
30.400,200.000,200.000,0.000,200.000,0.000,1,0,0
30.500,200.000,200.000,0.000,200.000,0.000,1,0,0
30.600,200.000,200.000,0.000,200.000,0.000,1,0,0
30.700,200.000,200.000,0.000,200.000,0.000,1,0,0
30.800,200.000,200.000,0.000,200.000,0.000,1,0,0
30.900,200.000,200.000,0.000,200.000,0.000,1,0,0
31.000,200.000,200.000,0.000,200.000,0.000,1,0,0
31.100,200.000,200.000,0.000,200.000,0.000,1,0,0
31.200,200.000,200.000,0.000,200.000,0.000,1,0,0
31.300,200.000,200.000,0.000,200.000,0.000,1,0,0
31.400,200.000,200.000,0.000,200.000,0.000,1,0,0
31.500,200.000,200.000,0.000,200.000,0.000,1,0,0
31.600,200.000,200.000,0.000,200.000,0.000,1,0,0
31.700,200.000,200.000,0.000,200.000,0.000,1,0,0
31.800,200.000,200.000,0.000,200.000,0.000,1,0,0
31.900,200.000,200.000,0.000,200.000,0.000,1,0,0
32.000,200.000,200.000,0.000,200.000,0.000,1,0,0
32.100,200.000,200.000,0.000,200.000,0.000,1,0,0
32.200,200.000,200.000,0.000,200.000,0.000,1,0,0
32.300,200.000,200.000,0.000,200.000,0.000,1,0,0
32.400,200.000,200.000,0.000,200.000,0.000,1,0,0
32.500,200.000,200.000,0.000,200.000,0.000,1,0,0
32.600,200.000,200.000,0.000,200.000,0.000,1,0,0
32.700,200.000,200.000,0.000,200.000,0.000,1,0,0
32.800,200.000,200.000,0.000,200.000,0.000,1,0,0
32.900,200.000,200.000,0.000,200.000,0.000,1,0,0
33.000,200.000,200.000,0.000,200.000,0.000,1,0,0
33.100,200.000,200.000,0.000,200.000,0.000,1,0,0
33.200,200.000,200.000,0.000,200.000,0.000,1,0,0
33.300,200.000,200.000,0.000,200.000,0.000,1,0,0
33.400,200.000,200.000,0.000,200.000,0.000,1,0,0
33.500,200.000,200.000,0.000,200.000,0.000,1,0,0
33.600,200.000,200.000,0.000,200.000,0.000,1,0,0
33.700,200.000,200.000,0.000,200.000,0.000,1,0,0
33.800,200.000,200.000,0.000,200.000,0.000,1,0,0
33.900,200.000,200.000,0.000,200.000,0.000,1,0,0
34.000,200.000,200.000,0.000,200.000,0.000,1,0,0
34.100,200.000,200.000,0.000,200.000,0.000,1,0,0
34.200,200.000,200.000,0.000,200.000,0.000,1,0,0
34.300,200.000,200.000,0.000,200.000,0.000,1,0,0
34.400,200.000,200.000,0.000,200.000,0.000,1,0,0
34.500,200.000,200.000,0.000,200.000,0.000,1,0,0
34.600,200.000,200.000,0.000,200.000,0.000,1,0,0
34.700,200.000,200.000,0.000,200.000,0.000,1,0,0
34.800,200.000,200.000,0.000,200.000,0.000,1,0,0
34.900,200.000,200.000,0.000,200.000,0.000,1,0,0
35.000,200.000,200.000,0.000,200.000,0.000,1,0,0
35.100,200.000,200.000,0.000,200.000,0.000,1,0,0
35.200,200.000,200.000,0.000,200.000,0.000,1,0,0
35.300,200.000,200.000,0.000,200.000,0.000,1,0,0
35.400,200.000,200.000,0.000,200.000,0.000,1,0,0
35.500,200.000,200.000,0.000,200.000,0.000,1,0,0
35.600,200.000,200.000,0.000,200.000,0.000,1,0,0
35.700,200.000,200.000,0.000,200.000,0.000,1,0,0
35.800,200.000,200.000,0.000,200.000,0.000,1,0,0
35.900,200.000,200.000,0.000,200.000,0.000,1,0,0
36.000,200.000,200.000,0.000,200.000,0.000,1,0,0
36.100,200.000,200.000,0.000,200.000,0.000,1,0,0
36.200,200.000,200.000,0.000,200.000,0.000,1,0,0
36.300,200.000,200.000,0.000,200.000,0.000,1,0,0
36.400,200.000,200.000,0.000,200.000,0.000,1,0,0
36.500,200.000,200.000,0.000,200.000,0.000,1,0,0
36.600,200.000,200.000,0.000,200.000,0.000,1,0,0
36.700,200.000,200.000,0.000,200.000,0.000,1,0,0
36.800,200.000,200.000,0.000,200.000,0.000,1,0,0
36.900,200.000,200.000,0.000,200.000,0.000,1,0,0
37.000,200.000,200.000,0.000,200.000,0.000,1,0,0
37.100,200.000,200.000,0.000,200.000,0.000,1,0,0
37.200,200.000,200.000,0.000,200.000,0.000,1,0,0
37.300,200.000,200.000,0.000,200.000,0.000,1,0,0
37.400,200.000,200.000,0.000,200.000,0.000,1,0,0
37.500,200.000,200.000,0.000,200.000,0.000,1,0,0
37.600,200.000,200.000,0.000,200.000,0.000,1,0,0
37.700,200.000,200.000,0.000,200.000,0.000,1,0,0
37.800,200.000,200.000,0.000,200.000,0.000,1,0,0
37.900,200.000,200.000,0.000,200.000,0.000,1,0,0
38.000,200.000,200.000,0.000,200.000,0.000,1,0,0
38.100,200.000,200.000,0.000,200.000,0.000,1,0,0
38.200,200.000,200.000,0.000,200.000,0.000,1,0,0
38.300,200.000,200.000,0.000,200.000,0.000,1,0,0
38.400,200.000,200.000,0.000,200.000,0.000,1,0,0
38.500,200.000,200.000,0.000,200.000,0.000,1,0,0
38.600,200.000,200.000,0.000,200.000,0.000,1,0,0
38.700,200.000,200.000,0.000,200.000,0.000,1,0,0
38.800,200.000,200.000,0.000,200.000,0.000,1,0,0
38.900,200.000,200.000,0.000,200.000,0.000,1,0,0
39.000,200.000,200.000,0.000,200.000,0.000,1,0,0
39.100,200.000,200.000,0.000,200.000,0.000,1,0,0
39.200,200.000,200.000,0.000,200.000,0.000,1,0,0
39.300,200.000,200.000,0.000,200.000,0.000,1,0,0
39.400,200.000,200.000,0.000,200.000,0.000,1,0,0
39.500,200.000,200.000,0.000,200.000,0.000,1,0,0
39.600,200.000,200.000,0.000,200.000,0.000,1,0,0
39.700,200.000,200.000,0.000,200.000,0.000,1,0,0
39.800,200.000,200.000,0.000,200.000,0.000,1,0,0
39.900,200.000,200.000,0.000,200.000,0.000,1,0,0
40.000,200.000,200.000,0.000,200.000,0.000,1,0,0
40.100,200.000,200.000,0.000,200.000,0.000,1,0,0
40.200,200.000,200.000,0.000,200.000,0.000,1,0,0
40.300,200.000,200.000,0.000,200.000,0.000,1,0,0
40.400,200.000,200.000,0.000,200.000,0.000,1,0,0
40.500,200.000,200.000,0.000,200.000,0.000,1,0,0
40.600,200.000,200.000,0.000,200.000,0.000,1,0,0
40.700,200.000,200.000,0.000,200.000,0.000,1,0,0
40.800,200.000,200.000,0.000,200.000,0.000,1,0,0
40.900,200.000,200.000,0.000,200.000,0.000,1,0,0
41.000,200.000,200.000,0.000,200.000,0.000,1,0,0
41.100,200.000,200.000,0.000,200.000,0.000,1,0,0
41.200,200.000,200.000,0.000,200.000,0.000,1,0,0
41.300,200.000,200.000,0.000,200.000,0.000,1,0,0
41.400,200.000,200.000,0.000,200.000,0.000,1,0,0
41.500,200.000,200.000,0.000,200.000,0.000,1,0,0
41.600,200.000,200.000,0.000,200.000,0.000,1,0,0
41.700,200.000,200.000,0.000,200.000,0.000,1,0,0
41.800,200.000,200.000,0.000,200.000,0.000,1,0,0
41.900,200.000,200.000,0.000,200.000,0.000,1,0,0
42.000,200.000,200.000,0.000,200.000,0.000,1,0,0
42.100,200.000,200.000,0.000,200.000,0.000,1,0,0
42.200,200.000,200.000,0.000,200.000,0.000,1,0,0
42.300,200.000,200.000,0.000,200.000,0.000,1,0,0
42.400,200.000,200.000,0.000,200.000,0.000,1,0,0
42.500,200.000,200.000,0.000,200.000,0.000,1,0,0
42.600,200.000,200.000,0.000,200.000,0.000,1,0,0
42.700,200.000,200.000,0.000,200.000,0.000,1,0,0
42.800,200.000,200.000,0.000,200.000,0.000,1,0,0
42.900,200.000,200.000,0.000,200.000,0.000,1,0,0
43.000,200.000,200.000,0.000,200.000,0.000,1,0,0
43.100,200.000,200.000,0.000,200.000,0.000,1,0,0
43.200,200.000,200.000,0.000,200.000,0.000,1,0,0
43.300,200.000,200.000,0.000,200.000,0.000,1,0,0
43.400,200.000,200.000,0.000,200.000,0.000,1,0,0
43.500,200.000,200.000,0.000,200.000,0.000,1,0,0
43.600,200.000,200.000,0.000,200.000,0.000,1,0,0
43.700,200.000,200.000,0.000,200.000,0.000,1,0,0
43.800,200.000,200.000,0.000,200.000,0.000,1,0,0
43.900,200.000,200.000,0.000,200.000,0.000,1,0,0
44.000,200.000,200.000,0.000,200.000,0.000,1,0,0
44.100,200.000,200.000,0.000,200.000,0.000,1,0,0
44.200,200.000,200.000,0.000,200.000,0.000,1,0,0
44.300,200.000,200.000,0.000,200.000,0.000,1,0,0
44.400,200.000,200.000,0.000,200.000,0.000,1,0,0
44.500,200.000,200.000,0.000,200.000,0.000,1,0,0
44.600,200.000,200.000,0.000,200.000,0.000,1,0,0
44.700,200.000,200.000,0.000,200.000,0.000,1,0,0
44.800,200.000,200.000,0.000,200.000,0.000,1,0,0
44.900,200.000,200.000,0.000,200.000,0.000,1,0,0
45.000,200.000,200.000,0.000,200.000,0.000,1,0,0
45.100,200.000,200.000,0.000,200.000,0.000,1,0,0
45.200,200.000,200.000,0.000,200.000,0.000,1,0,0
45.300,200.000,200.000,0.000,200.000,0.000,1,0,0
45.400,200.000,200.000,0.000,200.000,0.000,1,0,0
45.500,200.000,200.000,0.000,200.000,0.000,1,0,0
45.600,200.000,200.000,0.000,200.000,0.000,1,0,0
45.700,200.000,200.000,0.000,200.000,0.000,1,0,0
45.800,200.000,200.000,0.000,200.000,0.000,1,0,0
45.900,200.000,200.000,0.000,200.000,0.000,1,0,0
46.000,200.000,200.000,0.000,200.000,0.000,1,0,0
46.100,200.000,200.000,0.000,200.000,0.000,1,0,0
46.200,200.000,200.000,0.000,200.000,0.000,1,0,0
46.300,200.000,200.000,0.000,200.000,0.000,1,0,0
46.400,200.000,200.000,0.000,200.000,0.000,1,0,0
46.500,200.000,200.000,0.000,200.000,0.000,1,0,0
46.600,200.000,200.000,0.000,200.000,0.000,1,0,0
46.700,200.000,200.000,0.000,200.000,0.000,1,0,0
46.800,200.000,200.000,0.000,200.000,0.000,1,0,0
46.900,200.000,200.000,0.000,200.000,0.000,1,0,0
47.000,200.000,200.000,0.000,200.000,0.000,1,0,0
47.100,200.000,200.000,0.000,200.000,0.000,1,0,0
47.200,200.000,200.000,0.000,200.000,0.000,1,0,0
47.300,200.000,200.000,0.000,200.000,0.000,1,0,0
47.400,200.000,200.000,0.000,200.000,0.000,1,0,0
47.500,200.000,200.000,0.000,200.000,0.000,1,0,0
47.600,200.000,200.000,0.000,200.000,0.000,1,0,0
47.700,200.000,200.000,0.000,200.000,0.000,1,0,0
47.800,200.000,200.000,0.000,200.000,0.000,1,0,0
47.900,200.000,200.000,0.000,200.000,0.000,1,0,0
48.000,200.000,200.000,0.000,200.000,0.000,1,0,0
48.100,200.000,200.000,0.000,200.000,0.000,1,0,0
48.200,200.000,200.000,0.000,200.000,0.000,1,0,0
48.300,200.000,200.000,0.000,200.000,0.000,1,0,0
48.400,200.000,200.000,0.000,200.000,0.000,1,0,0
48.500,200.000,200.000,0.000,200.000,0.000,1,0,0
48.600,200.000,200.000,0.000,200.000,0.000,1,0,0
48.700,200.000,200.000,0.000,200.000,0.000,1,0,0
48.800,200.000,200.000,0.000,200.000,0.000,1,0,0
48.900,200.000,200.000,0.000,200.000,0.000,1,0,0
49.000,200.000,200.000,0.000,200.000,0.000,1,0,0
49.100,200.000,200.000,0.000,200.000,0.000,1,0,0
49.200,200.000,200.000,0.000,200.000,0.000,1,0,0
49.300,200.000,200.000,0.000,200.000,0.000,1,0,0
49.400,200.000,200.000,0.000,200.000,0.000,1,0,0
49.500,200.000,200.000,0.000,200.000,0.000,1,0,0
49.600,200.000,200.000,0.000,200.000,0.000,1,0,0
49.700,200.000,200.000,0.000,200.000,0.000,1,0,0
49.800,200.000,200.000,0.000,200.000,0.000,1,0,0
49.900,200.000,200.000,0.000,200.000,0.000,1,0,0
50.000,200.000,200.000,0.000,200.000,0.000,1,0,0
50.100,200.000,200.000,0.000,200.000,0.000,1,0,0
50.200,200.000,200.000,0.000,200.000,0.000,1,0,0
50.300,200.000,200.000,0.000,200.000,0.000,1,0,0
50.400,200.000,200.000,0.000,200.000,0.000,1,0,0
50.500,200.000,200.000,0.000,200.000,0.000,1,0,0
50.600,200.000,200.000,0.000,200.000,0.000,1,0,0
50.700,200.000,200.000,0.000,200.000,0.000,1,0,0
50.800,200.000,200.000,0.000,200.000,0.000,1,0,0
50.900,200.000,200.000,0.000,200.000,0.000,1,0,0
51.000,200.000,200.000,0.000,200.000,0.000,1,0,0
51.100,200.000,200.000,0.000,200.000,0.000,1,0,0
51.200,200.000,200.000,0.000,200.000,0.000,1,0,0
51.300,200.000,200.000,0.000,200.000,0.000,1,0,0
51.400,200.000,200.000,0.000,200.000,0.000,1,0,0
51.500,200.000,200.000,0.000,200.000,0.000,1,0,0
51.600,200.000,200.000,0.000,200.000,0.000,1,0,0
51.700,200.000,200.000,0.000,200.000,0.000,1,0,0
51.800,200.000,200.000,0.000,200.000,0.000,1,0,0
51.900,200.000,200.000,0.000,200.000,0.000,1,0,0
52.000,200.000,200.000,0.000,200.000,0.000,1,0,0
52.100,200.000,200.000,0.000,200.000,0.000,1,0,0
52.200,200.000,200.000,0.000,200.000,0.000,1,0,0
52.300,200.000,200.000,0.000,200.000,0.000,1,0,0
52.400,200.000,200.000,0.000,200.000,0.000,1,0,0
52.500,200.000,200.000,0.000,200.000,0.000,1,0,0
52.600,200.000,200.000,0.000,200.000,0.000,1,0,0
52.700,200.000,200.000,0.000,200.000,0.000,1,0,0
52.800,200.000,200.000,0.000,200.000,0.000,1,0,0
52.900,200.000,200.000,0.000,200.000,0.000,1,0,0
53.000,200.000,200.000,0.000,200.000,0.000,1,0,0
53.100,200.000,200.000,0.000,200.000,0.000,1,0,0
53.200,200.000,200.000,0.000,200.000,0.000,1,0,0
53.300,200.000,200.000,0.000,200.000,0.000,1,0,0
53.400,200.000,200.000,0.000,200.000,0.000,1,0,0
53.500,200.000,200.000,0.000,200.000,0.000,1,0,0
53.600,200.000,200.000,0.000,200.000,0.000,1,0,0
53.700,200.000,200.000,0.000,200.000,0.000,1,0,0
53.800,200.000,200.000,0.000,200.000,0.000,1,0,0
53.900,200.000,200.000,0.000,200.000,0.000,1,0,0
54.000,200.000,200.000,0.000,200.000,0.000,1,0,0
54.100,200.000,200.000,0.000,200.000,0.000,1,0,0
54.200,200.000,200.000,0.000,200.000,0.000,1,0,0
54.300,200.000,200.000,0.000,200.000,0.000,1,0,0
54.400,200.000,200.000,0.000,200.000,0.000,1,0,0
54.500,200.000,200.000,0.000,200.000,0.000,1,0,0
54.600,200.000,200.000,0.000,200.000,0.000,1,0,0
54.700,200.000,200.000,0.000,200.000,0.000,1,0,0
54.800,200.000,200.000,0.000,200.000,0.000,1,0,0
54.900,200.000,200.000,0.000,200.000,0.000,1,0,0
55.000,200.000,200.000,0.000,200.000,0.000,1,0,0
55.100,200.000,200.000,0.000,200.000,0.000,1,0,0
55.200,200.000,200.000,0.000,200.000,0.000,1,0,0
55.300,200.000,200.000,0.000,200.000,0.000,1,0,0
55.400,200.000,200.000,0.000,200.000,0.000,1,0,0
55.500,200.000,200.000,0.000,200.000,0.000,1,0,0
55.600,200.000,200.000,0.000,200.000,0.000,1,0,0
55.700,200.000,200.000,0.000,200.000,0.000,1,0,0
55.800,200.000,200.000,0.000,200.000,0.000,1,0,0
55.900,200.000,200.000,0.000,200.000,0.000,1,0,0
56.000,200.000,200.000,0.000,200.000,0.000,1,0,0
56.100,200.000,200.000,0.000,200.000,0.000,1,0,0
56.200,200.000,200.000,0.000,200.000,0.000,1,0,0
56.300,200.000,200.000,0.000,200.000,0.000,1,0,0
56.400,200.000,200.000,0.000,200.000,0.000,1,0,0
56.500,200.000,200.000,0.000,200.000,0.000,1,0,0
56.600,200.000,200.000,0.000,200.000,0.000,1,0,0
56.700,200.000,200.000,0.000,200.000,0.000,1,0,0
56.800,200.000,200.000,0.000,200.000,0.000,1,0,0
56.900,200.000,200.000,0.000,200.000,0.000,1,0,0
57.000,200.000,200.000,0.000,200.000,0.000,1,0,0
57.100,200.000,200.000,0.000,200.000,0.000,1,0,0
57.200,200.000,200.000,0.000,200.000,0.000,1,0,0
57.300,200.000,200.000,0.000,200.000,0.000,1,0,0
57.400,200.000,200.000,0.000,200.000,0.000,1,0,0
57.500,200.000,200.000,0.000,200.000,0.000,1,0,0
57.600,200.000,200.000,0.000,200.000,0.000,1,0,0
57.700,200.000,200.000,0.000,200.000,0.000,1,0,0
57.800,200.000,200.000,0.000,200.000,0.000,1,0,0
57.900,200.000,200.000,0.000,200.000,0.000,1,0,0
58.000,200.000,200.000,0.000,200.000,0.000,1,0,0
58.100,200.000,200.000,0.000,200.000,0.000,1,0,0
58.200,200.000,200.000,0.000,200.000,0.000,1,0,0
58.300,200.000,200.000,0.000,200.000,0.000,1,0,0
58.400,200.000,200.000,0.000,200.000,0.000,1,0,0
58.500,200.000,200.000,0.000,200.000,0.000,1,0,0
58.600,200.000,200.000,0.000,200.000,0.000,1,0,0
58.700,200.000,200.000,0.000,200.000,0.000,1,0,0
58.800,200.000,200.000,0.000,200.000,0.000,1,0,0
58.900,200.000,200.000,0.000,200.000,0.000,1,0,0
59.000,200.000,200.000,0.000,200.000,0.000,1,0,0
59.100,200.000,200.000,0.000,200.000,0.000,1,0,0
59.200,200.000,200.000,0.000,200.000,0.000,1,0,0
59.300,200.000,200.000,0.000,200.000,0.000,1,0,0
59.400,200.000,200.000,0.000,200.000,0.000,1,0,0
59.500,200.000,200.000,0.000,200.000,0.000,1,0,0
59.600,200.000,200.000,0.000,200.000,0.000,1,0,0
59.700,200.000,200.000,0.000,200.000,0.000,1,0,0
59.800,200.000,200.000,0.000,200.000,0.000,1,0,0
59.900,200.000,200.000,0.000,200.000,0.000,1,0,0
60.000,200.000,200.000,0.000,200.000,0.000,1,0,0
60.100,200.000,200.000,0.000,200.000,0.000,1,0,0
60.200,200.000,200.000,0.000,200.000,0.000,1,0,0
60.300,200.000,200.000,0.000,200.000,0.000,1,0,0
60.400,200.000,200.000,0.000,200.000,0.000,1,0,0
60.500,200.000,200.000,0.000,200.000,0.000,1,0,0
60.600,200.000,200.000,0.000,200.000,0.000,1,0,0
60.700,200.000,200.000,0.000,200.000,0.000,1,0,0
60.800,200.000,200.000,0.000,200.000,0.000,1,0,0
60.900,200.000,200.000,0.000,200.000,0.000,1,0,0
61.000,200.000,200.000,0.000,200.000,0.000,1,0,0
61.100,200.000,200.000,0.000,200.000,0.000,1,0,0
61.200,200.000,200.000,0.000,200.000,0.000,1,0,0
61.300,200.000,200.000,0.000,200.000,0.000,1,0,0
61.400,200.000,200.000,0.000,200.000,0.000,1,0,0
61.500,200.000,200.000,0.000,200.000,0.000,1,0,0
61.600,200.000,200.000,0.000,200.000,0.000,1,0,0
61.700,200.000,200.000,0.000,200.000,0.000,1,0,0
61.800,200.000,200.000,0.000,200.000,0.000,1,0,0
61.900,200.000,200.000,0.000,200.000,0.000,1,0,0
62.000,200.000,200.000,0.000,200.000,0.000,1,0,0
62.100,200.000,200.000,0.000,200.000,0.000,1,0,0
62.200,200.000,200.000,0.000,200.000,0.000,1,0,0
62.300,200.000,200.000,0.000,200.000,0.000,1,0,0
62.400,200.000,200.000,0.000,200.000,0.000,1,0,0
62.500,200.000,200.000,0.000,200.000,0.000,1,0,0
62.600,200.000,200.000,0.000,200.000,0.000,1,0,0
62.700,200.000,200.000,0.000,200.000,0.000,1,0,0
62.800,200.000,200.000,0.000,200.000,0.000,1,0,0
62.900,200.000,200.000,0.000,200.000,0.000,1,0,0
63.000,200.000,200.000,0.000,200.000,0.000,1,0,0
63.100,200.000,200.000,0.000,200.000,0.000,1,0,0
63.200,200.000,200.000,0.000,200.000,0.000,1,0,0
63.300,200.000,200.000,0.000,200.000,0.000,1,0,0
63.400,200.000,200.000,0.000,200.000,0.000,1,0,0
63.500,200.000,200.000,0.000,200.000,0.000,1,0,0
63.600,200.000,200.000,0.000,200.000,0.000,1,0,0
63.700,200.000,200.000,0.000,200.000,0.000,1,0,0
63.800,200.000,200.000,0.000,200.000,0.000,1,0,0
63.900,200.000,200.000,0.000,200.000,0.000,1,0,0
64.000,200.000,200.000,0.000,200.000,0.000,1,0,0
64.100,200.000,200.000,0.000,200.000,0.000,1,0,0
64.200,200.000,200.000,0.000,200.000,0.000,1,0,0
64.300,200.000,200.000,0.000,200.000,0.000,1,0,0
64.400,200.000,200.000,0.000,200.000,0.000,1,0,0
64.500,200.000,200.000,0.000,200.000,0.000,1,0,0
64.600,200.000,200.000,0.000,200.000,0.000,1,0,0
64.700,200.000,200.000,0.000,200.000,0.000,1,0,0
64.800,200.000,200.000,0.000,200.000,0.000,1,0,0
64.900,200.000,200.000,0.000,200.000,0.000,1,0,0
65.000,200.000,200.000,0.000,200.000,0.000,1,0,0
65.100,200.000,200.000,0.000,200.000,0.000,1,0,0
65.200,200.000,200.000,0.000,200.000,0.000,1,0,0
65.300,200.000,200.000,0.000,200.000,0.000,1,0,0
65.400,200.000,200.000,0.000,200.000,0.000,1,0,0
65.500,200.000,200.000,0.000,200.000,0.000,1,0,0
65.600,200.000,200.000,0.000,200.000,0.000,1,0,0
65.700,200.000,200.000,0.000,200.000,0.000,1,0,0
65.800,200.000,200.000,0.000,200.000,0.000,1,0,0
65.900,200.000,200.000,0.000,200.000,0.000,1,0,0
66.000,200.000,200.000,0.000,200.000,0.000,1,0,0
66.100,200.000,200.000,0.000,200.000,0.000,1,0,0
66.200,200.000,200.000,0.000,200.000,0.000,1,0,0
66.300,200.000,200.000,0.000,200.000,0.000,1,0,0
66.400,200.000,200.000,0.000,200.000,0.000,1,0,0
66.500,200.000,200.000,0.000,200.000,0.000,1,0,0
66.600,200.000,200.000,0.000,200.000,0.000,1,0,0
66.700,200.000,200.000,0.000,200.000,0.000,1,0,0
66.800,200.000,200.000,0.000,200.000,0.000,1,0,0
66.900,200.000,200.000,0.000,200.000,0.000,1,0,0
67.000,200.000,200.000,0.000,200.000,0.000,1,0,0
67.100,200.000,200.000,0.000,200.000,0.000,1,0,0
67.200,200.000,200.000,0.000,200.000,0.000,1,0,0
67.300,200.000,200.000,0.000,200.000,0.000,1,0,0
67.400,200.000,200.000,0.000,200.000,0.000,1,0,0
67.500,200.000,200.000,0.000,200.000,0.000,1,0,0
67.600,200.000,200.000,0.000,200.000,0.000,1,0,0
67.700,200.000,200.000,0.000,200.000,0.000,1,0,0
67.800,200.000,200.000,0.000,200.000,0.000,1,0,0
67.900,200.000,200.000,0.000,200.000,0.000,1,0,0
68.000,200.000,200.000,0.000,200.000,0.000,1,0,0
68.100,200.000,200.000,0.000,200.000,0.000,1,0,0
68.200,200.000,200.000,0.000,200.000,0.000,1,0,0
68.300,200.000,200.000,0.000,200.000,0.000,1,0,0
68.400,200.000,200.000,0.000,200.000,0.000,1,0,0
68.500,200.000,200.000,0.000,200.000,0.000,1,0,0
68.600,200.000,200.000,0.000,200.000,0.000,1,0,0
68.700,200.000,200.000,0.000,200.000,0.000,1,0,0
68.800,200.000,200.000,0.000,200.000,0.000,1,0,0
68.900,200.000,200.000,0.000,200.000,0.000,1,0,0
69.000,200.000,200.000,0.000,200.000,0.000,1,0,0
69.100,200.000,200.000,0.000,200.000,0.000,1,0,0
69.200,200.000,200.000,0.000,200.000,0.000,1,0,0
69.300,200.000,200.000,0.000,200.000,0.000,1,0,0
69.400,200.000,200.000,0.000,200.000,0.000,1,0,0
69.500,200.000,200.000,0.000,200.000,0.000,1,0,0
69.600,200.000,200.000,0.000,200.000,0.000,1,0,0
69.700,200.000,200.000,0.000,200.000,0.000,1,0,0
69.800,200.000,200.000,0.000,200.000,0.000,1,0,0
69.900,200.000,200.000,0.000,200.000,0.000,1,0,0
70.000,200.000,200.000,0.000,200.000,0.000,1,0,0
70.100,200.000,200.000,0.000,200.000,0.000,1,0,0
70.200,200.000,200.000,0.000,200.000,0.000,1,0,0
70.300,200.000,200.000,0.000,200.000,0.000,1,0,0
70.400,200.000,200.000,0.000,200.000,0.000,1,0,0
70.500,200.000,200.000,0.000,200.000,0.000,1,0,0
70.600,200.000,200.000,0.000,200.000,0.000,1,0,0
70.700,200.000,200.000,0.000,200.000,0.000,1,0,0
70.800,200.000,200.000,0.000,200.000,0.000,1,0,0
70.900,200.000,200.000,0.000,200.000,0.000,1,0,0
71.000,200.000,200.000,0.000,200.000,0.000,1,0,0
71.100,200.000,200.000,0.000,200.000,0.000,1,0,0
71.200,200.000,200.000,0.000,200.000,0.000,1,0,0
71.300,200.000,200.000,0.000,200.000,0.000,1,0,0
71.400,200.000,200.000,0.000,200.000,0.000,1,0,0
71.500,200.000,200.000,0.000,200.000,0.000,1,0,0
71.600,200.000,200.000,0.000,200.000,0.000,1,0,0
71.700,200.000,200.000,0.000,200.000,0.000,1,0,0
71.800,200.000,200.000,0.000,200.000,0.000,1,0,0
71.900,200.000,200.000,0.000,200.000,0.000,1,0,0
72.000,200.000,200.000,0.000,200.000,0.000,1,0,0
72.100,200.000,200.000,0.000,200.000,0.000,1,0,0
72.200,200.000,200.000,0.000,200.000,0.000,1,0,0
72.300,200.000,200.000,0.000,200.000,0.000,1,0,0
72.400,200.000,200.000,0.000,200.000,0.000,1,0,0
72.500,200.000,200.000,0.000,200.000,0.000,1,0,0
72.600,200.000,200.000,0.000,200.000,0.000,1,0,0
72.700,200.000,200.000,0.000,200.000,0.000,1,0,0
72.800,200.000,200.000,0.000,200.000,0.000,1,0,0
72.900,200.000,200.000,0.000,200.000,0.000,1,0,0
73.000,200.000,200.000,0.000,200.000,0.000,1,0,0
73.100,200.000,200.000,0.000,200.000,0.000,1,0,0
73.200,200.000,200.000,0.000,200.000,0.000,1,0,0
73.300,200.000,200.000,0.000,200.000,0.000,1,0,0
73.400,200.000,200.000,0.000,200.000,0.000,1,0,0
73.500,200.000,200.000,0.000,200.000,0.000,1,0,0
73.600,200.000,200.000,0.000,200.000,0.000,1,0,0
73.700,200.000,200.000,0.000,200.000,0.000,1,0,0
73.800,200.000,200.000,0.000,200.000,0.000,1,0,0
73.900,200.000,200.000,0.000,200.000,0.000,1,0,0
74.000,200.000,200.000,0.000,200.000,0.000,1,0,0
74.100,200.000,200.000,0.000,200.000,0.000,1,0,0
74.200,200.000,200.000,0.000,200.000,0.000,1,0,0
74.300,200.000,200.000,0.000,200.000,0.000,1,0,0
74.400,200.000,200.000,0.000,200.000,0.000,1,0,0
74.500,200.000,200.000,0.000,200.000,0.000,1,0,0
74.600,200.000,200.000,0.000,200.000,0.000,1,0,0
74.700,200.000,200.000,0.000,200.000,0.000,1,0,0
74.800,200.000,200.000,0.000,200.000,0.000,1,0,0
74.900,200.000,200.000,0.000,200.000,0.000,1,0,0
75.000,200.000,200.000,0.000,200.000,0.000,1,0,0
75.100,200.000,200.000,0.000,200.000,0.000,1,0,0
75.200,200.000,200.000,0.000,200.000,0.000,1,0,0
75.300,200.000,200.000,0.000,200.000,0.000,1,0,0
75.400,200.000,200.000,0.000,200.000,0.000,1,0,0
75.500,200.000,200.000,0.000,200.000,0.000,1,0,0
75.600,200.000,200.000,0.000,200.000,0.000,1,0,0
75.700,200.000,200.000,0.000,200.000,0.000,1,0,0
75.800,200.000,200.000,0.000,200.000,0.000,1,0,0
75.900,200.000,200.000,0.000,200.000,0.000,1,0,0
76.000,200.000,200.000,0.000,200.000,0.000,1,0,0
76.100,200.000,200.000,0.000,200.000,0.000,1,0,0
76.200,200.000,200.000,0.000,200.000,0.000,1,0,0
76.300,200.000,200.000,0.000,200.000,0.000,1,0,0
76.400,200.000,200.000,0.000,200.000,0.000,1,0,0
76.500,200.000,200.000,0.000,200.000,0.000,1,0,0
76.600,200.000,200.000,0.000,200.000,0.000,1,0,0
76.700,200.000,200.000,0.000,200.000,0.000,1,0,0
76.800,200.000,200.000,0.000,200.000,0.000,1,0,0
76.900,200.000,200.000,0.000,200.000,0.000,1,0,0
77.000,200.000,200.000,0.000,200.000,0.000,1,0,0
77.100,200.000,200.000,0.000,200.000,0.000,1,0,0
77.200,200.000,200.000,0.000,200.000,0.000,1,0,0
77.300,200.000,200.000,0.000,200.000,0.000,1,0,0
77.400,200.000,200.000,0.000,200.000,0.000,1,0,0
77.500,200.000,200.000,0.000,200.000,0.000,1,0,0
77.600,200.000,200.000,0.000,200.000,0.000,1,0,0
77.700,200.000,200.000,0.000,200.000,0.000,1,0,0
77.800,200.000,200.000,0.000,200.000,0.000,1,0,0
77.900,200.000,200.000,0.000,200.000,0.000,1,0,0
78.000,200.000,200.000,0.000,200.000,0.000,1,0,0
78.100,200.000,200.000,0.000,200.000,0.000,1,0,0
78.200,200.000,200.000,0.000,200.000,0.000,1,0,0
78.300,200.000,200.000,0.000,200.000,0.000,1,0,0
78.400,200.000,200.000,0.000,200.000,0.000,1,0,0
78.500,200.000,200.000,0.000,200.000,0.000,1,0,0
78.600,200.000,200.000,0.000,200.000,0.000,1,0,0
78.700,200.000,200.000,0.000,200.000,0.000,1,0,0
78.800,200.000,200.000,0.000,200.000,0.000,1,0,0
78.900,200.000,200.000,0.000,200.000,0.000,1,0,0
79.000,200.000,200.000,0.000,200.000,0.000,1,0,0
79.100,200.000,200.000,0.000,200.000,0.000,1,0,0
79.200,200.000,200.000,0.000,200.000,0.000,1,0,0
79.300,200.000,200.000,0.000,200.000,0.000,1,0,0
79.400,200.000,200.000,0.000,200.000,0.000,1,0,0
79.500,200.000,200.000,0.000,200.000,0.000,1,0,0
79.600,200.000,200.000,0.000,200.000,0.000,1,0,0
79.700,200.000,200.000,0.000,200.000,0.000,1,0,0
79.800,200.000,200.000,0.000,200.000,0.000,1,0,0
79.900,200.000,200.000,0.000,200.000,0.000,1,0,0
80.000,200.000,200.000,0.000,200.000,0.000,1,0,0
80.100,200.000,200.000,0.000,200.000,0.000,1,0,0
80.200,200.000,200.000,0.000,200.000,0.000,1,0,0
80.300,200.000,200.000,0.000,200.000,0.000,1,0,0
80.400,200.000,200.000,0.000,200.000,0.000,1,0,0
80.500,200.000,200.000,0.000,200.000,0.000,1,0,0
80.600,200.000,200.000,0.000,200.000,0.000,1,0,0
80.700,200.000,200.000,0.000,200.000,0.000,1,0,0
80.800,200.000,200.000,0.000,200.000,0.000,1,0,0
80.900,200.000,200.000,0.000,200.000,0.000,1,0,0
81.000,200.000,200.000,0.000,200.000,0.000,1,0,0
81.100,200.000,200.000,0.000,200.000,0.000,1,0,0
81.200,200.000,200.000,0.000,200.000,0.000,1,0,0
81.300,200.000,200.000,0.000,200.000,0.000,1,0,0
81.400,200.000,200.000,0.000,200.000,0.000,1,0,0
81.500,200.000,200.000,0.000,200.000,0.000,1,0,0
81.600,200.000,200.000,0.000,200.000,0.000,1,0,0
81.700,200.000,200.000,0.000,200.000,0.000,1,0,0
81.800,200.000,200.000,0.000,200.000,0.000,1,0,0
81.900,200.000,200.000,0.000,200.000,0.000,1,0,0
82.000,200.000,200.000,0.000,200.000,0.000,1,0,0
82.100,200.000,200.000,0.000,200.000,0.000,1,0,0
82.200,200.000,200.000,0.000,200.000,0.000,1,0,0
82.300,200.000,200.000,0.000,200.000,0.000,1,0,0
82.400,200.000,200.000,0.000,200.000,0.000,1,0,0
82.500,200.000,200.000,0.000,200.000,0.000,1,0,0
82.600,200.000,200.000,0.000,200.000,0.000,1,0,0
82.700,200.000,200.000,0.000,200.000,0.000,1,0,0
82.800,200.000,200.000,0.000,200.000,0.000,1,0,0
82.900,200.000,200.000,0.000,200.000,0.000,1,0,0
83.000,200.000,200.000,0.000,200.000,0.000,1,0,0
83.100,200.000,200.000,0.000,200.000,0.000,1,0,0
83.200,200.000,200.000,0.000,200.000,0.000,1,0,0
83.300,200.000,200.000,0.000,200.000,0.000,1,0,0
83.400,200.000,200.000,0.000,200.000,0.000,1,0,0
83.500,200.000,200.000,0.000,200.000,0.000,1,0,0
83.600,200.000,200.000,0.000,200.000,0.000,1,0,0
83.700,200.000,200.000,0.000,200.000,0.000,1,0,0
83.800,200.000,200.000,0.000,200.000,0.000,1,0,0
83.900,200.000,200.000,0.000,200.000,0.000,1,0,0
84.000,200.000,200.000,0.000,200.000,0.000,1,0,0
84.100,200.000,200.000,0.000,200.000,0.000,1,0,0
84.200,200.000,200.000,0.000,200.000,0.000,1,0,0
84.300,200.000,200.000,0.000,200.000,0.000,1,0,0
84.400,200.000,200.000,0.000,200.000,0.000,1,0,0
84.500,200.000,200.000,0.000,200.000,0.000,1,0,0
84.600,200.000,200.000,0.000,200.000,0.000,1,0,0
84.700,200.000,200.000,0.000,200.000,0.000,1,0,0
84.800,200.000,200.000,0.000,200.000,0.000,1,0,0
84.900,200.000,200.000,0.000,200.000,0.000,1,0,0
85.000,200.000,200.000,0.000,200.000,0.000,1,0,0
85.100,200.000,200.000,0.000,200.000,0.000,1,0,0
85.200,200.000,200.000,0.000,200.000,0.000,1,0,0
85.300,200.000,200.000,0.000,200.000,0.000,1,0,0
85.400,200.000,200.000,0.000,200.000,0.000,1,0,0
85.500,200.000,200.000,0.000,200.000,0.000,1,0,0
85.600,200.000,200.000,0.000,200.000,0.000,1,0,0
85.700,200.000,200.000,0.000,200.000,0.000,1,0,0
85.800,200.000,200.000,0.000,200.000,0.000,1,0,0
85.900,200.000,200.000,0.000,200.000,0.000,1,0,0
86.000,200.000,200.000,0.000,200.000,0.000,1,0,0
86.100,200.000,200.000,0.000,200.000,0.000,1,0,0
86.200,200.000,200.000,0.000,200.000,0.000,1,0,0
86.300,200.000,200.000,0.000,200.000,0.000,1,0,0
86.400,200.000,200.000,0.000,200.000,0.000,1,0,0
86.500,200.000,200.000,0.000,200.000,0.000,1,0,0
86.600,200.000,200.000,0.000,200.000,0.000,1,0,0
86.700,200.000,200.000,0.000,200.000,0.000,1,0,0
86.800,200.000,200.000,0.000,200.000,0.000,1,0,0
86.900,200.000,200.000,0.000,200.000,0.000,1,0,0
87.000,200.000,200.000,0.000,200.000,0.000,1,0,0
87.100,200.000,200.000,0.000,200.000,0.000,1,0,0
87.200,200.000,200.000,0.000,200.000,0.000,1,0,0
87.300,200.000,200.000,0.000,200.000,0.000,1,0,0
87.400,200.000,200.000,0.000,200.000,0.000,1,0,0
87.500,200.000,200.000,0.000,200.000,0.000,1,0,0
87.600,200.000,200.000,0.000,200.000,0.000,1,0,0
87.700,200.000,200.000,0.000,200.000,0.000,1,0,0
87.800,200.000,200.000,0.000,200.000,0.000,1,0,0
87.900,200.000,200.000,0.000,200.000,0.000,1,0,0
88.000,200.000,200.000,0.000,200.000,0.000,1,0,0
88.100,200.000,200.000,0.000,200.000,0.000,1,0,0
88.200,200.000,200.000,0.000,200.000,0.000,1,0,0
88.300,200.000,200.000,0.000,200.000,0.000,1,0,0
88.400,200.000,200.000,0.000,200.000,0.000,1,0,0
88.500,200.000,200.000,0.000,200.000,0.000,1,0,0
88.600,200.000,200.000,0.000,200.000,0.000,1,0,0
88.700,200.000,200.000,0.000,200.000,0.000,1,0,0
88.800,200.000,200.000,0.000,200.000,0.000,1,0,0
88.900,200.000,200.000,0.000,200.000,0.000,1,0,0
89.000,200.000,200.000,0.000,200.000,0.000,1,0,0
89.100,200.000,200.000,0.000,200.000,0.000,1,0,0
89.200,200.000,200.000,0.000,200.000,0.000,1,0,0
89.300,200.000,200.000,0.000,200.000,0.000,1,0,0
89.400,200.000,200.000,0.000,200.000,0.000,1,0,0
89.500,200.000,200.000,0.000,200.000,0.000,1,0,0
89.600,200.000,200.000,0.000,200.000,0.000,1,0,0
89.700,200.000,200.000,0.000,200.000,0.000,1,0,0
89.800,200.000,200.000,0.000,200.000,0.000,1,0,0
89.900,200.000,200.000,0.000,200.000,0.000,1,0,0
90.000,200.000,200.000,0.000,200.000,0.000,1,0,0
90.100,200.000,200.000,0.000,200.000,0.000,1,0,0
90.200,200.000,200.000,0.000,200.000,0.000,1,0,0
90.300,200.000,200.000,0.000,200.000,0.000,1,0,0
90.400,200.000,200.000,0.000,200.000,0.000,1,0,0
90.500,200.000,200.000,0.000,200.000,0.000,1,0,0
90.600,200.000,200.000,0.000,200.000,0.000,1,0,0
90.700,200.000,200.000,0.000,200.000,0.000,1,0,0
90.800,200.000,200.000,0.000,200.000,0.000,1,0,0
90.900,200.000,200.000,0.000,200.000,0.000,1,0,0
91.000,200.000,200.000,0.000,200.000,0.000,1,0,0
91.100,200.000,200.000,0.000,200.000,0.000,1,0,0
91.200,200.000,200.000,0.000,200.000,0.000,1,0,0
91.300,200.000,200.000,0.000,200.000,0.000,1,0,0
91.400,200.000,200.000,0.000,200.000,0.000,1,0,0
91.500,200.000,200.000,0.000,200.000,0.000,1,0,0
91.600,200.000,200.000,0.000,200.000,0.000,1,0,0
91.700,200.000,200.000,0.000,200.000,0.000,1,0,0
91.800,200.000,200.000,0.000,200.000,0.000,1,0,0
91.900,200.000,200.000,0.000,200.000,0.000,1,0,0
92.000,200.000,200.000,0.000,200.000,0.000,1,0,0
92.100,200.000,200.000,0.000,200.000,0.000,1,0,0
92.200,200.000,200.000,0.000,200.000,0.000,1,0,0
92.300,200.000,200.000,0.000,200.000,0.000,1,0,0
92.400,200.000,200.000,0.000,200.000,0.000,1,0,0
92.500,200.000,200.000,0.000,200.000,0.000,1,0,0
92.600,200.000,200.000,0.000,200.000,0.000,1,0,0
92.700,200.000,200.000,0.000,200.000,0.000,1,0,0
92.800,200.000,200.000,0.000,200.000,0.000,1,0,0
92.900,200.000,200.000,0.000,200.000,0.000,1,0,0
93.000,200.000,200.000,0.000,200.000,0.000,1,0,0
93.100,200.000,200.000,0.000,200.000,0.000,1,0,0
93.200,200.000,200.000,0.000,200.000,0.000,1,0,0
93.300,200.000,200.000,0.000,200.000,0.000,1,0,0
93.400,200.000,200.000,0.000,200.000,0.000,1,0,0
93.500,200.000,200.000,0.000,200.000,0.000,1,0,0
93.600,200.000,200.000,0.000,200.000,0.000,1,0,0
93.700,200.000,200.000,0.000,200.000,0.000,1,0,0
93.800,200.000,200.000,0.000,200.000,0.000,1,0,0
93.900,200.000,200.000,0.000,200.000,0.000,1,0,0
94.000,200.000,200.000,0.000,200.000,0.000,1,0,0
94.100,200.000,200.000,0.000,200.000,0.000,1,0,0
94.200,200.000,200.000,0.000,200.000,0.000,1,0,0
94.300,200.000,200.000,0.000,200.000,0.000,1,0,0
94.400,200.000,200.000,0.000,200.000,0.000,1,0,0
94.500,200.000,200.000,0.000,200.000,0.000,1,0,0
94.600,200.000,200.000,0.000,200.000,0.000,1,0,0
94.700,200.000,200.000,0.000,200.000,0.000,1,0,0
94.800,200.000,200.000,0.000,200.000,0.000,1,0,0
94.900,200.000,200.000,0.000,200.000,0.000,1,0,0
95.000,200.000,200.000,0.000,200.000,0.000,1,0,0
95.100,200.000,200.000,0.000,200.000,0.000,1,0,0
95.200,200.000,200.000,0.000,200.000,0.000,1,0,0
95.300,200.000,200.000,0.000,200.000,0.000,1,0,0
95.400,200.000,200.000,0.000,200.000,0.000,1,0,0
95.500,200.000,200.000,0.000,200.000,0.000,1,0,0
95.600,200.000,200.000,0.000,200.000,0.000,1,0,0
95.700,200.000,200.000,0.000,200.000,0.000,1,0,0
95.800,200.000,200.000,0.000,200.000,0.000,1,0,0
95.900,200.000,200.000,0.000,200.000,0.000,1,0,0
96.000,200.000,200.000,0.000,200.000,0.000,1,0,0
96.100,200.000,200.000,0.000,200.000,0.000,1,0,0
96.200,200.000,200.000,0.000,200.000,0.000,1,0,0
96.300,200.000,200.000,0.000,200.000,0.000,1,0,0
96.400,200.000,200.000,0.000,200.000,0.000,1,0,0
96.500,200.000,200.000,0.000,200.000,0.000,1,0,0
96.600,200.000,200.000,0.000,200.000,0.000,1,0,0
96.700,200.000,200.000,0.000,200.000,0.000,1,0,0
96.800,200.000,200.000,0.000,200.000,0.000,1,0,0
96.900,200.000,200.000,0.000,200.000,0.000,1,0,0
97.000,200.000,200.000,0.000,200.000,0.000,1,0,0
97.100,200.000,200.000,0.000,200.000,0.000,1,0,0
97.200,200.000,200.000,0.000,200.000,0.000,1,0,0
97.300,200.000,200.000,0.000,200.000,0.000,1,0,0
97.400,200.000,200.000,0.000,200.000,0.000,1,0,0
97.500,200.000,200.000,0.000,200.000,0.000,1,0,0
97.600,200.000,200.000,0.000,200.000,0.000,1,0,0
97.700,200.000,200.000,0.000,200.000,0.000,1,0,0
97.800,200.000,200.000,0.000,200.000,0.000,1,0,0
97.900,200.000,200.000,0.000,200.000,0.000,1,0,0
98.000,200.000,200.000,0.000,200.000,0.000,1,0,0
98.100,200.000,200.000,0.000,200.000,0.000,1,0,0
98.200,200.000,200.000,0.000,200.000,0.000,1,0,0
98.300,200.000,200.000,0.000,200.000,0.000,1,0,0
98.400,200.000,200.000,0.000,200.000,0.000,1,0,0
98.500,200.000,200.000,0.000,200.000,0.000,1,0,0
98.600,200.000,200.000,0.000,200.000,0.000,1,0,0
98.700,200.000,200.000,0.000,200.000,0.000,1,0,0
98.800,200.000,200.000,0.000,200.000,0.000,1,0,0
98.900,200.000,200.000,0.000,200.000,0.000,1,0,0
99.000,200.000,200.000,0.000,200.000,0.000,1,0,0
99.100,200.000,200.000,0.000,200.000,0.000,1,0,0
99.200,200.000,200.000,0.000,200.000,0.000,1,0,0
99.300,200.000,200.000,0.000,200.000,0.000,1,0,0
99.400,200.000,200.000,0.000,200.000,0.000,1,0,0
99.500,200.000,200.000,0.000,200.000,0.000,1,0,0
99.600,200.000,200.000,0.000,200.000,0.000,1,0,0
99.700,200.000,200.000,0.000,200.000,0.000,1,0,0
99.800,200.000,200.000,0.000,200.000,0.000,1,0,0
99.900,200.000,200.000,0.000,200.000,0.000,1,0,0
100.000,200.000,200.000,0.000,200.000,0.000,1,0,0
100.100,200.000,200.000,0.000,200.000,0.000,1,0,0
100.200,200.000,200.000,0.000,200.000,0.000,1,0,0
100.300,200.000,200.000,0.000,200.000,0.000,1,0,0
100.400,200.000,200.000,0.000,200.000,0.000,1,0,0
100.500,200.000,200.000,0.000,200.000,0.000,1,0,0
100.600,200.000,200.000,0.000,200.000,0.000,1,0,0
100.700,200.000,200.000,0.000,200.000,0.000,1,0,0
100.800,200.000,200.000,0.000,200.000,0.000,1,0,0
100.900,200.000,200.000,0.000,200.000,0.000,1,0,0
101.000,200.000,200.000,0.000,200.000,0.000,1,0,0
101.100,200.000,200.000,0.000,200.000,0.000,1,0,0
101.200,200.000,200.000,0.000,200.000,0.000,1,0,0
101.300,200.000,200.000,0.000,200.000,0.000,1,0,0
101.400,200.000,200.000,0.000,200.000,0.000,1,0,0
101.500,200.000,200.000,0.000,200.000,0.000,1,0,0
101.600,200.000,200.000,0.000,200.000,0.000,1,0,0
101.700,200.000,200.000,0.000,200.000,0.000,1,0,0
101.800,200.000,200.000,0.000,200.000,0.000,1,0,0
101.900,200.000,200.000,0.000,200.000,0.000,1,0,0
102.000,200.000,200.000,0.000,200.000,0.000,1,0,0
102.100,200.000,200.000,0.000,200.000,0.000,1,0,0
102.200,200.000,200.000,0.000,200.000,0.000,1,0,0
102.300,200.000,200.000,0.000,200.000,0.000,1,0,0
102.400,200.000,200.000,0.000,200.000,0.000,1,0,0
102.500,200.000,200.000,0.000,200.000,0.000,1,0,0
102.600,200.000,200.000,0.000,200.000,0.000,1,0,0
102.700,200.000,200.000,0.000,200.000,0.000,1,0,0
102.800,200.000,200.000,0.000,200.000,0.000,1,0,0
102.900,200.000,200.000,0.000,200.000,0.000,1,0,0
103.000,200.000,200.000,0.000,200.000,0.000,1,0,0
103.100,200.000,200.000,0.000,200.000,0.000,1,0,0
103.200,200.000,200.000,0.000,200.000,0.000,1,0,0
103.300,200.000,200.000,0.000,200.000,0.000,1,0,0
103.400,200.000,200.000,0.000,200.000,0.000,1,0,0
103.500,200.000,200.000,0.000,200.000,0.000,1,0,0
103.600,200.000,200.000,0.000,200.000,0.000,1,0,0
103.700,200.000,200.000,0.000,200.000,0.000,1,0,0
103.800,200.000,200.000,0.000,200.000,0.000,1,0,0
103.900,200.000,200.000,0.000,200.000,0.000,1,0,0
104.000,200.000,200.000,0.000,200.000,0.000,1,0,0
104.100,200.000,200.000,0.000,200.000,0.000,1,0,0
104.200,200.000,200.000,0.000,200.000,0.000,1,0,0
104.300,200.000,200.000,0.000,200.000,0.000,1,0,0
104.400,200.000,200.000,0.000,200.000,0.000,1,0,0
104.500,200.000,200.000,0.000,200.000,0.000,1,0,0
104.600,200.000,200.000,0.000,200.000,0.000,1,0,0
104.700,200.000,200.000,0.000,200.000,0.000,1,0,0
104.800,200.000,200.000,0.000,200.000,0.000,1,0,0
104.900,200.000,200.000,0.000,200.000,0.000,1,0,0
105.000,200.000,200.000,0.000,200.000,0.000,1,0,0
105.100,300.000,300.000,0.000,200.100,0.000,1,0,0
105.200,300.000,300.000,0.000,200.200,0.000,1,0,0
105.300,300.000,300.000,0.000,200.300,0.000,1,0,0
105.400,300.000,300.000,0.000,200.400,0.000,1,0,0
105.500,300.000,300.000,0.000,200.500,0.000,1,0,0
105.600,300.000,300.000,0.000,200.600,0.000,1,0,0
105.700,300.000,300.000,0.000,200.700,0.000,1,0,0
105.800,300.000,300.000,0.000,200.800,0.000,1,0,0
105.900,300.000,300.000,0.000,200.900,0.000,1,0,0
106.000,300.000,300.000,0.000,201.000,0.000,1,0,0
106.100,300.000,300.000,0.000,201.100,0.000,1,0,0
106.200,300.000,300.000,0.000,201.200,0.000,1,0,0
106.300,300.000,300.000,0.000,201.300,0.000,1,0,0
106.400,300.000,300.000,0.000,201.400,0.000,1,0,0
106.500,300.000,300.000,0.000,201.500,0.000,1,0,0
106.600,300.000,300.000,0.000,201.600,0.000,1,0,0
106.700,300.000,300.000,0.000,201.700,0.000,1,0,0
106.800,300.000,300.000,0.000,201.800,0.000,1,0,0
106.900,300.000,300.000,0.000,201.900,0.000,1,0,0
107.000,300.000,300.000,0.000,202.000,0.000,1,0,0
107.100,300.000,300.000,0.000,202.100,0.000,1,0,0
107.200,300.000,300.000,0.000,202.200,0.000,1,0,0
107.300,300.000,300.000,0.000,202.300,0.000,1,0,0
107.400,300.000,300.000,0.000,202.400,0.000,1,0,0
107.500,300.000,300.000,0.000,202.500,0.000,1,0,0
107.600,300.000,300.000,0.000,202.600,0.000,1,0,0
107.700,300.000,300.000,0.000,202.700,0.000,1,0,0
107.800,300.000,300.000,0.000,202.800,0.000,1,0,0
107.900,300.000,300.000,0.000,202.900,0.000,1,0,0
108.000,300.000,300.000,0.000,203.000,0.000,1,0,0
108.100,300.000,300.000,0.000,203.100,0.000,1,0,0
108.200,300.000,300.000,0.000,203.200,0.000,1,0,0
108.300,300.000,300.000,0.000,203.300,0.000,1,0,0
108.400,300.000,300.000,0.000,203.400,0.000,1,0,0
108.500,300.000,300.000,0.000,203.500,0.000,1,0,0
108.600,300.000,300.000,0.000,203.600,0.000,1,0,0
108.700,300.000,300.000,0.000,203.700,0.000,1,0,0
108.800,300.000,300.000,0.000,203.800,0.000,1,0,0
108.900,300.000,300.000,0.000,203.900,0.000,1,0,0
109.000,300.000,300.000,0.000,204.000,0.000,1,0,0
109.100,300.000,300.000,0.000,204.100,0.000,1,0,0
109.200,300.000,300.000,0.000,204.200,0.000,1,0,0
109.300,300.000,300.000,0.000,204.300,0.000,1,0,0
109.400,300.000,300.000,0.000,204.400,0.000,1,0,0
109.500,300.000,300.000,0.000,204.500,0.000,1,0,0
109.600,300.000,300.000,0.000,204.600,0.000,1,0,0
109.700,300.000,300.000,0.000,204.700,0.000,1,0,0
109.800,300.000,300.000,0.000,204.800,0.000,1,0,0
109.900,300.000,300.000,0.000,204.900,0.000,1,0,0
110.000,300.000,300.000,0.000,205.000,0.000,1,0,0
110.100,300.000,300.000,0.000,205.100,0.000,1,0,0
110.200,300.000,300.000,0.000,205.200,0.000,1,0,0
110.300,300.000,300.000,0.000,205.300,0.000,1,0,0
110.400,300.000,300.000,0.000,205.400,0.000,1,0,0
110.500,300.000,300.000,0.000,205.500,0.000,1,0,0
110.600,300.000,300.000,0.000,205.600,0.000,1,0,0
110.700,300.000,300.000,0.000,205.700,0.000,1,0,0
110.800,300.000,300.000,0.000,205.800,0.000,1,0,0
110.900,300.000,300.000,0.000,205.900,0.000,1,0,0
111.000,300.000,300.000,0.000,206.000,0.000,1,0,0
111.100,300.000,300.000,0.000,206.100,0.000,1,0,0
111.200,300.000,300.000,0.000,206.200,0.000,1,0,0
111.300,300.000,300.000,0.000,206.300,0.000,1,0,0
111.400,300.000,300.000,0.000,206.400,0.000,1,0,0
111.500,300.000,300.000,0.000,206.500,0.000,1,0,0
111.600,300.000,300.000,0.000,206.600,0.000,1,0,0
111.700,300.000,300.000,0.000,206.700,0.000,1,0,0
111.800,300.000,300.000,0.000,206.800,0.000,1,0,0
111.900,300.000,300.000,0.000,206.900,0.000,1,0,0
112.000,300.000,300.000,0.000,207.000,0.000,1,0,0
112.100,300.000,300.000,0.000,207.100,0.000,1,0,0
112.200,300.000,300.000,0.000,207.200,0.000,1,0,0
112.300,300.000,300.000,0.000,207.300,0.000,1,0,0
112.400,300.000,300.000,0.000,207.400,0.000,1,0,0
112.500,300.000,300.000,0.000,207.500,0.000,1,0,0
112.600,300.000,300.000,0.000,207.600,0.000,1,0,0
112.700,300.000,300.000,0.000,207.700,0.000,1,0,0
112.800,300.000,300.000,0.000,207.800,0.000,1,0,0
112.900,300.000,300.000,0.000,207.900,0.000,1,0,0
113.000,300.000,300.000,0.000,208.000,0.000,1,0,0
113.100,300.000,300.000,0.000,208.100,0.000,1,0,0
113.200,300.000,300.000,0.000,208.200,0.000,1,0,0
113.300,300.000,300.000,0.000,208.300,0.000,1,0,0
113.400,300.000,300.000,0.000,208.400,0.000,1,0,0
113.500,300.000,300.000,0.000,208.500,0.000,1,0,0
113.600,300.000,300.000,0.000,208.600,0.000,1,0,0
113.700,300.000,300.000,0.000,208.700,0.000,1,0,0
113.800,300.000,300.000,0.000,208.800,0.000,1,0,0
113.900,300.000,300.000,0.000,208.900,0.000,1,0,0
114.000,300.000,300.000,0.000,209.000,0.000,1,0,0
114.100,300.000,300.000,0.000,209.100,0.000,1,0,0
114.200,300.000,300.000,0.000,209.200,0.000,1,0,0
114.300,300.000,300.000,0.000,209.300,0.000,1,0,0
114.400,300.000,300.000,0.000,209.400,0.000,1,0,0
114.500,300.000,300.000,0.000,209.500,0.000,1,0,0
114.600,300.000,300.000,0.000,209.600,0.000,1,0,0
114.700,300.000,300.000,0.000,209.700,0.000,1,0,0
114.800,300.000,300.000,0.000,209.800,0.000,1,0,0
114.900,300.000,300.000,0.000,209.900,0.000,1,0,0
115.000,300.000,300.000,0.000,210.000,0.000,1,0,0
115.100,300.000,300.000,0.000,210.100,0.000,1,0,0
115.200,300.000,300.000,0.000,210.200,0.000,1,0,0
115.300,300.000,300.000,0.000,210.300,0.000,1,0,0
115.400,300.000,300.000,0.000,210.400,0.000,1,0,0
115.500,300.000,300.000,0.000,210.500,0.000,1,0,0
115.600,300.000,300.000,0.000,210.600,0.000,1,0,0
115.700,300.000,300.000,0.000,210.700,0.000,1,0,0
115.800,300.000,300.000,0.000,210.800,0.000,1,0,0
115.900,300.000,300.000,0.000,210.900,0.000,1,0,0
116.000,300.000,300.000,0.000,211.000,0.000,1,0,0
116.100,300.000,300.000,0.000,211.100,0.000,1,0,0
116.200,300.000,300.000,0.000,211.200,0.000,1,0,0
116.300,300.000,300.000,0.000,211.300,0.000,1,0,0
116.400,300.000,300.000,0.000,211.400,0.000,1,0,0
116.500,300.000,300.000,0.000,211.500,0.000,1,0,0
116.600,300.000,300.000,0.000,211.600,0.000,1,0,0
116.700,300.000,300.000,0.000,211.700,0.000,1,0,0
116.800,300.000,300.000,0.000,211.800,0.000,1,0,0
116.900,300.000,300.000,0.000,211.900,0.000,1,0,0
117.000,300.000,300.000,0.000,212.000,0.000,1,0,0
117.100,300.000,300.000,0.000,212.100,0.000,1,0,0
117.200,300.000,300.000,0.000,212.200,0.000,1,0,0
117.300,300.000,300.000,0.000,212.300,0.000,1,0,0
117.400,300.000,300.000,0.000,212.400,0.000,1,0,0
117.500,300.000,300.000,0.000,212.500,0.000,1,0,0
117.600,300.000,300.000,0.000,212.600,0.000,1,0,0
117.700,300.000,300.000,0.000,212.700,0.000,1,0,0
117.800,300.000,300.000,0.000,212.800,0.000,1,0,0
117.900,300.000,300.000,0.000,212.900,0.000,1,0,0
118.000,300.000,300.000,0.000,213.000,0.000,1,0,0
118.100,300.000,300.000,0.000,213.100,0.000,1,0,0
118.200,300.000,300.000,0.000,213.200,0.000,1,0,0
118.300,300.000,300.000,0.000,213.300,0.000,1,0,0
118.400,300.000,300.000,0.000,213.400,0.000,1,0,0
118.500,300.000,300.000,0.000,213.500,0.000,1,0,0
118.600,300.000,300.000,0.000,213.600,0.000,1,0,0
118.700,300.000,300.000,0.000,213.700,0.000,1,0,0
118.800,300.000,300.000,0.000,213.800,0.000,1,0,0
118.900,300.000,300.000,0.000,213.900,0.000,1,0,0
119.000,300.000,300.000,0.000,214.000,0.000,1,0,0
119.100,300.000,300.000,0.000,214.100,0.000,1,0,0
119.200,300.000,300.000,0.000,214.200,0.000,1,0,0
119.300,300.000,300.000,0.000,214.300,0.000,1,0,0
119.400,300.000,300.000,0.000,214.400,0.000,1,0,0
119.500,300.000,300.000,0.000,214.500,0.000,1,0,0
119.600,300.000,300.000,0.000,214.600,0.000,1,0,0
119.700,300.000,300.000,0.000,214.700,0.000,1,0,0
119.800,300.000,300.000,0.000,214.800,0.000,1,0,0
119.900,300.000,300.000,0.000,214.900,0.000,1,0,0
120.000,300.000,300.000,0.000,215.000,0.000,1,0,0
120.100,300.000,300.000,0.000,215.100,0.000,1,0,0
120.200,300.000,300.000,0.000,215.200,0.000,1,0,0
120.300,300.000,300.000,0.000,215.300,0.000,1,0,0
120.400,300.000,300.000,0.000,215.400,0.000,1,0,0
120.500,300.000,300.000,0.000,215.500,0.000,1,0,0
120.600,300.000,300.000,0.000,215.600,0.000,1,0,0
120.700,300.000,300.000,0.000,215.700,0.000,1,0,0
120.800,300.000,300.000,0.000,215.800,0.000,1,0,0
120.900,300.000,300.000,0.000,215.900,0.000,1,0,0
121.000,300.000,300.000,0.000,216.000,0.000,1,0,0
121.100,300.000,300.000,0.000,216.100,0.000,1,0,0
121.200,300.000,300.000,0.000,216.200,0.000,1,0,0
121.300,300.000,300.000,0.000,216.300,0.000,1,0,0
121.400,300.000,300.000,0.000,216.400,0.000,1,0,0
121.500,300.000,300.000,0.000,216.500,0.000,1,0,0
121.600,300.000,300.000,0.000,216.600,0.000,1,0,0
121.700,300.000,300.000,0.000,216.700,0.000,1,0,0
121.800,300.000,300.000,0.000,216.800,0.000,1,0,0
121.900,300.000,300.000,0.000,216.900,0.000,1,0,0
122.000,300.000,300.000,0.000,217.000,0.000,1,0,0
122.100,300.000,300.000,0.000,217.100,0.000,1,0,0
122.200,300.000,300.000,0.000,217.200,0.000,1,0,0
122.300,300.000,300.000,0.000,217.300,0.000,1,0,0
122.400,300.000,300.000,0.000,217.400,0.000,1,0,0
122.500,300.000,300.000,0.000,217.500,0.000,1,0,0
122.600,300.000,300.000,0.000,217.600,0.000,1,0,0
122.700,300.000,300.000,0.000,217.700,0.000,1,0,0
122.800,300.000,300.000,0.000,217.800,0.000,1,0,0
122.900,300.000,300.000,0.000,217.900,0.000,1,0,0
123.000,300.000,300.000,0.000,218.000,0.000,1,0,0
123.100,300.000,300.000,0.000,218.100,0.000,1,0,0
123.200,300.000,300.000,0.000,218.200,0.000,1,0,0
123.300,300.000,300.000,0.000,218.300,0.000,1,0,0
123.400,300.000,300.000,0.000,218.400,0.000,1,0,0
123.500,300.000,300.000,0.000,218.500,0.000,1,0,0
123.600,300.000,300.000,0.000,218.600,0.000,1,0,0
123.700,300.000,300.000,0.000,218.700,0.000,1,0,0
123.800,300.000,300.000,0.000,218.800,0.000,1,0,0
123.900,300.000,300.000,0.000,218.900,0.000,1,0,0
124.000,300.000,300.000,0.000,219.000,0.000,1,0,0
124.100,300.000,300.000,0.000,219.100,0.000,1,0,0
124.200,300.000,300.000,0.000,219.200,0.000,1,0,0
124.300,300.000,300.000,0.000,219.300,0.000,1,0,0
124.400,300.000,300.000,0.000,219.400,0.000,1,0,0
124.500,300.000,300.000,0.000,219.500,0.000,1,0,0
124.600,300.000,300.000,0.000,219.600,0.000,1,0,0
124.700,300.000,300.000,0.000,219.700,0.000,1,0,0
124.800,300.000,300.000,0.000,219.800,0.000,1,0,0
124.900,300.000,300.000,0.000,219.900,0.000,1,0,0
125.000,300.000,300.000,0.000,220.000,0.000,1,0,0
125.100,300.000,300.000,0.000,220.100,0.000,1,0,0
125.200,300.000,300.000,0.000,220.200,0.000,1,0,0
125.300,300.000,300.000,0.000,220.300,0.000,1,0,0
125.400,300.000,300.000,0.000,220.400,0.000,1,0,0
125.500,300.000,300.000,0.000,220.500,0.000,1,0,0
125.600,300.000,300.000,0.000,220.600,0.000,1,0,0
125.700,300.000,300.000,0.000,220.700,0.000,1,0,0
125.800,300.000,300.000,0.000,220.800,0.000,1,0,0
125.900,300.000,300.000,0.000,220.900,0.000,1,0,0
126.000,300.000,300.000,0.000,221.000,0.000,1,0,0
126.100,300.000,300.000,0.000,221.100,0.000,1,0,0
126.200,300.000,300.000,0.000,221.200,0.000,1,0,0
126.300,300.000,300.000,0.000,221.300,0.000,1,0,0
126.400,300.000,300.000,0.000,221.400,0.000,1,0,0
126.500,300.000,300.000,0.000,221.500,0.000,1,0,0
126.600,300.000,300.000,0.000,221.600,0.000,1,0,0
126.700,300.000,300.000,0.000,221.700,0.000,1,0,0
126.800,300.000,300.000,0.000,221.800,0.000,1,0,0
126.900,300.000,300.000,0.000,221.900,0.000,1,0,0
127.000,300.000,300.000,0.000,222.000,0.000,1,0,0
127.100,300.000,300.000,0.000,222.100,0.000,1,0,0
127.200,300.000,300.000,0.000,222.200,0.000,1,0,0
127.300,300.000,300.000,0.000,222.300,0.000,1,0,0
127.400,300.000,300.000,0.000,222.400,0.000,1,0,0
127.500,300.000,300.000,0.000,222.500,0.000,1,0,0
127.600,300.000,300.000,0.000,222.600,0.000,1,0,0
127.700,300.000,300.000,0.000,222.700,0.000,1,0,0
127.800,300.000,300.000,0.000,222.800,0.000,1,0,0
127.900,300.000,300.000,0.000,222.900,0.000,1,0,0
128.000,300.000,300.000,0.000,223.000,0.000,1,0,0
128.100,300.000,300.000,0.000,223.100,0.000,1,0,0
128.200,300.000,300.000,0.000,223.200,0.000,1,0,0
128.300,300.000,300.000,0.000,223.300,0.000,1,0,0
128.400,300.000,300.000,0.000,223.400,0.000,1,0,0
128.500,300.000,300.000,0.000,223.500,0.000,1,0,0
128.600,300.000,300.000,0.000,223.600,0.000,1,0,0
128.700,300.000,300.000,0.000,223.700,0.000,1,0,0
128.800,300.000,300.000,0.000,223.800,0.000,1,0,0
128.900,300.000,300.000,0.000,223.900,0.000,1,0,0
129.000,300.000,300.000,0.000,224.000,0.000,1,0,0
129.100,300.000,300.000,0.000,224.100,0.000,1,0,0
129.200,300.000,300.000,0.000,224.200,0.000,1,0,0
129.300,300.000,300.000,0.000,224.300,0.000,1,0,0
129.400,300.000,300.000,0.000,224.400,0.000,1,0,0
129.500,300.000,300.000,0.000,224.500,0.000,1,0,0
129.600,300.000,300.000,0.000,224.600,0.000,1,0,0
129.700,300.000,300.000,0.000,224.700,0.000,1,0,0
129.800,300.000,300.000,0.000,224.800,0.000,1,0,0
129.900,300.000,300.000,0.000,224.900,0.000,1,0,0
130.000,300.000,300.000,0.000,225.000,0.000,1,0,0
130.100,300.000,300.000,0.000,225.100,0.000,1,0,0
130.200,300.000,300.000,0.000,225.200,0.000,1,0,0
130.300,300.000,300.000,0.000,225.300,0.000,1,0,0
130.400,300.000,300.000,0.000,225.400,0.000,1,0,0
130.500,300.000,300.000,0.000,225.500,0.000,1,0,0
130.600,300.000,300.000,0.000,225.600,0.000,1,0,0
130.700,300.000,300.000,0.000,225.700,0.000,1,0,0
130.800,300.000,300.000,0.000,225.800,0.000,1,0,0
130.900,300.000,300.000,0.000,225.900,0.000,1,0,0
131.000,300.000,300.000,0.000,226.000,0.000,1,0,0
131.100,300.000,300.000,0.000,226.100,0.000,1,0,0
131.200,300.000,300.000,0.000,226.200,0.000,1,0,0
131.300,300.000,300.000,0.000,226.300,0.000,1,0,0
131.400,300.000,300.000,0.000,226.400,0.000,1,0,0
131.500,300.000,300.000,0.000,226.500,0.000,1,0,0
131.600,300.000,300.000,0.000,226.600,0.000,1,0,0
131.700,300.000,300.000,0.000,226.700,0.000,1,0,0
131.800,300.000,300.000,0.000,226.800,0.000,1,0,0
131.900,300.000,300.000,0.000,226.900,0.000,1,0,0
132.000,300.000,300.000,0.000,227.000,0.000,1,0,0
132.100,300.000,300.000,0.000,227.100,0.000,1,0,0
132.200,300.000,300.000,0.000,227.200,0.000,1,0,0
132.300,300.000,300.000,0.000,227.300,0.000,1,0,0
132.400,300.000,300.000,0.000,227.400,0.000,1,0,0
132.500,300.000,300.000,0.000,227.500,0.000,1,0,0
132.600,300.000,300.000,0.000,227.600,0.000,1,0,0
132.700,300.000,300.000,0.000,227.700,0.000,1,0,0
132.800,300.000,300.000,0.000,227.800,0.000,1,0,0
132.900,300.000,300.000,0.000,227.900,0.000,1,0,0
133.000,300.000,300.000,0.000,228.000,0.000,1,0,0
133.100,300.000,300.000,0.000,228.100,0.000,1,0,0
133.200,300.000,300.000,0.000,228.200,0.000,1,0,0
133.300,300.000,300.000,0.000,228.300,0.000,1,0,0
133.400,300.000,300.000,0.000,228.400,0.000,1,0,0
133.500,300.000,300.000,0.000,228.500,0.000,1,0,0
133.600,300.000,300.000,0.000,228.600,0.000,1,0,0
133.700,300.000,300.000,0.000,228.700,0.000,1,0,0
133.800,300.000,300.000,0.000,228.800,0.000,1,0,0
133.900,300.000,300.000,0.000,228.900,0.000,1,0,0
134.000,300.000,300.000,0.000,229.000,0.000,1,0,0
134.100,300.000,300.000,0.000,229.100,0.000,1,0,0
134.200,300.000,300.000,0.000,229.200,0.000,1,0,0
134.300,300.000,300.000,0.000,229.300,0.000,1,0,0
134.400,300.000,300.000,0.000,229.400,0.000,1,0,0
134.500,300.000,300.000,0.000,229.500,0.000,1,0,0
134.600,300.000,300.000,0.000,229.600,0.000,1,0,0
134.700,300.000,300.000,0.000,229.700,0.000,1,0,0
134.800,300.000,300.000,0.000,229.800,0.000,1,0,0
134.900,300.000,300.000,0.000,229.900,0.000,1,0,0
135.000,300.000,300.000,0.000,230.000,0.000,1,0,0
135.100,300.000,300.000,0.000,230.100,0.000,1,0,0
135.200,300.000,300.000,0.000,230.200,0.000,1,0,0
135.300,300.000,300.000,0.000,230.300,0.000,1,0,0
135.400,300.000,300.000,0.000,230.400,0.000,1,0,0
135.500,300.000,300.000,0.000,230.500,0.000,1,0,0
135.600,300.000,300.000,0.000,230.600,0.000,1,0,0
135.700,300.000,300.000,0.000,230.700,0.000,1,0,0
135.800,300.000,300.000,0.000,230.800,0.000,1,0,0
135.900,300.000,300.000,0.000,230.900,0.000,1,0,0
136.000,300.000,300.000,0.000,231.000,0.000,1,0,0
136.100,300.000,300.000,0.000,231.100,0.000,1,0,0
136.200,300.000,300.000,0.000,231.200,0.000,1,0,0
136.300,300.000,300.000,0.000,231.300,0.000,1,0,0
136.400,300.000,300.000,0.000,231.400,0.000,1,0,0
136.500,300.000,300.000,0.000,231.500,0.000,1,0,0
136.600,300.000,300.000,0.000,231.600,0.000,1,0,0
136.700,300.000,300.000,0.000,231.700,0.000,1,0,0
136.800,300.000,300.000,0.000,231.800,0.000,1,0,0
136.900,300.000,300.000,0.000,231.900,0.000,1,0,0
137.000,300.000,300.000,0.000,232.000,0.000,1,0,0
137.100,300.000,300.000,0.000,232.100,0.000,1,0,0
137.200,300.000,300.000,0.000,232.200,0.000,1,0,0
137.300,300.000,300.000,0.000,232.300,0.000,1,0,0
137.400,300.000,300.000,0.000,232.400,0.000,1,0,0
137.500,300.000,300.000,0.000,232.500,0.000,1,0,0
137.600,300.000,300.000,0.000,232.600,0.000,1,0,0
137.700,300.000,300.000,0.000,232.700,0.000,1,0,0
137.800,300.000,300.000,0.000,232.800,0.000,1,0,0
137.900,300.000,300.000,0.000,232.900,0.000,1,0,0
138.000,300.000,300.000,0.000,233.000,0.000,1,0,0
138.100,300.000,300.000,0.000,233.100,0.000,1,0,0
138.200,300.000,300.000,0.000,233.200,0.000,1,0,0
138.300,300.000,300.000,0.000,233.300,0.000,1,0,0
138.400,300.000,300.000,0.000,233.400,0.000,1,0,0
138.500,300.000,300.000,0.000,233.500,0.000,1,0,0
138.600,300.000,300.000,0.000,233.600,0.000,1,0,0
138.700,300.000,300.000,0.000,233.700,0.000,1,0,0
138.800,300.000,300.000,0.000,233.800,0.000,1,0,0
138.900,300.000,300.000,0.000,233.900,0.000,1,0,0
139.000,300.000,300.000,0.000,234.000,0.000,1,0,0
139.100,300.000,300.000,0.000,234.100,0.000,1,0,0
139.200,300.000,300.000,0.000,234.200,0.000,1,0,0
139.300,300.000,300.000,0.000,234.300,0.000,1,0,0
139.400,300.000,300.000,0.000,234.400,0.000,1,0,0
139.500,300.000,300.000,0.000,234.500,0.000,1,0,0
139.600,300.000,300.000,0.000,234.600,0.000,1,0,0
139.700,300.000,300.000,0.000,234.700,0.000,1,0,0
139.800,300.000,300.000,0.000,234.800,0.000,1,0,0
139.900,300.000,300.000,0.000,234.900,0.000,1,0,0
140.000,300.000,300.000,0.000,235.000,0.000,1,0,0
140.100,300.000,300.000,0.000,235.100,0.000,1,0,0
140.200,300.000,300.000,0.000,235.200,0.000,1,0,0
140.300,300.000,300.000,0.000,235.300,0.000,1,0,0
140.400,300.000,300.000,0.000,235.400,0.000,1,0,0
140.500,300.000,300.000,0.000,235.500,0.000,1,0,0
140.600,300.000,300.000,0.000,235.600,0.000,1,0,0
140.700,300.000,300.000,0.000,235.700,0.000,1,0,0
140.800,300.000,300.000,0.000,235.800,0.000,1,0,0
140.900,300.000,300.000,0.000,235.900,0.000,1,0,0
141.000,300.000,300.000,0.000,236.000,0.000,1,0,0
141.100,300.000,300.000,0.000,236.100,0.000,1,0,0
141.200,300.000,300.000,0.000,236.200,0.000,1,0,0
141.300,300.000,300.000,0.000,236.300,0.000,1,0,0
141.400,300.000,300.000,0.000,236.400,0.000,1,0,0
141.500,300.000,300.000,0.000,236.500,0.000,1,0,0
141.600,300.000,300.000,0.000,236.600,0.000,1,0,0
141.700,300.000,300.000,0.000,236.700,0.000,1,0,0
141.800,300.000,300.000,0.000,236.800,0.000,1,0,0
141.900,300.000,300.000,0.000,236.900,0.000,1,0,0
142.000,300.000,300.000,0.000,237.000,0.000,1,0,0
142.100,300.000,300.000,0.000,237.100,0.000,1,0,0
142.200,300.000,300.000,0.000,237.200,0.000,1,0,0
142.300,300.000,300.000,0.000,237.300,0.000,1,0,0
142.400,300.000,300.000,0.000,237.400,0.000,1,0,0
142.500,300.000,300.000,0.000,237.500,0.000,1,0,0
142.600,300.000,300.000,0.000,237.600,0.000,1,0,0
142.700,300.000,300.000,0.000,237.700,0.000,1,0,0
142.800,300.000,300.000,0.000,237.800,0.000,1,0,0
142.900,300.000,300.000,0.000,237.900,0.000,1,0,0
143.000,300.000,300.000,0.000,238.000,0.000,1,0,0
143.100,300.000,300.000,0.000,238.100,0.000,1,0,0
143.200,300.000,300.000,0.000,238.200,0.000,1,0,0
143.300,300.000,300.000,0.000,238.300,0.000,1,0,0
143.400,300.000,300.000,0.000,238.400,0.000,1,0,0
143.500,300.000,300.000,0.000,238.500,0.000,1,0,0
143.600,300.000,300.000,0.000,238.600,0.000,1,0,0
143.700,300.000,300.000,0.000,238.700,0.000,1,0,0
143.800,300.000,300.000,0.000,238.800,0.000,1,0,0
143.900,300.000,300.000,0.000,238.900,0.000,1,0,0
144.000,300.000,300.000,0.000,239.000,0.000,1,0,0
144.100,300.000,300.000,0.000,239.100,0.000,1,0,0
144.200,300.000,300.000,0.000,239.200,0.000,1,0,0
144.300,300.000,300.000,0.000,239.300,0.000,1,0,0
144.400,300.000,300.000,0.000,239.400,0.000,1,0,0
144.500,300.000,300.000,0.000,239.500,0.000,1,0,0
144.600,300.000,300.000,0.000,239.600,0.000,1,0,0
144.700,300.000,300.000,0.000,239.700,0.000,1,0,0
144.800,300.000,300.000,0.000,239.800,0.000,1,0,0
144.900,300.000,300.000,0.000,239.900,0.000,1,0,0
145.000,300.000,300.000,0.000,240.000,0.000,1,0,0
145.100,300.000,300.000,0.000,240.100,0.000,1,0,0
145.200,300.000,300.000,0.000,240.200,0.000,1,0,0
145.300,300.000,300.000,0.000,240.300,0.000,1,0,0
145.400,300.000,300.000,0.000,240.400,0.000,1,0,0
145.500,300.000,300.000,0.000,240.500,0.000,1,0,0
145.600,300.000,300.000,0.000,240.600,0.000,1,0,0
145.700,300.000,300.000,0.000,240.700,0.000,1,0,0
145.800,300.000,300.000,0.000,240.800,0.000,1,0,0
145.900,300.000,300.000,0.000,240.900,0.000,1,0,0
146.000,300.000,300.000,0.000,241.000,0.000,1,0,0
146.100,300.000,300.000,0.000,241.100,0.000,1,0,0
146.200,300.000,300.000,0.000,241.200,0.000,1,0,0
146.300,300.000,300.000,0.000,241.300,0.000,1,0,0
146.400,300.000,300.000,0.000,241.400,0.000,1,0,0
146.500,300.000,300.000,0.000,241.500,0.000,1,0,0
146.600,300.000,300.000,0.000,241.600,0.000,1,0,0
146.700,300.000,300.000,0.000,241.700,0.000,1,0,0
146.800,300.000,300.000,0.000,241.800,0.000,1,0,0
146.900,300.000,300.000,0.000,241.900,0.000,1,0,0
147.000,300.000,300.000,0.000,242.000,0.000,1,0,0
147.100,300.000,300.000,0.000,242.100,0.000,1,0,0
147.200,300.000,300.000,0.000,242.200,0.000,1,0,0
147.300,300.000,300.000,0.000,242.300,0.000,1,0,0
147.400,300.000,300.000,0.000,242.400,0.000,1,0,0
147.500,300.000,300.000,0.000,242.500,0.000,1,0,0
147.600,300.000,300.000,0.000,242.600,0.000,1,0,0
147.700,300.000,300.000,0.000,242.700,0.000,1,0,0
147.800,300.000,300.000,0.000,242.800,0.000,1,0,0
147.900,300.000,300.000,0.000,242.900,0.000,1,0,0
148.000,300.000,300.000,0.000,243.000,0.000,1,0,0
148.100,300.000,300.000,0.000,243.100,0.000,1,0,0
148.200,300.000,300.000,0.000,243.200,0.000,1,0,0
148.300,300.000,300.000,0.000,243.300,0.000,1,0,0
148.400,300.000,300.000,0.000,243.400,0.000,1,0,0
148.500,300.000,300.000,0.000,243.500,0.000,1,0,0
148.600,300.000,300.000,0.000,243.600,0.000,1,0,0
148.700,300.000,300.000,0.000,243.700,0.000,1,0,0
148.800,300.000,300.000,0.000,243.800,0.000,1,0,0
148.900,300.000,300.000,0.000,243.900,0.000,1,0,0
149.000,300.000,300.000,0.000,244.000,0.000,1,0,0
149.100,300.000,300.000,0.000,244.100,0.000,1,0,0
149.200,300.000,300.000,0.000,244.200,0.000,1,0,0
149.300,300.000,300.000,0.000,244.300,0.000,1,0,0
149.400,300.000,300.000,0.000,244.400,0.000,1,0,0
149.500,300.000,300.000,0.000,244.500,0.000,1,0,0
149.600,300.000,300.000,0.000,244.600,0.000,1,0,0
149.700,300.000,300.000,0.000,244.700,0.000,1,0,0
149.800,300.000,300.000,0.000,244.800,0.000,1,0,0
149.900,300.000,300.000,0.000,244.900,0.000,1,0,0
150.000,300.000,300.000,0.000,245.000,0.000,1,0,0
150.100,300.000,300.000,0.000,245.000,0.000,1,1,1
150.200,300.000,300.000,0.000,245.000,0.000,1,1,1
150.300,300.000,300.000,0.000,245.000,0.000,1,1,1
150.400,300.000,300.000,0.000,245.000,0.000,1,1,1
150.500,300.000,300.000,0.000,245.000,0.000,1,1,1
150.600,300.000,300.000,0.000,245.000,0.000,1,1,1
150.700,300.000,300.000,0.000,245.000,0.000,1,1,1
150.800,300.000,300.000,0.000,245.000,0.000,1,1,1
150.900,300.000,300.000,0.000,245.000,0.000,1,1,1
151.000,300.000,300.000,0.000,245.000,0.000,1,1,1
151.100,300.000,300.000,0.000,245.000,0.000,1,1,1
151.200,300.000,300.000,0.000,245.000,0.000,1,1,1
151.300,300.000,300.000,0.000,245.000,0.000,1,1,1
151.400,300.000,300.000,0.000,245.000,0.000,1,1,1
151.500,300.000,300.000,0.000,245.000,0.000,1,1,1
151.600,300.000,300.000,0.000,245.000,0.000,1,1,1
151.700,300.000,300.000,0.000,245.000,0.000,1,1,1
151.800,300.000,300.000,0.000,245.000,0.000,1,1,1
151.900,300.000,300.000,0.000,245.000,0.000,1,1,1
152.000,300.000,300.000,0.000,245.000,0.000,1,1,1
152.100,300.000,300.000,0.000,245.000,0.000,1,1,1
152.200,300.000,300.000,0.000,245.000,0.000,1,1,1
152.300,300.000,300.000,0.000,245.000,0.000,1,1,1
152.400,300.000,300.000,0.000,245.000,0.000,1,1,1
152.500,300.000,300.000,0.000,245.000,0.000,1,1,1
152.600,300.000,300.000,0.000,245.000,0.000,1,1,1
152.700,300.000,300.000,0.000,245.000,0.000,1,1,1
152.800,300.000,300.000,0.000,245.000,0.000,1,1,1
152.900,300.000,300.000,0.000,245.000,0.000,1,1,1
153.000,300.000,300.000,0.000,245.000,0.000,1,1,1
153.100,300.000,300.000,0.000,245.000,0.000,1,1,1
153.200,300.000,300.000,0.000,245.000,0.000,1,1,1
153.300,300.000,300.000,0.000,245.000,0.000,1,1,1
153.400,300.000,300.000,0.000,245.000,0.000,1,1,1
153.500,300.000,300.000,0.000,245.000,0.000,1,1,1
153.600,300.000,300.000,0.000,245.000,0.000,1,1,1
153.700,300.000,300.000,0.000,245.000,0.000,1,1,1
153.800,300.000,300.000,0.000,245.000,0.000,1,1,1
153.900,300.000,300.000,0.000,245.000,0.000,1,1,1
154.000,300.000,300.000,0.000,245.000,0.000,1,1,1
154.100,300.000,300.000,0.000,245.000,0.000,1,1,1
154.200,300.000,300.000,0.000,245.000,0.000,1,1,1
154.300,300.000,300.000,0.000,245.000,0.000,1,1,1
154.400,300.000,300.000,0.000,245.000,0.000,1,1,1
154.500,300.000,300.000,0.000,245.000,0.000,1,1,1
154.600,300.000,300.000,0.000,245.000,0.000,1,1,1
154.700,300.000,300.000,0.000,245.000,0.000,1,1,1
154.800,300.000,300.000,0.000,245.000,0.000,1,1,1
154.900,300.000,300.000,0.000,245.000,0.000,1,1,1
155.000,300.000,300.000,0.000,245.000,0.000,1,1,1
155.100,300.000,300.000,0.000,245.100,0.000,1,0,0
155.200,300.000,300.000,0.000,245.200,0.000,1,0,0
155.300,300.000,300.000,0.000,245.300,0.000,1,0,0
155.400,300.000,300.000,0.000,245.400,0.000,1,0,0
155.500,300.000,300.000,0.000,245.500,0.000,1,0,0
155.600,300.000,300.000,0.000,245.600,0.000,1,0,0
155.700,300.000,300.000,0.000,245.700,0.000,1,0,0
155.800,300.000,300.000,0.000,245.800,0.000,1,0,0
155.900,300.000,300.000,0.000,245.900,0.000,1,0,0
156.000,300.000,300.000,0.000,246.000,0.000,1,0,0
156.100,300.000,300.000,0.000,246.100,0.000,1,0,0
156.200,300.000,300.000,0.000,246.200,0.000,1,0,0
156.300,300.000,300.000,0.000,246.300,0.000,1,0,0
156.400,300.000,300.000,0.000,246.400,0.000,1,0,0
156.500,300.000,300.000,0.000,246.500,0.000,1,0,0
156.600,300.000,300.000,0.000,246.600,0.000,1,0,0
156.700,300.000,300.000,0.000,246.700,0.000,1,0,0
156.800,300.000,300.000,0.000,246.800,0.000,1,0,0
156.900,300.000,300.000,0.000,246.900,0.000,1,0,0
157.000,300.000,300.000,0.000,247.000,0.000,1,0,0
157.100,300.000,300.000,0.000,247.100,0.000,1,0,0
157.200,300.000,300.000,0.000,247.200,0.000,1,0,0
157.300,300.000,300.000,0.000,247.300,0.000,1,0,0
157.400,300.000,300.000,0.000,247.400,0.000,1,0,0
157.500,300.000,300.000,0.000,247.500,0.000,1,0,0
157.600,300.000,300.000,0.000,247.600,0.000,1,0,0
157.700,300.000,300.000,0.000,247.700,0.000,1,0,0
157.800,300.000,300.000,0.000,247.800,0.000,1,0,0
157.900,300.000,300.000,0.000,247.900,0.000,1,0,0
158.000,300.000,300.000,0.000,248.000,0.000,1,0,0
158.100,300.000,300.000,0.000,248.100,0.000,1,0,0
158.200,300.000,300.000,0.000,248.200,0.000,1,0,0
158.300,300.000,300.000,0.000,248.300,0.000,1,0,0
158.400,300.000,300.000,0.000,248.400,0.000,1,0,0
158.500,300.000,300.000,0.000,248.500,0.000,1,0,0
158.600,300.000,300.000,0.000,248.600,0.000,1,0,0
158.700,300.000,300.000,0.000,248.700,0.000,1,0,0
158.800,300.000,300.000,0.000,248.800,0.000,1,0,0
158.900,300.000,300.000,0.000,248.900,0.000,1,0,0
159.000,300.000,300.000,0.000,249.000,0.000,1,0,0
159.100,300.000,300.000,0.000,249.100,0.000,1,0,0
159.200,300.000,300.000,0.000,249.200,0.000,1,0,0
159.300,300.000,300.000,0.000,249.300,0.000,1,0,0
159.400,300.000,300.000,0.000,249.400,0.000,1,0,0
159.500,300.000,300.000,0.000,249.500,0.000,1,0,0
159.600,300.000,300.000,0.000,249.600,0.000,1,0,0
159.700,300.000,300.000,0.000,249.700,0.000,1,0,0
159.800,300.000,300.000,0.000,249.800,0.000,1,0,0
159.900,300.000,300.000,0.000,249.900,0.000,1,0,0
160.000,300.000,300.000,0.000,250.000,0.000,1,0,0
160.100,300.000,300.000,0.000,250.100,0.000,1,0,0
160.200,300.000,300.000,5.000,250.200,5.000,1,0,1
160.300,300.000,295.000,10.000,250.295,10.000,1,0,1
160.400,300.000,290.000,15.000,250.385,15.000,1,0,1
160.500,300.000,285.000,20.000,250.470,20.000,1,0,1
160.600,300.000,280.000,25.000,250.550,25.000,1,0,1
160.700,300.000,275.000,30.000,250.625,30.000,1,0,1
160.800,300.000,270.000,35.000,250.695,35.000,1,0,1
160.900,300.000,265.000,40.000,250.760,40.000,1,0,1
161.000,300.000,260.000,45.000,250.820,45.000,1,0,1
161.100,300.000,255.000,50.000,250.875,50.000,1,0,1
161.200,300.000,250.000,55.000,250.925,55.000,1,0,1
161.300,300.000,245.000,60.000,250.970,60.000,1,0,1
161.400,300.000,240.000,65.000,251.010,65.000,1,0,1
161.500,300.000,235.000,70.000,251.045,70.000,1,0,1
161.600,300.000,230.000,75.000,251.075,75.000,1,0,1
161.700,300.000,225.000,80.000,251.100,80.000,1,0,1
161.800,300.000,220.000,85.000,251.120,85.000,1,0,1
161.900,300.000,215.000,90.000,251.135,90.000,1,0,1
162.000,300.000,210.000,95.000,251.145,95.000,1,0,1
162.100,300.000,205.000,100.000,251.150,100.000,1,0,1
162.200,300.000,200.000,105.000,251.150,105.000,1,0,1
162.300,300.000,195.000,110.000,251.145,110.000,1,0,1
162.400,300.000,190.000,115.000,251.135,115.000,1,0,1
162.500,300.000,185.000,120.000,251.120,120.000,1,0,1
162.600,300.000,180.000,125.000,251.100,125.000,1,0,1
162.700,300.000,175.000,130.000,251.075,130.000,1,0,1
162.800,300.000,170.000,135.000,251.045,135.000,1,0,1
162.900,300.000,165.000,140.000,251.010,140.000,1,0,1
163.000,300.000,160.000,145.000,250.970,145.000,1,0,1
163.100,300.000,155.000,145.190,250.925,145.190,1,0,1
163.200,300.000,154.810,142.630,250.880,142.630,1,0,1
163.300,300.000,157.370,139.961,250.837,139.961,1,0,1
163.400,300.000,160.039,137.458,250.797,137.458,1,0,1
163.500,300.000,162.542,135.136,250.760,135.136,1,0,1
163.600,300.000,164.864,132.985,250.725,132.985,1,0,1
163.700,300.000,167.015,130.990,250.692,130.990,1,0,1
163.800,300.000,169.010,129.141,250.661,129.141,1,0,1
163.900,300.000,170.859,127.426,250.632,127.426,1,0,1
164.000,300.000,172.574,125.833,250.604,125.833,1,0,1
164.100,300.000,174.167,124.353,250.578,124.353,1,0,1
164.200,300.000,175.647,122.978,250.554,122.978,1,0,1
164.300,300.000,177.022,121.699,250.531,121.699,1,0,1
164.400,300.000,178.301,120.509,250.509,120.509,1,0,1
164.500,300.000,179.491,119.401,250.489,119.401,1,0,1
164.600,300.000,180.599,118.369,250.469,118.369,1,0,1
164.700,300.000,181.631,117.406,250.451,117.406,1,0,1
164.800,300.000,182.594,116.508,250.434,116.508,1,0,1
164.900,300.000,183.492,115.669,250.417,115.669,1,0,1
165.000,300.000,184.331,114.885,250.401,114.885,1,0,1
165.100,300.000,185.115,114.152,250.386,114.152,1,0,1
165.200,300.000,185.848,113.467,250.372,113.467,1,0,1
165.300,300.000,186.533,112.824,250.359,112.824,1,0,1
165.400,300.000,187.176,112.222,250.346,112.222,1,0,1
165.500,300.000,187.778,111.658,250.334,111.658,1,0,1
165.600,300.000,188.342,111.127,250.322,111.127,1,0,1
165.700,300.000,188.873,110.629,250.311,110.629,1,0,1
165.800,300.000,189.371,110.161,250.300,110.161,1,0,1
165.900,300.000,189.839,109.720,250.290,109.720,1,0,1
166.000,300.000,190.280,109.305,250.281,109.305,1,0,1
166.100,300.000,190.695,108.913,250.271,108.913,1,0,1
166.200,300.000,191.087,108.544,250.262,108.544,1,0,1
166.300,300.000,191.456,108.195,250.254,108.195,1,0,1
166.400,300.000,191.805,107.865,250.246,107.865,1,0,1
166.500,300.000,192.135,107.553,250.238,107.553,1,0,1
166.600,300.000,192.447,107.258,250.230,107.258,1,0,1
166.700,300.000,192.742,106.978,250.223,106.978,1,0,1
166.800,300.000,193.022,106.712,250.216,106.712,1,0,1
166.900,300.000,193.288,106.460,250.209,106.460,1,0,1
167.000,300.000,193.540,106.221,250.203,106.221,1,0,1
167.100,300.000,193.779,105.993,250.197,105.993,1,0,1
167.200,300.000,194.007,105.777,250.191,105.777,1,0,1
167.300,300.000,194.223,105.570,250.185,105.570,1,0,1
167.400,300.000,194.430,105.374,250.179,105.374,1,0,1
167.500,300.000,194.626,105.186,250.174,105.186,1,0,1
167.600,300.000,194.814,105.007,250.169,105.007,1,0,1
167.700,300.000,194.993,104.836,250.164,104.836,1,0,1
167.800,300.000,195.164,104.673,250.159,104.673,1,0,1
167.900,300.000,195.327,104.516,250.154,104.516,1,0,1
168.000,300.000,195.484,104.366,250.150,104.366,1,0,1
168.100,300.000,195.634,104.223,250.145,104.223,1,0,1
168.200,300.000,195.777,104.086,250.141,104.086,1,0,1
168.300,300.000,195.914,103.954,250.137,103.954,1,0,1
168.400,300.000,196.046,103.827,250.133,103.827,1,0,1
168.500,300.000,196.173,103.706,250.129,103.706,1,0,1
168.600,300.000,196.294,103.589,250.125,103.589,1,0,1
168.700,300.000,196.411,103.476,250.122,103.476,1,0,1
168.800,300.000,196.524,103.368,250.118,103.368,1,0,1
168.900,300.000,196.632,103.264,250.115,103.264,1,0,1
169.000,300.000,196.736,103.164,250.112,103.164,1,0,1
169.100,300.000,196.836,103.068,250.109,103.068,1,0,1
169.200,300.000,196.932,102.975,250.105,102.975,1,0,1
169.300,300.000,197.025,102.885,250.103,102.885,1,0,1
169.400,300.000,197.115,102.799,250.100,102.799,1,0,1
169.500,300.000,197.201,102.715,250.097,102.715,1,0,1
169.600,300.000,197.285,102.635,250.094,102.635,1,0,1
169.700,300.000,197.365,102.557,250.091,102.557,1,0,1
169.800,300.000,197.443,102.481,250.089,102.481,1,0,1
169.900,300.000,197.519,102.409,250.086,102.409,1,0,1
170.000,300.000,197.591,102.338,250.084,102.338,1,0,1
170.100,300.000,197.662,0.000,250.082,0.000,0,0,1
170.200,300.000,300.000,0.000,250.182,0.000,0,0,1
170.300,300.000,300.000,0.000,250.282,0.000,0,0,1
170.400,300.000,300.000,0.000,250.382,0.000,0,0,1
170.500,300.000,300.000,0.000,250.482,0.000,0,0,1
170.600,300.000,300.000,0.000,250.582,0.000,0,0,1
170.700,300.000,300.000,0.000,250.682,0.000,0,0,1
170.800,300.000,300.000,0.000,250.782,0.000,0,0,1
170.900,300.000,300.000,0.000,250.882,0.000,0,0,1
171.000,300.000,300.000,0.000,250.982,0.000,0,0,1
171.100,300.000,300.000,0.000,251.082,0.000,0,0,1
171.200,300.000,300.000,0.000,251.182,0.000,0,0,1
171.300,300.000,300.000,0.000,251.282,0.000,0,0,1
171.400,300.000,300.000,0.000,251.382,0.000,0,0,1
171.500,300.000,300.000,0.000,251.482,0.000,0,0,1
171.600,300.000,300.000,0.000,251.582,0.000,0,0,1
171.700,300.000,300.000,0.000,251.682,0.000,0,0,1
171.800,300.000,300.000,0.000,251.782,0.000,0,0,1
171.900,300.000,300.000,0.000,251.882,0.000,0,0,1
172.000,300.000,300.000,0.000,251.982,0.000,0,0,1
172.100,300.000,300.000,0.000,252.082,0.000,0,0,1
172.200,300.000,300.000,0.000,252.182,0.000,0,0,1
172.300,300.000,300.000,0.000,252.282,0.000,0,0,1
172.400,300.000,300.000,0.000,252.382,0.000,0,0,1
172.500,300.000,300.000,0.000,252.482,0.000,0,0,1
172.600,300.000,300.000,0.000,252.582,0.000,0,0,1
172.700,300.000,300.000,0.000,252.682,0.000,0,0,1
172.800,300.000,300.000,0.000,252.782,0.000,0,0,1
172.900,300.000,300.000,0.000,252.882,0.000,0,0,1
173.000,300.000,300.000,0.000,252.982,0.000,0,0,1
173.100,300.000,300.000,0.000,253.082,0.000,0,0,1
173.200,300.000,300.000,0.000,253.182,0.000,0,0,1
173.300,300.000,300.000,0.000,253.282,0.000,0,0,1
173.400,300.000,300.000,0.000,253.382,0.000,0,0,1
173.500,300.000,300.000,0.000,253.482,0.000,0,0,1
173.600,300.000,300.000,0.000,253.582,0.000,0,0,1
173.700,300.000,300.000,0.000,253.682,0.000,0,0,1
173.800,300.000,300.000,0.000,253.782,0.000,0,0,1
173.900,300.000,300.000,0.000,253.882,0.000,0,0,1
174.000,300.000,300.000,0.000,253.982,0.000,0,0,1
174.100,300.000,300.000,0.000,254.082,0.000,0,0,1
174.200,300.000,300.000,0.000,254.182,0.000,0,0,1
174.300,300.000,300.000,0.000,254.282,0.000,0,0,1
174.400,300.000,300.000,0.000,254.382,0.000,0,0,1
174.500,300.000,300.000,0.000,254.482,0.000,0,0,1
174.600,300.000,300.000,0.000,254.582,0.000,0,0,1
174.700,300.000,300.000,0.000,254.682,0.000,0,0,1
174.800,300.000,300.000,0.000,254.782,0.000,0,0,1
174.900,300.000,300.000,0.000,254.882,0.000,0,0,1
175.000,300.000,300.000,0.000,254.982,0.000,0,0,1
175.100,300.000,300.000,5.000,255.082,5.000,1,0,1
175.200,300.000,295.000,10.000,255.177,10.000,1,0,1
175.300,300.000,290.000,15.000,255.267,15.000,1,0,1
175.400,300.000,285.000,20.000,255.352,20.000,1,0,1
175.500,300.000,280.000,25.000,255.432,25.000,1,0,1
175.600,300.000,275.000,30.000,255.507,30.000,1,0,1
175.700,300.000,270.000,35.000,255.577,35.000,1,0,1
175.800,300.000,265.000,40.000,255.642,40.000,1,0,1
175.900,300.000,260.000,45.000,255.702,45.000,1,0,1
176.000,300.000,255.000,50.000,255.757,50.000,1,0,1
176.100,300.000,250.000,55.000,255.807,55.000,1,0,1
176.200,300.000,245.000,60.000,255.852,60.000,1,0,1
176.300,300.000,240.000,65.000,255.892,65.000,1,0,1
176.400,300.000,235.000,70.000,255.927,70.000,1,0,1
176.500,300.000,230.000,75.000,255.957,75.000,1,0,1
176.600,300.000,225.000,80.000,255.982,80.000,1,0,1
176.700,300.000,220.000,85.000,256.002,85.000,1,0,1
176.800,300.000,215.000,90.000,256.017,90.000,1,0,1
176.900,300.000,210.000,95.000,256.027,95.000,1,0,1
177.000,300.000,205.000,100.000,256.032,100.000,1,0,1
177.100,300.000,200.000,105.000,256.032,105.000,1,0,1
177.200,300.000,195.000,110.000,256.027,110.000,1,0,1
177.300,300.000,190.000,115.000,256.017,115.000,1,0,1
177.400,300.000,185.000,120.000,256.002,120.000,1,0,1
177.500,300.000,180.000,125.000,255.982,125.000,1,0,1
177.600,300.000,175.000,130.000,255.957,130.000,1,0,1
177.700,300.000,170.000,135.000,255.927,135.000,1,0,1
177.800,300.000,165.000,140.000,255.892,140.000,1,0,1
177.900,300.000,160.000,145.000,255.852,145.000,1,0,1
178.000,300.000,155.000,150.000,255.807,150.000,1,0,1
178.100,300.000,150.000,150.000,255.757,150.000,1,0,1
178.200,300.000,150.000,150.000,255.707,150.000,1,0,1
178.300,300.000,150.000,150.000,255.657,150.000,1,0,1
178.400,300.000,150.000,150.000,255.607,150.000,1,0,1
178.500,300.000,150.000,150.000,255.557,150.000,1,0,1
178.600,300.000,150.000,150.000,255.507,150.000,1,0,1
178.700,300.000,150.000,150.000,255.457,150.000,1,0,1
178.800,300.000,150.000,150.000,255.407,150.000,1,0,1
178.900,300.000,150.000,150.000,255.357,150.000,1,0,1
179.000,300.000,150.000,150.000,255.307,150.000,1,0,1
179.100,300.000,150.000,150.000,255.257,150.000,1,0,1
179.200,300.000,150.000,150.000,255.207,150.000,1,0,1
179.300,300.000,150.000,150.000,255.157,150.000,1,0,1
179.400,300.000,150.000,150.000,255.107,150.000,1,0,1
179.500,300.000,150.000,150.000,255.057,150.000,1,0,1
179.600,300.000,150.000,150.000,255.007,150.000,1,0,1
179.700,300.000,150.000,150.000,254.957,150.000,1,0,1
179.800,300.000,150.000,150.000,254.907,150.000,1,0,1
179.900,300.000,150.000,150.000,254.857,150.000,1,0,1
180.000,300.000,150.000,150.000,254.807,150.000,1,0,1
180.100,300.000,150.000,150.000,254.757,150.000,1,0,1
180.200,300.000,150.000,150.000,254.707,150.000,1,0,1
180.300,300.000,150.000,150.000,254.657,150.000,1,0,1
180.400,300.000,150.000,150.000,254.607,150.000,1,0,1
180.500,300.000,150.000,150.000,254.557,150.000,1,0,1
180.600,300.000,150.000,150.000,254.507,150.000,1,0,1
180.700,300.000,150.000,150.000,254.457,150.000,1,0,1
180.800,300.000,150.000,150.000,254.407,150.000,1,0,1
180.900,300.000,150.000,150.000,254.357,150.000,1,0,1
181.000,300.000,150.000,150.000,254.307,150.000,1,0,1
181.100,300.000,150.000,150.000,254.257,150.000,1,0,1
181.200,300.000,150.000,150.000,254.207,150.000,1,0,1
181.300,300.000,150.000,150.000,254.157,150.000,1,0,1
181.400,300.000,150.000,150.000,254.107,150.000,1,0,1
181.500,300.000,150.000,150.000,254.057,150.000,1,0,1
181.600,300.000,150.000,150.000,254.007,150.000,1,0,1
181.700,300.000,150.000,150.000,253.957,150.000,1,0,1
181.800,300.000,150.000,150.000,253.907,150.000,1,0,1
181.900,300.000,150.000,150.000,253.857,150.000,1,0,1
182.000,300.000,150.000,150.000,253.807,150.000,1,0,1
182.100,300.000,150.000,150.000,253.757,150.000,1,0,1
182.200,300.000,150.000,150.000,253.707,150.000,1,0,1
182.300,300.000,150.000,150.000,253.657,150.000,1,0,1
182.400,300.000,150.000,150.000,253.607,150.000,1,0,1
182.500,300.000,150.000,150.000,253.557,150.000,1,0,1
182.600,300.000,150.000,150.000,253.507,150.000,1,0,1
182.700,300.000,150.000,150.000,253.457,150.000,1,0,1
182.800,300.000,150.000,150.000,253.407,150.000,1,0,1
182.900,300.000,150.000,150.000,253.357,150.000,1,0,1
183.000,300.000,150.000,150.000,253.307,150.000,1,0,1
183.100,300.000,150.000,150.000,253.257,150.000,1,0,1
183.200,300.000,150.000,150.000,253.207,150.000,1,0,1
183.300,300.000,150.000,150.000,253.157,150.000,1,0,1
183.400,300.000,150.000,150.000,253.107,150.000,1,0,1
183.500,300.000,150.000,150.000,253.057,150.000,1,0,1
183.600,300.000,150.000,150.000,253.007,150.000,1,0,1
183.700,300.000,150.000,150.000,252.957,150.000,1,0,1
183.800,300.000,150.000,150.000,252.907,150.000,1,0,1
183.900,300.000,150.000,150.000,252.857,150.000,1,0,1
184.000,300.000,150.000,150.000,252.807,150.000,1,0,1
184.100,300.000,150.000,150.000,252.757,150.000,1,0,1
184.200,300.000,150.000,150.000,252.707,150.000,1,0,1
184.300,300.000,150.000,150.000,252.657,150.000,1,0,1
184.400,300.000,150.000,150.000,252.607,150.000,1,0,1
184.500,300.000,150.000,150.000,252.557,150.000,1,0,1
184.600,300.000,150.000,150.000,252.507,150.000,1,0,1
184.700,300.000,150.000,150.000,252.457,150.000,1,0,1
184.800,300.000,150.000,150.000,252.407,150.000,1,0,1
184.900,300.000,150.000,150.000,252.357,150.000,1,0,1
185.000,300.000,150.000,150.000,252.307,150.000,1,0,1
185.100,300.000,150.000,0.000,252.257,0.000,1,0,1
185.200,300.000,300.000,0.000,252.357,0.000,1,0,1
185.300,300.000,300.000,0.000,252.457,0.000,1,0,1
185.400,300.000,300.000,0.000,252.557,0.000,1,0,1
185.500,300.000,300.000,0.000,252.657,0.000,1,0,1
185.600,300.000,300.000,0.000,252.757,0.000,1,0,1
185.700,300.000,300.000,0.000,252.857,0.000,1,0,1
185.800,300.000,300.000,0.000,252.957,0.000,1,0,1
185.900,300.000,300.000,0.000,253.057,0.000,1,0,1
186.000,300.000,300.000,0.000,253.157,0.000,1,0,1
186.100,300.000,300.000,0.000,253.257,0.000,1,0,1
186.200,300.000,300.000,0.000,253.357,0.000,1,0,1
186.300,300.000,300.000,0.000,253.457,0.000,1,0,1
186.400,300.000,300.000,0.000,253.557,0.000,1,0,1
186.500,300.000,300.000,0.000,253.657,0.000,1,0,1
186.600,300.000,300.000,0.000,253.757,0.000,1,0,1
186.700,300.000,300.000,0.000,253.857,0.000,1,0,1
186.800,300.000,300.000,0.000,253.957,0.000,1,0,1
186.900,300.000,300.000,0.000,254.057,0.000,1,0,1
187.000,300.000,300.000,0.000,254.157,0.000,1,0,1
187.100,300.000,300.000,0.000,254.257,0.000,1,0,1
187.200,300.000,300.000,0.000,254.357,0.000,1,0,1
187.300,300.000,300.000,0.000,254.457,0.000,1,0,1
187.400,300.000,300.000,0.000,254.557,0.000,1,0,1
187.500,300.000,300.000,0.000,254.657,0.000,1,0,1
187.600,300.000,300.000,0.000,254.757,0.000,1,0,1
187.700,300.000,300.000,0.000,254.857,0.000,1,0,1
187.800,300.000,300.000,0.000,254.957,0.000,1,0,1
187.900,300.000,300.000,0.000,255.057,0.000,1,0,1
188.000,300.000,300.000,0.000,255.157,0.000,1,0,1
188.100,300.000,300.000,0.000,255.257,0.000,1,0,1
188.200,300.000,300.000,0.000,255.357,0.000,1,0,1
188.300,300.000,300.000,0.000,255.457,0.000,1,0,1
188.400,300.000,300.000,0.000,255.557,0.000,1,0,1
188.500,300.000,300.000,0.000,255.657,0.000,1,0,1
188.600,300.000,300.000,0.000,255.757,0.000,1,0,1
188.700,300.000,300.000,0.000,255.857,0.000,1,0,1
188.800,300.000,300.000,0.000,255.957,0.000,1,0,1
188.900,300.000,300.000,0.000,256.057,0.000,1,0,1
189.000,300.000,300.000,0.000,256.157,0.000,1,0,1
189.100,300.000,300.000,0.000,256.257,0.000,1,0,1
189.200,300.000,300.000,0.000,256.357,0.000,1,0,1
189.300,300.000,300.000,0.000,256.457,0.000,1,0,1
189.400,300.000,300.000,0.000,256.557,0.000,1,0,1
189.500,300.000,300.000,0.000,256.657,0.000,1,0,1
189.600,300.000,300.000,0.000,256.757,0.000,1,0,1
189.700,300.000,300.000,0.000,256.857,0.000,1,0,1
189.800,300.000,300.000,0.000,256.957,0.000,1,0,1
189.900,300.000,300.000,0.000,257.057,0.000,1,0,1
190.000,300.000,300.000,0.000,257.157,0.000,1,0,1
190.100,250.000,250.000,5.000,257.207,5.000,1,0,1
190.200,250.000,245.000,10.000,257.252,10.000,1,0,1
190.300,250.000,240.000,15.000,257.292,15.000,1,0,1
190.400,250.000,235.000,20.000,257.327,20.000,1,0,1
190.500,250.000,230.000,25.000,257.357,25.000,1,0,1
190.600,250.000,225.000,30.000,257.382,30.000,1,0,1
190.700,250.000,220.000,35.000,257.402,35.000,1,0,1
190.800,250.000,215.000,40.000,257.417,40.000,1,0,1
190.900,250.000,210.000,45.000,257.427,45.000,1,0,1
191.000,250.000,205.000,50.000,257.432,50.000,1,0,1
191.100,250.000,200.000,55.000,257.432,55.000,1,0,1
191.200,250.000,195.000,60.000,257.427,60.000,1,0,1
191.300,250.000,190.000,65.000,257.417,65.000,1,0,1
191.400,250.000,185.000,70.000,257.402,70.000,1,0,1
191.500,250.000,180.000,75.000,257.382,75.000,1,0,1
191.600,250.000,175.000,80.000,257.357,80.000,1,0,1
191.700,250.000,170.000,85.000,257.327,85.000,1,0,1
191.800,250.000,165.000,90.000,257.292,90.000,1,0,1
191.900,250.000,160.000,95.000,257.252,95.000,1,0,1
192.000,250.000,155.000,100.000,257.207,100.000,1,0,1
192.100,250.000,150.000,105.000,257.157,105.000,1,0,1
192.200,250.000,145.000,110.000,257.102,110.000,1,0,1
192.300,250.000,140.000,115.000,257.042,115.000,1,0,1
192.400,250.000,135.000,120.000,256.977,120.000,1,0,1
192.500,250.000,130.000,125.000,256.907,125.000,1,0,1
192.600,250.000,125.000,130.000,256.832,130.000,1,0,1
192.700,250.000,120.000,135.000,256.752,135.000,1,0,1
192.800,250.000,115.000,140.000,256.667,140.000,1,0,1
192.900,250.000,110.000,145.000,256.577,145.000,1,0,1
193.000,250.000,105.000,150.000,256.482,150.000,1,0,1
193.100,250.000,100.000,150.000,256.382,150.000,1,0,1
193.200,250.000,100.000,150.000,256.282,150.000,1,0,1
193.300,250.000,100.000,150.000,256.182,150.000,1,0,1
193.400,250.000,100.000,150.000,256.082,150.000,1,0,1
193.500,250.000,100.000,150.000,255.982,150.000,1,0,1
193.600,250.000,100.000,150.000,255.882,150.000,1,0,1
193.700,250.000,100.000,150.000,255.782,150.000,1,0,1
193.800,250.000,100.000,150.000,255.682,150.000,1,0,1
193.900,250.000,100.000,150.000,255.582,150.000,1,0,1
194.000,250.000,100.000,150.000,255.482,150.000,1,0,1
194.100,250.000,100.000,150.000,255.382,150.000,1,0,1
194.200,250.000,100.000,150.000,255.282,150.000,1,0,1
194.300,250.000,100.000,150.000,255.182,150.000,1,0,1
194.400,250.000,100.000,150.000,255.082,150.000,1,0,1
194.500,250.000,100.000,150.000,254.982,150.000,1,0,1
194.600,250.000,100.000,150.000,254.882,150.000,1,0,1
194.700,250.000,100.000,150.000,254.782,150.000,1,0,1
194.800,250.000,100.000,150.000,254.682,150.000,1,0,1
194.900,250.000,100.000,150.000,254.582,150.000,1,0,1
195.000,250.000,100.000,150.000,254.482,150.000,1,0,1
195.100,250.000,100.000,150.000,254.382,150.000,1,0,1
195.200,250.000,100.000,150.000,254.282,150.000,1,0,1
195.300,250.000,100.000,150.000,254.182,150.000,1,0,1
195.400,250.000,100.000,150.000,254.082,150.000,1,0,1
195.500,250.000,100.000,150.000,253.982,150.000,1,0,1
195.600,250.000,100.000,150.000,253.882,150.000,1,0,1
195.700,250.000,100.000,150.000,253.782,150.000,1,0,1
195.800,250.000,100.000,150.000,253.682,150.000,1,0,1
195.900,250.000,100.000,150.000,253.582,150.000,1,0,1
196.000,250.000,100.000,150.000,253.482,150.000,1,0,1
196.100,250.000,100.000,150.000,253.382,150.000,1,0,1
196.200,250.000,100.000,150.000,253.282,150.000,1,0,1
196.300,250.000,100.000,150.000,253.182,150.000,1,0,1
196.400,250.000,100.000,150.000,253.082,150.000,1,0,1
196.500,250.000,100.000,150.000,252.982,150.000,1,0,1
196.600,250.000,100.000,150.000,252.882,150.000,1,0,1
196.700,250.000,100.000,150.000,252.782,150.000,1,0,1
196.800,250.000,100.000,150.000,252.682,150.000,1,0,1
196.900,250.000,100.000,150.000,252.582,150.000,1,0,1
197.000,250.000,100.000,150.000,252.482,150.000,1,0,1
197.100,250.000,100.000,150.000,252.382,150.000,1,0,1
197.200,250.000,100.000,150.000,252.282,150.000,1,0,1
197.300,250.000,100.000,150.000,252.182,150.000,1,0,1
197.400,250.000,100.000,150.000,252.082,150.000,1,0,1
197.500,250.000,100.000,150.000,251.982,150.000,1,0,1
197.600,250.000,100.000,150.000,251.882,150.000,1,0,1
197.700,250.000,100.000,150.000,251.782,150.000,1,0,1
197.800,250.000,100.000,150.000,251.682,150.000,1,0,1
197.900,250.000,100.000,150.000,251.582,150.000,1,0,1
198.000,250.000,100.000,150.000,251.482,150.000,1,0,1
198.100,250.000,100.000,150.000,251.382,150.000,1,0,1
198.200,250.000,100.000,150.000,251.282,150.000,1,0,1
198.300,250.000,100.000,150.000,251.182,150.000,1,0,1
198.400,250.000,100.000,150.000,251.082,150.000,1,0,1
198.500,250.000,100.000,150.000,250.982,150.000,1,0,1
198.600,250.000,100.000,150.000,250.882,150.000,1,0,1
198.700,250.000,100.000,150.000,250.782,150.000,1,0,1
198.800,250.000,100.000,150.000,250.682,150.000,1,0,1
198.900,250.000,100.000,150.000,250.582,150.000,1,0,1
199.000,250.000,100.000,150.000,250.482,150.000,1,0,1
199.100,250.000,100.000,142.037,250.382,142.037,1,0,1
199.200,250.000,107.963,133.000,250.290,133.000,1,0,1
199.300,250.000,117.000,124.560,250.207,124.560,1,0,1
199.400,250.000,125.440,116.839,250.132,116.839,1,0,1
199.500,250.000,133.161,109.796,250.065,109.796,1,0,1
199.600,250.000,140.204,103.377,250.005,103.377,1,0,1
199.700,250.000,146.623,97.528,249.952,97.528,1,0,1
199.800,250.000,152.472,92.201,249.905,92.201,1,0,0
199.900,250.000,157.799,87.352,249.862,87.352,1,0,0
200.000,250.000,162.648,82.941,249.825,82.941,1,0,0
200.100,250.000,167.059,78.931,249.792,78.931,1,0,0
200.200,250.000,171.069,75.287,249.763,75.287,1,0,0
200.300,250.000,174.713,71.978,249.738,71.978,1,0,0
200.400,250.000,178.022,68.975,249.716,68.975,1,0,0
200.500,250.000,181.025,66.253,249.697,66.253,1,0,0
200.600,250.000,183.747,63.787,249.681,63.787,1,0,0
200.700,250.000,186.213,61.556,249.667,61.556,1,0,0
200.800,250.000,188.444,59.538,249.655,59.538,1,0,0
200.900,250.000,190.462,57.717,249.646,57.717,1,0,0
201.000,250.000,192.283,56.073,249.638,56.073,1,0,0
201.100,250.000,193.927,54.593,249.632,54.593,1,0,0
201.200,250.000,195.407,53.262,249.627,53.262,1,0,0
201.300,250.000,196.738,52.067,249.624,52.067,1,0,0
201.400,250.000,197.933,50.995,249.622,50.995,1,0,0
201.500,250.000,199.005,50.037,249.621,50.037,1,0,0
201.600,250.000,199.963,49.181,249.621,49.181,1,0,0
201.700,250.000,200.819,48.420,249.622,48.420,1,0,0
201.800,250.000,201.580,47.744,249.623,47.744,1,0,0
201.900,250.000,202.256,47.145,249.626,47.145,1,0,0
202.000,250.000,202.855,46.618,249.629,46.618,1,0,0
202.100,250.000,203.382,46.155,249.632,46.155,1,0,0
202.200,250.000,203.845,45.750,249.636,45.750,1,0,0
202.300,250.000,204.250,45.398,249.640,45.398,1,0,0
202.400,250.000,204.602,45.095,249.645,45.095,1,0,0
202.500,250.000,204.905,44.835,249.650,44.835,1,0,0
202.600,250.000,205.165,44.615,249.655,44.615,1,0,0
202.700,250.000,205.385,44.430,249.660,44.430,1,0,0
202.800,250.000,205.570,44.278,249.666,44.278,1,0,0
202.900,250.000,205.722,44.155,249.671,44.155,1,0,0
203.000,250.000,205.845,44.059,249.677,44.059,1,0,0
203.100,250.000,205.941,43.986,249.683,43.986,1,0,0
203.200,250.000,206.014,43.934,249.689,43.934,1,0,0
203.300,250.000,206.066,43.902,249.695,43.902,1,0,0
203.400,250.000,206.098,43.887,249.701,43.887,1,0,0
203.500,250.000,206.113,43.887,249.707,43.887,1,0,0
203.600,250.000,206.113,43.901,249.714,43.901,1,0,0
203.700,250.000,206.099,43.927,249.720,43.927,1,0,0
203.800,250.000,206.073,43.964,249.726,43.964,1,0,0
203.900,250.000,206.036,44.011,249.732,44.011,1,0,0
204.000,250.000,205.989,44.066,249.738,44.066,1,0,0
204.100,250.000,205.934,44.128,249.744,44.128,1,0,0
204.200,250.000,205.872,44.197,249.750,44.197,1,0,0
204.300,250.000,205.803,44.272,249.755,44.272,1,0,0
204.400,250.000,205.728,44.351,249.761,44.351,1,0,0
204.500,250.000,205.649,44.435,249.767,44.435,1,0,0
204.600,250.000,205.565,44.522,249.772,44.522,1,0,0
204.700,250.000,205.478,44.612,249.778,44.612,1,0,0
204.800,250.000,205.388,44.704,249.783,44.704,1,0,0
204.900,250.000,205.296,44.798,249.788,44.798,1,0,0
205.000,250.000,205.202,44.894,249.794,44.894,1,0,0
205.100,200.000,155.106,44.991,249.749,44.991,1,0,0
205.200,200.000,155.009,40.089,249.704,40.089,1,0,0
205.300,200.000,159.911,35.088,249.664,35.088,1,0,0
205.400,200.000,164.912,30.486,249.629,30.486,1,0,0
205.500,200.000,169.514,26.305,249.598,26.305,1,0,0
205.600,200.000,173.695,22.513,249.572,22.513,1,0,0
205.700,200.000,177.487,19.079,249.549,19.079,1,0,0
205.800,200.000,180.921,15.971,249.530,15.971,1,0,0
205.900,200.000,184.029,13.162,249.514,13.162,1,0,0
206.000,200.000,186.838,10.625,249.501,10.625,1,0,0
206.100,200.000,189.375,8.338,249.490,8.338,1,0,0
206.200,200.000,191.662,6.277,249.482,6.277,1,0,0
206.300,200.000,193.723,4.424,249.476,4.424,1,0,0
206.400,200.000,195.576,2.761,249.471,2.761,1,0,0
206.500,200.000,197.239,1.270,249.469,1.270,1,0,0
206.600,200.000,198.730,0.000,249.467,0.000,1,0,0
206.700,200.000,200.000,0.000,249.467,0.000,1,0,0
206.800,200.000,200.000,0.000,249.467,0.000,1,0,0
206.900,200.000,200.000,0.000,249.467,0.000,1,0,0
207.000,200.000,200.000,0.000,249.467,0.000,1,0,0
207.100,200.000,200.000,0.000,249.467,0.000,1,0,0
207.200,200.000,200.000,0.000,249.467,0.000,1,0,0
207.300,200.000,200.000,0.000,249.467,0.000,1,0,0
207.400,200.000,200.000,0.000,249.467,0.000,1,0,0
207.500,200.000,200.000,0.000,249.467,0.000,1,0,0
207.600,200.000,200.000,0.000,249.467,0.000,1,0,0
207.700,200.000,200.000,0.000,249.467,0.000,1,0,0
207.800,200.000,200.000,0.000,249.467,0.000,1,0,0
207.900,200.000,200.000,0.000,249.467,0.000,1,0,0
208.000,200.000,200.000,0.000,249.467,0.000,1,0,0
208.100,200.000,200.000,0.000,249.467,0.000,1,0,0
208.200,200.000,200.000,0.000,249.467,0.000,1,0,0
208.300,200.000,200.000,0.000,249.467,0.000,1,0,0
208.400,200.000,200.000,0.000,249.467,0.000,1,0,0
208.500,200.000,200.000,0.000,249.467,0.000,1,0,0
208.600,200.000,200.000,0.000,249.467,0.000,1,0,0
208.700,200.000,200.000,0.000,249.467,0.000,1,0,0
208.800,200.000,200.000,0.000,249.467,0.000,1,0,0
208.900,200.000,200.000,0.000,249.467,0.000,1,0,0
209.000,200.000,200.000,0.000,249.467,0.000,1,0,0
209.100,200.000,200.000,0.000,249.467,0.000,1,0,0
209.200,200.000,200.000,0.000,249.467,0.000,1,0,0
209.300,200.000,200.000,0.000,249.467,0.000,1,0,0
209.400,200.000,200.000,0.000,249.467,0.000,1,0,0
209.500,200.000,200.000,0.000,249.467,0.000,1,0,0
209.600,200.000,200.000,0.000,249.467,0.000,1,0,0
209.700,200.000,200.000,0.000,249.467,0.000,1,0,0
209.800,200.000,200.000,0.000,249.467,0.000,1,0,0
209.900,200.000,200.000,0.000,249.467,0.000,1,0,0
210.000,200.000,200.000,0.000,249.467,0.000,1,0,0
210.100,200.000,200.000,0.000,249.367,0.000,1,0,0
210.200,200.000,200.000,0.000,249.267,0.000,1,0,0
210.300,200.000,200.000,0.000,249.167,0.000,1,0,0
210.400,200.000,200.000,0.000,249.067,0.000,1,0,0
210.500,200.000,200.000,0.000,248.967,0.000,1,0,0
210.600,200.000,200.000,0.000,248.867,0.000,1,0,0
210.700,200.000,200.000,0.000,248.767,0.000,1,0,0
210.800,200.000,200.000,0.000,248.667,0.000,1,0,0
210.900,200.000,200.000,0.000,248.567,0.000,1,0,0
211.000,200.000,200.000,0.000,248.467,0.000,1,0,0
211.100,200.000,200.000,0.000,248.367,0.000,1,0,0
211.200,200.000,200.000,0.000,248.267,0.000,1,0,0
211.300,200.000,200.000,0.000,248.167,0.000,1,0,0
211.400,200.000,200.000,0.000,248.067,0.000,1,0,0
211.500,200.000,200.000,0.000,247.967,0.000,1,0,0
211.600,200.000,200.000,0.000,247.867,0.000,1,0,0
211.700,200.000,200.000,0.000,247.767,0.000,1,0,0
211.800,200.000,200.000,0.000,247.667,0.000,1,0,0
211.900,200.000,200.000,0.000,247.567,0.000,1,0,0
212.000,200.000,200.000,0.000,247.467,0.000,1,0,0
212.100,200.000,200.000,0.000,247.367,0.000,1,0,0
212.200,200.000,200.000,0.000,247.267,0.000,1,0,0
212.300,200.000,200.000,0.000,247.167,0.000,1,0,0
212.400,200.000,200.000,0.000,247.067,0.000,1,0,0
212.500,200.000,200.000,0.000,246.967,0.000,1,0,0
212.600,200.000,200.000,0.000,246.867,0.000,1,0,0
212.700,200.000,200.000,0.000,246.767,0.000,1,0,0
212.800,200.000,200.000,0.000,246.667,0.000,1,0,0
212.900,200.000,200.000,0.000,246.567,0.000,1,0,0
213.000,200.000,200.000,0.000,246.467,0.000,1,0,0
213.100,200.000,200.000,0.000,246.367,0.000,1,0,0
213.200,200.000,200.000,0.000,246.267,0.000,1,0,0
213.300,200.000,200.000,0.000,246.167,0.000,1,0,0
213.400,200.000,200.000,0.000,246.067,0.000,1,0,0
213.500,200.000,200.000,0.000,245.967,0.000,1,0,0
213.600,200.000,200.000,0.000,245.867,0.000,1,0,0
213.700,200.000,200.000,0.000,245.767,0.000,1,0,0
213.800,200.000,200.000,0.000,245.667,0.000,1,0,0
213.900,200.000,200.000,0.000,245.567,0.000,1,0,0
214.000,200.000,200.000,0.000,245.467,0.000,1,0,0
214.100,200.000,200.000,0.000,245.367,0.000,1,0,0
214.200,200.000,200.000,0.000,245.267,0.000,1,0,0
214.300,200.000,200.000,0.000,245.167,0.000,1,0,0
214.400,200.000,200.000,0.000,245.067,0.000,1,0,0
214.500,200.000,200.000,0.000,244.967,0.000,1,0,0
214.600,200.000,200.000,0.000,244.867,0.000,1,0,0
214.700,200.000,200.000,0.000,244.767,0.000,1,0,0
214.800,200.000,200.000,0.000,244.667,0.000,1,0,0
214.900,200.000,200.000,0.000,244.567,0.000,1,0,0
215.000,200.000,200.000,0.000,244.467,0.000,1,0,0
215.100,200.000,200.000,0.000,244.367,0.000,1,0,0
215.200,200.000,200.000,0.000,244.267,0.000,1,0,0
215.300,200.000,200.000,0.000,244.167,0.000,1,0,0
215.400,200.000,200.000,0.000,244.067,0.000,1,0,0
215.500,200.000,200.000,0.000,243.967,0.000,1,0,0
215.600,200.000,200.000,0.000,243.867,0.000,1,0,0
215.700,200.000,200.000,0.000,243.767,0.000,1,0,0
215.800,200.000,200.000,0.000,243.667,0.000,1,0,0
215.900,200.000,200.000,0.000,243.567,0.000,1,0,0
216.000,200.000,200.000,0.000,243.467,0.000,1,0,0
216.100,200.000,200.000,0.000,243.367,0.000,1,0,0
216.200,200.000,200.000,0.000,243.267,0.000,1,0,0
216.300,200.000,200.000,0.000,243.167,0.000,1,0,0
216.400,200.000,200.000,0.000,243.067,0.000,1,0,0
216.500,200.000,200.000,0.000,242.967,0.000,1,0,0
216.600,200.000,200.000,0.000,242.867,0.000,1,0,0
216.700,200.000,200.000,0.000,242.767,0.000,1,0,0
216.800,200.000,200.000,0.000,242.667,0.000,1,0,0
216.900,200.000,200.000,0.000,242.567,0.000,1,0,0
217.000,200.000,200.000,0.000,242.467,0.000,1,0,0
217.100,200.000,200.000,0.000,242.367,0.000,1,0,0
217.200,200.000,200.000,0.000,242.267,0.000,1,0,0
217.300,200.000,200.000,0.000,242.167,0.000,1,0,0
217.400,200.000,200.000,0.000,242.067,0.000,1,0,0
217.500,200.000,200.000,0.000,241.967,0.000,1,0,0
217.600,200.000,200.000,0.000,241.867,0.000,1,0,0
217.700,200.000,200.000,0.000,241.767,0.000,1,0,0
217.800,200.000,200.000,0.000,241.667,0.000,1,0,0
217.900,200.000,200.000,0.000,241.567,0.000,1,0,0
218.000,200.000,200.000,0.000,241.467,0.000,1,0,0
218.100,200.000,200.000,0.000,241.367,0.000,1,0,0
218.200,200.000,200.000,0.000,241.267,0.000,1,0,0
218.300,200.000,200.000,0.000,241.167,0.000,1,0,0
218.400,200.000,200.000,0.000,241.067,0.000,1,0,0
218.500,200.000,200.000,0.000,240.967,0.000,1,0,0
218.600,200.000,200.000,0.000,240.867,0.000,1,0,0
218.700,200.000,200.000,0.000,240.767,0.000,1,0,0
218.800,200.000,200.000,0.000,240.667,0.000,1,0,0
218.900,200.000,200.000,0.000,240.567,0.000,1,0,0
219.000,200.000,200.000,0.000,240.467,0.000,1,0,0
219.100,200.000,200.000,0.000,240.367,0.000,1,0,0
219.200,200.000,200.000,0.000,240.267,0.000,1,0,0
219.300,200.000,200.000,0.000,240.167,0.000,1,0,0
219.400,200.000,200.000,0.000,240.067,0.000,1,0,0
219.500,200.000,200.000,0.000,239.967,0.000,1,0,0
219.600,200.000,200.000,0.000,239.867,0.000,1,0,0
219.700,200.000,200.000,0.000,239.767,0.000,1,0,0
219.800,200.000,200.000,0.000,239.667,0.000,1,0,0
219.900,200.000,200.000,0.000,239.567,0.000,1,0,0
220.000,200.000,200.000,0.000,239.467,0.000,1,0,0
