Time_s,P_pv_kW,P_smooth_kW,P_comp_kW,SOC_pct,P_grid_kW,data_valid,smoothing_enabled
0.000,200.000,200.000,0.000,50.000,200.000,1,1
0.100,200.262,200.000,-0.261,50.000,200.000,1,1
0.200,200.524,200.001,-0.522,50.000,200.001,1,1
0.300,200.785,200.003,-0.783,50.000,200.003,1,1
0.400,201.047,200.004,-1.043,50.000,200.004,1,1
0.500,201.309,200.007,-1.302,50.000,200.007,1,1
0.600,201.571,200.009,-1.561,50.000,200.009,1,1
0.700,201.832,200.012,-1.820,50.000,200.012,1,1
0.800,202.094,200.016,-2.078,50.000,200.016,1,1
0.900,202.355,200.020,-2.336,50.000,200.020,1,1
1.000,202.617,200.024,-2.593,50.000,200.024,1,1
1.100,202.878,200.029,-2.850,50.000,200.029,1,1
1.200,203.140,200.034,-3.106,50.000,200.034,1,1
1.300,203.401,200.039,-3.361,50.000,200.039,1,1
1.400,203.662,200.045,-3.617,50.000,200.045,1,1
1.500,203.923,200.052,-3.871,50.000,200.052,1,1
1.600,204.184,200.059,-4.125,50.000,200.059,1,1
1.700,204.445,200.066,-4.379,50.001,200.066,1,1
1.800,204.705,200.074,-4.632,50.001,200.074,1,1
1.900,204.966,200.082,-4.884,50.001,200.082,1,1
2.000,205.226,200.090,-5.136,50.001,200.090,1,1
2.100,205.487,200.099,-5.387,50.001,200.099,1,1
2.200,205.747,200.109,-5.638,50.001,200.109,1,1
2.300,206.007,200.119,-5.888,50.001,200.119,1,1
2.400,206.267,200.129,-6.138,50.001,200.129,1,1
2.500,206.526,200.139,-6.387,50.001,200.139,1,1
2.600,206.786,200.151,-6.635,50.001,200.151,1,1
2.700,207.045,200.162,-6.883,50.001,200.162,1,1
2.800,207.304,200.174,-7.130,50.001,200.174,1,1
2.900,207.563,200.186,-7.377,50.002,200.186,1,1
3.000,207.822,200.199,-7.623,50.002,200.199,1,1
3.100,208.080,200.212,-7.868,50.002,200.212,1,1
3.200,208.338,200.226,-8.113,50.002,200.226,1,1
3.300,208.596,200.239,-8.357,50.002,200.239,1,1
3.400,208.854,200.254,-8.600,50.002,200.254,1,1
3.500,209.112,200.269,-8.843,50.002,200.269,1,1
3.600,209.369,200.284,-9.085,50.002,200.284,1,1
3.700,209.626,200.299,-9.327,50.002,200.299,1,1
3.800,209.883,200.315,-9.568,50.003,200.315,1,1
3.900,210.139,200.332,-9.808,50.003,200.332,1,1
4.000,210.396,200.348,-10.047,50.003,200.348,1,1
4.100,210.652,200.365,-10.286,50.003,200.365,1,1
4.200,210.907,200.383,-10.524,50.003,200.383,1,1
4.300,211.163,200.401,-10.762,50.003,200.401,1,1
4.400,211.418,200.419,-10.998,50.003,200.419,1,1
4.500,211.672,200.438,-11.234,50.004,200.438,1,1
4.600,211.927,200.457,-11.470,50.004,200.457,1,1
4.700,212.181,200.477,-11.704,50.004,200.477,1,1
4.800,212.434,200.496,-11.938,50.004,200.496,1,1
4.900,212.688,200.517,-12.171,50.004,200.517,1,1
5.000,212.941,200.537,-12.404,50.004,200.537,1,1
5.100,213.194,200.558,-12.635,50.005,200.558,1,1
5.200,213.446,200.580,-12.866,50.005,200.580,1,1
5.300,213.698,200.602,-13.096,50.005,200.602,1,1
5.400,213.950,200.624,-13.326,50.005,200.624,1,1
5.500,214.201,200.647,-13.554,50.005,200.647,1,1
5.600,214.452,200.670,-13.782,50.006,200.670,1,1
5.700,214.702,200.693,-14.009,50.006,200.693,1,1
5.800,214.952,200.717,-14.235,50.006,200.717,1,1
5.900,215.202,200.741,-14.461,50.006,200.741,1,1
6.000,215.451,200.765,-14.686,50.006,200.765,1,1
6.100,215.700,200.790,-14.910,50.007,200.790,1,1
6.200,215.948,200.815,-15.133,50.007,200.815,1,1
6.300,216.196,200.841,-15.355,50.007,200.841,1,1
6.400,216.443,200.867,-15.577,50.007,200.867,1,1
6.500,216.690,200.893,-15.797,50.007,200.893,1,1
6.600,216.937,200.920,-16.017,50.008,200.920,1,1
6.700,217.183,200.947,-16.236,50.008,200.947,1,1
6.800,217.429,200.974,-16.454,50.008,200.974,1,1
6.900,217.674,201.002,-16.672,50.008,201.002,1,1
7.000,217.918,201.030,-16.888,50.009,201.030,1,1
7.100,218.163,201.059,-17.104,50.009,201.059,1,1
7.200,218.406,201.088,-17.319,50.009,201.088,1,1
7.300,218.649,201.117,-17.533,50.009,201.117,1,1
7.400,218.892,201.146,-17.746,50.010,201.146,1,1
7.500,219.134,201.176,-17.958,50.010,201.176,1,1
7.600,219.376,201.207,-18.169,50.010,201.207,1,1
7.700,219.617,201.237,-18.380,50.010,201.237,1,1
7.800,219.857,201.268,-18.589,50.011,201.268,1,1
7.900,220.097,201.300,-18.798,50.011,201.300,1,1
8.000,220.337,201.331,-19.006,50.011,201.331,1,1
8.100,220.576,201.363,-19.212,50.011,201.363,1,1
8.200,220.814,201.396,-19.418,50.012,201.396,1,1
8.300,221.052,201.428,-19.623,50.012,201.428,1,1
8.400,221.289,201.461,-19.828,50.012,201.461,1,1
8.500,221.526,201.495,-20.031,50.012,201.495,1,1
8.600,221.762,201.528,-20.233,50.013,201.528,1,1
8.700,221.997,201.563,-20.434,50.013,201.563,1,1
8.800,222.232,201.597,-20.635,50.013,201.597,1,1
8.900,222.466,201.632,-20.834,50.014,201.632,1,1
9.000,222.700,201.667,-21.033,50.014,201.667,1,1
9.100,222.932,201.702,-21.230,50.014,201.702,1,1
9.200,223.165,201.738,-21.427,50.014,201.738,1,1
9.300,223.396,201.774,-21.623,50.015,201.774,1,1
9.400,223.628,201.810,-21.817,50.015,201.810,1,1
9.500,223.858,201.847,-22.011,50.015,201.847,1,1
9.600,224.088,201.884,-22.204,50.016,201.884,1,1
9.700,224.317,201.921,-22.396,50.016,201.921,1,1
9.800,224.545,201.959,-22.586,50.016,201.959,1,1
9.900,224.773,201.997,-22.776,50.017,201.997,1,1
10.000,225.000,202.035,-22.965,50.017,202.035,1,1
10.100,225.226,202.074,-23.153,50.017,202.074,1,1
10.200,225.452,202.113,-23.339,50.018,202.113,1,1
10.300,225.677,202.152,-23.525,50.018,202.152,1,1
10.400,225.901,202.191,-23.710,50.018,202.191,1,1
10.500,226.125,202.231,-23.894,50.019,202.231,1,1
10.600,226.348,202.271,-24.077,50.019,202.271,1,1
10.700,226.570,202.312,-24.258,50.019,202.312,1,1
10.800,226.791,202.352,-24.439,50.020,202.352,1,1
10.900,227.012,202.393,-24.619,50.020,202.393,1,1
11.000,227.232,202.435,-24.797,50.020,202.435,1,1
11.100,227.451,202.476,-24.975,50.021,202.476,1,1
11.200,227.670,202.518,-25.151,50.021,202.518,1,1
11.300,227.887,202.561,-25.327,50.021,202.561,1,1
11.400,228.104,202.603,-25.501,50.022,202.603,1,1
11.500,228.320,202.646,-25.674,50.022,202.646,1,1
11.600,228.536,202.689,-25.847,50.022,202.689,1,1
11.700,228.750,202.732,-26.018,50.023,202.732,1,1
11.800,228.964,202.776,-26.188,50.023,202.776,1,1
11.900,229.177,202.820,-26.357,50.023,202.820,1,1
12.000,229.389,202.864,-26.525,50.024,202.864,1,1
12.100,229.601,202.909,-26.692,50.024,202.909,1,1
12.200,229.811,202.953,-26.858,50.025,202.953,1,1
12.300,230.021,202.998,-27.023,50.025,202.998,1,1
12.400,230.230,203.044,-27.186,50.025,203.044,1,1
12.500,230.438,203.089,-27.349,50.026,203.089,1,1
12.600,230.645,203.135,-27.510,50.026,203.135,1,1
12.700,230.852,203.181,-27.671,50.027,203.181,1,1
12.800,231.057,203.228,-27.830,50.027,203.228,1,1
12.900,231.262,203.274,-27.988,50.027,203.274,1,1
13.000,231.466,203.321,-28.145,50.028,203.321,1,1
13.100,231.669,203.368,-28.301,50.028,203.368,1,1
13.200,231.871,203.416,-28.455,50.028,203.416,1,1
13.300,232.072,203.463,-28.609,50.029,203.463,1,1
13.400,232.273,203.511,-28.762,50.029,203.511,1,1
13.500,232.472,203.560,-28.913,50.030,203.560,1,1
13.600,232.671,203.608,-29.063,50.030,203.608,1,1
13.700,232.869,203.657,-29.212,50.030,203.657,1,1
13.800,233.066,203.706,-29.360,50.031,203.706,1,1
13.900,233.262,203.755,-29.507,50.031,203.755,1,1
14.000,233.457,203.804,-29.652,50.032,203.804,1,1
14.100,233.651,203.854,-29.797,50.032,203.854,1,1
14.200,233.844,203.904,-29.940,50.033,203.904,1,1
14.300,234.036,203.954,-30.082,50.033,203.954,1,1
14.400,234.227,204.004,-30.223,50.033,204.004,1,1
14.500,234.418,204.055,-30.363,50.034,204.055,1,1
14.600,234.607,204.106,-30.501,50.034,204.106,1,1
14.700,234.796,204.157,-30.639,50.035,204.157,1,1
14.800,234.983,204.208,-30.775,50.035,204.208,1,1
14.900,235.170,204.260,-30.910,50.035,204.260,1,1
15.000,235.355,204.311,-31.044,50.036,204.311,1,1
15.100,235.540,204.363,-31.177,50.036,204.363,1,1
15.200,235.724,204.415,-31.308,50.037,204.415,1,1
15.300,235.906,204.468,-31.438,50.037,204.468,1,1
15.400,236.088,204.520,-31.568,50.038,204.520,1,1
15.500,236.269,204.573,-31.695,50.038,204.573,1,1
15.600,236.448,204.626,-31.822,50.039,204.626,1,1
15.700,236.627,204.680,-31.948,50.039,204.680,1,1
15.800,236.805,204.733,-32.072,50.039,204.733,1,1
15.900,236.982,204.787,-32.195,50.040,204.787,1,1
16.000,237.157,204.841,-32.317,50.040,204.841,1,1
16.100,237.332,204.895,-32.437,50.041,204.895,1,1
16.200,237.506,204.949,-32.557,50.041,204.949,1,1
16.300,237.678,205.003,-32.675,50.042,205.003,1,1
16.400,237.850,205.058,-32.792,50.042,205.058,1,1
16.500,238.020,205.113,-32.907,50.043,205.113,1,1
16.600,238.190,205.168,-33.022,50.043,205.168,1,1
16.700,238.358,205.223,-33.135,50.044,205.223,1,1
16.800,238.526,205.279,-33.247,50.044,205.279,1,1
16.900,238.692,205.334,-33.358,50.044,205.334,1,1
17.000,238.857,205.390,-33.467,50.045,205.390,1,1
17.100,239.022,205.446,-33.576,50.045,205.446,1,1
17.200,239.185,205.502,-33.683,50.046,205.502,1,1
17.300,239.347,205.558,-33.788,50.046,205.558,1,1
17.400,239.508,205.615,-33.893,50.047,205.615,1,1
17.500,239.668,205.671,-33.996,50.047,205.671,1,1
17.600,239.826,205.728,-34.098,50.048,205.728,1,1
17.700,239.984,205.785,-34.199,50.048,205.785,1,1
17.800,240.141,205.842,-34.298,50.049,205.842,1,1
17.900,240.296,205.900,-34.397,50.049,205.900,1,1
18.000,240.451,205.957,-34.494,50.050,205.957,1,1
18.100,240.604,206.015,-34.589,50.050,206.015,1,1
18.200,240.756,206.073,-34.684,50.051,206.073,1,1
18.300,240.907,206.131,-34.777,50.051,206.131,1,1
18.400,241.057,206.189,-34.869,50.052,206.189,1,1
18.500,241.206,206.247,-34.959,50.052,206.247,1,1
18.600,241.354,206.305,-35.049,50.053,206.305,1,1
18.700,241.501,206.364,-35.137,50.053,206.364,1,1
18.800,241.646,206.423,-35.223,50.054,206.423,1,1
18.900,241.790,206.482,-35.309,50.054,206.482,1,1
19.000,241.934,206.541,-35.393,50.055,206.541,1,1
19.100,242.076,206.600,-35.476,50.055,206.600,1,1
19.200,242.216,206.659,-35.557,50.055,206.659,1,1
19.300,242.356,206.718,-35.638,50.056,206.718,1,1
19.400,242.495,206.778,-35.717,50.056,206.778,1,1
19.500,242.632,206.838,-35.794,50.057,206.838,1,1
19.600,242.768,206.897,-35.871,50.057,206.897,1,1
19.700,242.903,206.957,-35.946,50.058,206.957,1,1
19.800,243.037,207.017,-36.020,50.058,207.017,1,1
19.900,243.170,207.077,-36.092,50.059,207.077,1,1
20.000,243.301,207.138,-36.164,50.059,207.138,1,1
20.100,243.432,207.198,-36.233,50.060,207.198,1,1
20.200,243.561,207.259,-36.302,50.060,207.259,1,1
20.300,243.689,207.319,-36.369,50.061,207.319,1,1
20.400,243.815,207.380,-36.435,50.061,207.380,1,1
20.500,243.941,207.441,-36.500,50.062,207.441,1,1
20.600,244.065,207.502,-36.563,50.063,207.502,1,1
20.700,244.188,207.563,-36.626,50.063,207.563,1,1
20.800,244.310,207.624,-36.686,50.064,207.624,1,1
20.900,244.431,207.685,-36.746,50.064,207.685,1,1
21.000,244.550,207.746,-36.804,50.065,207.746,1,1
21.100,244.669,207.808,-36.861,50.065,207.808,1,1
21.200,244.786,207.869,-36.916,50.066,207.869,1,1
21.300,244.901,207.931,-36.970,50.066,207.931,1,1
21.400,245.016,207.993,-37.023,50.067,207.993,1,1
21.500,245.129,208.055,-37.075,50.067,208.055,1,1
21.600,245.241,208.116,-37.125,50.068,208.116,1,1
21.700,245.352,208.178,-37.174,50.068,208.178,1,1
21.800,245.462,208.240,-37.221,50.069,208.240,1,1
21.900,245.570,208.303,-37.268,50.069,208.303,1,1
22.000,245.677,208.365,-37.313,50.070,208.365,1,1
22.100,245.783,208.427,-37.356,50.070,208.427,1,1
22.200,245.888,208.489,-37.398,50.071,208.489,1,1
22.300,245.991,208.552,-37.439,50.071,208.552,1,1
22.400,246.093,208.614,-37.479,50.072,208.614,1,1
22.500,246.194,208.677,-37.517,50.072,208.677,1,1
22.600,246.294,208.739,-37.554,50.073,208.739,1,1
22.700,246.392,208.802,-37.590,50.073,208.802,1,1
22.800,246.489,208.865,-37.624,50.074,208.865,1,1
22.900,246.585,208.927,-37.657,50.074,208.927,1,1
23.000,246.679,208.990,-37.689,50.075,208.990,1,1
23.100,246.772,209.053,-37.719,50.075,209.053,1,1
23.200,246.864,209.116,-37.748,50.076,209.116,1,1
23.300,246.955,209.179,-37.776,50.076,209.179,1,1
23.400,247.044,209.242,-37.802,50.077,209.242,1,1
23.500,247.132,209.305,-37.827,50.078,209.305,1,1
23.600,247.219,209.368,-37.851,50.078,209.368,1,1
23.700,247.304,209.431,-37.873,50.079,209.431,1,1
23.800,247.388,209.494,-37.894,50.079,209.494,1,1
23.900,247.471,209.558,-37.914,50.080,209.558,1,1
24.000,247.553,209.621,-37.932,50.080,209.621,1,1
24.100,247.633,209.684,-37.949,50.081,209.684,1,1
24.200,247.712,209.747,-37.965,50.081,209.747,1,1
24.300,247.790,209.811,-37.979,50.082,209.811,1,1
24.400,247.866,209.874,-37.992,50.082,209.874,1,1
24.500,247.941,209.937,-38.004,50.083,209.937,1,1
24.600,248.015,210.001,-38.014,50.083,210.001,1,1
24.700,248.087,210.064,-38.023,50.084,210.064,1,1
24.800,248.158,210.127,-38.031,50.084,210.127,1,1
24.900,248.228,210.191,-38.037,50.085,210.191,1,1
25.000,248.296,210.254,-38.042,50.085,210.254,1,1
25.100,248.363,210.318,-38.046,50.086,210.318,1,1
25.200,248.429,210.381,-38.048,50.087,210.381,1,1
25.300,248.494,210.444,-38.049,50.087,210.444,1,1
25.400,248.557,210.508,-38.049,50.088,210.508,1,1
25.500,248.618,210.571,-38.047,50.088,210.571,1,1
25.600,248.679,210.635,-38.044,50.089,210.635,1,1
25.700,248.738,210.698,-38.040,50.089,210.698,1,1
25.800,248.796,210.761,-38.034,50.090,210.761,1,1
25.900,248.852,210.825,-38.027,50.090,210.825,1,1
26.000,248.907,210.888,-38.019,50.091,210.888,1,1
26.100,248.961,210.952,-38.010,50.091,210.952,1,1
26.200,249.014,211.015,-37.999,50.092,211.015,1,1
26.300,249.065,211.078,-37.986,50.092,211.078,1,1
26.400,249.114,211.141,-37.973,50.093,211.141,1,1
26.500,249.163,211.205,-37.958,50.093,211.205,1,1
26.600,249.210,211.268,-37.942,50.094,211.268,1,1
26.700,249.255,211.331,-37.924,50.094,211.331,1,1
26.800,249.300,211.394,-37.905,50.095,211.394,1,1
26.900,249.343,211.457,-37.885,50.095,211.457,1,1
27.000,249.384,211.521,-37.864,50.096,211.521,1,1
27.100,249.425,211.584,-37.841,50.097,211.584,1,1
27.200,249.464,211.647,-37.817,50.097,211.647,1,1
27.300,249.501,211.710,-37.792,50.098,211.710,1,1
27.400,249.537,211.773,-37.765,50.098,211.773,1,1
27.500,249.572,211.836,-37.737,50.099,211.836,1,1
27.600,249.606,211.898,-37.707,50.099,211.898,1,1
27.700,249.638,211.961,-37.677,50.100,211.961,1,1
27.800,249.669,212.024,-37.645,50.100,212.024,1,1
27.900,249.698,212.087,-37.611,50.101,212.087,1,1
28.000,249.726,212.149,-37.577,50.101,212.149,1,1
28.100,249.753,212.212,-37.541,50.102,212.212,1,1
28.200,249.778,212.274,-37.504,50.102,212.274,1,1
28.300,249.802,212.337,-37.465,50.103,212.337,1,1
28.400,249.825,212.399,-37.426,50.103,212.399,1,1
28.500,249.846,212.461,-37.384,50.104,212.461,1,1
28.600,249.866,212.524,-37.342,50.104,212.524,1,1
28.700,249.884,212.586,-37.298,50.105,212.586,1,1
28.800,249.901,212.648,-37.253,50.105,212.648,1,1
28.900,249.917,212.710,-37.207,50.106,212.710,1,1
29.000,249.931,212.772,-37.160,50.106,212.772,1,1
29.100,249.944,212.834,-37.111,50.107,212.834,1,1
29.200,249.956,212.895,-37.061,50.107,212.895,1,1
29.300,249.966,212.957,-37.009,50.108,212.957,1,1
29.400,249.975,213.019,-36.957,50.108,213.019,1,1
29.500,249.983,213.080,-36.903,50.109,213.080,1,1
29.600,249.989,213.142,-36.847,50.110,213.142,1,1
29.700,249.994,213.203,-36.791,50.110,213.203,1,1
29.800,249.997,213.264,-36.733,50.111,213.264,1,1
29.900,249.999,213.325,-36.674,50.111,213.325,1,1
30.000,250.000,213.386,-36.614,50.112,213.386,1,1
30.100,249.999,213.447,-36.552,50.112,213.447,1,1
30.200,249.997,213.508,-36.489,50.113,213.508,1,1
30.300,249.994,213.569,-36.425,50.113,213.569,1,1
30.400,249.989,213.629,-36.360,50.114,213.629,1,1
30.500,249.983,213.690,-36.293,50.114,213.690,1,1
30.600,249.975,213.750,-36.225,50.115,213.750,1,1
30.700,249.966,213.811,-36.156,50.115,213.811,1,1
30.800,249.956,213.871,-36.085,50.116,213.871,1,1
30.900,249.944,213.931,-36.014,50.116,213.931,1,1
31.000,249.931,213.991,-35.941,50.117,213.991,1,1
31.100,249.917,214.050,-35.867,50.117,214.050,1,1
31.200,249.901,214.110,-35.791,50.118,214.110,1,1
31.300,249.884,214.170,-35.715,50.118,214.170,1,1
31.400,249.866,214.229,-35.637,50.119,214.229,1,1
31.500,249.846,214.288,-35.558,50.119,214.288,1,1
31.600,249.825,214.347,-35.477,50.120,214.347,1,1
31.700,249.802,214.406,-35.396,50.120,214.406,1,1
31.800,249.778,214.465,-35.313,50.121,214.465,1,1
31.900,249.753,214.524,-35.229,50.121,214.524,1,1
32.000,249.726,214.582,-35.144,50.122,214.582,1,1
32.100,249.698,214.641,-35.057,50.122,214.641,1,1
32.200,249.669,214.699,-34.969,50.122,214.699,1,1
32.300,249.638,214.757,-34.881,50.123,214.757,1,1
32.400,249.606,214.815,-34.790,50.123,214.815,1,1
32.500,249.572,214.873,-34.699,50.124,214.873,1,1
32.600,249.537,214.931,-34.607,50.124,214.931,1,1
32.700,249.501,214.988,-34.513,50.125,214.988,1,1
32.800,249.464,215.046,-34.418,50.125,215.046,1,1
32.900,249.425,215.103,-34.322,50.126,215.103,1,1
33.000,249.384,215.160,-34.225,50.126,215.160,1,1
33.100,249.343,215.217,-34.126,50.127,215.217,1,1
33.200,249.300,215.274,-34.026,50.127,215.274,1,1
33.300,249.255,215.330,-33.925,50.128,215.330,1,1
33.400,249.210,215.386,-33.823,50.128,215.386,1,1
33.500,249.163,215.443,-33.720,50.129,215.443,1,1
33.600,249.114,215.499,-33.616,50.129,215.499,1,1
33.700,249.065,215.554,-33.510,50.130,215.554,1,1
33.800,249.014,215.610,-33.403,50.130,215.610,1,1
33.900,248.961,215.666,-33.295,50.131,215.666,1,1
34.000,248.907,215.721,-33.186,50.131,215.721,1,1
34.100,248.852,215.776,-33.076,50.131,215.776,1,1
34.200,248.796,215.831,-32.965,50.132,215.831,1,1
34.300,248.738,215.886,-32.852,50.132,215.886,1,1
34.400,248.679,215.940,-32.739,50.133,215.940,1,1
34.500,248.618,215.995,-32.624,50.133,215.995,1,1
34.600,248.557,216.049,-32.508,50.134,216.049,1,1
34.700,248.494,216.103,-32.391,50.134,216.103,1,1
34.800,248.429,216.157,-32.272,50.135,216.157,1,1
34.900,248.363,216.210,-32.153,50.135,216.210,1,1
35.000,248.296,216.264,-32.033,50.136,216.264,1,1
35.100,248.228,216.317,-31.911,50.136,216.317,1,1
35.200,248.158,216.370,-31.788,50.136,216.370,1,1
35.300,248.087,216.423,-31.664,50.137,216.423,1,1
35.400,248.015,216.475,-31.540,50.137,216.475,1,1
35.500,247.941,216.528,-31.413,50.138,216.528,1,1
35.600,247.866,216.580,-31.286,50.138,216.580,1,1
35.700,247.790,216.632,-31.158,50.139,216.632,1,1
35.800,247.712,216.683,-31.029,50.139,216.683,1,1
35.900,247.633,216.735,-30.898,50.139,216.735,1,1
36.000,247.553,216.786,-30.767,50.140,216.786,1,1
36.100,247.471,216.837,-30.634,50.140,216.837,1,1
36.200,247.388,216.888,-30.500,50.141,216.888,1,1
36.300,247.304,216.939,-30.366,50.141,216.939,1,1
36.400,247.219,216.989,-30.230,50.142,216.989,1,1
36.500,247.132,217.039,-30.093,50.142,217.039,1,1
36.600,247.044,217.089,-29.955,50.142,217.089,1,1
36.700,246.955,217.139,-29.816,50.143,217.139,1,1
36.800,246.864,217.188,-29.676,50.143,217.188,1,1
36.900,246.772,217.237,-29.535,50.144,217.237,1,1
37.000,246.679,217.286,-29.393,50.144,217.286,1,1
37.100,246.585,217.335,-29.249,50.144,217.335,1,1
37.200,246.489,217.384,-29.105,50.145,217.384,1,1
37.300,246.392,217.432,-28.960,50.145,217.432,1,1
37.400,246.294,217.480,-28.814,50.146,217.480,1,1
37.500,246.194,217.528,-28.666,50.146,217.528,1,1
37.600,246.093,217.575,-28.518,50.146,217.575,1,1
37.700,245.991,217.623,-28.369,50.147,217.623,1,1
37.800,245.888,217.670,-28.218,50.147,217.670,1,1
37.900,245.783,217.716,-28.067,50.148,217.716,1,1
38.000,245.677,217.763,-27.914,50.148,217.763,1,1
38.100,245.570,217.809,-27.761,50.148,217.809,1,1
38.200,245.462,217.855,-27.607,50.149,217.855,1,1
38.300,245.352,217.901,-27.451,50.149,217.901,1,1
38.400,245.241,217.946,-27.295,50.150,217.946,1,1
38.500,245.129,217.992,-27.138,50.150,217.992,1,1
38.600,245.016,218.037,-26.979,50.150,218.037,1,1
38.700,244.901,218.081,-26.820,50.151,218.081,1,1
38.800,244.786,218.126,-26.660,50.151,218.126,1,1
38.900,244.669,218.170,-26.499,50.151,218.170,1,1
39.000,244.550,218.214,-26.337,50.152,218.214,1,1
39.100,244.431,218.257,-26.173,50.152,218.257,1,1
39.200,244.310,218.301,-26.009,50.153,218.301,1,1
39.300,244.188,218.344,-25.844,50.153,218.344,1,1
39.400,244.065,218.387,-25.679,50.153,218.387,1,1
39.500,243.941,218.429,-25.512,50.154,218.429,1,1
39.600,243.815,218.471,-25.344,50.154,218.471,1,1
39.700,243.689,218.513,-25.175,50.154,218.513,1,1
39.800,243.561,218.555,-25.006,50.155,218.555,1,1
39.900,243.432,218.596,-24.835,50.155,218.596,1,1
40.000,243.301,218.638,-24.664,50.155,218.638,1,1
40.100,243.170,218.678,-24.491,50.156,218.678,1,1
40.200,243.037,218.719,-24.318,50.156,218.719,1,1
40.300,242.903,218.759,-24.144,50.156,218.759,1,1
40.400,242.768,218.799,-23.969,50.157,218.799,1,1
40.500,242.632,218.839,-23.793,50.157,218.839,1,1
40.600,242.495,218.878,-23.617,50.157,218.878,1,1
40.700,242.356,218.917,-23.439,50.158,218.917,1,1
40.800,242.216,218.956,-23.260,50.158,218.956,1,1
40.900,242.076,218.994,-23.081,50.158,218.994,1,1
41.000,241.934,219.033,-22.901,50.159,219.033,1,1
41.100,241.790,219.070,-22.720,50.159,219.070,1,1
41.200,241.646,219.108,-22.538,50.159,219.108,1,1
41.300,241.501,219.145,-22.355,50.160,219.145,1,1
41.400,241.354,219.182,-22.172,50.160,219.182,1,1
41.500,241.206,219.219,-21.987,50.160,219.219,1,1
41.600,241.057,219.255,-21.802,50.160,219.255,1,1
41.700,240.907,219.291,-21.616,50.161,219.291,1,1
41.800,240.756,219.327,-21.429,50.161,219.327,1,1
41.900,240.604,219.362,-21.242,50.161,219.362,1,1
42.000,240.451,219.397,-21.053,50.162,219.397,1,1
42.100,240.296,219.432,-20.864,50.162,219.432,1,1
42.200,240.141,219.467,-20.674,50.162,219.467,1,1
42.300,239.984,219.501,-20.483,50.163,219.501,1,1
42.400,239.826,219.535,-20.292,50.163,219.535,1,1
42.500,239.668,219.568,-20.100,50.163,219.568,1,1
42.600,239.508,219.601,-19.906,50.163,219.601,1,1
42.700,239.347,219.634,-19.713,50.164,219.634,1,1
42.800,239.185,219.667,-19.518,50.164,219.667,1,1
42.900,239.022,219.699,-19.323,50.164,219.699,1,1
43.000,238.857,219.731,-19.127,50.164,219.731,1,1
43.100,238.692,219.762,-18.930,50.165,219.762,1,1
43.200,238.526,219.794,-18.732,50.165,219.794,1,1
43.300,238.358,219.824,-18.534,50.165,219.824,1,1
43.400,238.190,219.855,-18.335,50.165,219.855,1,1
43.500,238.020,219.885,-18.135,50.166,219.885,1,1
43.600,237.850,219.915,-17.935,50.166,219.915,1,1
43.700,237.678,219.945,-17.734,50.166,219.945,1,1
43.800,237.506,219.974,-17.532,50.166,219.974,1,1
43.900,237.332,220.003,-17.329,50.167,220.003,1,1
44.000,237.157,220.031,-17.126,50.167,220.031,1,1
44.100,236.982,220.059,-16.922,50.167,220.059,1,1
44.200,236.805,220.087,-16.718,50.167,220.087,1,1
44.300,236.627,220.115,-16.512,50.168,220.115,1,1
44.400,236.448,220.142,-16.306,50.168,220.142,1,1
44.500,236.269,220.169,-16.100,50.168,220.169,1,1
44.600,236.088,220.195,-15.893,50.168,220.195,1,1
44.700,235.906,220.221,-15.685,50.169,220.221,1,1
44.800,235.724,220.247,-15.476,50.169,220.247,1,1
44.900,235.540,220.273,-15.267,50.169,220.273,1,1
45.000,235.355,220.298,-15.058,50.169,220.298,1,1
45.100,235.170,220.323,-14.847,50.169,220.323,1,1
45.200,234.983,220.347,-14.636,50.170,220.347,1,1
45.300,234.796,220.371,-14.425,50.170,220.371,1,1
45.400,234.607,220.395,-14.212,50.170,220.395,1,1
45.500,234.418,220.418,-14.000,50.170,220.418,1,1
45.600,234.227,220.441,-13.786,50.170,220.441,1,1
45.700,234.036,220.464,-13.572,50.171,220.464,1,1
45.800,233.844,220.486,-13.358,50.171,220.486,1,1
45.900,233.651,220.508,-13.143,50.171,220.508,1,1
46.000,233.457,220.529,-12.927,50.171,220.529,1,1
46.100,233.262,220.551,-12.711,50.171,220.551,1,1
46.200,233.066,220.571,-12.494,50.171,220.571,1,1
46.300,232.869,220.592,-12.277,50.172,220.592,1,1
46.400,232.671,220.612,-12.059,50.172,220.612,1,1
46.500,232.472,220.632,-11.841,50.172,220.632,1,1
46.600,232.273,220.651,-11.622,50.172,220.651,1,1
46.700,232.072,220.670,-11.402,50.172,220.670,1,1
46.800,231.871,220.689,-11.183,50.172,220.689,1,1
46.900,231.669,220.707,-10.962,50.173,220.707,1,1
47.000,231.466,220.725,-10.741,50.173,220.725,1,1
47.100,231.262,220.742,-10.520,50.173,220.742,1,1
47.200,231.057,220.760,-10.298,50.173,220.760,1,1
47.300,230.852,220.776,-10.075,50.173,220.776,1,1
47.400,230.645,220.793,-9.853,50.173,220.793,1,1
47.500,230.438,220.809,-9.629,50.173,220.809,1,1
47.600,230.230,220.824,-9.405,50.174,220.824,1,1
47.700,230.021,220.840,-9.181,50.174,220.840,1,1
47.800,229.811,220.855,-8.957,50.174,220.855,1,1
47.900,229.601,220.869,-8.731,50.174,220.869,1,1
48.000,229.389,220.883,-8.506,50.174,220.883,1,1
48.100,229.177,220.897,-8.280,50.174,220.897,1,1
48.200,228.964,220.911,-8.053,50.174,220.911,1,1
48.300,228.750,220.924,-7.827,50.174,220.924,1,1
48.400,228.536,220.936,-7.599,50.174,220.936,1,1
48.500,228.320,220.949,-7.372,50.175,220.949,1,1
48.600,228.104,220.961,-7.144,50.175,220.961,1,1
48.700,227.887,220.972,-6.915,50.175,220.972,1,1
48.800,227.670,220.983,-6.686,50.175,220.983,1,1
48.900,227.451,220.994,-6.457,50.175,220.994,1,1
49.000,227.232,221.004,-6.228,50.175,221.004,1,1
49.100,227.012,221.014,-5.998,50.175,221.014,1,1
49.200,226.791,221.024,-5.767,50.175,221.024,1,1
49.300,226.570,221.033,-5.537,50.175,221.033,1,1
49.400,226.348,221.042,-5.306,50.175,221.042,1,1
49.500,226.125,221.050,-5.074,50.175,221.050,1,1
49.600,225.901,221.059,-4.843,50.175,221.059,1,1
49.700,225.677,221.066,-4.611,50.176,221.066,1,1
49.800,225.452,221.074,-4.379,50.176,221.074,1,1
49.900,225.226,221.080,-4.146,50.176,221.080,1,1
50.000,225.000,221.087,-3.913,50.176,221.087,1,1
50.100,224.773,221.093,-3.680,50.176,221.093,1,1
50.200,224.545,221.099,-3.446,50.176,221.099,1,1
50.300,224.317,221.104,-3.213,50.176,221.104,1,1
50.400,224.088,221.109,-2.979,50.176,221.109,1,1
50.500,223.858,221.114,-2.744,50.176,221.114,1,1
50.600,223.628,221.118,-2.510,50.176,221.118,1,1
50.700,223.396,221.122,-2.275,50.176,221.122,1,1
50.800,223.165,221.125,-2.040,50.176,221.125,1,1
50.900,222.932,221.128,-1.804,50.176,221.128,1,1
51.000,222.700,221.131,-1.569,50.176,221.131,1,1
51.100,222.466,221.133,-1.333,50.176,221.133,1,1
51.200,222.232,221.135,-1.097,50.176,221.135,1,1
51.300,221.997,221.136,-0.861,50.176,221.136,1,1
51.400,221.762,221.137,-0.624,50.176,221.137,1,1
51.500,221.526,221.138,-0.388,50.176,221.138,1,1
51.600,221.289,221.138,-0.151,50.176,221.138,1,1
51.700,221.052,221.138,0.086,50.176,221.138,1,1
51.800,220.814,221.137,0.323,50.176,221.137,1,1
51.900,220.576,221.137,0.561,50.176,221.137,1,1
52.000,220.337,221.135,0.798,50.176,221.135,1,1
52.100,220.097,221.133,1.036,50.176,221.133,1,1
52.200,219.857,221.131,1.274,50.176,221.131,1,1
52.300,219.617,221.129,1.512,50.176,221.129,1,1
52.400,219.376,221.126,1.750,50.176,221.126,1,1
52.500,219.134,221.123,1.988,50.176,221.123,1,1
52.600,218.892,221.119,2.227,50.176,221.119,1,1
52.700,218.649,221.115,2.465,50.176,221.115,1,1
52.800,218.406,221.110,2.704,50.176,221.110,1,1
52.900,218.163,221.105,2.943,50.176,221.105,1,1
53.000,217.918,221.100,3.182,50.176,221.100,1,1
53.100,217.674,221.094,3.421,50.176,221.094,1,1
53.200,217.429,221.088,3.660,50.176,221.088,1,1
53.300,217.183,221.082,3.899,50.176,221.082,1,1
53.400,216.937,221.075,4.138,50.176,221.075,1,1
53.500,216.690,221.068,4.377,50.176,221.068,1,1
53.600,216.443,221.060,4.617,50.175,221.060,1,1
53.700,216.196,221.052,4.856,50.175,221.052,1,1
53.800,215.948,221.043,5.095,50.175,221.043,1,1
53.900,215.700,221.034,5.335,50.175,221.034,1,1
54.000,215.451,221.025,5.574,50.175,221.025,1,1
54.100,215.202,221.015,5.814,50.175,221.015,1,1
54.200,214.952,221.005,6.053,50.175,221.005,1,1
54.300,214.702,220.995,6.293,50.175,220.995,1,1
54.400,214.452,220.984,6.532,50.175,220.984,1,1
54.500,214.201,220.973,6.772,50.175,220.973,1,1
54.600,213.950,220.961,7.011,50.175,220.961,1,1
54.700,213.698,220.949,7.251,50.175,220.949,1,1
54.800,213.446,220.936,7.490,50.174,220.936,1,1
54.900,213.194,220.924,7.730,50.174,220.924,1,1
55.000,212.941,220.910,7.969,50.174,220.910,1,1
55.100,212.688,220.897,8.209,50.174,220.897,1,1
55.200,212.434,220.883,8.448,50.174,220.883,1,1
55.300,212.181,220.868,8.687,50.174,220.868,1,1
55.400,211.927,220.853,8.926,50.174,220.853,1,1
55.500,211.672,220.838,9.166,50.174,220.838,1,1
55.600,211.418,220.822,9.405,50.174,220.822,1,1
55.700,211.163,220.806,9.644,50.173,220.806,1,1
55.800,210.907,220.790,9.882,50.173,220.790,1,1
55.900,210.652,220.773,10.121,50.173,220.773,1,1
56.000,210.396,220.756,10.360,50.173,220.756,1,1
56.100,210.139,220.738,10.598,50.173,220.738,1,1
56.200,209.883,220.720,10.837,50.173,220.720,1,1
56.300,209.626,220.701,11.075,50.173,220.701,1,1
56.400,209.369,220.682,11.313,50.172,220.682,1,1
56.500,209.112,220.663,11.551,50.172,220.663,1,1
56.600,208.854,220.644,11.789,50.172,220.644,1,1
56.700,208.596,220.624,12.027,50.172,220.624,1,1
56.800,208.338,220.603,12.265,50.172,220.603,1,1
56.900,208.080,220.582,12.502,50.172,220.582,1,1
57.000,207.822,220.561,12.739,50.171,220.561,1,1
57.100,207.563,220.539,12.976,50.171,220.539,1,1
57.200,207.304,220.517,13.213,50.171,220.517,1,1
57.300,207.045,220.495,13.450,50.171,220.495,1,1
57.400,206.786,220.472,13.686,50.171,220.472,1,1
57.500,206.526,220.449,13.923,50.170,220.449,1,1
57.600,206.267,220.425,14.159,50.170,220.425,1,1
57.700,206.007,220.401,14.395,50.170,220.401,1,1
57.800,205.747,220.377,14.630,50.170,220.377,1,1
57.900,205.487,220.352,14.865,50.170,220.352,1,1
58.000,205.226,220.327,15.101,50.169,220.327,1,1
58.100,204.966,220.301,15.335,50.169,220.301,1,1
58.200,204.705,220.276,15.570,50.169,220.276,1,1
58.300,204.445,220.249,15.804,50.169,220.249,1,1
58.400,204.184,220.222,16.039,50.169,220.222,1,1
58.500,203.923,220.195,16.272,50.168,220.195,1,1
58.600,203.662,220.168,16.506,50.168,220.168,1,1
58.700,203.401,220.140,16.739,50.168,220.140,1,1
58.800,203.140,220.112,16.972,50.168,220.112,1,1
58.900,202.878,220.083,17.205,50.167,220.083,1,1
59.000,202.617,220.054,17.437,50.167,220.054,1,1
59.100,202.355,220.024,17.669,50.167,220.024,1,1
59.200,202.094,219.995,17.901,50.167,219.995,1,1
59.300,201.832,219.964,18.132,50.166,219.964,1,1
59.400,201.571,219.934,18.363,50.166,219.934,1,1
59.500,201.309,219.903,18.594,50.166,219.903,1,1
59.600,201.047,219.871,18.824,50.166,219.871,1,1
59.700,200.785,219.840,19.054,50.165,219.840,1,1
59.800,200.524,219.808,19.284,50.165,219.808,1,1
59.900,200.262,219.775,19.513,50.165,219.775,1,1
60.000,200.000,219.742,19.742,50.165,219.742,1,1
60.100,199.738,219.709,19.971,50.164,219.709,1,1
60.200,199.476,219.675,20.199,50.164,219.675,1,1
60.300,199.215,219.641,20.426,50.164,219.641,1,1
60.400,198.953,219.607,20.654,50.163,219.607,1,1
60.500,198.691,219.572,20.881,50.163,219.572,1,1
60.600,198.429,219.537,21.107,50.163,219.537,1,1
60.700,198.168,219.501,21.333,50.163,219.501,1,1
60.800,197.906,219.465,21.559,50.162,219.465,1,1
60.900,197.645,219.429,21.784,50.162,219.429,1,1
61.000,197.383,219.392,22.009,50.162,219.392,1,1
61.100,197.122,219.355,22.233,50.161,219.355,1,1
61.200,196.860,219.318,22.457,50.161,219.318,1,1
61.300,196.599,219.280,22.681,50.161,219.280,1,1
61.400,196.338,219.242,22.904,50.160,219.242,1,1
61.500,196.077,219.203,23.126,50.160,219.203,1,1
61.600,195.816,219.164,23.348,50.160,219.164,1,1
61.700,195.555,219.125,23.570,50.159,219.125,1,1
61.800,195.295,219.085,23.791,50.159,219.085,1,1
61.900,195.034,219.045,24.011,50.159,219.045,1,1
62.000,194.774,219.005,24.231,50.158,219.005,1,1
62.100,194.513,218.964,24.451,50.158,218.964,1,1
62.200,194.253,218.923,24.670,50.158,218.923,1,1
62.300,193.993,218.882,24.888,50.157,218.882,1,1
62.400,193.733,218.840,25.106,50.157,218.840,1,1
62.500,193.474,218.798,25.324,50.157,218.798,1,1
62.600,193.214,218.755,25.541,50.156,218.755,1,1
62.700,192.955,218.712,25.757,50.156,218.712,1,1
62.800,192.696,218.669,25.973,50.156,218.669,1,1
62.900,192.437,218.625,26.188,50.155,218.625,1,1
63.000,192.178,218.581,26.403,50.155,218.581,1,1
63.100,191.920,218.537,26.617,50.154,218.537,1,1
63.200,191.662,218.492,26.830,50.154,218.492,1,1
63.300,191.404,218.447,27.043,50.154,218.447,1,1
63.400,191.146,218.402,27.256,50.153,218.402,1,1
63.500,190.888,218.356,27.468,50.153,218.356,1,1
63.600,190.631,218.310,27.679,50.153,218.310,1,1
63.700,190.374,218.263,27.889,50.152,218.263,1,1
63.800,190.117,218.216,28.099,50.152,218.216,1,1
63.900,189.861,218.169,28.309,50.151,218.169,1,1
64.000,189.604,218.122,28.517,50.151,218.122,1,1
64.100,189.348,218.074,28.725,50.151,218.074,1,1
64.200,189.093,218.026,28.933,50.150,218.026,1,1
64.300,188.837,217.977,29.139,50.150,217.977,1,1
64.400,188.582,217.928,29.346,50.149,217.928,1,1
64.500,188.328,217.879,29.551,50.149,217.879,1,1
64.600,188.073,217.829,29.756,50.149,217.829,1,1
64.700,187.819,217.779,29.960,50.148,217.779,1,1
64.800,187.566,217.729,30.163,50.148,217.729,1,1
64.900,187.312,217.678,30.366,50.147,217.678,1,1
65.000,187.059,217.627,30.568,50.147,217.627,1,1
65.100,186.806,217.576,30.770,50.146,217.576,1,1
65.200,186.554,217.525,30.971,50.146,217.525,1,1
65.300,186.302,217.473,31.171,50.146,217.473,1,1
65.400,186.050,217.420,31.370,50.145,217.420,1,1
65.500,185.799,217.368,31.568,50.145,217.368,1,1
65.600,185.548,217.315,31.766,50.144,217.315,1,1
65.700,185.298,217.261,31.963,50.144,217.261,1,1
65.800,185.048,217.208,32.160,50.143,217.208,1,1
65.900,184.798,217.154,32.356,50.143,217.154,1,1
66.000,184.549,217.100,32.551,50.142,217.100,1,1
66.100,184.300,217.045,32.745,50.142,217.045,1,1
66.200,184.052,216.990,32.938,50.142,216.990,1,1
66.300,183.804,216.935,33.131,50.141,216.935,1,1
66.400,183.557,216.879,33.323,50.141,216.879,1,1
66.500,183.310,216.824,33.514,50.140,216.824,1,1
66.600,183.063,216.767,33.704,50.140,216.767,1,1
66.700,182.817,216.711,33.894,50.139,216.711,1,1
66.800,182.571,216.654,34.083,50.139,216.654,1,1
66.900,182.326,216.597,34.271,50.138,216.597,1,1
67.000,182.082,216.540,34.458,50.138,216.540,1,1
67.100,181.837,216.482,34.644,50.137,216.482,1,1
67.200,181.594,216.424,34.830,50.137,216.424,1,1
67.300,181.351,216.365,35.015,50.136,216.365,1,1
67.400,181.108,216.307,35.199,50.136,216.307,1,1
67.500,180.866,216.248,35.382,50.135,216.248,1,1
67.600,180.624,216.189,35.564,50.135,216.189,1,1
67.700,180.383,216.129,35.746,50.134,216.129,1,1
67.800,180.143,216.069,35.926,50.134,216.069,1,1
67.900,179.903,216.009,36.106,50.133,216.009,1,1
68.000,179.663,215.948,36.285,50.133,215.948,1,1
68.100,179.424,215.888,36.463,50.132,215.888,1,1
68.200,179.186,215.827,36.641,50.132,215.827,1,1
68.300,178.948,215.765,36.817,50.131,215.765,1,1
68.400,178.711,215.704,36.993,50.131,215.704,1,1
68.500,178.474,215.642,37.167,50.130,215.642,1,1
68.600,178.238,215.579,37.341,50.130,215.579,1,1
68.700,178.003,215.517,37.514,50.129,215.517,1,1
68.800,177.768,215.454,37.686,50.129,215.454,1,1
68.900,177.534,215.391,37.857,50.128,215.391,1,1
69.000,177.300,215.328,38.027,50.128,215.328,1,1
69.100,177.068,215.264,38.196,50.127,215.264,1,1
69.200,176.835,215.200,38.365,50.127,215.200,1,1
69.300,176.604,215.136,38.532,50.126,215.136,1,1
69.400,176.372,215.071,38.699,50.126,215.071,1,1
69.500,176.142,215.007,38.864,50.125,215.007,1,1
69.600,175.912,214.941,39.029,50.125,214.941,1,1
69.700,175.683,214.876,39.193,50.124,214.876,1,1
69.800,175.455,214.811,39.356,50.123,214.811,1,1
69.900,175.227,214.745,39.518,50.123,214.745,1,1
70.000,175.000,214.679,39.679,50.122,214.679,1,1
70.100,174.774,214.612,39.839,50.122,214.612,1,1
70.200,174.548,214.545,39.998,50.121,214.545,1,1
70.300,174.323,214.479,40.156,50.121,214.479,1,1
70.400,174.099,214.411,40.313,50.120,214.411,1,1
70.500,173.875,214.344,40.469,50.120,214.344,1,1
70.600,173.652,214.276,40.624,50.119,214.276,1,1
70.700,173.430,214.208,40.778,50.118,214.208,1,1
70.800,173.209,214.140,40.931,50.118,214.140,1,1
70.900,172.988,214.072,41.084,50.117,214.072,1,1
71.000,172.768,214.003,41.235,50.117,214.003,1,1
71.100,172.549,213.934,41.385,50.116,213.934,1,1
71.200,172.330,213.865,41.534,50.116,213.865,1,1
71.300,172.113,213.795,41.682,50.115,213.795,1,1
71.400,171.896,213.725,41.830,50.114,213.725,1,1
71.500,171.680,213.655,41.976,50.114,213.655,1,1
71.600,171.464,213.585,42.121,50.113,213.585,1,1
71.700,171.250,213.515,42.265,50.113,213.515,1,1
71.800,171.036,213.444,42.408,50.112,213.444,1,1
71.900,170.823,213.373,42.550,50.111,213.373,1,1
72.000,170.611,213.302,42.691,50.111,213.302,1,1
72.100,170.399,213.231,42.831,50.110,213.231,1,1
72.200,170.189,213.159,42.970,50.110,213.159,1,1
72.300,169.979,213.087,43.108,50.109,213.087,1,1
72.400,169.770,213.015,43.245,50.108,213.015,1,1
72.500,169.562,212.943,43.381,50.108,212.943,1,1
72.600,169.355,212.870,43.516,50.107,212.870,1,1
72.700,169.148,212.798,43.649,50.107,212.798,1,1
72.800,168.943,212.725,43.782,50.106,212.725,1,1
72.900,168.738,212.651,43.914,50.105,212.651,1,1
73.000,168.534,212.578,44.044,50.105,212.578,1,1
73.100,168.331,212.504,44.173,50.104,212.504,1,1
73.200,168.129,212.431,44.302,50.104,212.431,1,1
73.300,167.928,212.357,44.429,50.103,212.357,1,1
73.400,167.727,212.282,44.555,50.102,212.282,1,1
73.500,167.528,212.208,44.680,50.102,212.208,1,1
73.600,167.329,212.133,44.804,50.101,212.133,1,1
73.700,167.131,212.058,44.927,50.100,212.058,1,1
73.800,166.934,211.983,45.049,50.100,211.983,1,1
73.900,166.738,211.908,45.169,50.099,211.908,1,1
74.000,166.543,211.832,45.289,50.099,211.832,1,1
74.100,166.349,211.757,45.407,50.098,211.757,1,1
74.200,166.156,211.681,45.525,50.097,211.681,1,1
74.300,165.964,211.605,45.641,50.097,211.605,1,1
74.400,165.773,211.529,45.756,50.096,211.529,1,1
74.500,165.582,211.452,45.870,50.095,211.452,1,1
74.600,165.393,211.375,45.983,50.095,211.375,1,1
74.700,165.204,211.299,46.094,50.094,211.299,1,1
74.800,165.017,211.222,46.205,50.094,211.222,1,1
74.900,164.830,211.144,46.314,50.093,211.144,1,1
75.000,164.645,211.067,46.422,50.092,211.067,1,1
75.100,164.460,210.989,46.529,50.092,210.989,1,1
75.200,164.276,210.912,46.635,50.091,210.912,1,1
75.300,164.094,210.834,46.740,50.090,210.834,1,1
75.400,163.912,210.756,46.844,50.090,210.756,1,1
75.500,163.731,210.678,46.946,50.089,210.678,1,1
75.600,163.552,210.599,47.048,50.088,210.599,1,1
75.700,163.373,210.521,47.148,50.088,210.521,1,1
75.800,163.195,210.442,47.247,50.087,210.442,1,1
75.900,163.018,210.363,47.344,50.086,210.363,1,1
76.000,162.843,210.284,47.441,50.086,210.284,1,1
76.100,162.668,210.205,47.537,50.085,210.205,1,1
76.200,162.494,210.125,47.631,50.084,210.125,1,1
76.300,162.322,210.046,47.724,50.084,210.046,1,1
76.400,162.150,209.966,47.816,50.083,209.966,1,1
76.500,161.980,209.886,47.906,50.082,209.886,1,1
76.600,161.810,209.806,47.996,50.082,209.806,1,1
76.700,161.642,209.726,48.084,50.081,209.726,1,1
76.800,161.474,209.646,48.171,50.080,209.646,1,1
76.900,161.308,209.565,48.257,50.080,209.565,1,1
77.000,161.143,209.485,48.342,50.079,209.485,1,1
77.100,160.978,209.404,48.426,50.078,209.404,1,1
77.200,160.815,209.323,48.508,50.078,209.323,1,1
77.300,160.653,209.242,48.589,50.077,209.242,1,1
77.400,160.492,209.161,48.669,50.076,209.161,1,1
77.500,160.332,209.080,48.747,50.076,209.080,1,1
77.600,160.174,208.998,48.825,50.075,208.998,1,1
77.700,160.016,208.917,48.901,50.074,208.917,1,1
77.800,159.859,208.835,48.976,50.074,208.835,1,1
77.900,159.704,208.754,49.050,50.073,208.754,1,1
78.000,159.549,208.672,49.123,50.072,208.672,1,1
78.100,159.396,208.590,49.194,50.072,208.590,1,1
78.200,159.244,208.508,49.264,50.071,208.508,1,1
78.300,159.093,208.425,49.333,50.070,208.425,1,1
78.400,158.943,208.343,49.401,50.070,208.343,1,1
78.500,158.794,208.261,49.467,50.069,208.261,1,1
78.600,158.646,208.178,49.532,50.068,208.178,1,1
78.700,158.499,208.095,49.596,50.067,208.095,1,1
78.800,158.354,208.013,49.659,50.067,208.013,1,1
78.900,158.210,207.930,49.720,50.066,207.930,1,1
79.000,158.066,207.847,49.780,50.065,207.847,1,1
79.100,157.924,207.764,49.839,50.065,207.764,1,1
79.200,157.784,207.681,49.897,50.064,207.681,1,1
79.300,157.644,207.597,49.953,50.063,207.597,1,1
79.400,157.505,207.514,50.009,50.063,207.514,1,1
79.500,157.368,207.431,50.063,50.062,207.431,1,1
79.600,157.232,207.347,50.115,50.061,207.347,1,1
79.700,157.097,207.263,50.167,50.061,207.263,1,1
79.800,156.963,207.180,50.217,50.060,207.180,1,1
79.900,156.830,207.096,50.266,50.059,207.096,1,1
80.000,156.699,207.012,50.313,50.058,207.012,1,1
80.100,156.568,206.928,50.360,50.058,206.928,1,1
80.200,156.439,206.844,50.405,50.057,206.844,1,1
80.300,156.311,206.760,50.449,50.056,206.760,1,1
80.400,156.185,206.676,50.491,50.056,206.676,1,1
80.500,156.059,206.592,50.533,50.055,206.592,1,1
80.600,155.935,206.507,50.573,50.054,206.507,1,1
80.700,155.812,206.423,50.611,50.054,206.423,1,1
80.800,155.690,206.339,50.649,50.053,206.339,1,1
80.900,155.569,206.254,50.685,50.052,206.254,1,1
81.000,155.450,206.170,50.720,50.051,206.170,1,1
81.100,155.331,206.085,50.754,50.051,206.085,1,1
81.200,155.214,206.000,50.786,50.050,206.000,1,1
81.300,155.099,205.916,50.817,50.049,205.916,1,1
81.400,154.984,205.831,50.847,50.049,205.831,1,1
81.500,154.871,205.746,50.875,50.048,205.746,1,1
81.600,154.759,205.661,50.903,50.047,205.661,1,1
81.700,154.648,205.576,50.929,50.046,205.576,1,1
81.800,154.538,205.492,50.953,50.046,205.492,1,1
81.900,154.430,205.407,50.977,50.045,205.407,1,1
82.000,154.323,205.322,50.999,50.044,205.322,1,1
82.100,154.217,205.237,51.020,50.044,205.237,1,1
82.200,154.112,205.151,51.039,50.043,205.151,1,1
82.300,154.009,205.066,51.057,50.042,205.066,1,1
82.400,153.907,204.981,51.074,50.042,204.981,1,1
82.500,153.806,204.896,51.090,50.041,204.896,1,1
82.600,153.706,204.811,51.104,50.040,204.811,1,1
82.700,153.608,204.726,51.118,50.039,204.726,1,1
82.800,153.511,204.640,51.129,50.039,204.640,1,1
82.900,153.415,204.555,51.140,50.038,204.555,1,1
83.000,153.321,204.470,51.149,50.037,204.470,1,1
83.100,153.228,204.385,51.157,50.037,204.385,1,1
83.200,153.136,204.299,51.164,50.036,204.299,1,1
83.300,153.045,204.214,51.169,50.035,204.214,1,1
83.400,152.956,204.129,51.173,50.034,204.129,1,1
83.500,152.868,204.044,51.176,50.034,204.044,1,1
83.600,152.781,203.958,51.177,50.033,203.958,1,1
83.700,152.696,203.873,51.177,50.032,203.873,1,1
83.800,152.612,203.788,51.176,50.032,203.788,1,1
83.900,152.529,203.702,51.174,50.031,203.702,1,1
84.000,152.447,203.617,51.170,50.030,203.617,1,1
84.100,152.367,203.532,51.165,50.029,203.532,1,1
84.200,152.288,203.447,51.159,50.029,203.447,1,1
84.300,152.210,203.361,51.151,50.028,203.361,1,1
84.400,152.134,203.276,51.142,50.027,203.276,1,1
84.500,152.059,203.191,51.132,50.027,203.191,1,1
84.600,151.985,203.106,51.120,50.026,203.106,1,1
84.700,151.913,203.021,51.108,50.025,203.021,1,1
84.800,151.842,202.935,51.094,50.024,202.935,1,1
84.900,151.772,202.850,51.078,50.024,202.850,1,1
85.000,151.704,202.765,51.061,50.023,202.765,1,1
85.100,151.637,202.680,51.043,50.022,202.680,1,1
85.200,151.571,202.595,51.024,50.022,202.595,1,1
85.300,151.506,202.510,51.004,50.021,202.510,1,1
85.400,151.443,202.425,50.982,50.020,202.425,1,1
85.500,151.382,202.340,50.959,50.020,202.340,1,1
85.600,151.321,202.255,50.934,50.019,202.255,1,1
85.700,151.262,202.170,50.908,50.018,202.170,1,1
85.800,151.204,202.086,50.881,50.017,202.086,1,1
85.900,151.148,202.001,50.853,50.017,202.001,1,1
86.000,151.093,201.916,50.823,50.016,201.916,1,1
86.100,151.039,201.831,50.793,50.015,201.831,1,1
86.200,150.986,201.747,50.760,50.015,201.747,1,1
86.300,150.935,201.662,50.727,50.014,201.662,1,1
86.400,150.886,201.578,50.692,50.013,201.578,1,1
86.500,150.837,201.493,50.656,50.012,201.493,1,1
86.600,150.790,201.409,50.619,50.012,201.409,1,1
86.700,150.745,201.325,50.580,50.011,201.325,1,1
86.800,150.700,201.241,50.540,50.010,201.241,1,1
86.900,150.657,201.156,50.499,50.010,201.156,1,1
87.000,150.616,201.072,50.457,50.009,201.072,1,1
87.100,150.575,200.988,50.413,50.008,200.988,1,1
87.200,150.536,200.904,50.368,50.008,200.904,1,1
87.300,150.499,200.820,50.322,50.007,200.820,1,1
87.400,150.463,200.737,50.274,50.006,200.737,1,1
87.500,150.428,200.653,50.225,50.005,200.653,1,1
87.600,150.394,200.569,50.175,50.005,200.569,1,1
87.700,150.362,200.486,50.124,50.004,200.486,1,1
87.800,150.331,200.402,50.071,50.003,200.402,1,1
87.900,150.302,200.319,50.017,50.003,200.319,1,1
88.000,150.274,200.236,49.962,50.002,200.236,1,1
88.100,150.247,200.152,49.905,50.001,200.152,1,1
88.200,150.222,200.069,49.848,50.001,200.069,1,1
88.300,150.198,199.986,49.788,50.000,199.986,1,1
88.400,150.175,199.904,49.728,49.999,199.904,1,1
88.500,150.154,199.821,49.667,49.999,199.821,1,1
88.600,150.134,199.738,49.604,49.998,199.738,1,1
88.700,150.116,199.656,49.540,49.997,199.656,1,1
88.800,150.099,199.573,49.474,49.996,199.573,1,1
88.900,150.083,199.491,49.408,49.996,199.491,1,1
89.000,150.069,199.408,49.340,49.995,199.408,1,1
89.100,150.056,199.326,49.271,49.994,199.326,1,1
89.200,150.044,199.244,49.201,49.994,199.244,1,1
89.300,150.034,199.162,49.129,49.993,199.162,1,1
89.400,150.025,199.081,49.056,49.992,199.081,1,1
89.500,150.017,198.999,48.982,49.992,198.999,1,1
89.600,150.011,198.918,48.907,49.991,198.918,1,1
89.700,150.006,198.836,48.830,49.990,198.836,1,1
89.800,150.003,198.755,48.752,49.990,198.755,1,1
89.900,150.001,198.674,48.673,49.989,198.674,1,1
90.000,150.000,198.593,48.593,49.988,198.593,1,1
90.100,150.001,198.512,48.511,49.988,198.512,1,1
90.200,150.003,198.431,48.429,49.987,198.431,1,1
90.300,150.006,198.351,48.345,49.986,198.351,1,1
90.400,150.011,198.270,48.259,49.986,198.270,1,1
90.500,150.017,198.190,48.173,49.985,198.190,1,1
90.600,150.025,198.110,48.085,49.984,198.110,1,1
90.700,150.034,198.030,47.996,49.984,198.030,1,1
90.800,150.044,197.950,47.906,49.983,197.950,1,1
90.900,150.056,197.870,47.815,49.982,197.870,1,1
91.000,150.069,197.791,47.722,49.982,197.791,1,1
91.100,150.083,197.711,47.628,49.981,197.711,1,1
91.200,150.099,197.632,47.534,49.980,197.632,1,1
91.300,150.116,197.553,47.437,49.980,197.553,1,1
91.400,150.134,197.474,47.340,49.979,197.474,1,1
91.500,150.154,197.395,47.241,49.978,197.395,1,1
91.600,150.175,197.317,47.142,49.978,197.317,1,1
91.700,150.198,197.238,47.041,49.977,197.238,1,1
91.800,150.222,197.160,46.938,49.976,197.160,1,1
91.900,150.247,197.082,46.835,49.976,197.082,1,1
92.000,150.274,197.004,46.730,49.975,197.004,1,1
92.100,150.302,196.927,46.625,49.974,196.927,1,1
92.200,150.331,196.849,46.518,49.974,196.849,1,1
92.300,150.362,196.772,46.410,49.973,196.772,1,1
92.400,150.394,196.695,46.300,49.972,196.695,1,1
92.500,150.428,196.618,46.190,49.972,196.618,1,1
92.600,150.463,196.541,46.078,49.971,196.541,1,1
92.700,150.499,196.464,45.965,49.971,196.464,1,1
92.800,150.536,196.388,45.851,49.970,196.388,1,1
92.900,150.575,196.312,45.736,49.969,196.312,1,1
93.000,150.616,196.236,45.620,49.969,196.236,1,1
93.100,150.657,196.160,45.502,49.968,196.160,1,1
93.200,150.700,196.084,45.384,49.967,196.084,1,1
93.300,150.745,196.009,45.264,49.967,196.009,1,1
93.400,150.790,195.933,45.143,49.966,195.933,1,1
93.500,150.837,195.858,45.021,49.965,195.858,1,1
93.600,150.886,195.783,44.898,49.965,195.783,1,1
93.700,150.935,195.709,44.773,49.964,195.709,1,1
93.800,150.986,195.634,44.648,49.964,195.634,1,1
93.900,151.039,195.560,44.521,49.963,195.560,1,1
94.000,151.093,195.486,44.394,49.962,195.486,1,1
94.100,151.148,195.412,44.265,49.962,195.412,1,1
94.200,151.204,195.339,44.135,49.961,195.339,1,1
94.300,151.262,195.266,44.004,49.961,195.266,1,1
94.400,151.321,195.192,43.871,49.960,195.192,1,1
94.500,151.382,195.120,43.738,49.959,195.120,1,1
94.600,151.443,195.047,43.604,49.959,195.047,1,1
94.700,151.506,194.974,43.468,49.958,194.974,1,1
94.800,151.571,194.902,43.331,49.958,194.902,1,1
94.900,151.637,194.830,43.194,49.957,194.830,1,1
95.000,151.704,194.758,43.055,49.956,194.758,1,1
95.100,151.772,194.687,42.915,49.956,194.687,1,1
95.200,151.842,194.616,42.774,49.955,194.616,1,1
95.300,151.913,194.545,42.632,49.955,194.545,1,1
95.400,151.985,194.474,42.488,49.954,194.474,1,1
95.500,152.059,194.403,42.344,49.953,194.403,1,1
95.600,152.134,194.333,42.199,49.953,194.333,1,1
95.700,152.210,194.263,42.052,49.952,194.263,1,1
95.800,152.288,194.193,41.905,49.952,194.193,1,1
95.900,152.367,194.123,41.756,49.951,194.123,1,1
96.000,152.447,194.054,41.607,49.950,194.054,1,1
96.100,152.529,193.985,41.456,49.950,193.985,1,1
96.200,152.612,193.916,41.305,49.949,193.916,1,1
96.300,152.696,193.848,41.152,49.949,193.848,1,1
96.400,152.781,193.779,40.998,49.948,193.779,1,1
96.500,152.868,193.711,40.843,49.948,193.711,1,1
96.600,152.956,193.643,40.687,49.947,193.643,1,1
96.700,153.045,193.576,40.530,49.946,193.576,1,1
96.800,153.136,193.508,40.373,49.946,193.508,1,1
96.900,153.228,193.441,40.214,49.945,193.441,1,1
97.000,153.321,193.375,40.054,49.945,193.375,1,1
97.100,153.415,193.308,39.893,49.944,193.308,1,1
97.200,153.511,193.242,39.731,49.944,193.242,1,1
97.300,153.608,193.176,39.568,49.943,193.176,1,1
97.400,153.706,193.110,39.404,49.943,193.110,1,1
97.500,153.806,193.045,39.239,49.942,193.045,1,1
97.600,153.907,192.980,39.073,49.941,192.980,1,1
97.700,154.009,192.915,38.906,49.941,192.915,1,1
97.800,154.112,192.850,38.738,49.940,192.850,1,1
97.900,154.217,192.786,38.569,49.940,192.786,1,1
98.000,154.323,192.722,38.399,49.939,192.722,1,1
98.100,154.430,192.658,38.229,49.939,192.658,1,1
98.200,154.538,192.595,38.057,49.938,192.595,1,1
98.300,154.648,192.532,37.884,49.938,192.532,1,1
98.400,154.759,192.469,37.710,49.937,192.469,1,1
98.500,154.871,192.406,37.536,49.937,192.406,1,1
98.600,154.984,192.344,37.360,49.936,192.344,1,1
98.700,155.099,192.282,37.184,49.936,192.282,1,1
98.800,155.214,192.221,37.006,49.935,192.221,1,1
98.900,155.331,192.159,36.828,49.935,192.159,1,1
99.000,155.450,192.098,36.648,49.934,192.098,1,1
99.100,155.569,192.037,36.468,49.934,192.037,1,1
99.200,155.690,191.977,36.287,49.933,191.977,1,1
99.300,155.812,191.917,36.105,49.933,191.917,1,1
99.400,155.935,191.857,35.922,49.932,191.857,1,1
99.500,156.059,191.797,35.738,49.932,191.797,1,1
99.600,156.185,191.738,35.553,49.931,191.738,1,1
99.700,156.311,191.679,35.368,49.931,191.679,1,1
99.800,156.439,191.620,35.181,49.930,191.620,1,1
99.900,156.568,191.562,34.994,49.930,191.562,1,1
100.000,156.699,156.699,0.000,49.930,156.699,1,0
100.100,156.830,156.830,0.000,49.930,156.830,1,0
100.200,156.963,156.963,0.000,49.930,156.963,1,0
100.300,157.097,157.097,0.000,49.930,157.097,1,0
100.400,157.232,157.232,0.000,49.930,157.232,1,0
100.500,157.368,157.368,0.000,49.930,157.368,1,0
100.600,157.505,157.505,0.000,49.930,157.505,1,0
100.700,157.644,157.644,0.000,49.930,157.644,1,0
100.800,157.784,157.784,0.000,49.930,157.784,1,0
100.900,157.924,157.924,0.000,49.930,157.924,1,0
101.000,158.066,158.066,0.000,49.930,158.066,1,0
101.100,158.210,158.210,0.000,49.930,158.210,1,0
101.200,158.354,158.354,0.000,49.930,158.354,1,0
101.300,158.499,158.499,0.000,49.930,158.499,1,0
101.400,158.646,158.646,0.000,49.930,158.646,1,0
101.500,158.794,158.794,0.000,49.930,158.794,1,0
101.600,158.943,158.943,0.000,49.930,158.943,1,0
101.700,159.093,159.093,0.000,49.930,159.093,1,0
101.800,159.244,159.244,0.000,49.930,159.244,1,0
101.900,159.396,159.396,0.000,49.930,159.396,1,0
102.000,159.549,159.549,0.000,49.930,159.549,1,0
102.100,159.704,159.704,0.000,49.930,159.704,1,0
102.200,159.859,159.859,0.000,49.930,159.859,1,0
102.300,160.016,160.016,0.000,49.930,160.016,1,0
102.400,160.174,160.174,0.000,49.930,160.174,1,0
102.500,160.332,160.332,0.000,49.930,160.332,1,0
102.600,160.492,160.492,0.000,49.930,160.492,1,0
102.700,160.653,160.653,0.000,49.930,160.653,1,0
102.800,160.815,160.815,0.000,49.930,160.815,1,0
102.900,160.978,160.978,0.000,49.930,160.978,1,0
103.000,161.143,161.143,0.000,49.930,161.143,1,0
103.100,161.308,161.308,0.000,49.930,161.308,1,0
103.200,161.474,161.474,0.000,49.930,161.474,1,0
103.300,161.642,161.642,0.000,49.930,161.642,1,0
103.400,161.810,161.810,0.000,49.930,161.810,1,0
103.500,161.980,161.980,0.000,49.930,161.980,1,0
103.600,162.150,162.150,0.000,49.930,162.150,1,0
103.700,162.322,162.322,0.000,49.930,162.322,1,0
103.800,162.494,162.494,0.000,49.930,162.494,1,0
103.900,162.668,162.668,0.000,49.930,162.668,1,0
104.000,162.843,162.843,0.000,49.930,162.843,1,0
104.100,163.018,163.018,0.000,49.930,163.018,1,0
104.200,163.195,163.195,0.000,49.930,163.195,1,0
104.300,163.373,163.373,0.000,49.930,163.373,1,0
104.400,163.552,163.552,0.000,49.930,163.552,1,0
104.500,163.731,163.731,0.000,49.930,163.731,1,0
104.600,163.912,163.912,0.000,49.930,163.912,1,0
104.700,164.094,164.094,0.000,49.930,164.094,1,0
104.800,164.276,164.276,0.000,49.930,164.276,1,0
104.900,164.460,164.460,0.000,49.930,164.460,1,0
105.000,164.645,164.645,0.000,49.930,164.645,1,0
105.100,164.830,164.830,0.000,49.930,164.830,1,0
105.200,165.017,165.017,0.000,49.930,165.017,1,0
105.300,165.204,165.204,0.000,49.930,165.204,1,0
105.400,165.393,165.393,0.000,49.930,165.393,1,0
105.500,165.582,165.582,0.000,49.930,165.582,1,0
105.600,165.773,165.773,0.000,49.930,165.773,1,0
105.700,165.964,165.964,0.000,49.930,165.964,1,0
105.800,166.156,166.156,0.000,49.930,166.156,1,0
105.900,166.349,166.349,0.000,49.930,166.349,1,0
106.000,166.543,166.543,0.000,49.930,166.543,1,0
106.100,166.738,166.738,0.000,49.930,166.738,1,0
106.200,166.934,166.934,0.000,49.930,166.934,1,0
106.300,167.131,167.131,0.000,49.930,167.131,1,0
106.400,167.329,167.329,0.000,49.930,167.329,1,0
106.500,167.528,167.528,0.000,49.930,167.528,1,0
106.600,167.727,167.727,0.000,49.930,167.727,1,0
106.700,167.928,167.928,0.000,49.930,167.928,1,0
106.800,168.129,168.129,0.000,49.930,168.129,1,0
106.900,168.331,168.331,0.000,49.930,168.331,1,0
107.000,168.534,168.534,0.000,49.930,168.534,1,0
107.100,168.738,168.738,0.000,49.930,168.738,1,0
107.200,168.943,168.943,0.000,49.930,168.943,1,0
107.300,169.148,169.148,0.000,49.930,169.148,1,0
107.400,169.355,169.355,0.000,49.930,169.355,1,0
107.500,169.562,169.562,0.000,49.930,169.562,1,0
107.600,169.770,169.770,0.000,49.930,169.770,1,0
107.700,169.979,169.979,0.000,49.930,169.979,1,0
107.800,170.189,170.189,0.000,49.930,170.189,1,0
107.900,170.399,170.399,0.000,49.930,170.399,1,0
108.000,170.611,170.611,0.000,49.930,170.611,1,0
108.100,170.823,170.823,0.000,49.930,170.823,1,0
108.200,171.036,171.036,0.000,49.930,171.036,1,0
108.300,171.250,171.250,0.000,49.930,171.250,1,0
108.400,171.464,171.464,0.000,49.930,171.464,1,0
108.500,171.680,171.680,0.000,49.930,171.680,1,0
108.600,171.896,171.896,0.000,49.930,171.896,1,0
108.700,172.113,172.113,0.000,49.930,172.113,1,0
108.800,172.330,172.330,0.000,49.930,172.330,1,0
108.900,172.549,172.549,0.000,49.930,172.549,1,0
109.000,172.768,172.768,0.000,49.930,172.768,1,0
109.100,172.988,172.988,0.000,49.930,172.988,1,0
109.200,173.209,173.209,0.000,49.930,173.209,1,0
109.300,173.430,173.430,0.000,49.930,173.430,1,0
109.400,173.652,173.652,0.000,49.930,173.652,1,0
109.500,173.875,173.875,0.000,49.930,173.875,1,0
109.600,174.099,174.099,0.000,49.930,174.099,1,0
109.700,174.323,174.323,0.000,49.930,174.323,1,0
109.800,174.548,174.548,0.000,49.930,174.548,1,0
109.900,174.774,174.774,0.000,49.930,174.774,1,0
110.000,175.000,175.000,0.000,49.930,175.000,1,1
110.100,175.227,175.000,-0.227,49.930,175.000,1,1
110.200,175.455,175.001,-0.454,49.930,175.001,1,1
110.300,175.683,175.002,-0.681,49.930,175.002,1,1
110.400,175.912,175.004,-0.909,49.930,175.004,1,1
110.500,176.142,175.006,-1.136,49.930,175.006,1,1
110.600,176.372,175.008,-1.365,49.930,175.008,1,1
110.700,176.604,175.011,-1.593,49.930,175.011,1,1
110.800,176.835,175.014,-1.822,49.930,175.014,1,1
110.900,177.068,175.017,-2.050,49.930,175.017,1,1
111.000,177.300,175.021,-2.280,49.930,175.021,1,1
111.100,177.534,175.025,-2.509,49.930,175.025,1,1
111.200,177.768,175.030,-2.739,49.930,175.030,1,1
111.300,178.003,175.035,-2.968,49.930,175.035,1,1
111.400,178.238,175.040,-3.199,49.930,175.040,1,1
111.500,178.474,175.046,-3.429,49.930,175.046,1,1
111.600,178.711,175.052,-3.659,49.930,175.052,1,1
111.700,178.948,175.058,-3.890,49.930,175.058,1,1
111.800,179.186,175.065,-4.121,49.930,175.065,1,1
111.900,179.424,175.072,-4.352,49.930,175.072,1,1
112.000,179.663,175.080,-4.583,49.930,175.080,1,1
112.100,179.903,175.088,-4.815,49.930,175.088,1,1
112.200,180.143,175.096,-5.046,49.930,175.096,1,1
112.300,180.383,175.105,-5.278,49.931,175.105,1,1
112.400,180.624,175.114,-5.510,49.931,175.114,1,1
112.500,180.866,175.124,-5.742,49.931,175.124,1,1
112.600,181.108,175.134,-5.974,49.931,175.134,1,1
112.700,181.351,175.144,-6.206,49.931,175.144,1,1
112.800,181.594,175.155,-6.439,49.931,175.155,1,1
112.900,181.837,175.166,-6.671,49.931,175.166,1,1
113.000,182.082,175.178,-6.904,49.931,175.178,1,1
113.100,182.326,175.189,-7.137,49.931,175.189,1,1
113.200,182.571,175.202,-7.370,49.931,175.202,1,1
113.300,182.817,175.214,-7.603,49.931,175.214,1,1
113.400,183.063,175.227,-7.836,49.932,175.227,1,1
113.500,183.310,175.241,-8.069,49.932,175.241,1,1
113.600,183.557,175.255,-8.302,49.932,175.255,1,1
113.700,183.804,175.269,-8.535,49.932,175.269,1,1
113.800,184.052,175.284,-8.768,49.932,175.284,1,1
113.900,184.300,175.299,-9.002,49.932,175.299,1,1
114.000,184.549,175.314,-9.235,49.932,175.314,1,1
114.100,184.798,175.330,-9.469,49.932,175.330,1,1
114.200,185.048,175.346,-9.702,49.933,175.346,1,1
114.300,185.298,175.363,-9.935,49.933,175.363,1,1
114.400,185.548,175.379,-10.169,49.933,175.379,1,1
114.500,185.799,175.397,-10.402,49.933,175.397,1,1
114.600,186.050,175.415,-10.636,49.933,175.415,1,1
114.700,186.302,175.433,-10.869,49.933,175.433,1,1
114.800,186.554,175.451,-11.103,49.933,175.451,1,1
114.900,186.806,175.470,-11.336,49.934,175.470,1,1
115.000,187.059,175.489,-11.570,49.934,175.489,1,1
115.100,187.312,175.509,-11.803,49.934,175.509,1,1
115.200,187.566,175.529,-12.036,49.934,175.529,1,1
115.300,187.819,175.550,-12.270,49.934,175.550,1,1
115.400,188.073,175.570,-12.503,49.934,175.570,1,1
115.500,188.328,175.592,-12.736,49.935,175.592,1,1
115.600,188.582,175.613,-12.969,49.935,175.613,1,1
115.700,188.837,175.635,-13.202,49.935,175.635,1,1
115.800,189.093,175.658,-13.435,49.935,175.658,1,1
115.900,189.348,175.680,-13.668,49.935,175.680,1,1
116.000,189.604,175.704,-13.901,49.936,175.704,1,1
116.100,189.861,175.727,-14.134,49.936,175.727,1,1
116.200,190.117,175.751,-14.366,49.936,175.751,1,1
116.300,190.374,175.775,-14.599,49.936,175.775,1,1
116.400,190.631,175.800,-14.831,49.936,175.800,1,1
116.500,190.888,175.825,-15.063,49.937,175.825,1,1
116.600,191.146,175.851,-15.295,49.937,175.851,1,1
116.700,191.404,175.877,-15.527,49.937,175.877,1,1
116.800,191.662,175.903,-15.759,49.937,175.903,1,1
116.900,191.920,175.929,-15.990,49.937,175.929,1,1
117.000,192.178,175.957,-16.222,49.938,175.957,1,1
117.100,192.437,175.984,-16.453,49.938,175.984,1,1
117.200,192.696,176.012,-16.684,49.938,176.012,1,1
117.300,192.955,176.040,-16.915,49.938,176.040,1,1
117.400,193.214,176.069,-17.146,49.939,176.069,1,1
117.500,193.474,176.097,-17.376,49.939,176.097,1,1
117.600,193.733,176.127,-17.607,49.939,176.127,1,1
117.700,193.993,176.157,-17.837,49.939,176.157,1,1
117.800,194.253,176.187,-18.066,49.940,176.187,1,1
117.900,194.513,176.217,-18.296,49.940,176.217,1,1
118.000,194.774,176.248,-18.526,49.940,176.248,1,1
118.100,195.034,176.279,-18.755,49.940,176.279,1,1
118.200,195.295,176.311,-18.984,49.941,176.311,1,1
118.300,195.555,176.343,-19.212,49.941,176.343,1,1
118.400,195.816,176.375,-19.441,49.941,176.375,1,1
118.500,196.077,176.408,-19.669,49.941,176.408,1,1
118.600,196.338,176.441,-19.897,49.942,176.441,1,1
118.700,196.599,176.475,-20.124,49.942,176.475,1,1
118.800,196.860,176.509,-20.352,49.942,176.509,1,1
118.900,197.122,176.543,-20.579,49.943,176.543,1,1
119.000,197.383,176.578,-20.805,49.943,176.578,1,1
119.100,197.645,176.613,-21.032,49.943,176.613,1,1
119.200,197.906,176.648,-21.258,49.943,176.648,1,1
119.300,198.168,176.684,-21.484,49.944,176.684,1,1
119.400,198.429,176.720,-21.709,49.944,176.720,1,1
119.500,198.691,176.757,-21.934,49.944,176.757,1,1
119.600,198.953,176.794,-22.159,49.945,176.794,1,1
119.700,199.215,176.831,-22.384,49.945,176.831,1,1
119.800,199.476,176.869,-22.608,49.945,176.869,1,1
119.900,199.738,176.907,-22.831,49.946,176.907,1,1
120.000,200.000,176.945,-23.055,49.946,176.945,1,1
120.100,200.262,176.984,-23.278,49.946,176.984,1,1
120.200,200.524,177.023,-23.500,49.947,177.023,1,1
120.300,200.785,177.063,-23.723,49.947,177.063,1,1
120.400,201.047,177.103,-23.945,49.947,177.103,1,1
120.500,201.309,177.143,-24.166,49.948,177.143,1,1
120.600,201.571,177.183,-24.387,49.948,177.183,1,1
120.700,201.832,177.224,-24.608,49.948,177.224,1,1
120.800,202.094,177.266,-24.828,49.949,177.266,1,1
120.900,202.355,177.308,-25.048,49.949,177.308,1,1
121.000,202.617,177.350,-25.267,49.949,177.350,1,1
121.100,202.878,177.392,-25.486,49.950,177.392,1,1
121.200,203.140,177.435,-25.704,49.950,177.435,1,1
121.300,203.401,177.478,-25.923,49.950,177.478,1,1
121.400,203.662,177.522,-26.140,49.951,177.522,1,1
121.500,203.923,177.566,-26.357,49.951,177.566,1,1
121.600,204.184,177.610,-26.574,49.951,177.610,1,1
121.700,204.445,177.655,-26.790,49.952,177.655,1,1
121.800,204.705,177.700,-27.006,49.952,177.700,1,1
121.900,204.966,177.745,-27.221,49.953,177.745,1,1
122.000,205.226,177.791,-27.436,49.953,177.791,1,1
122.100,205.487,177.837,-27.650,49.953,177.837,1,1
122.200,205.747,177.883,-27.864,49.954,177.883,1,1
122.300,206.007,177.930,-28.077,49.954,177.930,1,1
122.400,206.267,177.977,-28.289,49.954,177.977,1,1
122.500,206.526,178.025,-28.502,49.955,178.025,1,1
122.600,206.786,178.073,-28.713,49.955,178.073,1,1
122.700,207.045,178.121,-28.924,49.956,178.121,1,1
122.800,207.304,178.169,-29.135,49.956,178.169,1,1
122.900,207.563,178.218,-29.345,49.957,178.218,1,1
123.000,207.822,178.268,-29.554,49.957,178.268,1,1
123.100,208.080,178.317,-29.763,49.957,178.317,1,1
123.200,208.338,178.367,-29.971,49.958,178.367,1,1
123.300,208.596,178.417,-30.179,49.958,178.417,1,1
123.400,208.854,178.468,-30.386,49.959,178.468,1,1
123.500,209.112,178.519,-30.593,49.959,178.519,1,1
123.600,209.369,178.570,-30.799,49.959,178.570,1,1
123.700,209.626,178.622,-31.004,49.960,178.622,1,1
123.800,209.883,178.674,-31.209,49.960,178.674,1,1
123.900,210.139,178.726,-31.413,49.961,178.726,1,1
124.000,210.396,178.779,-31.616,49.961,178.779,1,1
124.100,210.652,178.832,-31.819,49.962,178.832,1,1
124.200,210.907,178.885,-32.022,49.962,178.885,1,1
124.300,211.163,178.939,-32.223,49.963,178.939,1,1
124.400,211.418,178.993,-32.424,49.963,178.993,1,1
124.500,211.672,179.048,-32.625,49.963,179.048,1,1
124.600,211.927,179.102,-32.824,49.964,179.102,1,1
124.700,212.181,179.157,-33.023,49.964,179.157,1,1
124.800,212.434,179.213,-33.222,49.965,179.213,1,1
124.900,212.688,179.268,-33.419,49.965,179.268,1,1
125.000,212.941,179.324,-33.616,49.966,179.324,1,1
125.100,213.194,179.381,-33.813,49.966,179.381,1,1
125.200,213.446,179.437,-34.008,49.967,179.437,1,1
125.300,213.698,179.494,-34.203,49.967,179.494,1,1
125.400,213.950,179.552,-34.398,49.968,179.552,1,1
125.500,214.201,179.609,-34.591,49.968,179.609,1,1
125.600,214.452,179.667,-34.784,49.969,179.667,1,1
125.700,214.702,179.726,-34.976,49.969,179.726,1,1
125.800,214.952,179.784,-35.168,49.970,179.784,1,1
125.900,215.202,179.843,-35.358,49.970,179.843,1,1
126.000,215.451,179.903,-35.548,49.971,179.903,1,1
126.100,215.700,179.962,-35.738,49.971,179.962,1,1
126.200,215.948,180.022,-35.926,49.972,180.022,1,1
126.300,216.196,180.082,-36.114,49.972,180.082,1,1
126.400,216.443,180.143,-36.301,49.973,180.143,1,1
126.500,216.690,180.203,-36.487,49.973,180.203,1,1
126.600,216.937,180.265,-36.672,49.974,180.265,1,1
126.700,217.183,180.326,-36.857,49.974,180.326,1,1
126.800,217.429,180.388,-37.041,49.975,180.388,1,1
126.900,217.674,180.450,-37.224,49.975,180.450,1,1
127.000,217.918,180.512,-37.406,49.976,180.512,1,1
127.100,218.163,180.575,-37.588,49.976,180.575,1,1
127.200,218.406,180.638,-37.768,49.977,180.638,1,1
127.300,218.649,180.701,-37.948,49.977,180.701,1,1
127.400,218.892,180.765,-38.128,49.978,180.765,1,1
127.500,219.134,180.828,-38.306,49.978,180.828,1,1
127.600,219.376,180.893,-38.483,49.979,180.893,1,1
127.700,219.617,180.957,-38.660,49.979,180.957,1,1
127.800,219.857,181.022,-38.836,49.980,181.022,1,1
127.900,220.097,181.087,-39.011,49.980,181.087,1,1
128.000,220.337,181.152,-39.185,49.981,181.152,1,1
128.100,220.576,181.218,-39.358,49.981,181.218,1,1
128.200,220.814,181.283,-39.531,49.982,181.283,1,1
128.300,221.052,181.350,-39.702,49.983,181.350,1,1
128.400,221.289,181.416,-39.873,49.983,181.416,1,1
128.500,221.526,181.483,-40.043,49.984,181.483,1,1
128.600,221.762,181.550,-40.212,49.984,181.550,1,1
128.700,221.997,181.617,-40.380,49.985,181.617,1,1
128.800,222.232,181.685,-40.547,49.985,181.685,1,1
128.900,222.466,181.753,-40.713,49.986,181.753,1,1
129.000,222.700,181.821,-40.879,49.987,181.821,1,1
129.100,222.932,181.889,-41.043,49.987,181.889,1,1
129.200,223.165,181.958,-41.207,49.988,181.958,1,1
129.300,223.396,182.027,-41.370,49.988,182.027,1,1
129.400,223.628,182.096,-41.532,49.989,182.096,1,1
129.500,223.858,182.165,-41.692,49.989,182.165,1,1
129.600,224.088,182.235,-41.852,49.990,182.235,1,1
129.700,224.317,182.305,-42.012,49.991,182.305,1,1
129.800,224.545,182.376,-42.170,49.991,182.376,1,1
129.900,224.773,182.446,-42.327,49.992,182.446,1,1
130.000,225.000,182.517,-42.483,49.992,182.517,1,1
130.100,225.226,182.588,-42.638,49.993,182.588,1,1
130.200,225.452,182.659,-42.793,49.994,182.659,1,1
130.300,225.677,182.731,-42.946,49.994,182.731,1,1
130.400,225.901,182.803,-43.099,49.995,182.803,1,1
130.500,226.125,182.875,-43.250,49.995,182.875,1,1
130.600,226.348,182.947,-43.401,49.996,182.947,1,1
130.700,226.570,183.020,-43.550,49.997,183.020,1,1
130.800,226.791,183.093,-43.699,49.997,183.093,1,1
130.900,227.012,183.166,-43.846,49.998,183.166,1,1
131.000,227.232,183.239,-43.993,49.998,183.239,1,1
131.100,227.451,183.312,-44.139,49.999,183.312,1,1
131.200,227.670,183.386,-44.283,50.000,183.386,1,1
131.300,227.887,183.460,-44.427,50.000,183.460,1,1
131.400,228.104,183.535,-44.570,50.001,183.535,1,1
131.500,228.320,183.609,-44.711,50.001,183.609,1,1
131.600,228.536,183.684,-44.852,50.002,183.684,1,1
131.700,228.750,183.759,-44.991,50.003,183.759,1,1
131.800,228.964,183.834,-45.130,50.003,183.834,1,1
131.900,229.177,183.910,-45.268,50.004,183.910,1,1
132.000,229.389,183.985,-45.404,50.005,183.985,1,1
132.100,229.601,184.061,-45.540,50.005,184.061,1,1
132.200,229.811,184.137,-45.674,50.006,184.137,1,1
132.300,230.021,184.214,-45.807,50.006,184.214,1,1
132.400,230.230,184.290,-45.940,50.007,184.290,1,1
132.500,230.438,184.367,-46.071,50.008,184.367,1,1
132.600,230.645,184.444,-46.201,50.008,184.444,1,1
132.700,230.852,184.521,-46.331,50.009,184.521,1,1
132.800,231.057,184.599,-46.459,50.010,184.599,1,1
132.900,231.262,184.676,-46.586,50.010,184.676,1,1
133.000,231.466,184.754,-46.712,50.011,184.754,1,1
133.100,231.669,184.832,-46.837,50.012,184.832,1,1
133.200,231.871,184.910,-46.961,50.012,184.910,1,1
133.300,232.072,184.989,-47.084,50.013,184.989,1,1
133.400,232.273,185.068,-47.205,50.014,185.068,1,1
133.500,232.472,185.146,-47.326,50.014,185.146,1,1
133.600,232.671,185.225,-47.446,50.015,185.225,1,1
133.700,232.869,185.305,-47.564,50.016,185.305,1,1
133.800,233.066,185.384,-47.681,50.016,185.384,1,1
133.900,233.262,185.464,-47.798,50.017,185.464,1,1
134.000,233.457,185.544,-47.913,50.018,185.544,1,1
134.100,233.651,185.624,-48.027,50.018,185.624,1,1
134.200,233.844,185.704,-48.140,50.019,185.704,1,1
134.300,234.036,185.784,-48.252,50.020,185.784,1,1
134.400,234.227,185.865,-48.362,50.020,185.865,1,1
134.500,234.418,185.946,-48.472,50.021,185.946,1,1
134.600,234.607,186.027,-48.580,50.022,186.027,1,1
134.700,234.796,186.108,-48.688,50.022,186.108,1,1
134.800,234.983,186.189,-48.794,50.023,186.189,1,1
134.900,235.170,186.271,-48.899,50.024,186.271,1,1
135.000,235.355,186.352,-49.003,50.024,186.352,1,1
135.100,235.540,186.434,-49.106,50.025,186.434,1,1
135.200,235.724,186.516,-49.207,50.026,186.516,1,1
135.300,235.906,186.598,-49.308,50.026,186.598,1,1
135.400,236.088,186.681,-49.407,50.027,186.681,1,1
135.500,236.269,186.763,-49.505,50.028,186.763,1,1
135.600,236.448,186.846,-49.602,50.028,186.846,1,1
135.700,236.627,186.929,-49.698,50.029,186.929,1,1
135.800,236.805,187.012,-49.793,50.030,187.012,1,1
135.900,236.982,187.095,-49.887,50.030,187.095,1,1
136.000,237.157,187.178,-49.979,50.031,187.178,1,1
136.100,237.332,187.262,-50.070,50.032,187.262,1,1
136.200,237.506,187.345,-50.160,50.033,187.345,1,1
136.300,237.678,187.429,-50.249,50.033,187.429,1,1
136.400,237.850,187.513,-50.337,50.034,187.513,1,1
136.500,238.020,187.597,-50.423,50.035,187.597,1,1
136.600,238.190,187.681,-50.509,50.035,187.681,1,1
136.700,238.358,187.765,-50.593,50.036,187.765,1,1
136.800,238.526,187.850,-50.676,50.037,187.850,1,1
136.900,238.692,187.935,-50.757,50.037,187.935,1,1
137.000,238.857,188.019,-50.838,50.038,188.019,1,1
137.100,239.022,188.104,-50.917,50.039,188.104,1,1
137.200,239.185,188.189,-50.996,50.040,188.189,1,1
137.300,239.347,188.274,-51.072,50.040,188.274,1,1
137.400,239.508,188.360,-51.148,50.041,188.360,1,1
137.500,239.668,188.445,-51.223,50.042,188.445,1,1
137.600,239.826,188.530,-51.296,50.042,188.530,1,1
137.700,239.984,188.616,-51.368,50.043,188.616,1,1
137.800,240.141,188.702,-51.439,50.044,188.702,1,1
137.900,240.296,188.788,-51.509,50.045,188.788,1,1
138.000,240.451,188.874,-51.577,50.045,188.874,1,1
138.100,240.604,188.960,-51.645,50.046,188.960,1,1
138.200,240.756,189.046,-51.711,50.047,189.046,1,1
138.300,240.907,189.132,-51.775,50.047,189.132,1,1
138.400,241.057,189.218,-51.839,50.048,189.218,1,1
138.500,241.206,189.305,-51.901,50.049,189.305,1,1
138.600,241.354,189.392,-51.962,50.050,189.392,1,1
138.700,241.501,189.478,-52.022,50.050,189.478,1,1
138.800,241.646,189.565,-52.081,50.051,189.565,1,1
138.900,241.790,189.652,-52.138,50.052,189.652,1,1
139.000,241.934,189.739,-52.195,50.053,189.739,1,1
139.100,242.076,189.826,-52.249,50.053,189.826,1,1
139.200,242.216,189.913,-52.303,50.054,189.913,1,1
139.300,242.356,190.000,-52.356,50.055,190.000,1,1
139.400,242.495,190.088,-52.407,50.055,190.088,1,1
139.500,242.632,190.175,-52.457,50.056,190.175,1,1
139.600,242.768,190.263,-52.505,50.057,190.263,1,1
139.700,242.903,190.350,-52.553,50.058,190.350,1,1
139.800,243.037,190.438,-52.599,50.058,190.438,1,1
139.900,243.170,190.526,-52.644,50.059,190.526,1,1
140.000,243.301,190.614,-52.688,50.060,190.614,1,1
140.100,243.432,190.701,-52.730,50.061,190.701,1,1
140.200,243.561,190.789,-52.771,50.061,190.789,1,1
140.300,243.689,190.877,-52.811,50.062,190.877,1,1
140.400,243.815,190.966,-52.850,50.063,190.966,1,1
140.500,243.941,191.054,-52.887,50.063,191.054,1,1
140.600,244.065,191.142,-52.923,50.064,191.142,1,1
140.700,244.188,191.230,-52.958,50.065,191.230,1,1
140.800,244.310,191.318,-52.992,50.066,191.318,1,1
140.900,244.431,191.407,-53.024,50.066,191.407,1,1
141.000,244.550,191.495,-53.055,50.067,191.495,1,1
141.100,244.669,191.584,-53.085,50.068,191.584,1,1
141.200,244.786,191.672,-53.113,50.069,191.672,1,1
141.300,244.901,191.761,-53.141,50.069,191.761,1,1
141.400,245.016,191.849,-53.167,50.070,191.849,1,1
141.500,245.129,191.938,-53.191,50.071,191.938,1,1
141.600,245.241,192.027,-53.215,50.072,192.027,1,1
141.700,245.352,192.115,-53.237,50.072,192.115,1,1
141.800,245.462,192.204,-53.258,50.073,192.204,1,1
141.900,245.570,192.293,-53.277,50.074,192.293,1,1
142.000,245.677,192.382,-53.295,50.075,192.382,1,1
142.100,245.783,192.471,-53.312,50.075,192.471,1,1
142.200,245.888,192.560,-53.328,50.076,192.560,1,1
142.300,245.991,192.649,-53.343,50.077,192.649,1,1
142.400,246.093,192.737,-53.356,50.077,192.737,1,1
142.500,246.194,192.826,-53.368,50.078,192.826,1,1
142.600,246.294,192.915,-53.378,50.079,192.915,1,1
142.700,246.392,193.004,-53.387,50.080,193.004,1,1
142.800,246.489,193.093,-53.396,50.080,193.093,1,1
142.900,246.585,193.182,-53.402,50.081,193.182,1,1
143.000,246.679,193.271,-53.408,50.082,193.271,1,1
143.100,246.772,193.360,-53.412,50.083,193.360,1,1
143.200,246.864,193.449,-53.415,50.083,193.449,1,1
143.300,246.955,193.538,-53.416,50.084,193.538,1,1
143.400,247.044,193.627,-53.417,50.085,193.627,1,1
143.500,247.132,193.716,-53.416,50.086,193.716,1,1
143.600,247.219,193.805,-53.413,50.086,193.805,1,1
143.700,247.304,193.895,-53.410,50.087,193.895,1,1
143.800,247.388,193.984,-53.405,50.088,193.984,1,1
143.900,247.471,194.073,-53.399,50.089,194.073,1,1
144.000,247.553,194.161,-53.391,50.089,194.161,1,1
144.100,247.633,194.250,-53.383,50.090,194.250,1,1
144.200,247.712,194.339,-53.373,50.091,194.339,1,1
144.300,247.790,194.428,-53.361,50.092,194.428,1,1
144.400,247.866,194.517,-53.349,50.092,194.517,1,1
144.500,247.941,194.606,-53.335,50.093,194.606,1,1
144.600,248.015,194.695,-53.320,50.094,194.695,1,1
144.700,248.087,194.784,-53.303,50.095,194.784,1,1
144.800,248.158,194.873,-53.285,50.095,194.873,1,1
144.900,248.228,194.961,-53.266,50.096,194.961,1,1
145.000,248.296,195.050,-53.246,50.097,195.050,1,1
145.100,248.363,195.139,-53.224,50.098,195.139,1,1
145.200,248.429,195.228,-53.202,50.098,195.228,1,1
145.300,248.494,195.316,-53.177,50.099,195.316,1,1
145.400,248.557,195.405,-53.152,50.100,195.405,1,1
145.500,248.618,195.493,-53.125,50.100,195.493,1,1
145.600,248.679,195.582,-53.097,50.101,195.582,1,1
145.700,248.738,195.670,-53.068,50.102,195.670,1,1
145.800,248.796,195.759,-53.037,50.103,195.759,1,1
145.900,248.852,195.847,-53.005,50.103,195.847,1,1
146.000,248.907,195.935,-52.972,50.104,195.935,1,1
146.100,248.961,196.024,-52.938,50.105,196.024,1,1
146.200,249.014,196.112,-52.902,50.106,196.112,1,1
146.300,249.065,196.200,-52.865,50.106,196.200,1,1
146.400,249.114,196.288,-52.827,50.107,196.288,1,1
146.500,249.163,196.376,-52.787,50.108,196.376,1,1
146.600,249.210,196.464,-52.746,50.109,196.464,1,1
146.700,249.255,196.552,-52.704,50.109,196.552,1,1
146.800,249.300,196.639,-52.660,50.110,196.639,1,1
146.900,249.343,196.727,-52.616,50.111,196.727,1,1
147.000,249.384,196.815,-52.570,50.111,196.815,1,1
147.100,249.425,196.902,-52.523,50.112,196.902,1,1
147.200,249.464,196.990,-52.474,50.113,196.990,1,1
147.300,249.501,197.077,-52.424,50.114,197.077,1,1
147.400,249.537,197.164,-52.373,50.114,197.164,1,1
147.500,249.572,197.252,-52.321,50.115,197.252,1,1
147.600,249.606,197.339,-52.267,50.116,197.339,1,1
147.700,249.638,197.426,-52.212,50.117,197.426,1,1
147.800,249.669,197.513,-52.156,50.117,197.513,1,1
147.900,249.698,197.599,-52.099,50.118,197.599,1,1
148.000,249.726,197.686,-52.040,50.119,197.686,1,1
148.100,249.753,197.773,-51.980,50.119,197.773,1,1
148.200,249.778,197.859,-51.919,50.120,197.859,1,1
148.300,249.802,197.946,-51.856,50.121,197.946,1,1
148.400,249.825,198.032,-51.793,50.122,198.032,1,1
148.500,249.846,198.118,-51.728,50.122,198.118,1,1
148.600,249.866,198.204,-51.661,50.123,198.204,1,1
148.700,249.884,198.290,-51.594,50.124,198.290,1,1
148.800,249.901,198.376,-51.525,50.124,198.376,1,1
148.900,249.917,198.462,-51.455,50.125,198.462,1,1
149.000,249.931,198.548,-51.384,50.126,198.548,1,1
149.100,249.944,198.633,-51.311,50.127,198.633,1,1
149.200,249.956,198.719,-51.238,50.127,198.719,1,1
149.300,249.966,198.804,-51.163,50.128,198.804,1,1
149.400,249.975,198.889,-51.086,50.129,198.889,1,1
149.500,249.983,198.974,-51.009,50.129,198.974,1,1
149.600,249.989,199.059,-50.930,50.130,199.059,1,1
149.700,249.994,199.144,-50.850,50.131,199.144,1,1
149.800,249.997,199.228,-50.769,50.132,199.228,1,1
149.900,249.999,199.313,-50.687,50.132,199.313,1,1
150.000,250.000,199.397,-50.603,50.133,199.397,1,1
150.100,249.999,199.481,-50.518,50.134,199.481,1,1
150.200,249.997,199.565,-50.432,50.134,199.565,1,1
150.300,249.994,199.649,-50.345,50.135,199.649,1,1
150.400,249.989,199.733,-50.256,50.136,199.733,1,1
150.500,249.983,199.817,-50.166,50.136,199.817,1,1
150.600,249.975,199.900,-50.075,50.137,199.900,1,1
150.700,249.966,199.983,-49.983,50.138,199.983,1,1
150.800,249.956,200.066,-49.890,50.139,200.066,1,1
150.900,249.944,200.149,-49.795,50.139,200.149,1,1
151.000,249.931,200.232,-49.699,50.140,200.232,1,1
151.100,249.917,200.315,-49.602,50.141,200.315,1,1
151.200,249.901,200.397,-49.504,50.141,200.397,1,1
151.300,249.884,200.480,-49.404,50.142,200.480,1,1
151.400,249.866,200.562,-49.304,50.143,200.562,1,1
151.500,249.846,200.644,-49.202,50.143,200.644,1,1
151.600,249.825,200.726,-49.099,50.144,200.726,1,1
151.700,249.802,200.807,-48.995,50.145,200.807,1,1
151.800,249.778,200.889,-48.889,50.145,200.889,1,1
151.900,249.753,200.970,-48.783,50.146,200.970,1,1
152.000,249.726,201.051,-48.675,50.147,201.051,1,1
152.100,249.698,201.132,-48.566,50.147,201.132,1,1
152.200,249.669,201.213,-48.456,50.148,201.213,1,1
152.300,249.638,201.294,-48.344,50.149,201.294,1,1
152.400,249.606,201.374,-48.232,50.149,201.374,1,1
152.500,249.572,201.454,-48.118,50.150,201.454,1,1
152.600,249.537,201.534,-48.003,50.151,201.534,1,1
152.700,249.501,201.614,-47.887,50.151,201.614,1,1
152.800,249.464,201.694,-47.770,50.152,201.694,1,1
152.900,249.425,201.773,-47.652,50.153,201.773,1,1
153.000,249.384,201.852,-47.532,50.153,201.852,1,1
153.100,249.343,201.931,-47.411,50.154,201.931,1,1
153.200,249.300,202.010,-47.290,50.155,202.010,1,1
153.300,249.255,202.089,-47.167,50.155,202.089,1,1
153.400,249.210,202.167,-47.043,50.156,202.167,1,1
153.500,249.163,202.245,-46.917,50.157,202.245,1,1
153.600,249.114,202.323,-46.791,50.157,202.323,1,1
153.700,249.065,202.401,-46.664,50.158,202.401,1,1
153.800,249.014,202.479,-46.535,50.159,202.479,1,1
153.900,248.961,202.556,-46.405,50.159,202.556,1,1
154.000,248.907,202.633,-46.274,50.160,202.633,1,1
154.100,248.852,202.710,-46.142,50.161,202.710,1,1
154.200,248.796,202.787,-46.009,50.161,202.787,1,1
154.300,248.738,202.863,-45.875,50.162,202.863,1,1
154.400,248.679,202.939,-45.740,50.163,202.939,1,1
154.500,248.618,203.015,-45.603,50.163,203.015,1,1
154.600,248.557,203.091,-45.466,50.164,203.091,1,1
154.700,248.494,203.167,-45.327,50.164,203.167,1,1
154.800,248.429,203.242,-45.187,50.165,203.242,1,1
154.900,248.363,203.317,-45.046,50.166,203.317,1,1
155.000,248.296,203.392,-44.904,50.166,203.392,1,1
155.100,248.228,203.467,-44.761,50.167,203.467,1,1
155.200,248.158,203.541,-44.617,50.168,203.541,1,1
155.300,248.087,203.615,-44.472,50.168,203.615,1,1
155.400,248.015,203.689,-44.326,50.169,203.689,1,1
155.500,247.941,203.763,-44.178,50.169,203.763,1,1
155.600,247.866,203.836,-44.030,50.170,203.836,1,1
155.700,247.790,203.909,-43.881,50.171,203.909,1,1
155.800,247.712,203.982,-43.730,50.171,203.982,1,1
155.900,247.633,204.055,-43.578,50.172,204.055,1,1
156.000,247.553,204.127,-43.426,50.172,204.127,1,1
156.100,247.471,204.199,-43.272,50.173,204.199,1,1
156.200,247.388,204.271,-43.117,50.174,204.271,1,1
156.300,247.304,204.343,-42.962,50.174,204.343,1,1
156.400,247.219,204.414,-42.805,50.175,204.414,1,1
156.500,247.132,204.485,-42.647,50.175,204.485,1,1
156.600,247.044,204.556,-42.488,50.176,204.556,1,1
156.700,246.955,204.626,-42.328,50.177,204.626,1,1
156.800,246.864,204.697,-42.167,50.177,204.697,1,1
156.900,246.772,204.767,-42.006,50.178,204.767,1,1
157.000,246.679,204.836,-41.843,50.178,204.836,1,1
157.100,246.585,204.906,-41.679,50.179,204.906,1,1
157.200,246.489,204.975,-41.514,50.179,204.975,1,1
157.300,246.392,205.044,-41.348,50.180,205.044,1,1
157.400,246.294,205.113,-41.181,50.181,205.113,1,1
157.500,246.194,205.181,-41.013,50.181,205.181,1,1
157.600,246.093,205.249,-40.844,50.182,205.249,1,1
157.700,245.991,205.317,-40.674,50.182,205.317,1,1
157.800,245.888,205.384,-40.503,50.183,205.384,1,1
157.900,245.783,205.452,-40.332,50.183,205.452,1,1
158.000,245.677,205.518,-40.159,50.184,205.518,1,1
158.100,245.570,205.585,-39.985,50.185,205.585,1,1
158.200,245.462,205.651,-39.810,50.185,205.651,1,1
158.300,245.352,205.718,-39.635,50.186,205.718,1,1
158.400,245.241,205.783,-39.458,50.186,205.783,1,1
158.500,245.129,205.849,-39.281,50.187,205.849,1,1
158.600,245.016,205.914,-39.102,50.187,205.914,1,1
158.700,244.901,205.979,-38.923,50.188,205.979,1,1
158.800,244.786,206.043,-38.742,50.188,206.043,1,1
158.900,244.669,206.108,-38.561,50.189,206.108,1,1
159.000,244.550,206.172,-38.379,50.189,206.172,1,1
159.100,244.431,206.235,-38.196,50.190,206.235,1,1
159.200,244.310,206.299,-38.012,50.191,206.299,1,1
159.300,244.188,206.362,-37.827,50.191,206.362,1,1
159.400,244.065,206.424,-37.641,50.192,206.424,1,1
159.500,243.941,206.487,-37.454,50.192,206.487,1,1
159.600,243.815,206.549,-37.266,50.193,206.549,1,1
159.700,243.689,206.611,-37.078,50.193,206.611,1,1
159.800,243.561,206.672,-36.889,50.194,206.672,1,1
159.900,243.432,206.733,-36.698,50.194,206.733,1,1
160.000,243.301,206.794,-36.507,50.195,206.794,1,1
160.100,243.170,206.855,-36.315,50.195,206.855,1,1
160.200,243.037,206.915,-36.122,50.196,206.915,1,1
160.300,242.903,206.975,-35.928,50.196,206.975,1,1
160.400,242.768,207.034,-35.734,50.197,207.034,1,1
160.500,242.632,207.094,-35.538,50.197,207.094,1,1
160.600,242.495,207.152,-35.342,50.198,207.152,1,1
160.700,242.356,207.211,-35.145,50.198,207.211,1,1
160.800,242.216,207.269,-34.947,50.199,207.269,1,1
160.900,242.076,207.327,-34.748,50.199,207.327,1,1
161.000,241.934,207.385,-34.549,50.200,207.385,1,1
161.100,241.790,207.442,-34.348,50.200,207.442,1,1
161.200,241.646,207.499,-34.147,50.201,207.499,1,1
161.300,241.501,207.556,-33.945,50.201,207.556,1,1
161.400,241.354,207.612,-33.742,50.201,207.612,1,1
161.500,241.206,207.668,-33.539,50.202,207.668,1,1
161.600,241.057,207.723,-33.334,50.202,207.723,1,1
161.700,240.907,207.778,-33.129,50.203,207.778,1,1
161.800,240.756,207.833,-32.923,50.203,207.833,1,1
161.900,240.604,207.888,-32.716,50.204,207.888,1,1
162.000,240.451,207.942,-32.509,50.204,207.942,1,1
162.100,240.296,207.996,-32.301,50.205,207.996,1,1
162.200,240.141,208.049,-32.092,50.205,208.049,1,1
162.300,239.984,208.102,-31.882,50.206,208.102,1,1
162.400,239.826,208.155,-31.671,50.206,208.155,1,1
162.500,239.668,208.208,-31.460,50.206,208.208,1,1
162.600,239.508,208.260,-31.248,50.207,208.260,1,1
162.700,239.347,208.312,-31.035,50.207,208.312,1,1
162.800,239.185,208.363,-30.822,50.208,208.363,1,1
162.900,239.022,208.414,-30.608,50.208,208.414,1,1
163.000,238.857,208.465,-30.393,50.209,208.465,1,1
163.100,238.692,208.515,-30.177,50.209,208.515,1,1
163.200,238.526,208.565,-29.961,50.209,208.565,1,1
163.300,238.358,208.614,-29.744,50.210,208.614,1,1
163.400,238.190,208.664,-29.526,50.210,208.664,1,1
163.500,238.020,208.712,-29.308,50.211,208.712,1,1
163.600,237.850,208.761,-29.089,50.211,208.761,1,1
163.700,237.678,208.809,-28.869,50.211,208.809,1,1
163.800,237.506,208.857,-28.649,50.212,208.857,1,1
163.900,237.332,208.904,-28.428,50.212,208.904,1,1
164.000,237.157,208.951,-28.206,50.213,208.951,1,1
164.100,236.982,208.998,-27.984,50.213,208.998,1,1
164.200,236.805,209.044,-27.761,50.213,209.044,1,1
164.300,236.627,209.090,-27.537,50.214,209.090,1,1
164.400,236.448,209.135,-27.313,50.214,209.135,1,1
164.500,236.269,209.181,-27.088,50.215,209.181,1,1
164.600,236.088,209.225,-26.863,50.215,209.225,1,1
164.700,235.906,209.270,-26.637,50.215,209.270,1,1
164.800,235.724,209.314,-26.410,50.216,209.314,1,1
164.900,235.540,209.357,-26.183,50.216,209.357,1,1
165.000,235.355,209.401,-25.955,50.216,209.401,1,1
165.100,235.170,209.444,-25.726,50.217,209.444,1,1
165.200,234.983,209.486,-25.497,50.217,209.486,1,1
165.300,234.796,209.528,-25.267,50.217,209.528,1,1
165.400,234.607,209.570,-25.037,50.218,209.570,1,1
165.500,234.418,209.611,-24.806,50.218,209.611,1,1
165.600,234.227,209.652,-24.575,50.218,209.652,1,1
165.700,234.036,209.693,-24.343,50.219,209.693,1,1
165.800,233.844,209.733,-24.111,50.219,209.733,1,1
165.900,233.651,209.773,-23.878,50.219,209.773,1,1
166.000,233.457,209.812,-23.644,50.220,209.812,1,1
166.100,233.262,209.851,-23.410,50.220,209.851,1,1
166.200,233.066,209.890,-23.176,50.220,209.890,1,1
166.300,232.869,209.928,-22.941,50.221,209.928,1,1
166.400,232.671,209.966,-22.705,50.221,209.966,1,1
166.500,232.472,210.003,-22.469,50.221,210.003,1,1
166.600,232.273,210.040,-22.232,50.222,210.040,1,1
166.700,232.072,210.077,-21.995,50.222,210.077,1,1
166.800,231.871,210.113,-21.758,50.222,210.113,1,1
166.900,231.669,210.149,-21.520,50.223,210.149,1,1
167.000,231.466,210.185,-21.281,50.223,210.185,1,1
167.100,231.262,210.220,-21.042,50.223,210.220,1,1
167.200,231.057,210.254,-20.803,50.223,210.254,1,1
167.300,230.852,210.289,-20.563,50.224,210.289,1,1
167.400,230.645,210.323,-20.323,50.224,210.323,1,1
167.500,230.438,210.356,-20.082,50.224,210.356,1,1
167.600,230.230,210.389,-19.841,50.225,210.389,1,1
167.700,230.021,210.422,-19.599,50.225,210.422,1,1
167.800,229.811,210.454,-19.357,50.225,210.454,1,1
167.900,229.601,210.486,-19.115,50.225,210.486,1,1
168.000,229.389,210.517,-18.872,50.226,210.517,1,1
168.100,229.177,210.548,-18.629,50.226,210.548,1,1
168.200,228.964,210.579,-18.385,50.226,210.579,1,1
168.300,228.750,210.609,-18.141,50.226,210.609,1,1
168.400,228.536,210.639,-17.897,50.227,210.639,1,1
168.500,228.320,210.668,-17.652,50.227,210.668,1,1
168.600,228.104,210.697,-17.407,50.227,210.697,1,1
168.700,227.887,210.726,-17.161,50.227,210.726,1,1
168.800,227.670,210.754,-16.915,50.228,210.754,1,1
168.900,227.451,210.782,-16.669,50.228,210.782,1,1
169.000,227.232,210.809,-16.423,50.228,210.809,1,1
169.100,227.012,210.836,-16.176,50.228,210.836,1,1
169.200,226.791,210.863,-15.928,50.229,210.863,1,1
169.300,226.570,210.889,-15.681,50.229,210.889,1,1
169.400,226.348,210.915,-15.433,50.229,210.915,1,1
169.500,226.125,210.940,-15.185,50.229,210.940,1,1
169.600,225.901,210.965,-14.936,50.229,210.965,1,1
169.700,225.677,210.989,-14.688,50.230,210.989,1,1
169.800,225.452,211.014,-14.439,50.230,211.014,1,1
169.900,225.226,211.037,-14.189,50.230,211.037,1,1
170.000,225.000,211.060,-13.940,50.230,211.060,1,1
170.100,224.773,211.083,-13.690,50.230,211.083,1,1
170.200,224.545,211.106,-13.440,50.231,211.106,1,1
170.300,224.317,211.128,-13.189,50.231,211.128,1,1
170.400,224.088,211.149,-12.938,50.231,211.149,1,1
170.500,223.858,211.170,-12.688,50.231,211.170,1,1
170.600,223.628,211.191,-12.436,50.231,211.191,1,1
170.700,223.396,211.211,-12.185,50.231,211.211,1,1
170.800,223.165,211.231,-11.934,50.232,211.231,1,1
170.900,222.932,211.251,-11.682,50.232,211.251,1,1
171.000,222.700,211.270,-11.430,50.232,211.270,1,1
171.100,222.466,211.288,-11.178,50.232,211.288,1,1
171.200,222.232,211.307,-10.925,50.232,211.307,1,1
171.300,221.997,211.324,-10.673,50.232,211.324,1,1
171.400,221.762,211.342,-10.420,50.233,211.342,1,1
171.500,221.526,211.359,-10.167,50.233,211.359,1,1
171.600,221.289,211.375,-9.914,50.233,211.375,1,1
171.700,221.052,211.391,-9.660,50.233,211.391,1,1
171.800,220.814,211.407,-9.407,50.233,211.407,1,1
171.900,220.576,211.422,-9.153,50.233,211.422,1,1
172.000,220.337,211.437,-8.900,50.233,211.437,1,1
172.100,220.097,211.452,-8.646,50.233,211.452,1,1
172.200,219.857,211.466,-8.392,50.234,211.466,1,1
172.300,219.617,211.479,-8.138,50.234,211.479,1,1
172.400,219.376,211.492,-7.884,50.234,211.492,1,1
172.500,219.134,211.505,-7.629,50.234,211.505,1,1
172.600,218.892,211.517,-7.375,50.234,211.517,1,1
172.700,218.649,211.529,-7.120,50.234,211.529,1,1
172.800,218.406,211.541,-6.866,50.234,211.541,1,1
172.900,218.163,211.552,-6.611,50.234,211.552,1,1
173.000,217.918,211.562,-6.356,50.234,211.562,1,1
173.100,217.674,211.572,-6.101,50.234,211.572,1,1
173.200,217.429,211.582,-5.847,50.235,211.582,1,1
173.300,217.183,211.591,-5.592,50.235,211.591,1,1
173.400,216.937,211.600,-5.337,50.235,211.600,1,1
173.500,216.690,211.609,-5.082,50.235,211.609,1,1
173.600,216.443,211.617,-4.827,50.235,211.617,1,1
173.700,216.196,211.624,-4.571,50.235,211.624,1,1
173.800,215.948,211.632,-4.316,50.235,211.632,1,1
173.900,215.700,211.638,-4.061,50.235,211.638,1,1
174.000,215.451,211.645,-3.806,50.235,211.645,1,1
174.100,215.202,211.651,-3.551,50.235,211.651,1,1
174.200,214.952,211.656,-3.296,50.235,211.656,1,1
174.300,214.702,211.661,-3.041,50.235,211.661,1,1
174.400,214.452,211.666,-2.786,50.235,211.666,1,1
174.500,214.201,211.670,-2.531,50.235,211.670,1,1
174.600,213.950,211.674,-2.276,50.235,211.674,1,1
174.700,213.698,211.677,-2.021,50.235,211.677,1,1
174.800,213.446,211.680,-1.766,50.235,211.680,1,1
174.900,213.194,211.683,-1.511,50.235,211.683,1,1
175.000,212.941,211.685,-1.256,50.235,211.685,1,1
175.100,212.688,211.686,-1.001,50.235,211.686,1,1
175.200,212.434,211.688,-0.747,50.235,211.688,1,1
175.300,212.181,211.688,-0.492,50.235,211.688,1,1
175.400,211.927,211.689,-0.238,50.235,211.689,1,1
175.500,211.672,211.689,0.017,50.235,211.689,1,1
175.600,211.418,211.688,0.271,50.235,211.688,1,1
175.700,211.163,211.688,0.525,50.235,211.688,1,1
175.800,210.907,211.686,0.779,50.235,211.686,1,1
175.900,210.652,211.685,1.033,50.235,211.685,1,1
176.000,210.396,211.682,1.287,50.235,211.682,1,1
176.100,210.139,211.680,1.540,50.235,211.680,1,1
176.200,209.883,211.677,1.794,50.235,211.677,1,1
176.300,209.626,211.673,2.047,50.235,211.673,1,1
176.400,209.369,211.670,2.300,50.235,211.670,1,1
176.500,209.112,211.665,2.554,50.235,211.665,1,1
176.600,208.854,211.661,2.806,50.235,211.661,1,1
176.700,208.596,211.656,3.059,50.235,211.656,1,1
176.800,208.338,211.650,3.312,50.235,211.650,1,1
176.900,208.080,211.644,3.564,50.235,211.644,1,1
177.000,207.822,211.638,3.816,50.235,211.638,1,1
177.100,207.563,211.631,4.068,50.235,211.631,1,1
177.200,207.304,211.624,4.320,50.235,211.624,1,1
177.300,207.045,211.616,4.571,50.235,211.616,1,1
177.400,206.786,211.608,4.822,50.235,211.608,1,1
177.500,206.526,211.600,5.073,50.235,211.600,1,1
177.600,206.267,211.591,5.324,50.235,211.591,1,1
177.700,206.007,211.581,5.575,50.235,211.581,1,1
177.800,205.747,211.572,5.825,50.234,211.572,1,1
177.900,205.487,211.562,6.075,50.234,211.562,1,1
178.000,205.226,211.551,6.325,50.234,211.551,1,1
178.100,204.966,211.540,6.574,50.234,211.540,1,1
178.200,204.705,211.529,6.823,50.234,211.529,1,1
178.300,204.445,211.517,7.072,50.234,211.517,1,1
178.400,204.184,211.505,7.321,50.234,211.505,1,1
178.500,203.923,211.492,7.569,50.234,211.492,1,1
178.600,203.662,211.479,7.817,50.234,211.479,1,1
178.700,203.401,211.466,8.065,50.234,211.466,1,1
178.800,203.140,211.452,8.312,50.233,211.452,1,1
178.900,202.878,211.438,8.559,50.233,211.438,1,1
179.000,202.617,211.423,8.806,50.233,211.423,1,1
179.100,202.355,211.408,9.052,50.233,211.408,1,1
179.200,202.094,211.392,9.299,50.233,211.392,1,1
179.300,201.832,211.376,9.544,50.233,211.376,1,1
179.400,201.571,211.360,9.790,50.233,211.360,1,1
179.500,201.309,211.343,10.035,50.233,211.343,1,1
179.600,201.047,211.326,10.279,50.232,211.326,1,1
179.700,200.785,211.309,10.523,50.232,211.309,1,1
179.800,200.524,211.291,10.767,50.232,211.291,1,1
179.900,200.262,211.272,11.011,50.232,211.272,1,1
180.000,200.000,211.254,11.254,50.232,211.254,1,1
180.100,199.738,211.234,11.496,50.232,211.234,1,1
180.200,199.476,211.215,11.738,50.231,211.215,1,1
180.300,199.215,211.195,11.980,50.231,211.195,1,1
180.400,198.953,211.175,12.222,50.231,211.175,1,1
180.500,198.691,211.154,12.463,50.231,211.154,1,1
180.600,198.429,211.133,12.703,50.231,211.133,1,1
180.700,198.168,211.111,12.943,50.231,211.111,1,1
180.800,197.906,211.089,13.183,50.230,211.089,1,1
180.900,197.645,211.067,13.422,50.230,211.067,1,1
181.000,197.383,211.044,13.661,50.230,211.044,1,1
181.100,197.122,211.021,13.899,50.230,211.021,1,1
181.200,196.860,210.997,14.137,50.230,210.997,1,1
181.300,196.599,210.973,14.374,50.229,210.973,1,1
181.400,196.338,210.949,14.611,50.229,210.949,1,1
181.500,196.077,210.924,14.847,50.229,210.924,1,1
181.600,195.816,210.899,15.083,50.229,210.899,1,1
181.700,195.555,210.873,15.318,50.229,210.873,1,1
181.800,195.295,210.848,15.553,50.228,210.848,1,1
181.900,195.034,210.821,15.787,50.228,210.821,1,1
182.000,194.774,210.795,16.021,50.228,210.795,1,1
182.100,194.513,210.767,16.254,50.228,210.767,1,1
182.200,194.253,210.740,16.487,50.228,210.740,1,1
182.300,193.993,210.712,16.719,50.227,210.712,1,1
182.400,193.733,210.684,16.951,50.227,210.684,1,1
182.500,193.474,210.655,17.182,50.227,210.655,1,1
182.600,193.214,210.626,17.412,50.227,210.626,1,1
182.700,192.955,210.597,17.642,50.226,210.597,1,1
182.800,192.696,210.567,17.871,50.226,210.567,1,1
182.900,192.437,210.537,18.100,50.226,210.537,1,1
183.000,192.178,210.506,18.328,50.226,210.506,1,1
183.100,191.920,210.475,18.556,50.225,210.475,1,1
183.200,191.662,210.444,18.783,50.225,210.444,1,1
183.300,191.404,210.412,19.009,50.225,210.412,1,1
183.400,191.146,210.380,19.235,50.225,210.380,1,1
183.500,190.888,210.348,19.460,50.224,210.348,1,1
183.600,190.631,210.315,19.684,50.224,210.315,1,1
183.700,190.374,210.282,19.908,50.224,210.282,1,1
183.800,190.117,210.248,20.131,50.223,210.248,1,1
183.900,189.861,210.214,20.354,50.223,210.214,1,1
184.000,189.604,210.180,20.576,50.223,210.180,1,1
184.100,189.348,210.146,20.797,50.223,210.146,1,1
184.200,189.093,210.110,21.018,50.222,210.110,1,1
184.300,188.837,210.075,21.238,50.222,210.075,1,1
184.400,188.582,210.039,21.457,50.222,210.039,1,1
184.500,188.328,210.003,21.675,50.221,210.003,1,1
184.600,188.073,209.967,21.893,50.221,209.967,1,1
184.700,187.819,209.930,22.111,50.221,209.930,1,1
184.800,187.566,209.893,22.327,50.220,209.893,1,1
184.900,187.312,209.855,22.543,50.220,209.855,1,1
185.000,187.059,209.817,22.758,50.220,209.817,1,1
185.100,186.806,209.779,22.972,50.220,209.779,1,1
185.200,186.554,209.740,23.186,50.219,209.740,1,1
185.300,186.302,209.701,23.399,50.219,209.701,1,1
185.400,186.050,209.662,23.611,50.219,209.662,1,1
185.500,185.799,209.622,23.823,50.218,209.622,1,1
185.600,185.548,209.582,24.034,50.218,209.582,1,1
185.700,185.298,209.542,24.244,50.218,209.542,1,1
185.800,185.048,209.501,24.453,50.217,209.501,1,1
185.900,184.798,209.460,24.661,50.217,209.460,1,1
186.000,184.549,209.418,24.869,50.217,209.418,1,1
186.100,184.300,209.377,25.076,50.216,209.377,1,1
186.200,184.052,209.334,25.282,50.216,209.334,1,1
186.300,183.804,209.292,25.488,50.215,209.292,1,1
186.400,183.557,209.249,25.692,50.215,209.249,1,1
186.500,183.310,209.206,25.896,50.215,209.206,1,1
186.600,183.063,209.162,26.099,50.214,209.162,1,1
186.700,182.817,209.119,26.302,50.214,209.119,1,1
186.800,182.571,209.074,26.503,50.214,209.074,1,1
186.900,182.326,209.030,26.704,50.213,209.030,1,1
187.000,182.082,208.985,26.904,50.213,208.985,1,1
187.100,181.837,208.940,27.103,50.213,208.940,1,1
187.200,181.594,208.894,27.301,50.212,208.894,1,1
187.300,181.351,208.849,27.498,50.212,208.849,1,1
187.400,181.108,208.802,27.695,50.211,208.802,1,1
187.500,180.866,208.756,27.890,50.211,208.756,1,1
187.600,180.624,208.709,28.085,50.211,208.709,1,1
187.700,180.383,208.662,28.279,50.210,208.662,1,1
187.800,180.143,208.615,28.472,50.210,208.615,1,1
187.900,179.903,208.567,28.664,50.209,208.567,1,1
188.000,179.663,208.519,28.856,50.209,208.519,1,1
188.100,179.424,208.470,29.046,50.209,208.470,1,1
188.200,179.186,208.422,29.236,50.208,208.422,1,1
188.300,178.948,208.373,29.424,50.208,208.373,1,1
188.400,178.711,208.323,29.612,50.207,208.323,1,1
188.500,178.474,208.274,29.799,50.207,208.274,1,1
188.600,178.238,208.224,29.985,50.207,208.224,1,1
188.700,178.003,208.173,30.170,50.206,208.173,1,1
188.800,177.768,208.123,30.354,50.206,208.123,1,1
188.900,177.534,208.072,30.538,50.205,208.072,1,1
189.000,177.300,208.021,30.720,50.205,208.021,1,1
189.100,177.068,207.969,30.902,50.204,207.969,1,1
189.200,176.835,207.917,31.082,50.204,207.917,1,1
189.300,176.604,207.865,31.262,50.204,207.865,1,1
189.400,176.372,207.813,31.440,50.203,207.813,1,1
189.500,176.142,207.760,31.618,50.203,207.760,1,1
189.600,175.912,207.707,31.795,50.202,207.707,1,1
189.700,175.683,207.654,31.971,50.202,207.654,1,1
189.800,175.455,207.600,32.145,50.201,207.600,1,1
189.900,175.227,207.546,32.319,50.201,207.546,1,1
190.000,175.000,207.492,32.492,50.200,207.492,1,1
190.100,174.774,207.438,32.664,50.200,207.438,1,1
190.200,174.548,207.383,32.835,50.200,207.383,1,1
190.300,174.323,207.328,33.005,50.199,207.328,1,1
190.400,174.099,207.273,33.174,50.199,207.273,1,1
190.500,173.875,207.217,33.342,50.198,207.217,1,1
190.600,173.652,207.161,33.509,50.198,207.161,1,1
190.700,173.430,207.105,33.675,50.197,207.105,1,1
190.800,173.209,207.049,33.840,50.197,207.049,1,1
190.900,172.988,206.992,34.004,50.196,206.992,1,1
191.000,172.768,206.935,34.167,50.196,206.935,1,1
191.100,172.549,206.878,34.329,50.195,206.878,1,1
191.200,172.330,206.820,34.490,50.195,206.820,1,1
191.300,172.113,206.763,34.650,50.194,206.763,1,1
191.400,171.896,206.705,34.809,50.194,206.705,1,1
191.500,171.680,206.646,34.967,50.193,206.646,1,1
191.600,171.464,206.588,35.124,50.193,206.588,1,1
191.700,171.250,206.529,35.279,50.192,206.529,1,1
191.800,171.036,206.470,35.434,50.192,206.470,1,1
191.900,170.823,206.411,35.588,50.191,206.411,1,1
192.000,170.611,206.351,35.740,50.191,206.351,1,1
192.100,170.399,206.291,35.892,50.190,206.291,1,1
192.200,170.189,206.231,36.043,50.190,206.231,1,1
192.300,169.979,206.171,36.192,50.189,206.171,1,1
192.400,169.770,206.110,36.340,50.189,206.110,1,1
192.500,169.562,206.050,36.488,50.188,206.050,1,1
192.600,169.355,205.989,36.634,50.188,205.989,1,1
192.700,169.148,205.927,36.779,50.187,205.927,1,1
192.800,168.943,205.866,36.923,50.187,205.866,1,1
192.900,168.738,205.804,37.066,50.186,205.804,1,1
193.000,168.534,205.742,37.208,50.186,205.742,1,1
193.100,168.331,205.680,37.349,50.185,205.680,1,1
193.200,168.129,205.617,37.488,50.185,205.617,1,1
193.300,167.928,205.554,37.627,50.184,205.554,1,1
193.400,167.727,205.492,37.764,50.184,205.492,1,1
193.500,167.528,205.428,37.901,50.183,205.428,1,1
193.600,167.329,205.365,38.036,50.183,205.365,1,1
193.700,167.131,205.301,38.170,50.182,205.301,1,1
193.800,166.934,205.237,38.303,50.182,205.237,1,1
193.900,166.738,205.173,38.435,50.181,205.173,1,1
194.000,166.543,205.109,38.566,50.181,205.109,1,1
194.100,166.349,205.045,38.695,50.180,205.045,1,1
194.200,166.156,204.980,38.824,50.180,204.980,1,1
194.300,165.964,204.915,38.951,50.179,204.915,1,1
194.400,165.773,204.850,39.077,50.178,204.850,1,1
194.500,165.582,204.785,39.202,50.178,204.785,1,1
194.600,165.393,204.719,39.326,50.177,204.719,1,1
194.700,165.204,204.653,39.449,50.177,204.653,1,1
194.800,165.017,204.587,39.571,50.176,204.587,1,1
194.900,164.830,204.521,39.691,50.176,204.521,1,1
195.000,164.645,204.455,39.810,50.175,204.455,1,1
195.100,164.460,204.388,39.928,50.175,204.388,1,1
195.200,164.276,204.322,40.045,50.174,204.322,1,1
195.300,164.094,204.255,40.161,50.173,204.255,1,1
195.400,163.912,204.187,40.275,50.173,204.187,1,1
195.500,163.731,204.120,40.389,50.172,204.120,1,1
195.600,163.552,204.053,40.501,50.172,204.053,1,1
195.700,163.373,203.985,40.612,50.171,203.985,1,1
195.800,163.195,203.917,40.722,50.171,203.917,1,1
195.900,163.018,203.849,40.831,50.170,203.849,1,1
196.000,162.843,203.781,40.938,50.170,203.781,1,1
196.100,162.668,203.712,41.044,50.169,203.712,1,1
196.200,162.494,203.644,41.149,50.168,203.644,1,1
196.300,162.322,203.575,41.253,50.168,203.575,1,1
196.400,162.150,203.506,41.356,50.167,203.506,1,1
196.500,161.980,203.437,41.457,50.167,203.437,1,1
196.600,161.810,203.368,41.558,50.166,203.368,1,1
196.700,161.642,203.298,41.657,50.166,203.298,1,1
196.800,161.474,203.229,41.754,50.165,203.229,1,1
196.900,161.308,203.159,41.851,50.164,203.159,1,1
197.000,161.143,203.089,41.946,50.164,203.089,1,1
197.100,160.978,203.019,42.041,50.163,203.019,1,1
197.200,160.815,202.949,42.134,50.163,202.949,1,1
197.300,160.653,202.878,42.225,50.162,202.878,1,1
197.400,160.492,202.808,42.316,50.161,202.808,1,1
197.500,160.332,202.737,42.405,50.161,202.737,1,1
197.600,160.174,202.666,42.493,50.160,202.666,1,1
197.700,160.016,202.595,42.580,50.160,202.595,1,1
197.800,159.859,202.524,42.665,50.159,202.524,1,1
197.900,159.704,202.453,42.750,50.158,202.453,1,1
198.000,159.549,202.382,42.833,50.158,202.382,1,1
198.100,159.396,202.310,42.914,50.157,202.310,1,1
198.200,159.244,202.239,42.995,50.157,202.239,1,1
198.300,159.093,202.167,43.074,50.156,202.167,1,1
198.400,158.943,202.095,43.152,50.155,202.095,1,1
198.500,158.794,202.023,43.229,50.155,202.023,1,1
198.600,158.646,201.951,43.305,50.154,201.951,1,1
198.700,158.499,201.878,43.379,50.154,201.878,1,1
198.800,158.354,201.806,43.452,50.153,201.806,1,1
198.900,158.210,201.733,43.524,50.152,201.733,1,1
199.000,158.066,201.661,43.594,50.152,201.661,1,1
199.100,157.924,201.588,43.663,50.151,201.588,1,1
199.200,157.784,201.515,43.731,50.151,201.515,1,1
199.300,157.644,201.442,43.798,50.150,201.442,1,1
199.400,157.505,201.369,43.864,50.149,201.369,1,1
199.500,157.368,201.296,43.928,50.149,201.296,1,1
199.600,157.232,201.222,43.991,50.148,201.222,1,1
199.700,157.097,201.149,44.052,50.148,201.149,1,1
199.800,156.963,201.075,44.113,50.147,201.075,1,1
199.900,156.830,201.002,44.172,50.146,201.002,1,1
200.000,156.699,200.928,44.229,50.146,200.928,1,1
200.100,156.568,200.854,44.286,50.145,200.854,1,1
200.200,156.439,200.780,44.341,50.145,200.780,1,1
200.300,156.311,200.706,44.395,50.144,200.706,1,1
200.400,156.185,200.632,44.448,50.143,200.632,1,1
200.500,156.059,200.558,44.499,50.143,200.558,1,1
200.600,155.935,200.484,44.549,50.142,200.484,1,1
200.700,155.812,200.410,44.598,50.141,200.410,1,1
200.800,155.690,200.335,44.645,50.141,200.335,1,1
200.900,155.569,200.261,44.692,50.140,200.261,1,1
201.000,155.450,200.186,44.736,50.140,200.186,1,1
201.100,155.331,200.112,44.780,50.139,200.112,1,1
201.200,155.214,200.037,44.822,50.138,200.037,1,1
201.300,155.099,199.962,44.863,50.138,199.962,1,1
201.400,154.984,199.887,44.903,50.137,199.887,1,1
201.500,154.871,199.812,44.942,50.136,199.812,1,1
201.600,154.759,199.737,44.979,50.136,199.737,1,1
201.700,154.648,199.662,45.015,50.135,199.662,1,1
201.800,154.538,199.587,45.049,50.135,199.587,1,1
201.900,154.430,199.512,45.082,50.134,199.512,1,1
202.000,154.323,199.437,45.114,50.133,199.437,1,1
202.100,154.217,199.362,45.145,50.133,199.362,1,1
202.200,154.112,199.286,45.174,50.132,199.286,1,1
202.300,154.009,199.211,45.202,50.131,199.211,1,1
202.400,153.907,199.136,45.229,50.131,199.136,1,1
202.500,153.806,199.060,45.254,50.130,199.060,1,1
202.600,153.706,198.985,45.278,50.130,198.985,1,1
202.700,153.608,198.909,45.301,50.129,198.909,1,1
202.800,153.511,198.834,45.323,50.128,198.834,1,1
202.900,153.415,198.758,45.343,50.128,198.758,1,1
203.000,153.321,198.683,45.362,50.127,198.683,1,1
203.100,153.228,198.607,45.379,50.126,198.607,1,1
203.200,153.136,198.531,45.395,50.126,198.531,1,1
203.300,153.045,198.456,45.410,50.125,198.456,1,1
203.400,152.956,198.380,45.424,50.125,198.380,1,1
203.500,152.868,198.304,45.436,50.124,198.304,1,1
203.600,152.781,198.228,45.447,50.123,198.228,1,1
203.700,152.696,198.153,45.457,50.123,198.153,1,1
203.800,152.612,198.077,45.465,50.122,198.077,1,1
203.900,152.529,198.001,45.472,50.121,198.001,1,1
204.000,152.447,197.925,45.478,50.121,197.925,1,1
204.100,152.367,197.849,45.483,50.120,197.849,1,1
204.200,152.288,197.774,45.486,50.119,197.774,1,1
204.300,152.210,197.698,45.487,50.119,197.698,1,1
204.400,152.134,197.622,45.488,50.118,197.622,1,1
204.500,152.059,197.546,45.487,50.118,197.546,1,1
204.600,151.985,197.470,45.485,50.117,197.470,1,1
204.700,151.913,197.395,45.482,50.116,197.395,1,1
204.800,151.842,197.319,45.477,50.116,197.319,1,1
204.900,151.772,197.243,45.471,50.115,197.243,1,1
205.000,151.704,197.167,45.464,50.114,197.167,1,1
205.100,151.637,197.091,45.455,50.114,197.091,1,1
205.200,151.571,197.016,45.445,50.113,197.016,1,1
205.300,151.506,196.940,45.434,50.113,196.940,1,1
205.400,151.443,196.864,45.421,50.112,196.864,1,1
205.500,151.382,196.789,45.407,50.111,196.789,1,1
205.600,151.321,196.713,45.392,50.111,196.713,1,1
205.700,151.262,196.637,45.375,50.110,196.637,1,1
205.800,151.204,196.562,45.358,50.109,196.562,1,1
205.900,151.148,196.486,45.338,50.109,196.486,1,1
206.000,151.093,196.411,45.318,50.108,196.411,1,1
206.100,151.039,196.335,45.296,50.107,196.335,1,1
206.200,150.986,196.260,45.273,50.107,196.260,1,1
206.300,150.935,196.184,45.249,50.106,196.184,1,1
206.400,150.886,196.109,45.223,50.106,196.109,1,1
206.500,150.837,196.034,45.196,50.105,196.034,1,1
206.600,150.790,195.958,45.168,50.104,195.958,1,1
206.700,150.745,195.883,45.139,50.104,195.883,1,1
206.800,150.700,195.808,45.108,50.103,195.808,1,1
206.900,150.657,195.733,45.076,50.102,195.733,1,1
207.000,150.616,195.658,45.042,50.102,195.658,1,1
207.100,150.575,195.583,45.007,50.101,195.583,1,1
207.200,150.536,195.508,44.971,50.101,195.508,1,1
207.300,150.499,195.433,44.934,50.100,195.433,1,1
207.400,150.463,195.358,44.895,50.099,195.358,1,1
207.500,150.428,195.283,44.856,50.099,195.283,1,1
207.600,150.394,195.209,44.814,50.098,195.209,1,1
207.700,150.362,195.134,44.772,50.097,195.134,1,1
207.800,150.331,195.059,44.728,50.097,195.059,1,1
207.900,150.302,194.985,44.683,50.096,194.985,1,1
208.000,150.274,194.911,44.637,50.096,194.911,1,1
208.100,150.247,194.836,44.589,50.095,194.836,1,1
208.200,150.222,194.762,44.540,50.094,194.762,1,1
208.300,150.198,194.688,44.490,50.094,194.688,1,1
208.400,150.175,194.614,44.438,50.093,194.614,1,1
208.500,150.154,194.540,44.386,50.093,194.540,1,1
208.600,150.134,194.466,44.332,50.092,194.466,1,1
208.700,150.116,194.392,44.276,50.091,194.392,1,1
208.800,150.099,194.318,44.220,50.091,194.318,1,1
208.900,150.083,194.245,44.162,50.090,194.245,1,1
209.000,150.069,194.171,44.103,50.089,194.171,1,1
209.100,150.056,194.098,44.042,50.089,194.098,1,1
209.200,150.044,194.025,43.981,50.088,194.025,1,1
209.300,150.034,193.951,43.918,50.088,193.951,1,1
209.400,150.025,193.878,43.854,50.087,193.878,1,1
209.500,150.017,193.805,43.788,50.086,193.805,1,1
209.600,150.011,193.733,43.722,50.086,193.733,1,1
209.700,150.006,193.660,43.654,50.085,193.660,1,1
209.800,150.003,193.587,43.584,50.085,193.587,1,1
209.900,150.001,193.515,43.514,50.084,193.515,1,1
210.000,150.000,193.442,43.442,50.083,193.442,1,1
210.100,150.001,193.370,43.369,50.083,193.370,1,1
210.200,150.003,193.298,43.295,50.082,193.298,1,1
210.300,150.006,193.226,43.220,50.082,193.226,1,1
210.400,150.011,193.154,43.143,50.081,193.154,1,1
210.500,150.017,193.082,43.065,50.080,193.082,1,1
210.600,150.025,193.010,42.986,50.080,193.010,1,1
210.700,150.034,192.939,42.905,50.079,192.939,1,1
210.800,150.044,192.868,42.824,50.079,192.868,1,1
210.900,150.056,192.796,42.741,50.078,192.796,1,1
211.000,150.069,192.725,42.657,50.077,192.725,1,1
211.100,150.083,192.654,42.571,50.077,192.654,1,1
211.200,150.099,192.583,42.485,50.076,192.583,1,1
211.300,150.116,192.513,42.397,50.076,192.513,1,1
211.400,150.134,192.442,42.308,50.075,192.442,1,1
211.500,150.154,192.372,42.218,50.074,192.372,1,1
211.600,150.175,192.302,42.126,50.074,192.302,1,1
211.700,150.198,192.232,42.034,50.073,192.232,1,1
211.800,150.222,192.162,41.940,50.073,192.162,1,1
211.900,150.247,192.092,41.845,50.072,192.092,1,1
212.000,150.274,192.022,41.748,50.072,192.022,1,1
212.100,150.302,191.953,41.651,50.071,191.953,1,1
212.200,150.331,191.884,41.552,50.070,191.884,1,1
212.300,150.362,191.815,41.452,50.070,191.815,1,1
212.400,150.394,191.746,41.351,50.069,191.746,1,1
212.500,150.428,191.677,41.249,50.069,191.677,1,1
212.600,150.463,191.608,41.146,50.068,191.608,1,1
212.700,150.499,191.540,41.041,50.068,191.540,1,1
212.800,150.536,191.472,40.935,50.067,191.472,1,1
212.900,150.575,191.404,40.828,50.066,191.404,1,1
213.000,150.616,191.336,40.720,50.066,191.336,1,1
213.100,150.657,191.268,40.611,50.065,191.268,1,1
213.200,150.700,191.201,40.500,50.065,191.201,1,1
213.300,150.745,191.133,40.389,50.064,191.133,1,1
213.400,150.790,191.066,40.276,50.064,191.066,1,1
213.500,150.837,190.999,40.162,50.063,190.999,1,1
213.600,150.886,190.933,40.047,50.062,190.933,1,1
213.700,150.935,190.866,39.931,50.062,190.866,1,1
213.800,150.986,190.800,39.813,50.061,190.800,1,1
213.900,151.039,190.733,39.695,50.061,190.733,1,1
214.000,151.093,190.668,39.575,50.060,190.668,1,1
214.100,151.148,190.602,39.454,50.060,190.602,1,1
214.200,151.204,190.536,39.332,50.059,190.536,1,1
214.300,151.262,190.471,39.209,50.059,190.471,1,1
214.400,151.321,190.406,39.085,50.058,190.406,1,1
214.500,151.382,190.341,38.959,50.058,190.341,1,1
214.600,151.443,190.276,38.833,50.057,190.276,1,1
214.700,151.506,190.212,38.705,50.056,190.212,1,1
214.800,151.571,190.147,38.576,50.056,190.147,1,1
214.900,151.637,190.083,38.447,50.055,190.083,1,1
215.000,151.704,190.019,38.316,50.055,190.019,1,1
215.100,151.772,189.956,38.184,50.054,189.956,1,1
215.200,151.842,189.892,38.050,50.054,189.892,1,1
215.300,151.913,189.829,37.916,50.053,189.829,1,1
215.400,151.985,189.766,37.781,50.053,189.766,1,1
215.500,152.059,189.703,37.644,50.052,189.703,1,1
215.600,152.134,189.641,37.507,50.052,189.641,1,1
215.700,152.210,189.579,37.368,50.051,189.579,1,1
215.800,152.288,189.517,37.229,50.051,189.517,1,1
215.900,152.367,189.455,37.088,50.050,189.455,1,1
216.000,152.447,189.393,36.946,50.050,189.393,1,1
216.100,152.529,189.332,36.803,50.049,189.332,1,1
216.200,152.612,189.271,36.659,50.049,189.271,1,1
216.300,152.696,189.210,36.514,50.048,189.210,1,1
216.400,152.781,189.149,36.368,50.048,189.149,1,1
216.500,152.868,189.089,36.221,50.047,189.089,1,1
216.600,152.956,189.029,36.073,50.047,189.029,1,1
216.700,153.045,188.969,35.924,50.046,188.969,1,1
216.800,153.136,188.909,35.773,50.046,188.909,1,1
216.900,153.228,188.850,35.622,50.045,188.850,1,1
217.000,153.321,188.791,35.470,50.045,188.791,1,1
217.100,153.415,188.732,35.316,50.044,188.732,1,1
217.200,153.511,188.673,35.162,50.044,188.673,1,1
217.300,153.608,188.615,35.007,50.043,188.615,1,1
217.400,153.706,188.557,34.850,50.043,188.557,1,1
217.500,153.806,188.499,34.693,50.042,188.499,1,1
217.600,153.907,188.441,34.535,50.042,188.441,1,1
217.700,154.009,188.384,34.375,50.041,188.384,1,1
217.800,154.112,188.327,34.215,50.041,188.327,1,1
217.900,154.217,188.270,34.054,50.040,188.270,1,1
218.000,154.323,188.214,33.891,50.040,188.214,1,1
218.100,154.430,188.158,33.728,50.039,188.158,1,1
218.200,154.538,188.102,33.564,50.039,188.102,1,1
218.300,154.648,188.046,33.398,50.038,188.046,1,1
218.400,154.759,187.991,33.232,50.038,187.991,1,1
218.500,154.871,187.936,33.065,50.037,187.936,1,1
218.600,154.984,187.881,32.897,50.037,187.881,1,1
218.700,155.099,187.826,32.728,50.037,187.826,1,1
218.800,155.214,187.772,32.558,50.036,187.772,1,1
218.900,155.331,187.718,32.387,50.036,187.718,1,1
219.000,155.450,187.664,32.215,50.035,187.664,1,1
219.100,155.569,187.611,32.042,50.035,187.611,1,1
219.200,155.690,187.558,31.868,50.034,187.558,1,1
219.300,155.812,187.505,31.693,50.034,187.505,1,1
219.400,155.935,187.452,31.518,50.033,187.452,1,1
219.500,156.059,187.400,31.341,50.033,187.400,1,1
219.600,156.185,187.348,31.164,50.033,187.348,1,1
219.700,156.311,187.297,30.985,50.032,187.297,1,1
219.800,156.439,187.245,30.806,50.032,187.245,1,1
219.900,156.568,187.194,30.626,50.031,187.194,1,1
220.000,156.699,187.143,30.445,50.031,187.143,1,1
220.100,156.830,187.093,30.263,50.030,187.093,1,1
220.200,156.963,187.043,30.080,50.030,187.043,1,1
220.300,157.097,186.993,29.896,50.030,186.993,1,1
220.400,157.232,186.944,29.712,50.029,186.944,1,1
220.500,157.368,186.894,29.526,50.029,186.894,1,1
220.600,157.505,186.845,29.340,50.028,186.845,1,1
220.700,157.644,186.797,29.153,50.028,186.797,1,1
220.800,157.784,186.749,28.965,50.028,186.749,1,1
220.900,157.924,186.701,28.776,50.027,186.701,1,1
221.000,158.066,186.653,28.587,50.027,186.653,1,1
221.100,158.210,186.606,28.396,50.026,186.606,1,1
221.200,158.354,186.559,28.205,50.026,186.559,1,1
221.300,158.499,186.512,28.013,50.026,186.512,1,1
221.400,158.646,186.466,27.820,50.025,186.466,1,1
221.500,158.794,186.420,27.626,50.025,186.420,1,1
221.600,158.943,186.374,27.431,50.024,186.374,1,1
221.700,159.093,186.328,27.236,50.024,186.328,1,1
221.800,159.244,186.283,27.040,50.024,186.283,1,1
221.900,159.396,186.239,26.843,50.023,186.239,1,1
222.000,159.549,186.194,26.645,50.023,186.194,1,1
222.100,159.704,186.150,26.447,50.023,186.150,1,1
222.200,159.859,186.106,26.247,50.022,186.106,1,1
222.300,160.016,186.063,26.047,50.022,186.063,1,1
222.400,160.174,186.020,25.846,50.022,186.020,1,1
222.500,160.332,185.977,25.645,50.021,185.977,1,1
222.600,160.492,185.935,25.443,50.021,185.935,1,1
222.700,160.653,185.893,25.239,50.020,185.893,1,1
222.800,160.815,185.851,25.036,50.020,185.851,1,1
222.900,160.978,185.810,24.831,50.020,185.810,1,1
223.000,161.143,185.769,24.626,50.019,185.769,1,1
223.100,161.308,185.728,24.420,50.019,185.728,1,1
223.200,161.474,185.688,24.213,50.019,185.688,1,1
223.300,161.642,185.647,24.006,50.018,185.647,1,1
223.400,161.810,185.608,23.798,50.018,185.608,1,1
223.500,161.980,185.569,23.589,50.018,185.569,1,1
223.600,162.150,185.530,23.379,50.017,185.530,1,1
223.700,162.322,185.491,23.169,50.017,185.491,1,1
223.800,162.494,185.453,22.958,50.017,185.453,1,1
223.900,162.668,185.415,22.747,50.016,185.415,1,1
224.000,162.843,185.377,22.534,50.016,185.377,1,1
224.100,163.018,185.340,22.322,50.016,185.340,1,1
224.200,163.195,185.303,22.108,50.016,185.303,1,1
224.300,163.373,185.267,21.894,50.015,185.267,1,1
224.400,163.552,185.231,21.679,50.015,185.231,1,1
224.500,163.731,185.195,21.463,50.015,185.195,1,1
224.600,163.912,185.159,21.247,50.014,185.159,1,1
224.700,164.094,185.124,21.031,50.014,185.124,1,1
224.800,164.276,185.090,20.813,50.014,185.090,1,1
224.900,164.460,185.055,20.595,50.013,185.055,1,1
225.000,164.645,185.021,20.377,50.013,185.021,1,1
225.100,164.830,184.988,20.157,50.013,184.988,1,1
225.200,165.017,184.954,19.938,50.013,184.954,1,1
225.300,165.204,184.922,19.717,50.012,184.922,1,1
225.400,165.393,184.889,19.496,50.012,184.889,1,1
225.500,165.582,184.857,19.275,50.012,184.857,1,1
225.600,165.773,184.825,19.053,50.012,184.825,1,1
225.700,165.964,184.794,18.830,50.011,184.794,1,1
225.800,166.156,184.763,18.607,50.011,184.763,1,1
225.900,166.349,184.732,18.383,50.011,184.732,1,1
226.000,166.543,184.702,18.158,50.011,184.702,1,1
226.100,166.738,184.672,17.934,50.010,184.672,1,1
226.200,166.934,184.643,17.708,50.010,184.643,1,1
226.300,167.131,184.613,17.482,50.010,184.613,1,1
226.400,167.329,184.585,17.256,50.010,184.585,1,1
226.500,167.528,184.556,17.029,50.009,184.556,1,1
226.600,167.727,184.528,16.801,50.009,184.528,1,1
226.700,167.928,184.501,16.573,50.009,184.501,1,1
226.800,168.129,184.473,16.345,50.009,184.473,1,1
226.900,168.331,184.447,16.116,50.008,184.447,1,1
227.000,168.534,184.420,15.886,50.008,184.420,1,1
227.100,168.738,184.394,15.656,50.008,184.394,1,1
227.200,168.943,184.368,15.426,50.008,184.368,1,1
227.300,169.148,184.343,15.195,50.008,184.343,1,1
227.400,169.355,184.318,14.963,50.007,184.318,1,1
227.500,169.562,184.293,14.732,50.007,184.293,1,1
227.600,169.770,184.269,14.499,50.007,184.269,1,1
227.700,169.979,184.246,14.267,50.007,184.246,1,1
227.800,170.189,184.222,14.033,50.007,184.222,1,1
227.900,170.399,184.199,13.800,50.006,184.199,1,1
228.000,170.611,184.177,13.566,50.006,184.177,1,1
228.100,170.823,184.154,13.331,50.006,184.154,1,1
228.200,171.036,184.132,13.097,50.006,184.132,1,1
228.300,171.250,184.111,12.861,50.006,184.111,1,1
228.400,171.464,184.090,12.626,50.005,184.090,1,1
228.500,171.680,184.069,12.390,50.005,184.069,1,1
228.600,171.896,184.049,12.153,50.005,184.049,1,1
228.700,172.113,184.029,11.916,50.005,184.029,1,1
228.800,172.330,184.010,11.679,50.005,184.010,1,1
228.900,172.549,183.991,11.442,50.005,183.991,1,1
229.000,172.768,183.972,11.204,50.004,183.972,1,1
229.100,172.988,183.954,10.966,50.004,183.954,1,1
229.200,173.209,183.936,10.727,50.004,183.936,1,1
229.300,173.430,183.918,10.488,50.004,183.918,1,1
229.400,173.652,183.901,10.249,50.004,183.901,1,1
229.500,173.875,183.885,10.010,50.004,183.885,1,1
229.600,174.099,183.868,9.770,50.004,183.868,1,1
229.700,174.323,183.852,9.530,50.003,183.852,1,1
229.800,174.548,183.837,9.289,50.003,183.837,1,1
229.900,174.774,183.822,9.048,50.003,183.822,1,1
230.000,175.000,183.807,8.807,50.003,183.807,1,1
230.100,175.227,183.793,8.566,50.003,183.793,1,1
230.200,175.455,183.779,8.324,50.003,183.779,1,1
230.300,175.683,183.766,8.082,50.003,183.766,1,1
230.400,175.912,183.753,7.840,50.003,183.753,1,1
230.500,176.142,183.740,7.598,50.003,183.740,1,1
230.600,176.372,183.728,7.355,50.002,183.728,1,1
230.700,176.604,183.716,7.112,50.002,183.716,1,1
230.800,176.835,183.704,6.869,50.002,183.704,1,1
230.900,177.068,183.693,6.626,50.002,183.693,1,1
231.000,177.300,183.683,6.382,50.002,183.683,1,1
231.100,177.534,183.672,6.138,50.002,183.672,1,1
231.200,177.768,183.663,5.894,50.002,183.663,1,1
231.300,178.003,183.653,5.650,50.002,183.653,1,1
231.400,178.238,183.644,5.406,50.002,183.644,1,1
231.500,178.474,183.636,5.161,50.002,183.636,1,1
231.600,178.711,183.627,4.916,50.002,183.627,1,1
231.700,178.948,183.620,4.671,50.002,183.620,1,1
231.800,179.186,183.612,4.426,50.001,183.612,1,1
231.900,179.424,183.605,4.181,50.001,183.605,1,1
232.000,179.663,183.599,3.935,50.001,183.599,1,1
232.100,179.903,183.593,3.690,50.001,183.593,1,1
232.200,180.143,183.587,3.444,50.001,183.587,1,1
232.300,180.383,183.581,3.198,50.001,183.581,1,1
232.400,180.624,183.577,2.952,50.001,183.577,1,1
232.500,180.866,183.572,2.706,50.001,183.572,1,1
232.600,181.108,183.568,2.460,50.001,183.568,1,1
232.700,181.351,183.564,2.214,50.001,183.564,1,1
232.800,181.594,183.561,1.967,50.001,183.561,1,1
232.900,181.837,183.558,1.721,50.001,183.558,1,1
233.000,182.082,183.556,1.474,50.001,183.556,1,1
233.100,182.326,183.554,1.227,50.001,183.554,1,1
233.200,182.571,183.552,0.981,50.001,183.552,1,1
233.300,182.817,183.551,0.734,50.001,183.551,1,1
233.400,183.063,183.550,0.487,50.001,183.550,1,1
233.500,183.310,183.550,0.240,50.001,183.550,1,1
233.600,183.557,183.550,-0.007,50.001,183.550,1,1
233.700,183.804,183.550,-0.254,50.001,183.550,1,1
233.800,184.052,183.551,-0.501,50.001,183.551,1,1
233.900,184.300,183.552,-0.748,50.001,183.552,1,1
234.000,184.549,183.554,-0.995,50.001,183.554,1,1
234.100,184.798,183.556,-1.243,50.001,183.556,1,1
234.200,185.048,183.558,-1.490,50.001,183.558,1,1
234.300,185.298,183.561,-1.737,50.001,183.561,1,1
234.400,185.548,183.564,-1.984,50.001,183.564,1,1
234.500,185.799,183.568,-2.231,50.001,183.568,1,1
234.600,186.050,183.572,-2.478,50.001,183.572,1,1
234.700,186.302,183.577,-2.725,50.001,183.577,1,1
234.800,186.554,183.582,-2.972,50.001,183.582,1,1
234.900,186.806,183.587,-3.219,50.001,183.587,1,1
235.000,187.059,183.593,-3.466,50.001,183.593,1,1
235.100,187.312,183.599,-3.713,50.001,183.599,1,1
235.200,187.566,183.606,-3.960,50.001,183.606,1,1
235.300,187.819,183.613,-4.207,50.001,183.613,1,1
235.400,188.073,183.620,-4.453,50.002,183.620,1,1
235.500,188.328,183.628,-4.700,50.002,183.628,1,1
235.600,188.582,183.636,-4.946,50.002,183.636,1,1
235.700,188.837,183.645,-5.193,50.002,183.645,1,1
235.800,189.093,183.654,-5.439,50.002,183.654,1,1
235.900,189.348,183.663,-5.685,50.002,183.663,1,1
236.000,189.604,183.673,-5.931,50.002,183.673,1,1
236.100,189.861,183.684,-6.177,50.002,183.684,1,1
236.200,190.117,183.694,-6.423,50.002,183.694,1,1
236.300,190.374,183.705,-6.668,50.002,183.705,1,1
236.400,190.631,183.717,-6.914,50.002,183.717,1,1
236.500,190.888,183.729,-7.159,50.002,183.729,1,1
236.600,191.146,183.741,-7.405,50.003,183.741,1,1
236.700,191.404,183.754,-7.650,50.003,183.754,1,1
236.800,191.662,183.767,-7.894,50.003,183.767,1,1
236.900,191.920,183.781,-8.139,50.003,183.781,1,1
237.000,192.178,183.795,-8.384,50.003,183.795,1,1
237.100,192.437,183.809,-8.628,50.003,183.809,1,1
237.200,192.696,183.824,-8.872,50.003,183.824,1,1
237.300,192.955,183.839,-9.116,50.003,183.839,1,1
237.400,193.214,183.855,-9.360,50.003,183.855,1,1
237.500,193.474,183.871,-9.603,50.004,183.871,1,1
237.600,193.733,183.887,-9.846,50.004,183.887,1,1
237.700,193.993,183.904,-10.089,50.004,183.904,1,1
237.800,194.253,183.921,-10.332,50.004,183.921,1,1
237.900,194.513,183.939,-10.575,50.004,183.939,1,1
238.000,194.774,183.957,-10.817,50.004,183.957,1,1
238.100,195.034,183.975,-11.059,50.004,183.975,1,1
238.200,195.295,183.994,-11.301,50.005,183.994,1,1
238.300,195.555,184.013,-11.542,50.005,184.013,1,1
238.400,195.816,184.033,-11.783,50.005,184.033,1,1
238.500,196.077,184.053,-12.024,50.005,184.053,1,1
238.600,196.338,184.073,-12.265,50.005,184.073,1,1
238.700,196.599,184.094,-12.505,50.005,184.094,1,1
238.800,196.860,184.115,-12.745,50.006,184.115,1,1
238.900,197.122,184.137,-12.985,50.006,184.137,1,1
239.000,197.383,184.159,-13.224,50.006,184.159,1,1
239.100,197.645,184.182,-13.463,50.006,184.182,1,1
239.200,197.906,184.204,-13.702,50.006,184.204,1,1
239.300,198.168,184.228,-13.940,50.007,184.228,1,1
239.400,198.429,184.251,-14.178,50.007,184.251,1,1
239.500,198.691,184.275,-14.416,50.007,184.275,1,1
239.600,198.953,184.300,-14.653,50.007,184.300,1,1
239.700,199.215,184.325,-14.890,50.007,184.325,1,1
239.800,199.476,184.350,-15.127,50.008,184.350,1,1
239.900,199.738,184.375,-15.363,50.008,184.375,1,1
240.000,200.000,184.401,-15.599,50.008,184.401,1,1
240.100,200.262,184.428,-15.834,50.008,184.428,1,1
240.200,200.524,184.454,-16.069,50.008,184.454,1,1
240.300,200.785,184.482,-16.304,50.009,184.482,1,1
240.400,201.047,184.509,-16.538,50.009,184.509,1,1
240.500,201.309,184.537,-16.772,50.009,184.537,1,1
240.600,201.571,184.566,-17.005,50.009,184.566,1,1
240.700,201.832,184.594,-17.238,50.010,184.594,1,1
240.800,202.094,184.623,-17.470,50.010,184.623,1,1
240.900,202.355,184.653,-17.702,50.010,184.653,1,1
241.000,202.617,184.683,-17.934,50.010,184.683,1,1
241.100,202.878,184.713,-18.165,50.011,184.713,1,1
241.200,203.140,184.744,-18.396,50.011,184.744,1,1
241.300,203.401,184.775,-18.626,50.011,184.775,1,1
241.400,203.662,184.806,-18.856,50.011,184.806,1,1
241.500,203.923,184.838,-19.085,50.012,184.838,1,1
241.600,204.184,184.870,-19.314,50.012,184.870,1,1
241.700,204.445,184.903,-19.542,50.012,184.903,1,1
241.800,204.705,184.936,-19.770,50.012,184.936,1,1
241.900,204.966,184.969,-19.997,50.013,184.969,1,1
242.000,205.226,185.003,-20.224,50.013,185.003,1,1
242.100,205.487,185.037,-20.450,50.013,185.037,1,1
242.200,205.747,185.071,-20.676,50.014,185.071,1,1
242.300,206.007,185.106,-20.901,50.014,185.106,1,1
242.400,206.267,185.141,-21.125,50.014,185.141,1,1
242.500,206.526,185.177,-21.349,50.014,185.177,1,1
242.600,206.786,185.213,-21.573,50.015,185.213,1,1
242.700,207.045,185.249,-21.796,50.015,185.249,1,1
242.800,207.304,185.286,-22.018,50.015,185.286,1,1
242.900,207.563,185.323,-22.240,50.016,185.323,1,1
243.000,207.822,185.360,-22.461,50.016,185.360,1,1
243.100,208.080,185.398,-22.682,50.016,185.398,1,1
243.200,208.338,185.436,-22.902,50.017,185.436,1,1
243.300,208.596,185.475,-23.122,50.017,185.475,1,1
243.400,208.854,185.514,-23.340,50.017,185.514,1,1
243.500,209.112,185.553,-23.559,50.018,185.553,1,1
243.600,209.369,185.593,-23.776,50.018,185.593,1,1
243.700,209.626,185.633,-23.993,50.018,185.633,1,1
243.800,209.883,185.673,-24.210,50.019,185.673,1,1
243.900,210.139,185.714,-24.426,50.019,185.714,1,1
244.000,210.396,185.755,-24.641,50.019,185.755,1,1
244.100,210.652,185.796,-24.855,50.020,185.796,1,1
244.200,210.907,185.838,-25.069,50.020,185.838,1,1
244.300,211.163,185.880,-25.282,50.020,185.880,1,1
244.400,211.418,185.923,-25.495,50.021,185.923,1,1
244.500,211.672,185.965,-25.707,50.021,185.965,1,1
244.600,211.927,186.009,-25.918,50.021,186.009,1,1
244.700,212.181,186.052,-26.129,50.022,186.052,1,1
244.800,212.434,186.096,-26.338,50.022,186.096,1,1
244.900,212.688,186.140,-26.548,50.023,186.140,1,1
245.000,212.941,186.185,-26.756,50.023,186.185,1,1
245.100,213.194,186.230,-26.964,50.023,186.230,1,1
245.200,213.446,186.275,-27.171,50.024,186.275,1,1
245.300,213.698,186.321,-27.377,50.024,186.321,1,1
245.400,213.950,186.367,-27.583,50.024,186.367,1,1
245.500,214.201,186.413,-27.788,50.025,186.413,1,1
245.600,214.452,186.460,-27.992,50.025,186.460,1,1
245.700,214.702,186.507,-28.195,50.026,186.507,1,1
245.800,214.952,186.554,-28.398,50.026,186.554,1,1
245.900,215.202,186.602,-28.600,50.026,186.602,1,1
246.000,215.451,186.650,-28.801,50.027,186.650,1,1
246.100,215.700,186.698,-29.002,50.027,186.698,1,1
246.200,215.948,186.747,-29.201,50.028,186.747,1,1
246.300,216.196,186.796,-29.400,50.028,186.796,1,1
246.400,216.443,186.845,-29.598,50.028,186.845,1,1
246.500,216.690,186.895,-29.796,50.029,186.895,1,1
246.600,216.937,186.945,-29.992,50.029,186.945,1,1
246.700,217.183,186.995,-30.188,50.030,186.995,1,1
246.800,217.429,187.046,-30.383,50.030,187.046,1,1
246.900,217.674,187.097,-30.577,50.030,187.097,1,1
247.000,217.918,187.148,-30.770,50.031,187.148,1,1
247.100,218.163,187.200,-30.963,50.031,187.200,1,1
247.200,218.406,187.251,-31.155,50.032,187.251,1,1
247.300,218.649,187.304,-31.346,50.032,187.304,1,1
247.400,218.892,187.356,-31.536,50.033,187.356,1,1
247.500,219.134,187.409,-31.725,50.033,187.409,1,1
247.600,219.376,187.462,-31.913,50.034,187.462,1,1
247.700,219.617,187.516,-32.101,50.034,187.516,1,1
247.800,219.857,187.570,-32.288,50.034,187.570,1,1
247.900,220.097,187.624,-32.474,50.035,187.624,1,1
248.000,220.337,187.678,-32.659,50.035,187.678,1,1
248.100,220.576,187.733,-32.843,50.036,187.733,1,1
248.200,220.814,187.788,-33.026,50.036,187.788,1,1
248.300,221.052,187.843,-33.208,50.037,187.843,1,1
248.400,221.289,187.899,-33.390,50.037,187.899,1,1
248.500,221.526,187.955,-33.571,50.038,187.955,1,1
248.600,221.762,188.011,-33.750,50.038,188.011,1,1
248.700,221.997,188.068,-33.929,50.039,188.068,1,1
248.800,222.232,188.125,-34.107,50.039,188.125,1,1
248.900,222.466,188.182,-34.284,50.040,188.182,1,1
249.000,222.700,188.239,-34.460,50.040,188.239,1,1
249.100,222.932,188.297,-34.636,50.040,188.297,1,1
249.200,223.165,188.355,-34.810,50.041,188.355,1,1
249.300,223.396,188.413,-34.983,50.041,188.413,1,1
249.400,223.628,188.472,-35.156,50.042,188.472,1,1
249.500,223.858,188.531,-35.327,50.042,188.531,1,1
249.600,224.088,188.590,-35.498,50.043,188.590,1,1
249.700,224.317,188.649,-35.668,50.043,188.649,1,1
249.800,224.545,188.709,-35.836,50.044,188.709,1,1
249.900,224.773,188.769,-36.004,50.044,188.769,1,1
250.000,225.000,188.829,-36.171,50.045,188.829,1,1
250.100,225.226,188.890,-36.337,50.045,188.890,1,1
250.200,225.452,188.951,-36.501,50.046,188.951,1,1
250.300,225.677,189.012,-36.665,50.046,189.012,1,1
250.400,225.901,189.073,-36.828,50.047,189.073,1,1
250.500,226.125,189.135,-36.990,50.047,189.135,1,1
250.600,226.348,189.197,-37.151,50.048,189.197,1,1
250.700,226.570,189.259,-37.311,50.049,189.259,1,1
250.800,226.791,189.321,-37.470,50.049,189.321,1,1
250.900,227.012,189.384,-37.628,50.050,189.384,1,1
251.000,227.232,189.447,-37.785,50.050,189.447,1,1
251.100,227.451,189.510,-37.941,50.051,189.510,1,1
251.200,227.670,189.574,-38.096,50.051,189.574,1,1
251.300,227.887,189.638,-38.250,50.052,189.638,1,1
251.400,228.104,189.702,-38.403,50.052,189.702,1,1
251.500,228.320,189.766,-38.555,50.053,189.766,1,1
251.600,228.536,189.830,-38.705,50.053,189.830,1,1
251.700,228.750,189.895,-38.855,50.054,189.895,1,1
251.800,228.964,189.960,-39.004,50.054,189.960,1,1
251.900,229.177,190.025,-39.152,50.055,190.025,1,1
252.000,229.389,190.091,-39.298,50.055,190.091,1,1
252.100,229.601,190.157,-39.444,50.056,190.157,1,1
252.200,229.811,190.223,-39.589,50.057,190.223,1,1
252.300,230.021,190.289,-39.732,50.057,190.289,1,1
252.400,230.230,190.355,-39.875,50.058,190.355,1,1
252.500,230.438,190.422,-40.016,50.058,190.422,1,1
252.600,230.645,190.489,-40.157,50.059,190.489,1,1
252.700,230.852,190.556,-40.296,50.059,190.556,1,1
252.800,231.057,190.623,-40.434,50.060,190.623,1,1
252.900,231.262,190.691,-40.571,50.060,190.691,1,1
253.000,231.466,190.759,-40.707,50.061,190.759,1,1
253.100,231.669,190.827,-40.842,50.062,190.827,1,1
253.200,231.871,190.895,-40.976,50.062,190.895,1,1
253.300,232.072,190.964,-41.109,50.063,190.964,1,1
253.400,232.273,191.032,-41.240,50.063,191.032,1,1
253.500,232.472,191.101,-41.371,50.064,191.101,1,1
253.600,232.671,191.171,-41.500,50.064,191.171,1,1
253.700,232.869,191.240,-41.629,50.065,191.240,1,1
253.800,233.066,191.310,-41.756,50.066,191.310,1,1
253.900,233.262,191.379,-41.882,50.066,191.379,1,1
254.000,233.457,191.449,-42.007,50.067,191.449,1,1
254.100,233.651,191.520,-42.131,50.067,191.520,1,1
254.200,233.844,191.590,-42.254,50.068,191.590,1,1
254.300,234.036,191.661,-42.375,50.069,191.661,1,1
254.400,234.227,191.731,-42.496,50.069,191.731,1,1
254.500,234.418,191.802,-42.615,50.070,191.802,1,1
254.600,234.607,191.874,-42.733,50.070,191.874,1,1
254.700,234.796,191.945,-42.851,50.071,191.945,1,1
254.800,234.983,192.017,-42.966,50.071,192.017,1,1
254.900,235.170,192.089,-43.081,50.072,192.089,1,1
255.000,235.355,192.161,-43.195,50.073,192.161,1,1
255.100,235.540,192.233,-43.307,50.073,192.233,1,1
255.200,235.724,192.305,-43.419,50.074,192.305,1,1
255.300,235.906,192.378,-43.529,50.074,192.378,1,1
255.400,236.088,192.450,-43.638,50.075,192.450,1,1
255.500,236.269,192.523,-43.745,50.076,192.523,1,1
255.600,236.448,192.596,-43.852,50.076,192.596,1,1
255.700,236.627,192.670,-43.958,50.077,192.670,1,1
255.800,236.805,192.743,-44.062,50.078,192.743,1,1
255.900,236.982,192.817,-44.165,50.078,192.817,1,1
256.000,237.157,192.890,-44.267,50.079,192.890,1,1
256.100,237.332,192.964,-44.368,50.079,192.964,1,1
256.200,237.506,193.038,-44.467,50.080,193.038,1,1
256.300,237.678,193.113,-44.565,50.081,193.113,1,1
256.400,237.850,193.187,-44.663,50.081,193.187,1,1
256.500,238.020,193.262,-44.758,50.082,193.262,1,1
256.600,238.190,193.337,-44.853,50.082,193.337,1,1
256.700,238.358,193.411,-44.947,50.083,193.411,1,1
256.800,238.526,193.487,-45.039,50.084,193.487,1,1
256.900,238.692,193.562,-45.130,50.084,193.562,1,1
257.000,238.857,193.637,-45.220,50.085,193.637,1,1
257.100,239.022,193.713,-45.309,50.086,193.713,1,1
257.200,239.185,193.788,-45.396,50.086,193.788,1,1
257.300,239.347,193.864,-45.483,50.087,193.864,1,1
257.400,239.508,193.940,-45.568,50.088,193.940,1,1
257.500,239.668,194.016,-45.652,50.088,194.016,1,1
257.600,239.826,194.092,-45.734,50.089,194.092,1,1
257.700,239.984,194.169,-45.816,50.089,194.169,1,1
257.800,240.141,194.245,-45.896,50.090,194.245,1,1
257.900,240.296,194.322,-45.975,50.091,194.322,1,1
258.000,240.451,194.399,-46.052,50.091,194.399,1,1
258.100,240.604,194.475,-46.129,50.092,194.475,1,1
258.200,240.756,194.552,-46.204,50.093,194.552,1,1
258.300,240.907,194.630,-46.278,50.093,194.630,1,1
258.400,241.057,194.707,-46.351,50.094,194.707,1,1
258.500,241.206,194.784,-46.422,50.095,194.784,1,1
258.600,241.354,194.862,-46.492,50.095,194.862,1,1
258.700,241.501,194.939,-46.561,50.096,194.939,1,1
258.800,241.646,195.017,-46.629,50.096,195.017,1,1
258.900,241.790,195.095,-46.696,50.097,195.095,1,1
259.000,241.934,195.173,-46.761,50.098,195.173,1,1
259.100,242.076,195.251,-46.825,50.098,195.251,1,1
259.200,242.216,195.329,-46.887,50.099,195.329,1,1
259.300,242.356,195.407,-46.949,50.100,195.407,1,1
259.400,242.495,195.486,-47.009,50.100,195.486,1,1
259.500,242.632,195.564,-47.068,50.101,195.564,1,1
259.600,242.768,195.643,-47.126,50.102,195.643,1,1
259.700,242.903,195.721,-47.182,50.102,195.721,1,1
259.800,243.037,195.800,-47.237,50.103,195.800,1,1
259.900,243.170,195.879,-47.291,50.104,195.879,1,1
260.000,243.301,195.958,-47.344,50.104,195.958,1,1
260.100,243.432,196.037,-47.395,50.105,196.037,1,1
260.200,243.561,196.116,-47.445,50.106,196.116,1,1
260.300,243.689,196.195,-47.494,50.106,196.195,1,1
260.400,243.815,196.274,-47.541,50.107,196.274,1,1
260.500,243.941,196.353,-47.587,50.108,196.353,1,1
260.600,244.065,196.433,-47.632,50.108,196.433,1,1
260.700,244.188,196.512,-47.676,50.109,196.512,1,1
260.800,244.310,196.592,-47.718,50.110,196.592,1,1
260.900,244.431,196.671,-47.759,50.110,196.671,1,1
261.000,244.550,196.751,-47.799,50.111,196.751,1,1
261.100,244.669,196.831,-47.838,50.112,196.831,1,1
261.200,244.786,196.911,-47.875,50.112,196.911,1,1
261.300,244.901,196.990,-47.911,50.113,196.990,1,1
261.400,245.016,197.070,-47.946,50.114,197.070,1,1
261.500,245.129,197.150,-47.979,50.114,197.150,1,1
261.600,245.241,197.230,-48.011,50.115,197.230,1,1
261.700,245.352,197.310,-48.042,50.116,197.310,1,1
261.800,245.462,197.391,-48.071,50.116,197.391,1,1
261.900,245.570,197.471,-48.099,50.117,197.471,1,1
262.000,245.677,197.551,-48.126,50.118,197.551,1,1
262.100,245.783,197.631,-48.152,50.118,197.631,1,1
262.200,245.888,197.711,-48.176,50.119,197.711,1,1
262.300,245.991,197.792,-48.199,50.120,197.792,1,1
262.400,246.093,197.872,-48.221,50.120,197.872,1,1
262.500,246.194,197.953,-48.241,50.121,197.953,1,1
262.600,246.294,198.033,-48.261,50.122,198.033,1,1
262.700,246.392,198.113,-48.278,50.122,198.113,1,1
262.800,246.489,198.194,-48.295,50.123,198.194,1,1
262.900,246.585,198.274,-48.310,50.124,198.274,1,1
263.000,246.679,198.355,-48.324,50.124,198.355,1,1
263.100,246.772,198.436,-48.337,50.125,198.436,1,1
263.200,246.864,198.516,-48.348,50.126,198.516,1,1
263.300,246.955,198.597,-48.358,50.126,198.597,1,1
263.400,247.044,198.677,-48.367,50.127,198.677,1,1
263.500,247.132,198.758,-48.374,50.128,198.758,1,1
263.600,247.219,198.839,-48.380,50.128,198.839,1,1
263.700,247.304,198.919,-48.385,50.129,198.919,1,1
263.800,247.388,199.000,-48.389,50.130,199.000,1,1
263.900,247.471,199.081,-48.391,50.130,199.081,1,1
264.000,247.553,199.161,-48.392,50.131,199.161,1,1
264.100,247.633,199.242,-48.391,50.132,199.242,1,1
264.200,247.712,199.322,-48.390,50.132,199.322,1,1
264.300,247.790,199.403,-48.387,50.133,199.403,1,1
264.400,247.866,199.484,-48.382,50.134,199.484,1,1
264.500,247.941,199.564,-48.377,50.134,199.564,1,1
264.600,248.015,199.645,-48.370,50.135,199.645,1,1
264.700,248.087,199.726,-48.361,50.136,199.726,1,1
264.800,248.158,199.806,-48.352,50.136,199.806,1,1
264.900,248.228,199.887,-48.341,50.137,199.887,1,1
265.000,248.296,199.967,-48.329,50.138,199.967,1,1
265.100,248.363,200.048,-48.316,50.138,200.048,1,1
265.200,248.429,200.128,-48.301,50.139,200.128,1,1
265.300,248.494,200.209,-48.285,50.140,200.209,1,1
265.400,248.557,200.289,-48.267,50.140,200.289,1,1
265.500,248.618,200.370,-48.249,50.141,200.370,1,1
265.600,248.679,200.450,-48.229,50.142,200.450,1,1
265.700,248.738,200.530,-48.208,50.142,200.530,1,1
265.800,248.796,200.611,-48.185,50.143,200.611,1,1
265.900,248.852,200.691,-48.161,50.144,200.691,1,1
266.000,248.907,200.771,-48.136,50.144,200.771,1,1
266.100,248.961,200.851,-48.110,50.145,200.851,1,1
266.200,249.014,200.932,-48.082,50.146,200.932,1,1
266.300,249.065,201.012,-48.053,50.146,201.012,1,1
266.400,249.114,201.092,-48.023,50.147,201.092,1,1
266.500,249.163,201.172,-47.991,50.148,201.172,1,1
266.600,249.210,201.252,-47.958,50.148,201.252,1,1
266.700,249.255,201.331,-47.924,50.149,201.331,1,1
266.800,249.300,201.411,-47.889,50.150,201.411,1,1
266.900,249.343,201.491,-47.852,50.150,201.491,1,1
267.000,249.384,201.571,-47.814,50.151,201.571,1,1
267.100,249.425,201.650,-47.774,50.152,201.650,1,1
267.200,249.464,201.730,-47.734,50.152,201.730,1,1
267.300,249.501,201.809,-47.692,50.153,201.809,1,1
267.400,249.537,201.889,-47.649,50.154,201.889,1,1
267.500,249.572,201.968,-47.604,50.154,201.968,1,1
267.600,249.606,202.047,-47.558,50.155,202.047,1,1
267.700,249.638,202.127,-47.511,50.156,202.127,1,1
267.800,249.669,202.206,-47.463,50.156,202.206,1,1
267.900,249.698,202.285,-47.413,50.157,202.285,1,1
268.000,249.726,202.364,-47.362,50.158,202.364,1,1
268.100,249.753,202.442,-47.310,50.158,202.442,1,1
268.200,249.778,202.521,-47.257,50.159,202.521,1,1
268.300,249.802,202.600,-47.202,50.160,202.600,1,1
268.400,249.825,202.679,-47.146,50.160,202.679,1,1
268.500,249.846,202.757,-47.089,50.161,202.757,1,1
268.600,249.866,202.835,-47.030,50.162,202.835,1,1
268.700,249.884,202.914,-46.971,50.162,202.914,1,1
268.800,249.901,202.992,-46.910,50.163,202.992,1,1
268.900,249.917,203.070,-46.847,50.164,203.070,1,1
269.000,249.931,203.148,-46.784,50.164,203.148,1,1
269.100,249.944,203.226,-46.719,50.165,203.226,1,1
269.200,249.956,203.304,-46.653,50.166,203.304,1,1
269.300,249.966,203.381,-46.585,50.166,203.381,1,1
269.400,249.975,203.459,-46.517,50.167,203.459,1,1
269.500,249.983,203.536,-46.447,50.167,203.536,1,1
269.600,249.989,203.613,-46.376,50.168,203.613,1,1
269.700,249.994,203.691,-46.303,50.169,203.691,1,1
269.800,249.997,203.768,-46.230,50.169,203.768,1,1
269.900,249.999,203.845,-46.155,50.170,203.845,1,1
270.000,250.000,203.921,-46.079,50.171,203.921,1,1
270.100,249.999,203.998,-46.001,50.171,203.998,1,1
270.200,249.997,204.075,-45.923,50.172,204.075,1,1
270.300,249.994,204.151,-45.843,50.173,204.151,1,1
270.400,249.989,204.227,-45.762,50.173,204.227,1,1
270.500,249.983,204.303,-45.680,50.174,204.303,1,1
270.600,249.975,204.379,-45.596,50.175,204.379,1,1
270.700,249.966,204.455,-45.511,50.175,204.455,1,1
270.800,249.956,204.531,-45.425,50.176,204.531,1,1
270.900,249.944,204.606,-45.338,50.176,204.606,1,1
271.000,249.931,204.682,-45.250,50.177,204.682,1,1
271.100,249.917,204.757,-45.160,50.178,204.757,1,1
271.200,249.901,204.832,-45.069,50.178,204.832,1,1
271.300,249.884,204.907,-44.977,50.179,204.907,1,1
271.400,249.866,204.982,-44.884,50.180,204.982,1,1
271.500,249.846,205.057,-44.789,50.180,205.057,1,1
271.600,249.825,205.131,-44.693,50.181,205.131,1,1
271.700,249.802,205.205,-44.597,50.181,205.205,1,1
271.800,249.778,205.280,-44.498,50.182,205.280,1,1
271.900,249.753,205.354,-44.399,50.183,205.354,1,1
272.000,249.726,205.427,-44.299,50.183,205.427,1,1
272.100,249.698,205.501,-44.197,50.184,205.501,1,1
272.200,249.669,205.575,-44.094,50.184,205.575,1,1
272.300,249.638,205.648,-43.990,50.185,205.648,1,1
272.400,249.606,205.721,-43.885,50.186,205.721,1,1
272.500,249.572,205.794,-43.778,50.186,205.794,1,1
272.600,249.537,205.867,-43.671,50.187,205.867,1,1
272.700,249.501,205.939,-43.562,50.188,205.939,1,1
272.800,249.464,206.012,-43.452,50.188,206.012,1,1
272.900,249.425,206.084,-43.341,50.189,206.084,1,1
273.000,249.384,206.156,-43.228,50.189,206.156,1,1
273.100,249.343,206.228,-43.115,50.190,206.228,1,1
273.200,249.300,206.300,-43.000,50.191,206.300,1,1
273.300,249.255,206.371,-42.884,50.191,206.371,1,1
273.400,249.210,206.442,-42.767,50.192,206.442,1,1
273.500,249.163,206.513,-42.649,50.192,206.513,1,1
273.600,249.114,206.584,-42.530,50.193,206.584,1,1
273.700,249.065,206.655,-42.410,50.193,206.655,1,1
273.800,249.014,206.726,-42.288,50.194,206.726,1,1
273.900,248.961,206.796,-42.165,50.195,206.796,1,1
274.000,248.907,206.866,-42.041,50.195,206.866,1,1
274.100,248.852,206.936,-41.917,50.196,206.936,1,1
274.200,248.796,207.005,-41.790,50.196,207.005,1,1
274.300,248.738,207.075,-41.663,50.197,207.075,1,1
274.400,248.679,207.144,-41.535,50.198,207.144,1,1
274.500,248.618,207.213,-41.405,50.198,207.213,1,1
274.600,248.557,207.282,-41.275,50.199,207.282,1,1
274.700,248.494,207.350,-41.143,50.199,207.350,1,1
274.800,248.429,207.419,-41.010,50.200,207.419,1,1
274.900,248.363,207.487,-40.876,50.200,207.487,1,1
275.000,248.296,207.555,-40.741,50.201,207.555,1,1
275.100,248.228,207.622,-40.605,50.202,207.622,1,1
275.200,248.158,207.690,-40.468,50.202,207.690,1,1
275.300,248.087,207.757,-40.330,50.203,207.757,1,1
275.400,248.015,207.824,-40.191,50.203,207.824,1,1
275.500,247.941,207.891,-40.050,50.204,207.891,1,1
275.600,247.866,207.957,-39.909,50.204,207.957,1,1
275.700,247.790,208.024,-39.766,50.205,208.024,1,1
275.800,247.712,208.090,-39.622,50.205,208.090,1,1
275.900,247.633,208.156,-39.478,50.206,208.156,1,1
276.000,247.553,208.221,-39.332,50.207,208.221,1,1
276.100,247.471,208.286,-39.185,50.207,208.286,1,1
276.200,247.388,208.351,-39.037,50.208,208.351,1,1
276.300,247.304,208.416,-38.888,50.208,208.416,1,1
276.400,247.219,208.481,-38.738,50.209,208.481,1,1
276.500,247.132,208.545,-38.587,50.209,208.545,1,1
276.600,247.044,208.609,-38.435,50.210,208.609,1,1
276.700,246.955,208.673,-38.282,50.210,208.673,1,1
276.800,246.864,208.737,-38.128,50.211,208.737,1,1
276.900,246.772,208.800,-37.972,50.211,208.800,1,1
277.000,246.679,208.863,-37.816,50.212,208.863,1,1
277.100,246.585,208.926,-37.659,50.212,208.926,1,1
277.200,246.489,208.988,-37.501,50.213,208.988,1,1
277.300,246.392,209.050,-37.341,50.213,209.050,1,1
277.400,246.294,209.112,-37.181,50.214,209.112,1,1
277.500,246.194,209.174,-37.020,50.214,209.174,1,1
277.600,246.093,209.235,-36.858,50.215,209.235,1,1
277.700,245.991,209.297,-36.694,50.215,209.297,1,1
277.800,245.888,209.357,-36.530,50.216,209.357,1,1
277.900,245.783,209.418,-36.365,50.217,209.418,1,1
278.000,245.677,209.478,-36.199,50.217,209.478,1,1
278.100,245.570,209.538,-36.032,50.218,209.538,1,1
278.200,245.462,209.598,-35.864,50.218,209.598,1,1
278.300,245.352,209.658,-35.694,50.218,209.658,1,1
278.400,245.241,209.717,-35.524,50.219,209.717,1,1
278.500,245.129,209.776,-35.353,50.219,209.776,1,1
278.600,245.016,209.835,-35.181,50.220,209.835,1,1
278.700,244.901,209.893,-35.009,50.220,209.893,1,1
278.800,244.786,209.951,-34.835,50.221,209.951,1,1
278.900,244.669,210.009,-34.660,50.221,210.009,1,1
279.000,244.550,210.066,-34.484,50.222,210.066,1,1
279.100,244.431,210.123,-34.308,50.222,210.123,1,1
279.200,244.310,210.180,-34.130,50.223,210.180,1,1
279.300,244.188,210.237,-33.951,50.223,210.237,1,1
279.400,244.065,210.293,-33.772,50.224,210.293,1,1
279.500,243.941,210.349,-33.592,50.224,210.349,1,1
279.600,243.815,210.405,-33.411,50.225,210.405,1,1
279.700,243.689,210.460,-33.228,50.225,210.460,1,1
279.800,243.561,210.515,-33.045,50.226,210.515,1,1
279.900,243.432,210.570,-32.862,50.226,210.570,1,1
280.000,243.301,210.624,-32.677,50.227,210.624,1,1
280.100,243.170,210.679,-32.491,50.227,210.679,1,1
280.200,243.037,210.732,-32.305,50.227,210.732,1,1
280.300,242.903,210.786,-32.117,50.228,210.786,1,1
280.400,242.768,210.839,-31.929,50.228,210.839,1,1
280.500,242.632,210.892,-31.740,50.229,210.892,1,1
280.600,242.495,210.945,-31.550,50.229,210.945,1,1
280.700,242.356,210.997,-31.359,50.230,210.997,1,1
280.800,242.216,211.049,-31.168,50.230,211.049,1,1
280.900,242.076,211.101,-30.975,50.231,211.101,1,1
281.000,241.934,211.152,-30.782,50.231,211.152,1,1
281.100,241.790,211.203,-30.588,50.231,211.203,1,1
281.200,241.646,211.253,-30.393,50.232,211.253,1,1
281.300,241.501,211.304,-30.197,50.232,211.304,1,1
281.400,241.354,211.354,-30.000,50.233,211.354,1,1
281.500,241.206,211.403,-29.803,50.233,211.403,1,1
281.600,241.057,211.453,-29.605,50.233,211.453,1,1
281.700,240.907,211.502,-29.406,50.234,211.502,1,1
281.800,240.756,211.550,-29.206,50.234,211.550,1,1
281.900,240.604,211.599,-29.005,50.235,211.599,1,1
282.000,240.451,211.647,-28.804,50.235,211.647,1,1
282.100,240.296,211.694,-28.602,50.235,211.694,1,1
282.200,240.141,211.742,-28.399,50.236,211.742,1,1
282.300,239.984,211.789,-28.195,50.236,211.789,1,1
282.400,239.826,211.835,-27.991,50.237,211.835,1,1
282.500,239.668,211.882,-27.786,50.237,211.882,1,1
282.600,239.508,211.928,-27.580,50.237,211.928,1,1
282.700,239.347,211.973,-27.373,50.238,211.973,1,1
282.800,239.185,212.019,-27.166,50.238,212.019,1,1
282.900,239.022,212.064,-26.958,50.239,212.064,1,1
283.000,238.857,212.108,-26.749,50.239,212.108,1,1
283.100,238.692,212.152,-26.540,50.239,212.152,1,1
283.200,238.526,212.196,-26.329,50.240,212.196,1,1
283.300,238.358,212.240,-26.118,50.240,212.240,1,1
283.400,238.190,212.283,-25.907,50.240,212.283,1,1
283.500,238.020,212.326,-25.694,50.241,212.326,1,1
283.600,237.850,212.368,-25.481,50.241,212.368,1,1
283.700,237.678,212.410,-25.268,50.241,212.410,1,1
283.800,237.506,212.452,-25.053,50.242,212.452,1,1
283.900,237.332,212.494,-24.838,50.242,212.494,1,1
284.000,237.157,212.535,-24.623,50.242,212.535,1,1
284.100,236.982,212.575,-24.406,50.243,212.575,1,1
284.200,236.805,212.616,-24.189,50.243,212.616,1,1
284.300,236.627,212.656,-23.972,50.243,212.656,1,1
284.400,236.448,212.695,-23.753,50.244,212.695,1,1
284.500,236.269,212.734,-23.534,50.244,212.734,1,1
284.600,236.088,212.773,-23.315,50.244,212.773,1,1
284.700,235.906,212.812,-23.095,50.245,212.812,1,1
284.800,235.724,212.850,-22.874,50.245,212.850,1,1
284.900,235.540,212.888,-22.652,50.245,212.888,1,1
285.000,235.355,212.925,-22.430,50.246,212.925,1,1
285.100,235.170,212.962,-22.208,50.246,212.962,1,1
285.200,234.983,212.999,-21.985,50.246,212.999,1,1
285.300,234.796,213.035,-21.761,50.247,213.035,1,1
285.400,234.607,213.071,-21.536,50.247,213.071,1,1
285.500,234.418,213.106,-21.311,50.247,213.106,1,1
285.600,234.227,213.141,-21.086,50.248,213.141,1,1
285.700,234.036,213.176,-20.860,50.248,213.176,1,1
285.800,233.844,213.211,-20.633,50.248,213.211,1,1
285.900,233.651,213.245,-20.406,50.248,213.245,1,1
286.000,233.457,213.278,-20.178,50.249,213.278,1,1
286.100,233.262,213.311,-19.950,50.249,213.311,1,1
286.200,233.066,213.344,-19.721,50.249,213.344,1,1
286.300,232.869,213.377,-19.492,50.249,213.377,1,1
286.400,232.671,213.409,-19.262,50.250,213.409,1,1
286.500,232.472,213.441,-19.032,50.250,213.441,1,1
286.600,232.273,213.472,-18.801,50.250,213.472,1,1
286.700,232.072,213.503,-18.570,50.251,213.503,1,1
286.800,231.871,213.533,-18.338,50.251,213.533,1,1
286.900,231.669,213.564,-18.105,50.251,213.564,1,1
287.000,231.466,213.593,-17.873,50.251,213.593,1,1
287.100,231.262,213.623,-17.639,50.252,213.623,1,1
287.200,231.057,213.652,-17.406,50.252,213.652,1,1
287.300,230.852,213.680,-17.171,50.252,213.680,1,1
287.400,230.645,213.709,-16.937,50.252,213.709,1,1
287.500,230.438,213.737,-16.702,50.252,213.737,1,1
287.600,230.230,213.764,-16.466,50.253,213.764,1,1
287.700,230.021,213.791,-16.230,50.253,213.791,1,1
287.800,229.811,213.818,-15.994,50.253,213.818,1,1
287.900,229.601,213.844,-15.757,50.253,213.844,1,1
288.000,229.389,213.870,-15.519,50.254,213.870,1,1
288.100,229.177,213.895,-15.282,50.254,213.895,1,1
288.200,228.964,213.920,-15.044,50.254,213.920,1,1
288.300,228.750,213.945,-14.805,50.254,213.945,1,1
288.400,228.536,213.969,-14.566,50.254,213.969,1,1
288.500,228.320,213.993,-14.327,50.255,213.993,1,1
288.600,228.104,214.017,-14.087,50.255,214.017,1,1
288.700,227.887,214.040,-13.848,50.255,214.040,1,1
288.800,227.670,214.062,-13.607,50.255,214.062,1,1
288.900,227.451,214.085,-13.366,50.255,214.085,1,1
289.000,227.232,214.107,-13.125,50.256,214.107,1,1
289.100,227.012,214.128,-12.884,50.256,214.128,1,1
289.200,226.791,214.149,-12.642,50.256,214.149,1,1
289.300,226.570,214.170,-12.400,50.256,214.170,1,1
289.400,226.348,214.190,-12.158,50.256,214.190,1,1
289.500,226.125,214.210,-11.915,50.256,214.210,1,1
289.600,225.901,214.229,-11.672,50.257,214.229,1,1
289.700,225.677,214.248,-11.429,50.257,214.248,1,1
289.800,225.452,214.267,-11.185,50.257,214.267,1,1
289.900,225.226,214.285,-10.941,50.257,214.285,1,1
290.000,225.000,214.303,-10.697,50.257,214.303,1,1
290.100,224.773,214.321,-10.452,50.257,214.321,1,1
290.200,224.545,214.338,-10.208,50.257,214.338,1,1
290.300,224.317,214.354,-9.963,50.258,214.354,1,1
290.400,224.088,214.370,-9.717,50.258,214.370,1,1
290.500,223.858,214.386,-9.472,50.258,214.386,1,1
290.600,223.628,214.402,-9.226,50.258,214.402,1,1
290.700,223.396,214.416,-8.980,50.258,214.416,1,1
290.800,223.165,214.431,-8.734,50.258,214.431,1,1
290.900,222.932,214.445,-8.487,50.258,214.445,1,1
291.000,222.700,214.459,-8.241,50.259,214.459,1,1
291.100,222.466,214.472,-7.994,50.259,214.472,1,1
291.200,222.232,214.485,-7.747,50.259,214.485,1,1
291.300,221.997,214.498,-7.499,50.259,214.498,1,1
291.400,221.762,214.510,-7.252,50.259,214.510,1,1
291.500,221.526,214.521,-7.004,50.259,214.521,1,1
291.600,221.289,214.533,-6.756,50.259,214.533,1,1
291.700,221.052,214.544,-6.508,50.259,214.544,1,1
291.800,220.814,214.554,-6.260,50.259,214.554,1,1
291.900,220.576,214.564,-6.012,50.259,214.564,1,1
292.000,220.337,214.574,-5.763,50.259,214.574,1,1
292.100,220.097,214.583,-5.515,50.260,214.583,1,1
292.200,219.857,214.592,-5.266,50.260,214.592,1,1
292.300,219.617,214.600,-5.017,50.260,214.600,1,1
292.400,219.376,214.608,-4.768,50.260,214.608,1,1
292.500,219.134,214.615,-4.519,50.260,214.615,1,1
292.600,218.892,214.623,-4.270,50.260,214.623,1,1
292.700,218.649,214.629,-4.020,50.260,214.629,1,1
292.800,218.406,214.635,-3.771,50.260,214.635,1,1
292.900,218.163,214.641,-3.521,50.260,214.641,1,1
293.000,217.918,214.647,-3.272,50.260,214.647,1,1
293.100,217.674,214.652,-3.022,50.260,214.652,1,1
293.200,217.429,214.656,-2.772,50.260,214.656,1,1
293.300,217.183,214.661,-2.522,50.260,214.661,1,1
293.400,216.937,214.664,-2.272,50.260,214.664,1,1
293.500,216.690,214.668,-2.023,50.260,214.668,1,1
293.600,216.443,214.671,-1.773,50.260,214.671,1,1
293.700,216.196,214.673,-1.523,50.260,214.673,1,1
293.800,215.948,214.675,-1.273,50.260,214.675,1,1
293.900,215.700,214.677,-1.022,50.260,214.677,1,1
294.000,215.451,214.678,-0.772,50.260,214.678,1,1
294.100,215.202,214.679,-0.522,50.260,214.679,1,1
294.200,214.952,214.680,-0.272,50.260,214.680,1,1
294.300,214.702,214.680,-0.022,50.260,214.680,1,1
294.400,214.452,214.679,0.228,50.260,214.679,1,1
294.500,214.201,214.679,0.478,50.260,214.679,1,1
294.600,213.950,214.677,0.728,50.260,214.677,1,1
294.700,213.698,214.676,0.978,50.260,214.676,1,1
294.800,213.446,214.674,1.228,50.260,214.674,1,1
294.900,213.194,214.671,1.478,50.260,214.671,1,1
295.000,212.941,214.668,1.727,50.260,214.668,1,1
295.100,212.688,214.665,1.977,50.260,214.665,1,1
295.200,212.434,214.661,2.227,50.260,214.661,1,1
295.300,212.181,214.657,2.477,50.260,214.657,1,1
295.400,211.927,214.653,2.726,50.260,214.653,1,1
295.500,211.672,214.648,2.975,50.260,214.648,1,1
295.600,211.418,214.642,3.225,50.260,214.642,1,1
295.700,211.163,214.637,3.474,50.260,214.637,1,1
295.800,210.907,214.630,3.723,50.260,214.630,1,1
295.900,210.652,214.624,3.972,50.260,214.624,1,1
296.000,210.396,214.617,4.221,50.260,214.617,1,1
296.100,210.139,214.609,4.470,50.260,214.609,1,1
296.200,209.883,214.601,4.719,50.260,214.601,1,1
296.300,209.626,214.593,4.967,50.260,214.593,1,1
296.400,209.369,214.584,5.215,50.260,214.584,1,1
296.500,209.112,214.575,5.464,50.259,214.575,1,1
296.600,208.854,214.566,5.712,50.259,214.566,1,1
296.700,208.596,214.556,5.959,50.259,214.556,1,1
296.800,208.338,214.546,6.207,50.259,214.546,1,1
296.900,208.080,214.535,6.455,50.259,214.535,1,1
297.000,207.822,214.524,6.702,50.259,214.524,1,1
297.100,207.563,214.512,6.949,50.259,214.512,1,1
297.200,207.304,214.500,7.196,50.259,214.500,1,1
297.300,207.045,214.488,7.443,50.259,214.488,1,1
297.400,206.786,214.475,7.689,50.259,214.475,1,1
297.500,206.526,214.462,7.935,50.259,214.462,1,1
297.600,206.267,214.448,8.181,50.258,214.448,1,1
297.700,206.007,214.434,8.427,50.258,214.434,1,1
297.800,205.747,214.419,8.673,50.258,214.419,1,1
297.900,205.487,214.405,8.918,50.258,214.405,1,1
298.000,205.226,214.389,9.163,50.258,214.389,1,1
298.100,204.966,214.374,9.408,50.258,214.374,1,1
298.200,204.705,214.358,9.652,50.258,214.358,1,1
298.300,204.445,214.341,9.896,50.258,214.341,1,1
298.400,204.184,214.324,10.140,50.257,214.324,1,1
298.500,203.923,214.307,10.384,50.257,214.307,1,1
298.600,203.662,214.289,10.627,50.257,214.289,1,1
298.700,203.401,214.271,10.870,50.257,214.271,1,1
298.800,203.140,214.253,11.113,50.257,214.253,1,1
298.900,202.878,214.234,11.355,50.257,214.234,1,1
299.000,202.617,214.214,11.597,50.256,214.214,1,1
299.100,202.355,214.195,11.839,50.256,214.195,1,1
299.200,202.094,214.174,12.081,50.256,214.174,1,1
299.300,201.832,214.154,12.322,50.256,214.154,1,1
299.400,201.571,214.133,12.562,50.256,214.133,1,1
299.500,201.309,214.112,12.803,50.256,214.112,1,1
299.600,201.047,214.090,13.043,50.255,214.090,1,1
299.700,200.785,214.068,13.282,50.255,214.068,1,1
299.800,200.524,214.045,13.522,50.255,214.045,1,1
299.900,200.262,214.022,13.760,50.255,214.022,1,1
