Time_s,P_pv_kW,P_smooth_kW,P_comp_kW,SOC_pct,P_grid_kW,data_valid,smoothing_enabled
0.000,200.000,200.000,0.000,50.000,200.000,1,1
0.100,200.262,200.000,-0.261,50.000,200.000,1,1
0.200,200.524,200.001,-0.522,50.000,200.001,1,1
0.300,200.785,200.003,-0.783,50.000,200.003,1,1
0.400,201.047,200.004,-1.043,50.000,200.004,1,1
0.500,201.309,200.007,-1.302,50.000,200.007,1,1
0.600,201.571,200.009,-1.561,50.000,200.009,1,1
0.700,201.832,200.012,-1.820,50.000,200.012,1,1
0.800,202.094,200.016,-2.078,50.000,200.016,1,1
0.900,202.355,200.020,-2.336,50.000,200.020,1,1
1.000,202.617,200.024,-2.593,50.000,200.024,1,1
1.100,202.878,200.029,-2.850,50.000,200.029,1,1
1.200,203.140,200.034,-3.106,50.000,200.034,1,1
1.300,203.401,200.039,-3.361,50.000,200.039,1,1
1.400,203.662,200.045,-3.617,50.000,200.045,1,1
1.500,203.923,200.052,-3.871,50.000,200.052,1,1
1.600,204.184,200.059,-4.125,50.000,200.059,1,1
1.700,204.445,200.066,-4.379,50.001,200.066,1,1
1.800,204.705,200.074,-4.632,50.001,200.074,1,1
1.900,204.966,200.082,-4.884,50.001,200.082,1,1
2.000,205.226,200.090,-5.136,50.001,200.090,1,1
2.100,205.487,200.099,-5.387,50.001,200.099,1,1
2.200,205.747,200.109,-5.638,50.001,200.109,1,1
2.300,206.007,200.119,-5.888,50.001,200.119,1,1
2.400,206.267,200.129,-6.138,50.001,200.129,1,1
2.500,206.526,200.139,-6.387,50.001,200.139,1,1
2.600,206.786,200.151,-6.635,50.001,200.151,1,1
2.700,207.045,200.162,-6.883,50.001,200.162,1,1
2.800,207.304,200.174,-7.130,50.001,200.174,1,1
2.900,207.563,200.186,-7.377,50.002,200.186,1,1
3.000,207.822,200.199,-7.623,50.002,200.199,1,1
3.100,208.080,200.212,-7.868,50.002,200.212,1,1
3.200,208.338,200.226,-8.113,50.002,200.226,1,1
3.300,208.596,200.239,-8.357,50.002,200.239,1,1
3.400,208.854,200.254,-8.600,50.002,200.254,1,1
3.500,209.112,200.269,-8.843,50.002,200.269,1,1
3.600,209.369,200.284,-9.085,50.002,200.284,1,1
3.700,209.626,200.299,-9.327,50.002,200.299,1,1
3.800,209.883,200.315,-9.568,50.003,200.315,1,1
3.900,210.139,200.332,-9.808,50.003,200.332,1,1
4.000,210.396,200.348,-10.047,50.003,200.348,1,1
4.100,210.652,200.365,-10.286,50.003,200.365,1,1
4.200,210.907,200.383,-10.524,50.003,200.383,1,1
4.300,211.163,200.401,-10.762,50.003,200.401,1,1
4.400,211.418,200.419,-10.998,50.003,200.419,1,1
4.500,211.672,200.438,-11.234,50.004,200.438,1,1
4.600,211.927,200.457,-11.470,50.004,200.457,1,1
4.700,212.181,200.477,-11.704,50.004,200.477,1,1
4.800,212.434,200.496,-11.938,50.004,200.496,1,1
4.900,212.688,200.517,-12.171,50.004,200.517,1,1
5.000,212.941,200.537,-12.404,50.004,200.537,1,1
5.100,213.194,200.558,-12.635,50.005,200.558,1,1
5.200,213.446,200.580,-12.866,50.005,200.580,1,1
5.300,213.698,200.602,-13.096,50.005,200.602,1,1
5.400,213.950,200.624,-13.326,50.005,200.624,1,1
5.500,214.201,200.647,-13.554,50.005,200.647,1,1
5.600,214.452,200.670,-13.782,50.006,200.670,1,1
5.700,214.702,200.693,-14.009,50.006,200.693,1,1
5.800,214.952,200.717,-14.235,50.006,200.717,1,1
5.900,215.202,200.741,-14.461,50.006,200.741,1,1
6.000,215.451,200.765,-14.686,50.006,200.765,1,1
6.100,215.700,200.790,-14.910,50.007,200.790,1,1
6.200,215.948,200.815,-15.133,50.007,200.815,1,1
6.300,216.196,200.841,-15.355,50.007,200.841,1,1
6.400,216.443,200.867,-15.577,50.007,200.867,1,1
6.500,216.690,200.893,-15.797,50.007,200.893,1,1
6.600,216.937,200.920,-16.017,50.008,200.920,1,1
6.700,217.183,200.947,-16.236,50.008,200.947,1,1
6.800,217.429,200.974,-16.454,50.008,200.974,1,1
6.900,217.674,201.002,-16.672,50.008,201.002,1,1
7.000,217.918,201.030,-16.888,50.009,201.030,1,1
7.100,218.163,201.059,-17.104,50.009,201.059,1,1
7.200,218.406,201.088,-17.319,50.009,201.088,1,1
7.300,218.649,201.117,-17.533,50.009,201.117,1,1
7.400,218.892,201.146,-17.746,50.010,201.146,1,1
7.500,219.134,201.176,-17.958,50.010,201.176,1,1
7.600,219.376,201.207,-18.169,50.010,201.207,1,1
7.700,219.617,201.237,-18.380,50.010,201.237,1,1
7.800,219.857,201.268,-18.589,50.011,201.268,1,1
7.900,220.097,201.300,-18.798,50.011,201.300,1,1
8.000,220.337,201.331,-19.006,50.011,201.331,1,1
8.100,220.576,201.363,-19.212,50.011,201.363,1,1
8.200,220.814,201.396,-19.418,50.012,201.396,1,1
8.300,221.052,201.428,-19.623,50.012,201.428,1,1
8.400,221.289,201.461,-19.828,50.012,201.461,1,1
8.500,221.526,201.495,-20.031,50.012,201.495,1,1
8.600,221.762,201.528,-20.233,50.013,201.528,1,1
8.700,221.997,201.563,-20.434,50.013,201.563,1,1
8.800,222.232,201.597,-20.635,50.013,201.597,1,1
8.900,222.466,201.632,-20.834,50.014,201.632,1,1
9.000,222.700,201.667,-21.033,50.014,201.667,1,1
9.100,222.932,201.702,-21.230,50.014,201.702,1,1
9.200,223.165,201.738,-21.427,50.014,201.738,1,1
9.300,223.396,201.774,-21.623,50.015,201.774,1,1
9.400,223.628,201.810,-21.817,50.015,201.810,1,1
9.500,223.858,201.847,-22.011,50.015,201.847,1,1
9.600,224.088,201.884,-22.204,50.016,201.884,1,1
9.700,224.317,201.921,-22.396,50.016,201.921,1,1
9.800,224.545,201.959,-22.586,50.016,201.959,1,1
9.900,224.773,201.997,-22.776,50.017,201.997,1,1
10.000,225.000,202.035,-22.965,50.017,202.035,1,1
10.100,225.226,202.074,-23.153,50.017,202.074,1,1
10.200,225.452,202.113,-23.339,50.018,202.113,1,1
10.300,225.677,202.152,-23.525,50.018,202.152,1,1
10.400,225.901,202.191,-23.710,50.018,202.191,1,1
10.500,226.125,202.231,-23.894,50.019,202.231,1,1
10.600,226.348,202.271,-24.077,50.019,202.271,1,1
10.700,226.570,202.312,-24.258,50.019,202.312,1,1
10.800,226.791,202.352,-24.439,50.020,202.352,1,1
10.900,227.012,202.393,-24.619,50.020,202.393,1,1
11.000,227.232,202.435,-24.797,50.020,202.435,1,1
11.100,227.451,202.476,-24.975,50.021,202.476,1,1
11.200,227.670,202.518,-25.151,50.021,202.518,1,1
11.300,227.887,202.561,-25.327,50.021,202.561,1,1
11.400,228.104,202.603,-25.501,50.022,202.603,1,1
11.500,228.320,202.646,-25.674,50.022,202.646,1,1
11.600,228.536,202.689,-25.847,50.022,202.689,1,1
11.700,228.750,202.732,-26.018,50.023,202.732,1,1
11.800,228.964,202.776,-26.188,50.023,202.776,1,1
11.900,229.177,202.820,-26.357,50.023,202.820,1,1
12.000,229.389,202.864,-26.525,50.024,202.864,1,1
12.100,229.601,202.909,-26.692,50.024,202.909,1,1
12.200,229.811,202.953,-26.858,50.025,202.953,1,1
12.300,230.021,202.998,-27.023,50.025,202.998,1,1
12.400,230.230,203.044,-27.186,50.025,203.044,1,1
12.500,230.438,203.089,-27.349,50.026,203.089,1,1
12.600,230.645,203.135,-27.510,50.026,203.135,1,1
12.700,230.852,203.181,-27.671,50.027,203.181,1,1
12.800,231.057,203.228,-27.830,50.027,203.228,1,1
12.900,231.262,203.274,-27.988,50.027,203.274,1,1
13.000,231.466,203.321,-28.145,50.028,203.321,1,1
13.100,231.669,203.368,-28.301,50.028,203.368,1,1
13.200,231.871,203.416,-28.455,50.028,203.416,1,1
13.300,232.072,203.463,-28.609,50.029,203.463,1,1
13.400,232.273,203.511,-28.762,50.029,203.511,1,1
13.500,232.472,203.560,-28.913,50.030,203.560,1,1
13.600,232.671,203.608,-29.063,50.030,203.608,1,1
13.700,232.869,203.657,-29.212,50.030,203.657,1,1
13.800,233.066,203.706,-29.360,50.031,203.706,1,1
13.900,233.262,203.755,-29.507,50.031,203.755,1,1
14.000,233.457,203.804,-29.652,50.032,203.804,1,1
14.100,233.651,203.854,-29.797,50.032,203.854,1,1
14.200,233.844,203.904,-29.940,50.033,203.904,1,1
14.300,234.036,203.954,-30.082,50.033,203.954,1,1
14.400,234.227,204.004,-30.223,50.033,204.004,1,1
14.500,234.418,204.055,-30.363,50.034,204.055,1,1
14.600,234.607,204.106,-30.501,50.034,204.106,1,1
14.700,234.796,204.157,-30.639,50.035,204.157,1,1
14.800,234.983,204.208,-30.775,50.035,204.208,1,1
14.900,235.170,204.260,-30.910,50.035,204.260,1,1
15.000,235.355,204.311,-31.044,50.036,204.311,1,1
15.100,235.540,204.363,-31.177,50.036,204.363,1,1
15.200,235.724,204.415,-31.308,50.037,204.415,1,1
15.300,235.906,204.468,-31.438,50.037,204.468,1,1
15.400,236.088,204.520,-31.568,50.038,204.520,1,1
15.500,236.269,204.573,-31.695,50.038,204.573,1,1
15.600,236.448,204.626,-31.822,50.039,204.626,1,1
15.700,236.627,204.680,-31.948,50.039,204.680,1,1
15.800,236.805,204.733,-32.072,50.039,204.733,1,1
15.900,236.982,204.787,-32.195,50.040,204.787,1,1
16.000,237.157,204.841,-32.317,50.040,204.841,1,1
16.100,237.332,204.895,-32.437,50.041,204.895,1,1
16.200,237.506,204.949,-32.557,50.041,204.949,1,1
16.300,237.678,205.003,-32.675,50.042,205.003,1,1
16.400,237.850,205.058,-32.792,50.042,205.058,1,1
16.500,238.020,205.113,-32.907,50.043,205.113,1,1
16.600,238.190,205.168,-33.022,50.043,205.168,1,1
16.700,238.358,205.223,-33.135,50.044,205.223,1,1
16.800,238.526,205.279,-33.247,50.044,205.279,1,1
16.900,238.692,205.334,-33.358,50.044,205.334,1,1
17.000,238.857,205.390,-33.467,50.045,205.390,1,1
17.100,239.022,205.446,-33.576,50.045,205.446,1,1
17.200,239.185,205.502,-33.683,50.046,205.502,1,1
17.300,239.347,205.558,-33.788,50.046,205.558,1,1
17.400,239.508,205.615,-33.893,50.047,205.615,1,1
17.500,239.668,205.671,-33.996,50.047,205.671,1,1
17.600,239.826,205.728,-34.098,50.048,205.728,1,1
17.700,239.984,205.785,-34.199,50.048,205.785,1,1
17.800,240.141,205.842,-34.298,50.049,205.842,1,1
17.900,240.296,205.900,-34.397,50.049,205.900,1,1
18.000,240.451,205.957,-34.494,50.050,205.957,1,1
18.100,240.604,206.015,-34.589,50.050,206.015,1,1
18.200,240.756,206.073,-34.684,50.051,206.073,1,1
18.300,240.907,206.131,-34.777,50.051,206.131,1,1
18.400,241.057,206.189,-34.869,50.052,206.189,1,1
18.500,241.206,206.247,-34.959,50.052,206.247,1,1
18.600,241.354,206.305,-35.049,50.053,206.305,1,1
18.700,241.501,206.364,-35.137,50.053,206.364,1,1
18.800,241.646,206.423,-35.223,50.054,206.423,1,1
18.900,241.790,206.482,-35.309,50.054,206.482,1,1
19.000,241.934,206.541,-35.393,50.055,206.541,1,1
19.100,242.076,206.600,-35.476,50.055,206.600,1,1
19.200,242.216,206.659,-35.557,50.055,206.659,1,1
19.300,242.356,206.718,-35.638,50.056,206.718,1,1
19.400,242.495,206.778,-35.717,50.056,206.778,1,1
19.500,242.632,206.838,-35.794,50.057,206.838,1,1
19.600,242.768,206.897,-35.871,50.057,206.897,1,1
19.700,242.903,206.957,-35.946,50.058,206.957,1,1
19.800,243.037,207.017,-36.020,50.058,207.017,1,1
19.900,243.170,207.077,-36.092,50.059,207.077,1,1
20.000,243.301,207.138,-36.164,50.059,207.138,1,1
20.100,243.432,207.198,-36.233,50.060,207.198,1,1
20.200,243.561,207.259,-36.302,50.060,207.259,1,1
20.300,243.689,207.319,-36.369,50.061,207.319,1,1
20.400,243.815,207.380,-36.435,50.061,207.380,1,1
20.500,243.941,207.441,-36.500,50.062,207.441,1,1
20.600,244.065,207.502,-36.563,50.063,207.502,1,1
20.700,244.188,207.563,-36.626,50.063,207.563,1,1
20.800,244.310,207.624,-36.686,50.064,207.624,1,1
20.900,244.431,207.685,-36.746,50.064,207.685,1,1
21.000,244.550,207.746,-36.804,50.065,207.746,1,1
21.100,244.669,207.808,-36.861,50.065,207.808,1,1
21.200,244.786,207.869,-36.916,50.066,207.869,1,1
21.300,244.901,207.931,-36.970,50.066,207.931,1,1
21.400,245.016,207.993,-37.023,50.067,207.993,1,1
21.500,245.129,208.055,-37.075,50.067,208.055,1,1
21.600,245.241,208.116,-37.125,50.068,208.116,1,1
21.700,245.352,208.178,-37.174,50.068,208.178,1,1
21.800,245.462,208.240,-37.221,50.069,208.240,1,1
21.900,245.570,208.303,-37.268,50.069,208.303,1,1
22.000,245.677,208.365,-37.313,50.070,208.365,1,1
22.100,245.783,208.427,-37.356,50.070,208.427,1,1
22.200,245.888,208.489,-37.398,50.071,208.489,1,1
22.300,245.991,208.552,-37.439,50.071,208.552,1,1
22.400,246.093,208.614,-37.479,50.072,208.614,1,1
22.500,246.194,208.677,-37.517,50.072,208.677,1,1
22.600,246.294,208.739,-37.554,50.073,208.739,1,1
22.700,246.392,208.802,-37.590,50.073,208.802,1,1
22.800,246.489,208.865,-37.624,50.074,208.865,1,1
22.900,246.585,208.927,-37.657,50.074,208.927,1,1
23.000,246.679,208.990,-37.689,50.075,208.990,1,1
23.100,246.772,209.053,-37.719,50.075,209.053,1,1
23.200,246.864,209.116,-37.748,50.076,209.116,1,1
23.300,246.955,209.179,-37.776,50.076,209.179,1,1
23.400,247.044,209.242,-37.802,50.077,209.242,1,1
23.500,247.132,209.305,-37.827,50.078,209.305,1,1
23.600,247.219,209.368,-37.851,50.078,209.368,1,1
23.700,247.304,209.431,-37.873,50.079,209.431,1,1
23.800,247.388,209.494,-37.894,50.079,209.494,1,1
23.900,247.471,209.558,-37.914,50.080,209.558,1,1
24.000,247.553,209.621,-37.932,50.080,209.621,1,1
24.100,247.633,209.684,-37.949,50.081,209.684,1,1
24.200,247.712,209.747,-37.965,50.081,209.747,1,1
24.300,247.790,209.811,-37.979,50.082,209.811,1,1
24.400,247.866,209.874,-37.992,50.082,209.874,1,1
24.500,247.941,209.937,-38.004,50.083,209.937,1,1
24.600,248.015,210.001,-38.014,50.083,210.001,1,1
24.700,248.087,210.064,-38.023,50.084,210.064,1,1
24.800,248.158,210.127,-38.031,50.084,210.127,1,1
24.900,248.228,210.191,-38.037,50.085,210.191,1,1
25.000,248.296,210.254,-38.042,50.085,210.254,1,1
25.100,248.363,210.318,-38.046,50.086,210.318,1,1
25.200,248.429,210.381,-38.048,50.087,210.381,1,1
25.300,248.494,210.444,-38.049,50.087,210.444,1,1
25.400,248.557,210.508,-38.049,50.088,210.508,1,1
25.500,248.618,210.571,-38.047,50.088,210.571,1,1
25.600,248.679,210.635,-38.044,50.089,210.635,1,1
25.700,248.738,210.698,-38.040,50.089,210.698,1,1
25.800,248.796,210.761,-38.034,50.090,210.761,1,1
25.900,248.852,210.825,-38.027,50.090,210.825,1,1
26.000,248.907,210.888,-38.019,50.091,210.888,1,1
26.100,248.961,210.952,-38.010,50.091,210.952,1,1
26.200,249.014,211.015,-37.999,50.092,211.015,1,1
26.300,249.065,211.078,-37.986,50.092,211.078,1,1
26.400,249.114,211.141,-37.973,50.093,211.141,1,1
26.500,249.163,211.205,-37.958,50.093,211.205,1,1
26.600,249.210,211.268,-37.942,50.094,211.268,1,1
26.700,249.255,211.331,-37.924,50.094,211.331,1,1
26.800,249.300,211.394,-37.905,50.095,211.394,1,1
26.900,249.343,211.457,-37.885,50.095,211.457,1,1
27.000,249.384,211.521,-37.864,50.096,211.521,1,1
27.100,249.425,211.584,-37.841,50.097,211.584,1,1
27.200,249.464,211.647,-37.817,50.097,211.647,1,1
27.300,249.501,211.710,-37.792,50.098,211.710,1,1
27.400,249.537,211.773,-37.765,50.098,211.773,1,1
27.500,249.572,211.836,-37.737,50.099,211.836,1,1
27.600,249.606,211.898,-37.707,50.099,211.898,1,1
27.700,249.638,211.961,-37.677,50.100,211.961,1,1
27.800,249.669,212.024,-37.645,50.100,212.024,1,1
27.900,249.698,212.087,-37.611,50.101,212.087,1,1
28.000,249.726,212.149,-37.577,50.101,212.149,1,1
28.100,249.753,212.212,-37.541,50.102,212.212,1,1
28.200,249.778,212.274,-37.504,50.102,212.274,1,1
28.300,249.802,212.337,-37.465,50.103,212.337,1,1
28.400,249.825,212.399,-37.426,50.103,212.399,1,1
28.500,249.846,212.461,-37.384,50.104,212.461,1,1
28.600,249.866,212.524,-37.342,50.104,212.524,1,1
28.700,249.884,212.586,-37.298,50.105,212.586,1,1
28.800,249.901,212.648,-37.253,50.105,212.648,1,1
28.900,249.917,212.710,-37.207,50.106,212.710,1,1
29.000,249.931,212.772,-37.160,50.106,212.772,1,1
29.100,249.944,212.834,-37.111,50.107,212.834,1,1
29.200,249.956,212.895,-37.061,50.107,212.895,1,1
29.300,249.966,212.957,-37.009,50.108,212.957,1,1
29.400,249.975,213.019,-36.957,50.108,213.019,1,1
29.500,249.983,213.080,-36.903,50.109,213.080,1,1
29.600,249.989,213.142,-36.847,50.110,213.142,1,1
29.700,249.994,213.203,-36.791,50.110,213.203,1,1
29.800,249.997,213.264,-36.733,50.111,213.264,1,1
29.900,249.999,213.325,-36.674,50.111,213.325,1,1
30.000,250.000,213.386,-36.614,50.112,213.386,1,1
30.100,249.999,213.447,-36.552,50.112,213.447,1,1
30.200,249.997,213.508,-36.489,50.113,213.508,1,1
30.300,249.994,213.569,-36.425,50.113,213.569,1,1
30.400,249.989,213.629,-36.360,50.114,213.629,1,1
30.500,249.983,213.690,-36.293,50.114,213.690,1,1
30.600,249.975,213.750,-36.225,50.115,213.750,1,1
30.700,249.966,213.811,-36.156,50.115,213.811,1,1
30.800,249.956,213.871,-36.085,50.116,213.871,1,1
30.900,249.944,213.931,-36.014,50.116,213.931,1,1
31.000,249.931,213.991,-35.941,50.117,213.991,1,1
31.100,249.917,214.050,-35.867,50.117,214.050,1,1
31.200,249.901,214.110,-35.791,50.118,214.110,1,1
31.300,249.884,214.170,-35.715,50.118,214.170,1,1
31.400,249.866,214.229,-35.637,50.119,214.229,1,1
31.500,249.846,214.288,-35.558,50.119,214.288,1,1
31.600,249.825,214.347,-35.477,50.120,214.347,1,1
31.700,249.802,214.406,-35.396,50.120,214.406,1,1
31.800,249.778,214.465,-35.313,50.121,214.465,1,1
31.900,249.753,214.524,-35.229,50.121,214.524,1,1
32.000,249.726,214.582,-35.144,50.122,214.582,1,1
32.100,249.698,214.641,-35.057,50.122,214.641,1,1
32.200,249.669,214.699,-34.969,50.122,214.699,1,1
32.300,249.638,214.757,-34.881,50.123,214.757,1,1
32.400,249.606,214.815,-34.790,50.123,214.815,1,1
32.500,249.572,214.873,-34.699,50.124,214.873,1,1
32.600,249.537,214.931,-34.607,50.124,214.931,1,1
32.700,249.501,214.988,-34.513,50.125,214.988,1,1
32.800,249.464,215.046,-34.418,50.125,215.046,1,1
32.900,249.425,215.103,-34.322,50.126,215.103,1,1
33.000,249.384,215.160,-34.225,50.126,215.160,1,1
33.100,249.343,215.217,-34.126,50.127,215.217,1,1
33.200,249.300,215.274,-34.026,50.127,215.274,1,1
33.300,249.255,215.330,-33.925,50.128,215.330,1,1
33.400,249.210,215.386,-33.823,50.128,215.386,1,1
33.500,249.163,215.443,-33.720,50.129,215.443,1,1
33.600,249.114,215.499,-33.616,50.129,215.499,1,1
33.700,249.065,215.554,-33.510,50.130,215.554,1,1
33.800,249.014,215.610,-33.403,50.130,215.610,1,1
33.900,248.961,215.666,-33.295,50.131,215.666,1,1
34.000,248.907,215.721,-33.186,50.131,215.721,1,1
34.100,248.852,215.776,-33.076,50.131,215.776,1,1
34.200,248.796,215.831,-32.965,50.132,215.831,1,1
34.300,248.738,215.886,-32.852,50.132,215.886,1,1
34.400,248.679,215.940,-32.739,50.133,215.940,1,1
34.500,248.618,215.995,-32.624,50.133,215.995,1,1
34.600,248.557,216.049,-32.508,50.134,216.049,1,1
34.700,248.494,216.103,-32.391,50.134,216.103,1,1
34.800,248.429,216.157,-32.272,50.135,216.157,1,1
34.900,248.363,216.210,-32.153,50.135,216.210,1,1
35.000,248.296,216.264,-32.033,50.136,216.264,1,1
35.100,248.228,216.317,-31.911,50.136,216.317,1,1
35.200,248.158,216.370,-31.788,50.136,216.370,1,1
35.300,248.087,216.423,-31.664,50.137,216.423,1,1
35.400,248.015,216.475,-31.540,50.137,216.475,1,1
35.500,247.941,216.528,-31.413,50.138,216.528,1,1
35.600,247.866,216.580,-31.286,50.138,216.580,1,1
35.700,247.790,216.632,-31.158,50.139,216.632,1,1
35.800,247.712,216.683,-31.029,50.139,216.683,1,1
35.900,247.633,216.735,-30.898,50.139,216.735,1,1
36.000,247.553,216.786,-30.767,50.140,216.786,1,1
36.100,247.471,216.837,-30.634,50.140,216.837,1,1
36.200,247.388,216.888,-30.500,50.141,216.888,1,1
36.300,247.304,216.939,-30.366,50.141,216.939,1,1
36.400,247.219,216.989,-30.230,50.142,216.989,1,1
36.500,247.132,217.039,-30.093,50.142,217.039,1,1
36.600,247.044,217.089,-29.955,50.142,217.089,1,1
36.700,246.955,217.139,-29.816,50.143,217.139,1,1
36.800,246.864,217.188,-29.676,50.143,217.188,1,1
36.900,246.772,217.237,-29.535,50.144,217.237,1,1
37.000,246.679,217.286,-29.393,50.144,217.286,1,1
37.100,246.585,217.335,-29.249,50.144,217.335,1,1
37.200,246.489,217.384,-29.105,50.145,217.384,1,1
37.300,246.392,217.432,-28.960,50.145,217.432,1,1
37.400,246.294,217.480,-28.814,50.146,217.480,1,1
37.500,246.194,217.528,-28.666,50.146,217.528,1,1
37.600,246.093,217.575,-28.518,50.146,217.575,1,1
37.700,245.991,217.623,-28.369,50.147,217.623,1,1
37.800,245.888,217.670,-28.218,50.147,217.670,1,1
37.900,245.783,217.716,-28.067,50.148,217.716,1,1
38.000,245.677,217.763,-27.914,50.148,217.763,1,1
38.100,245.570,217.809,-27.761,50.148,217.809,1,1
38.200,245.462,217.855,-27.607,50.149,217.855,1,1
38.300,245.352,217.901,-27.451,50.149,217.901,1,1
38.400,245.241,217.946,-27.295,50.150,217.946,1,1
38.500,245.129,217.992,-27.138,50.150,217.992,1,1
38.600,245.016,218.037,-26.979,50.150,218.037,1,1
38.700,244.901,218.081,-26.820,50.151,218.081,1,1
38.800,244.786,218.126,-26.660,50.151,218.126,1,1
38.900,244.669,218.170,-26.499,50.151,218.170,1,1
39.000,244.550,218.214,-26.337,50.152,218.214,1,1
39.100,244.431,218.257,-26.173,50.152,218.257,1,1
39.200,244.310,218.301,-26.009,50.153,218.301,1,1
39.300,244.188,218.344,-25.844,50.153,218.344,1,1
39.400,244.065,218.387,-25.679,50.153,218.387,1,1
39.500,243.941,218.429,-25.512,50.154,218.429,1,1
39.600,243.815,218.471,-25.344,50.154,218.471,1,1
39.700,243.689,218.513,-25.175,50.154,218.513,1,1
39.800,243.561,218.555,-25.006,50.155,218.555,1,1
39.900,243.432,218.596,-24.835,50.155,218.596,1,1
40.000,243.301,218.638,-24.664,50.155,218.638,1,1
40.100,243.170,218.678,-24.491,50.156,218.678,1,1
40.200,243.037,218.719,-24.318,50.156,218.719,1,1
40.300,242.903,218.759,-24.144,50.156,218.759,1,1
40.400,242.768,218.799,-23.969,50.157,218.799,1,1
40.500,242.632,218.839,-23.793,50.157,218.839,1,1
40.600,242.495,218.878,-23.617,50.157,218.878,1,1
40.700,242.356,218.917,-23.439,50.158,218.917,1,1
40.800,242.216,218.956,-23.260,50.158,218.956,1,1
40.900,242.076,218.994,-23.081,50.158,218.994,1,1
41.000,241.934,219.033,-22.901,50.159,219.033,1,1
41.100,241.790,219.070,-22.720,50.159,219.070,1,1
41.200,241.646,219.108,-22.538,50.159,219.108,1,1
41.300,241.501,219.145,-22.355,50.160,219.145,1,1
41.400,241.354,219.182,-22.172,50.160,219.182,1,1
41.500,241.206,219.219,-21.987,50.160,219.219,1,1
41.600,241.057,219.255,-21.802,50.160,219.255,1,1
41.700,240.907,219.291,-21.616,50.161,219.291,1,1
41.800,240.756,219.327,-21.429,50.161,219.327,1,1
41.900,240.604,219.362,-21.242,50.161,219.362,1,1
42.000,240.451,219.397,-21.053,50.162,219.397,1,1
42.100,240.296,219.432,-20.864,50.162,219.432,1,1
42.200,240.141,219.467,-20.674,50.162,219.467,1,1
42.300,239.984,219.501,-20.483,50.163,219.501,1,1
42.400,239.826,219.535,-20.292,50.163,219.535,1,1
42.500,239.668,219.568,-20.100,50.163,219.568,1,1
42.600,239.508,219.601,-19.906,50.163,219.601,1,1
42.700,239.347,219.634,-19.713,50.164,219.634,1,1
42.800,239.185,219.667,-19.518,50.164,219.667,1,1
42.900,239.022,219.699,-19.323,50.164,219.699,1,1
43.000,238.857,219.731,-19.127,50.164,219.731,1,1
43.100,238.692,219.762,-18.930,50.165,219.762,1,1
43.200,238.526,219.794,-18.732,50.165,219.794,1,1
43.300,238.358,219.824,-18.534,50.165,219.824,1,1
43.400,238.190,219.855,-18.335,50.165,219.855,1,1
43.500,238.020,219.885,-18.135,50.166,219.885,1,1
43.600,237.850,219.915,-17.935,50.166,219.915,1,1
43.700,237.678,219.945,-17.734,50.166,219.945,1,1
43.800,237.506,219.974,-17.532,50.166,219.974,1,1
43.900,237.332,220.003,-17.329,50.167,220.003,1,1
44.000,237.157,220.031,-17.126,50.167,220.031,1,1
44.100,236.982,220.059,-16.922,50.167,220.059,1,1
44.200,236.805,220.087,-16.718,50.167,220.087,1,1
44.300,236.627,220.115,-16.512,50.168,220.115,1,1
44.400,236.448,220.142,-16.306,50.168,220.142,1,1
44.500,236.269,220.169,-16.100,50.168,220.169,1,1
44.600,236.088,220.195,-15.893,50.168,220.195,1,1
44.700,235.906,220.221,-15.685,50.169,220.221,1,1
44.800,235.724,220.247,-15.476,50.169,220.247,1,1
44.900,235.540,220.273,-15.267,50.169,220.273,1,1
45.000,235.355,220.298,-15.058,50.169,220.298,1,1
45.100,235.170,220.323,-14.847,50.169,220.323,1,1
45.200,234.983,220.347,-14.636,50.170,220.347,1,1
45.300,234.796,220.371,-14.425,50.170,220.371,1,1
45.400,234.607,220.395,-14.212,50.170,220.395,1,1
45.500,234.418,220.418,-14.000,50.170,220.418,1,1
45.600,234.227,220.441,-13.786,50.170,220.441,1,1
45.700,234.036,220.464,-13.572,50.171,220.464,1,1
45.800,233.844,220.486,-13.358,50.171,220.486,1,1
45.900,233.651,220.508,-13.143,50.171,220.508,1,1
46.000,233.457,220.529,-12.927,50.171,220.529,1,1
46.100,233.262,220.551,-12.711,50.171,220.551,1,1
46.200,233.066,220.571,-12.494,50.171,220.571,1,1
46.300,232.869,220.592,-12.277,50.172,220.592,1,1
46.400,232.671,220.612,-12.059,50.172,220.612,1,1
46.500,232.472,220.632,-11.841,50.172,220.632,1,1
46.600,232.273,220.651,-11.622,50.172,220.651,1,1
46.700,232.072,220.670,-11.402,50.172,220.670,1,1
46.800,231.871,220.689,-11.183,50.172,220.689,1,1
46.900,231.669,220.707,-10.962,50.173,220.707,1,1
47.000,231.466,220.725,-10.741,50.173,220.725,1,1
47.100,231.262,220.742,-10.520,50.173,220.742,1,1
47.200,231.057,220.760,-10.298,50.173,220.760,1,1
47.300,230.852,220.776,-10.075,50.173,220.776,1,1
47.400,230.645,220.793,-9.853,50.173,220.793,1,1
47.500,230.438,220.809,-9.629,50.173,220.809,1,1
47.600,230.230,220.824,-9.405,50.174,220.824,1,1
47.700,230.021,220.840,-9.181,50.174,220.840,1,1
47.800,229.811,220.855,-8.957,50.174,220.855,1,1
47.900,229.601,220.869,-8.731,50.174,220.869,1,1
48.000,229.389,220.883,-8.506,50.174,220.883,1,1
48.100,229.177,220.897,-8.280,50.174,220.897,1,1
48.200,228.964,220.911,-8.053,50.174,220.911,1,1
48.300,228.750,220.924,-7.827,50.174,220.924,1,1
48.400,228.536,220.936,-7.599,50.174,220.936,1,1
48.500,228.320,220.949,-7.372,50.175,220.949,1,1
48.600,228.104,220.961,-7.144,50.175,220.961,1,1
48.700,227.887,220.972,-6.915,50.175,220.972,1,1
48.800,227.670,220.983,-6.686,50.175,220.983,1,1
48.900,227.451,220.994,-6.457,50.175,220.994,1,1
49.000,227.232,221.004,-6.228,50.175,221.004,1,1
49.100,227.012,221.014,-5.998,50.175,221.014,1,1
49.200,226.791,221.024,-5.767,50.175,221.024,1,1
49.300,226.570,221.033,-5.537,50.175,221.033,1,1
49.400,226.348,221.042,-5.306,50.175,221.042,1,1
49.500,226.125,221.050,-5.074,50.175,221.050,1,1
49.600,225.901,221.059,-4.843,50.175,221.059,1,1
49.700,225.677,221.066,-4.611,50.176,221.066,1,1
49.800,225.452,221.074,-4.379,50.176,221.074,1,1
49.900,225.226,221.080,-4.146,50.176,221.080,1,1
50.000,225.000,221.087,-3.913,50.176,221.087,1,1
50.100,224.773,221.093,-3.680,50.176,221.093,1,1
50.200,224.545,221.099,-3.446,50.176,221.099,1,1
50.300,224.317,221.104,-3.213,50.176,221.104,1,1
50.400,224.088,221.109,-2.979,50.176,221.109,1,1
50.500,223.858,221.114,-2.744,50.176,221.114,1,1
50.600,223.628,221.118,-2.510,50.176,221.118,1,1
50.700,223.396,221.122,-2.275,50.176,221.122,1,1
50.800,223.165,221.125,-2.040,50.176,221.125,1,1
50.900,222.932,221.128,-1.804,50.176,221.128,1,1
51.000,222.700,221.131,-1.569,50.176,221.131,1,1
51.100,222.466,221.133,-1.333,50.176,221.133,1,1
51.200,222.232,221.135,-1.097,50.176,221.135,1,1
51.300,221.997,221.136,-0.861,50.176,221.136,1,1
51.400,221.762,221.137,-0.624,50.176,221.137,1,1
51.500,221.526,221.138,-0.388,50.176,221.138,1,1
51.600,221.289,221.138,-0.151,50.176,221.138,1,1
51.700,221.052,221.138,0.086,50.176,221.138,1,1
51.800,220.814,221.137,0.323,50.176,221.137,1,1
51.900,220.576,221.137,0.561,50.176,221.137,1,1
52.000,220.337,221.135,0.798,50.176,221.135,1,1
52.100,220.097,221.133,1.036,50.176,221.133,1,1
52.200,219.857,221.131,1.274,50.176,221.131,1,1
52.300,219.617,221.129,1.512,50.176,221.129,1,1
52.400,219.376,221.126,1.750,50.176,221.126,1,1
52.500,219.134,221.123,1.988,50.176,221.123,1,1
52.600,218.892,221.119,2.227,50.176,221.119,1,1
52.700,218.649,221.115,2.465,50.176,221.115,1,1
52.800,218.406,221.110,2.704,50.176,221.110,1,1
52.900,218.163,221.105,2.943,50.176,221.105,1,1
53.000,217.918,221.100,3.182,50.176,221.100,1,1
53.100,217.674,221.094,3.421,50.176,221.094,1,1
53.200,217.429,221.088,3.660,50.176,221.088,1,1
53.300,217.183,221.082,3.899,50.176,221.082,1,1
53.400,216.937,221.075,4.138,50.176,221.075,1,1
53.500,216.690,221.068,4.377,50.176,221.068,1,1
53.600,216.443,221.060,4.617,50.175,221.060,1,1
53.700,216.196,221.052,4.856,50.175,221.052,1,1
53.800,215.948,221.043,5.095,50.175,221.043,1,1
53.900,215.700,221.034,5.335,50.175,221.034,1,1
54.000,215.451,221.025,5.574,50.175,221.025,1,1
54.100,215.202,221.015,5.814,50.175,221.015,1,1
54.200,214.952,221.005,6.053,50.175,221.005,1,1
54.300,214.702,220.995,6.293,50.175,220.995,1,1
54.400,214.452,220.984,6.532,50.175,220.984,1,1
54.500,214.201,220.973,6.772,50.175,220.973,1,1
54.600,213.950,220.961,7.011,50.175,220.961,1,1
54.700,213.698,220.949,7.251,50.175,220.949,1,1
54.800,213.446,220.936,7.490,50.174,220.936,1,1
54.900,213.194,220.924,7.730,50.174,220.924,1,1
55.000,212.941,220.910,7.969,50.174,220.910,1,1
55.100,212.688,220.897,8.209,50.174,220.897,1,1
55.200,212.434,220.883,8.448,50.174,220.883,1,1
55.300,212.181,220.868,8.687,50.174,220.868,1,1
55.400,211.927,220.853,8.926,50.174,220.853,1,1
55.500,211.672,220.838,9.166,50.174,220.838,1,1
55.600,211.418,220.822,9.405,50.174,220.822,1,1
55.700,211.163,220.806,9.644,50.173,220.806,1,1
55.800,210.907,220.790,9.882,50.173,220.790,1,1
55.900,210.652,220.773,10.121,50.173,220.773,1,1
56.000,210.396,220.756,10.360,50.173,220.756,1,1
56.100,210.139,220.738,10.598,50.173,220.738,1,1
56.200,209.883,220.720,10.837,50.173,220.720,1,1
56.300,209.626,220.701,11.075,50.173,220.701,1,1
56.400,209.369,220.682,11.313,50.172,220.682,1,1
56.500,209.112,220.663,11.551,50.172,220.663,1,1
56.600,208.854,220.644,11.789,50.172,220.644,1,1
56.700,208.596,220.624,12.027,50.172,220.624,1,1
56.800,208.338,220.603,12.265,50.172,220.603,1,1
56.900,208.080,220.582,12.502,50.172,220.582,1,1
57.000,207.822,220.561,12.739,50.171,220.561,1,1
57.100,207.563,220.539,12.976,50.171,220.539,1,1
57.200,207.304,220.517,13.213,50.171,220.517,1,1
57.300,207.045,220.495,13.450,50.171,220.495,1,1
57.400,206.786,220.472,13.686,50.171,220.472,1,1
57.500,206.526,220.449,13.923,50.170,220.449,1,1
57.600,206.267,220.425,14.159,50.170,220.425,1,1
57.700,206.007,220.401,14.395,50.170,220.401,1,1
57.800,205.747,220.377,14.630,50.170,220.377,1,1
57.900,205.487,220.352,14.865,50.170,220.352,1,1
58.000,205.226,220.327,15.101,50.169,220.327,1,1
58.100,204.966,220.301,15.335,50.169,220.301,1,1
58.200,204.705,220.276,15.570,50.169,220.276,1,1
58.300,204.445,220.249,15.804,50.169,220.249,1,1
58.400,204.184,220.222,16.039,50.169,220.222,1,1
58.500,203.923,220.195,16.272,50.168,220.195,1,1
58.600,203.662,220.168,16.506,50.168,220.168,1,1
58.700,203.401,220.140,16.739,50.168,220.140,1,1
58.800,203.140,220.112,16.972,50.168,220.112,1,1
58.900,202.878,220.083,17.205,50.167,220.083,1,1
59.000,202.617,220.054,17.437,50.167,220.054,1,1
59.100,202.355,220.024,17.669,50.167,220.024,1,1
59.200,202.094,219.995,17.901,50.167,219.995,1,1
59.300,201.832,219.964,18.132,50.166,219.964,1,1
59.400,201.571,219.934,18.363,50.166,219.934,1,1
59.500,201.309,219.903,18.594,50.166,219.903,1,1
59.600,201.047,219.871,18.824,50.166,219.871,1,1
59.700,200.785,219.840,19.054,50.165,219.840,1,1
59.800,200.524,219.808,19.284,50.165,219.808,1,1
59.900,200.262,219.775,19.513,50.165,219.775,1,1
60.000,200.000,219.742,19.742,50.165,219.742,1,1
60.100,199.738,219.709,19.971,50.164,219.709,1,1
60.200,199.476,219.675,20.199,50.164,219.675,1,1
60.300,199.215,219.641,20.426,50.164,219.641,1,1
60.400,198.953,219.607,20.654,50.163,219.607,1,1
60.500,198.691,219.572,20.881,50.163,219.572,1,1
60.600,198.429,219.537,21.107,50.163,219.537,1,1
60.700,198.168,219.501,21.333,50.163,219.501,1,1
60.800,197.906,219.465,21.559,50.162,219.465,1,1
60.900,197.645,219.429,21.784,50.162,219.429,1,1
61.000,197.383,219.392,22.009,50.162,219.392,1,1
61.100,197.122,219.355,22.233,50.161,219.355,1,1
61.200,196.860,219.318,22.457,50.161,219.318,1,1
61.300,196.599,219.280,22.681,50.161,219.280,1,1
61.400,196.338,219.242,22.904,50.160,219.242,1,1
61.500,196.077,219.203,23.126,50.160,219.203,1,1
61.600,195.816,219.164,23.348,50.160,219.164,1,1
61.700,195.555,219.125,23.570,50.159,219.125,1,1
61.800,195.295,219.085,23.791,50.159,219.085,1,1
61.900,195.034,219.045,24.011,50.159,219.045,1,1
62.000,194.774,219.005,24.231,50.158,219.005,1,1
62.100,194.513,218.964,24.451,50.158,218.964,1,1
62.200,194.253,218.923,24.670,50.158,218.923,1,1
62.300,193.993,218.882,24.888,50.157,218.882,1,1
62.400,193.733,218.840,25.106,50.157,218.840,1,1
62.500,193.474,218.798,25.324,50.157,218.798,1,1
62.600,193.214,218.755,25.541,50.156,218.755,1,1
62.700,192.955,218.712,25.757,50.156,218.712,1,1
62.800,192.696,218.669,25.973,50.156,218.669,1,1
62.900,192.437,218.625,26.188,50.155,218.625,1,1
63.000,192.178,218.581,26.403,50.155,218.581,1,1
63.100,191.920,218.537,26.617,50.154,218.537,1,1
63.200,191.662,218.492,26.830,50.154,218.492,1,1
63.300,191.404,218.447,27.043,50.154,218.447,1,1
63.400,191.146,218.402,27.256,50.153,218.402,1,1
63.500,190.888,218.356,27.468,50.153,218.356,1,1
63.600,190.631,218.310,27.679,50.153,218.310,1,1
63.700,190.374,218.263,27.889,50.152,218.263,1,1
63.800,190.117,218.216,28.099,50.152,218.216,1,1
63.900,189.861,218.169,28.309,50.151,218.169,1,1
64.000,189.604,218.122,28.517,50.151,218.122,1,1
64.100,189.348,218.074,28.725,50.151,218.074,1,1
64.200,189.093,218.026,28.933,50.150,218.026,1,1
64.300,188.837,217.977,29.139,50.150,217.977,1,1
64.400,188.582,217.928,29.346,50.149,217.928,1,1
64.500,188.328,217.879,29.551,50.149,217.879,1,1
64.600,188.073,217.829,29.756,50.149,217.829,1,1
64.700,187.819,217.779,29.960,50.148,217.779,1,1
64.800,187.566,217.729,30.163,50.148,217.729,1,1
64.900,187.312,217.678,30.366,50.147,217.678,1,1
65.000,187.059,217.627,30.568,50.147,217.627,1,1
65.100,186.806,217.576,30.770,50.146,217.576,1,1
65.200,186.554,217.525,30.971,50.146,217.525,1,1
65.300,186.302,217.473,31.171,50.146,217.473,1,1
65.400,186.050,217.420,31.370,50.145,217.420,1,1
65.500,185.799,217.368,31.568,50.145,217.368,1,1
65.600,185.548,217.315,31.766,50.144,217.315,1,1
65.700,185.298,217.261,31.963,50.144,217.261,1,1
65.800,185.048,217.208,32.160,50.143,217.208,1,1
65.900,184.798,217.154,32.356,50.143,217.154,1,1
66.000,184.549,217.100,32.551,50.142,217.100,1,1
66.100,184.300,217.045,32.745,50.142,217.045,1,1
66.200,184.052,216.990,32.938,50.142,216.990,1,1
66.300,183.804,216.935,33.131,50.141,216.935,1,1
66.400,183.557,216.879,33.323,50.141,216.879,1,1
66.500,183.310,216.824,33.514,50.140,216.824,1,1
66.600,183.063,216.767,33.704,50.140,216.767,1,1
66.700,182.817,216.711,33.894,50.139,216.711,1,1
66.800,182.571,216.654,34.083,50.139,216.654,1,1
66.900,182.326,216.597,34.271,50.138,216.597,1,1
67.000,182.082,216.540,34.458,50.138,216.540,1,1
67.100,181.837,216.482,34.644,50.137,216.482,1,1
67.200,181.594,216.424,34.830,50.137,216.424,1,1
67.300,181.351,216.365,35.015,50.136,216.365,1,1
67.400,181.108,216.307,35.199,50.136,216.307,1,1
67.500,180.866,216.248,35.382,50.135,216.248,1,1
67.600,180.624,216.189,35.564,50.135,216.189,1,1
67.700,180.383,216.129,35.746,50.134,216.129,1,1
67.800,180.143,216.069,35.926,50.134,216.069,1,1
67.900,179.903,216.009,36.106,50.133,216.009,1,1
68.000,179.663,215.948,36.285,50.133,215.948,1,1
68.100,179.424,215.888,36.463,50.132,215.888,1,1
68.200,179.186,215.827,36.641,50.132,215.827,1,1
68.300,178.948,215.765,36.817,50.131,215.765,1,1
68.400,178.711,215.704,36.993,50.131,215.704,1,1
68.500,178.474,215.642,37.167,50.130,215.642,1,1
68.600,178.238,215.579,37.341,50.130,215.579,1,1
68.700,178.003,215.517,37.514,50.129,215.517,1,1
68.800,177.768,215.454,37.686,50.129,215.454,1,1
68.900,177.534,215.391,37.857,50.128,215.391,1,1
69.000,177.300,215.328,38.027,50.128,215.328,1,1
69.100,177.068,215.264,38.196,50.127,215.264,1,1
69.200,176.835,215.200,38.365,50.127,215.200,1,1
69.300,176.604,215.136,38.532,50.126,215.136,1,1
69.400,176.372,215.071,38.699,50.126,215.071,1,1
69.500,176.142,215.007,38.864,50.125,215.007,1,1
69.600,175.912,214.941,39.029,50.125,214.941,1,1
69.700,175.683,214.876,39.193,50.124,214.876,1,1
69.800,175.455,214.811,39.356,50.123,214.811,1,1
69.900,175.227,214.745,39.518,50.123,214.745,1,1
70.000,175.000,214.679,39.679,50.122,214.679,1,1
70.100,174.774,214.612,39.839,50.122,214.612,1,1
70.200,174.548,214.545,39.998,50.121,214.545,1,1
70.300,174.323,214.479,40.156,50.121,214.479,1,1
70.400,174.099,214.411,40.313,50.120,214.411,1,1
70.500,173.875,214.344,40.469,50.120,214.344,1,1
70.600,173.652,214.276,40.624,50.119,214.276,1,1
70.700,173.430,214.208,40.778,50.118,214.208,1,1
70.800,173.209,214.140,40.931,50.118,214.140,1,1
70.900,172.988,214.072,41.084,50.117,214.072,1,1
71.000,172.768,214.003,41.235,50.117,214.003,1,1
71.100,172.549,213.934,41.385,50.116,213.934,1,1
71.200,172.330,213.865,41.534,50.116,213.865,1,1
71.300,172.113,213.795,41.682,50.115,213.795,1,1
71.400,171.896,213.725,41.830,50.114,213.725,1,1
71.500,171.680,213.655,41.976,50.114,213.655,1,1
71.600,171.464,213.585,42.121,50.113,213.585,1,1
71.700,171.250,213.515,42.265,50.113,213.515,1,1
71.800,171.036,213.444,42.408,50.112,213.444,1,1
71.900,170.823,213.373,42.550,50.111,213.373,1,1
72.000,170.611,213.302,42.691,50.111,213.302,1,1
72.100,170.399,213.231,42.831,50.110,213.231,1,1
72.200,170.189,213.159,42.970,50.110,213.159,1,1
72.300,169.979,213.087,43.108,50.109,213.087,1,1
72.400,169.770,213.015,43.245,50.108,213.015,1,1
72.500,169.562,212.943,43.381,50.108,212.943,1,1
72.600,169.355,212.870,43.516,50.107,212.870,1,1
72.700,169.148,212.798,43.649,50.107,212.798,1,1
72.800,168.943,212.725,43.782,50.106,212.725,1,1
72.900,168.738,212.651,43.914,50.105,212.651,1,1
73.000,168.534,212.578,44.044,50.105,212.578,1,1
73.100,168.331,212.504,44.173,50.104,212.504,1,1
73.200,168.129,212.431,44.302,50.104,212.431,1,1
73.300,167.928,212.357,44.429,50.103,212.357,1,1
73.400,167.727,212.282,44.555,50.102,212.282,1,1
73.500,167.528,212.208,44.680,50.102,212.208,1,1
73.600,167.329,212.133,44.804,50.101,212.133,1,1
73.700,167.131,212.058,44.927,50.100,212.058,1,1
73.800,166.934,211.983,45.049,50.100,211.983,1,1
73.900,166.738,211.908,45.169,50.099,211.908,1,1
74.000,166.543,211.832,45.289,50.099,211.832,1,1
74.100,166.349,211.757,45.407,50.098,211.757,1,1
74.200,166.156,211.681,45.525,50.097,211.681,1,1
74.300,165.964,211.605,45.641,50.097,211.605,1,1
74.400,165.773,211.529,45.756,50.096,211.529,1,1
74.500,165.582,211.452,45.870,50.095,211.452,1,1
74.600,165.393,211.375,45.983,50.095,211.375,1,1
74.700,165.204,211.299,46.094,50.094,211.299,1,1
74.800,165.017,211.222,46.205,50.094,211.222,1,1
74.900,164.830,211.144,46.314,50.093,211.144,1,1
75.000,164.645,211.067,46.422,50.092,211.067,1,1
75.100,164.460,210.989,46.529,50.092,210.989,1,1
75.200,164.276,210.912,46.635,50.091,210.912,1,1
75.300,164.094,210.834,46.740,50.090,210.834,1,1
75.400,163.912,210.756,46.844,50.090,210.756,1,1
75.500,163.731,210.678,46.946,50.089,210.678,1,1
75.600,163.552,210.599,47.048,50.088,210.599,1,1
75.700,163.373,210.521,47.148,50.088,210.521,1,1
75.800,163.195,210.442,47.247,50.087,210.442,1,1
75.900,163.018,210.363,47.344,50.086,210.363,1,1
76.000,162.843,210.284,47.441,50.086,210.284,1,1
76.100,162.668,210.205,47.537,50.085,210.205,1,1
76.200,162.494,210.125,47.631,50.084,210.125,1,1
76.300,162.322,210.046,47.724,50.084,210.046,1,1
76.400,162.150,209.966,47.816,50.083,209.966,1,1
76.500,161.980,209.886,47.906,50.082,209.886,1,1
76.600,161.810,209.806,47.996,50.082,209.806,1,1
76.700,161.642,209.726,48.084,50.081,209.726,1,1
76.800,161.474,209.646,48.171,50.080,209.646,1,1
76.900,161.308,209.565,48.257,50.080,209.565,1,1
77.000,161.143,209.485,48.342,50.079,209.485,1,1
77.100,160.978,209.404,48.426,50.078,209.404,1,1
77.200,160.815,209.323,48.508,50.078,209.323,1,1
77.300,160.653,209.242,48.589,50.077,209.242,1,1
77.400,160.492,209.161,48.669,50.076,209.161,1,1
77.500,160.332,209.080,48.747,50.076,209.080,1,1
77.600,160.174,208.998,48.825,50.075,208.998,1,1
77.700,160.016,208.917,48.901,50.074,208.917,1,1
77.800,159.859,208.835,48.976,50.074,208.835,1,1
77.900,159.704,208.754,49.050,50.073,208.754,1,1
78.000,159.549,208.672,49.123,50.072,208.672,1,1
78.100,159.396,208.590,49.194,50.072,208.590,1,1
78.200,159.244,208.508,49.264,50.071,208.508,1,1
78.300,159.093,208.425,49.333,50.070,208.425,1,1
78.400,158.943,208.343,49.401,50.070,208.343,1,1
78.500,158.794,208.261,49.467,50.069,208.261,1,1
78.600,158.646,208.178,49.532,50.068,208.178,1,1
78.700,158.499,208.095,49.596,50.067,208.095,1,1
78.800,158.354,208.013,49.659,50.067,208.013,1,1
78.900,158.210,207.930,49.720,50.066,207.930,1,1
79.000,158.066,207.847,49.780,50.065,207.847,1,1
79.100,157.924,207.764,49.839,50.065,207.764,1,1
79.200,157.784,207.681,49.897,50.064,207.681,1,1
79.300,157.644,207.597,49.953,50.063,207.597,1,1
79.400,157.505,207.514,50.009,50.063,207.514,1,1
79.500,157.368,207.431,50.063,50.062,207.431,1,1
79.600,157.232,207.347,50.115,50.061,207.347,1,1
79.700,157.097,207.263,50.167,50.061,207.263,1,1
79.800,156.963,207.180,50.217,50.060,207.180,1,1
79.900,156.830,207.096,50.266,50.059,207.096,1,1
80.000,156.699,207.012,50.313,50.058,207.012,1,1
80.100,156.568,206.928,50.360,50.058,206.928,1,1
80.200,156.439,206.844,50.405,50.057,206.844,1,1
80.300,156.311,206.760,50.449,50.056,206.760,1,1
80.400,156.185,206.676,50.491,50.056,206.676,1,1
80.500,156.059,206.592,50.533,50.055,206.592,1,1
80.600,155.935,206.507,50.573,50.054,206.507,1,1
80.700,155.812,206.423,50.611,50.054,206.423,1,1
80.800,155.690,206.339,50.649,50.053,206.339,1,1
80.900,155.569,206.254,50.685,50.052,206.254,1,1
81.000,155.450,206.170,50.720,50.051,206.170,1,1
81.100,155.331,206.085,50.754,50.051,206.085,1,1
81.200,155.214,206.000,50.786,50.050,206.000,1,1
81.300,155.099,205.916,50.817,50.049,205.916,1,1
81.400,154.984,205.831,50.847,50.049,205.831,1,1
81.500,154.871,205.746,50.875,50.048,205.746,1,1
81.600,154.759,205.661,50.903,50.047,205.661,1,1
81.700,154.648,205.576,50.929,50.046,205.576,1,1
81.800,154.538,205.492,50.953,50.046,205.492,1,1
81.900,154.430,205.407,50.977,50.045,205.407,1,1
82.000,154.323,205.322,50.999,50.044,205.322,1,1
82.100,154.217,205.237,51.020,50.044,205.237,1,1
82.200,154.112,205.151,51.039,50.043,205.151,1,1
82.300,154.009,205.066,51.057,50.042,205.066,1,1
82.400,153.907,204.981,51.074,50.042,204.981,1,1
82.500,153.806,204.896,51.090,50.041,204.896,1,1
82.600,153.706,204.811,51.104,50.040,204.811,1,1
82.700,153.608,204.726,51.118,50.039,204.726,1,1
82.800,153.511,204.640,51.129,50.039,204.640,1,1
82.900,153.415,204.555,51.140,50.038,204.555,1,1
83.000,153.321,204.470,51.149,50.037,204.470,1,1
83.100,153.228,204.385,51.157,50.037,204.385,1,1
83.200,153.136,204.299,51.164,50.036,204.299,1,1
83.300,153.045,204.214,51.169,50.035,204.214,1,1
83.400,152.956,204.129,51.173,50.034,204.129,1,1
83.500,152.868,204.044,51.176,50.034,204.044,1,1
83.600,152.781,203.958,51.177,50.033,203.958,1,1
83.700,152.696,203.873,51.177,50.032,203.873,1,1
83.800,152.612,203.788,51.176,50.032,203.788,1,1
83.900,152.529,203.702,51.174,50.031,203.702,1,1
84.000,152.447,203.617,51.170,50.030,203.617,1,1
84.100,152.367,203.532,51.165,50.029,203.532,1,1
84.200,152.288,203.447,51.159,50.029,203.447,1,1
84.300,152.210,203.361,51.151,50.028,203.361,1,1
84.400,152.134,203.276,51.142,50.027,203.276,1,1
84.500,152.059,203.191,51.132,50.027,203.191,1,1
84.600,151.985,203.106,51.120,50.026,203.106,1,1
84.700,151.913,203.021,51.108,50.025,203.021,1,1
84.800,151.842,202.935,51.094,50.024,202.935,1,1
84.900,151.772,202.850,51.078,50.024,202.850,1,1
85.000,151.704,202.765,51.061,50.023,202.765,1,1
85.100,151.637,202.680,51.043,50.022,202.680,1,1
85.200,151.571,202.595,51.024,50.022,202.595,1,1
85.300,151.506,202.510,51.004,50.021,202.510,1,1
85.400,151.443,202.425,50.982,50.020,202.425,1,1
85.500,151.382,202.340,50.959,50.020,202.340,1,1
85.600,151.321,202.255,50.934,50.019,202.255,1,1
85.700,151.262,202.170,50.908,50.018,202.170,1,1
85.800,151.204,202.086,50.881,50.017,202.086,1,1
85.900,151.148,202.001,50.853,50.017,202.001,1,1
86.000,151.093,201.916,50.823,50.016,201.916,1,1
86.100,151.039,201.831,50.793,50.015,201.831,1,1
86.200,150.986,201.747,50.760,50.015,201.747,1,1
86.300,150.935,201.662,50.727,50.014,201.662,1,1
86.400,150.886,201.578,50.692,50.013,201.578,1,1
86.500,150.837,201.493,50.656,50.012,201.493,1,1
86.600,150.790,201.409,50.619,50.012,201.409,1,1
86.700,150.745,201.325,50.580,50.011,201.325,1,1
86.800,150.700,201.241,50.540,50.010,201.241,1,1
86.900,150.657,201.156,50.499,50.010,201.156,1,1
87.000,150.616,201.072,50.457,50.009,201.072,1,1
87.100,150.575,200.988,50.413,50.008,200.988,1,1
87.200,150.536,200.904,50.368,50.008,200.904,1,1
87.300,150.499,200.820,50.322,50.007,200.820,1,1
87.400,150.463,200.737,50.274,50.006,200.737,1,1
87.500,150.428,200.653,50.225,50.005,200.653,1,1
87.600,150.394,200.569,50.175,50.005,200.569,1,1
87.700,150.362,200.486,50.124,50.004,200.486,1,1
87.800,150.331,200.402,50.071,50.003,200.402,1,1
87.900,150.302,200.319,50.017,50.003,200.319,1,1
88.000,150.274,200.236,49.962,50.002,200.236,1,1
88.100,150.247,200.152,49.905,50.001,200.152,1,1
88.200,150.222,200.069,49.848,50.001,200.069,1,1
88.300,150.198,199.986,49.788,50.000,199.986,1,1
88.400,150.175,199.904,49.728,49.999,199.904,1,1
88.500,150.154,199.821,49.667,49.999,199.821,1,1
88.600,150.134,199.738,49.604,49.998,199.738,1,1
88.700,150.116,199.656,49.540,49.997,199.656,1,1
88.800,150.099,199.573,49.474,49.996,199.573,1,1
88.900,150.083,199.491,49.408,49.996,199.491,1,1
89.000,150.069,199.408,49.340,49.995,199.408,1,1
89.100,150.056,199.326,49.271,49.994,199.326,1,1
89.200,150.044,199.244,49.201,49.994,199.244,1,1
89.300,150.034,199.162,49.129,49.993,199.162,1,1
89.400,150.025,199.081,49.056,49.992,199.081,1,1
89.500,150.017,198.999,48.982,49.992,198.999,1,1
89.600,150.011,198.918,48.907,49.991,198.918,1,1
89.700,150.006,198.836,48.830,49.990,198.836,1,1
89.800,150.003,198.755,48.752,49.990,198.755,1,1
89.900,150.001,198.674,48.673,49.989,198.674,1,1
90.000,150.000,198.593,48.593,49.988,198.593,1,1
90.100,150.001,198.512,48.511,49.988,198.512,1,1
90.200,150.003,198.431,48.429,49.987,198.431,1,1
90.300,150.006,198.351,48.345,49.986,198.351,1,1
90.400,150.011,198.270,48.259,49.986,198.270,1,1
90.500,150.017,198.190,48.173,49.985,198.190,1,1
90.600,150.025,198.110,48.085,49.984,198.110,1,1
90.700,150.034,198.030,47.996,49.984,198.030,1,1
90.800,150.044,197.950,47.906,49.983,197.950,1,1
90.900,150.056,197.870,47.815,49.982,197.870,1,1
91.000,150.069,197.791,47.722,49.982,197.791,1,1
91.100,150.083,197.711,47.628,49.981,197.711,1,1
91.200,150.099,197.632,47.534,49.980,197.632,1,1
91.300,150.116,197.553,47.437,49.980,197.553,1,1
91.400,150.134,197.474,47.340,49.979,197.474,1,1
91.500,150.154,197.395,47.241,49.978,197.395,1,1
91.600,150.175,197.317,47.142,49.978,197.317,1,1
91.700,150.198,197.238,47.041,49.977,197.238,1,1
91.800,150.222,197.160,46.938,49.976,197.160,1,1
91.900,150.247,197.082,46.835,49.976,197.082,1,1
92.000,150.274,197.004,46.730,49.975,197.004,1,1
92.100,150.302,196.927,46.625,49.974,196.927,1,1
92.200,150.331,196.849,46.518,49.974,196.849,1,1
92.300,150.362,196.772,46.410,49.973,196.772,1,1
92.400,150.394,196.695,46.300,49.972,196.695,1,1
92.500,150.428,196.618,46.190,49.972,196.618,1,1
92.600,150.463,196.541,46.078,49.971,196.541,1,1
92.700,150.499,196.464,45.965,49.971,196.464,1,1
92.800,150.536,196.388,45.851,49.970,196.388,1,1
92.900,150.575,196.312,45.736,49.969,196.312,1,1
93.000,150.616,196.236,45.620,49.969,196.236,1,1
93.100,150.657,196.160,45.502,49.968,196.160,1,1
93.200,150.700,196.084,45.384,49.967,196.084,1,1
93.300,150.745,196.009,45.264,49.967,196.009,1,1
93.400,150.790,195.933,45.143,49.966,195.933,1,1
93.500,150.837,195.858,45.021,49.965,195.858,1,1
93.600,150.886,195.783,44.898,49.965,195.783,1,1
93.700,150.935,195.709,44.773,49.964,195.709,1,1
93.800,150.986,195.634,44.648,49.964,195.634,1,1
93.900,151.039,195.560,44.521,49.963,195.560,1,1
94.000,151.093,195.486,44.394,49.962,195.486,1,1
94.100,151.148,195.412,44.265,49.962,195.412,1,1
94.200,151.204,195.339,44.135,49.961,195.339,1,1
94.300,151.262,195.266,44.004,49.961,195.266,1,1
94.400,151.321,195.192,43.871,49.960,195.192,1,1
94.500,151.382,195.120,43.738,49.959,195.120,1,1
94.600,151.443,195.047,43.604,49.959,195.047,1,1
94.700,151.506,194.974,43.468,49.958,194.974,1,1
94.800,151.571,194.902,43.331,49.958,194.902,1,1
94.900,151.637,194.830,43.194,49.957,194.830,1,1
95.000,151.704,194.758,43.055,49.956,194.758,1,1
95.100,151.772,194.687,42.915,49.956,194.687,1,1
95.200,151.842,194.616,42.774,49.955,194.616,1,1
95.300,151.913,194.545,42.632,49.955,194.545,1,1
95.400,151.985,194.474,42.488,49.954,194.474,1,1
95.500,152.059,194.403,42.344,49.953,194.403,1,1
95.600,152.134,194.333,42.199,49.953,194.333,1,1
95.700,152.210,194.263,42.052,49.952,194.263,1,1
95.800,152.288,194.193,41.905,49.952,194.193,1,1
95.900,152.367,194.123,41.756,49.951,194.123,1,1
96.000,152.447,194.054,41.607,49.950,194.054,1,1
96.100,152.529,193.985,41.456,49.950,193.985,1,1
96.200,152.612,193.916,41.305,49.949,193.916,1,1
96.300,152.696,193.848,41.152,49.949,193.848,1,1
96.400,152.781,193.779,40.998,49.948,193.779,1,1
96.500,152.868,193.711,40.843,49.948,193.711,1,1
96.600,152.956,193.643,40.687,49.947,193.643,1,1
96.700,153.045,193.576,40.530,49.946,193.576,1,1
96.800,153.136,193.508,40.373,49.946,193.508,1,1
96.900,153.228,193.441,40.214,49.945,193.441,1,1
97.000,153.321,193.375,40.054,49.945,193.375,1,1
97.100,153.415,193.308,39.893,49.944,193.308,1,1
97.200,153.511,193.242,39.731,49.944,193.242,1,1
97.300,153.608,193.176,39.568,49.943,193.176,1,1
97.400,153.706,193.110,39.404,49.943,193.110,1,1
97.500,153.806,193.045,39.239,49.942,193.045,1,1
97.600,153.907,192.980,39.073,49.941,192.980,1,1
97.700,154.009,192.915,38.906,49.941,192.915,1,1
97.800,154.112,192.850,38.738,49.940,192.850,1,1
97.900,154.217,192.786,38.569,49.940,192.786,1,1
98.000,154.323,192.722,38.399,49.939,192.722,1,1
98.100,154.430,192.658,38.229,49.939,192.658,1,1
98.200,154.538,192.595,38.057,49.938,192.595,1,1
98.300,154.648,192.532,37.884,49.938,192.532,1,1
98.400,154.759,192.469,37.710,49.937,192.469,1,1
98.500,154.871,192.406,37.536,49.937,192.406,1,1
98.600,154.984,192.344,37.360,49.936,192.344,1,1
98.700,155.099,192.282,37.184,49.936,192.282,1,1
98.800,155.214,192.221,37.006,49.935,192.221,1,1
98.900,155.331,192.159,36.828,49.935,192.159,1,1
99.000,155.450,192.098,36.648,49.934,192.098,1,1
99.100,155.569,192.037,36.468,49.934,192.037,1,1
99.200,155.690,191.977,36.287,49.933,191.977,1,1
99.300,155.812,191.917,36.105,49.933,191.917,1,1
99.400,155.935,191.857,35.922,49.932,191.857,1,1
99.500,156.059,191.797,35.738,49.932,191.797,1,1
99.600,156.185,191.738,35.553,49.931,191.738,1,1
99.700,156.311,191.679,35.368,49.931,191.679,1,1
99.800,156.439,191.620,35.181,49.930,191.620,1,1
99.900,156.568,191.562,34.994,49.930,191.562,1,1
100.000,156.699,191.504,34.805,49.929,191.504,1,1
100.100,156.830,191.446,34.616,49.929,191.446,1,1
100.200,156.963,191.389,34.426,49.928,191.389,1,1
100.300,157.097,191.332,34.235,49.928,191.332,1,1
100.400,157.232,191.275,34.043,49.927,191.275,1,1
100.500,157.368,191.219,33.851,49.927,191.219,1,1
100.600,157.505,191.163,33.657,49.926,191.163,1,1
100.700,157.644,191.107,33.463,49.926,191.107,1,1
100.800,157.784,191.051,33.268,49.925,191.051,1,1
100.900,157.924,190.996,33.072,49.925,190.996,1,1
101.000,158.066,190.942,32.875,49.925,190.942,1,1
101.100,158.210,190.887,32.677,49.924,190.887,1,1
101.200,158.354,190.833,32.479,49.924,190.833,1,1
101.300,158.499,190.779,32.280,49.923,190.779,1,1
101.400,158.646,190.726,32.080,49.923,190.726,1,1
101.500,158.794,190.673,31.879,49.922,190.673,1,1
101.600,158.943,190.620,31.677,49.922,190.620,1,1
101.700,159.093,190.567,31.475,49.921,190.567,1,1
101.800,159.244,190.515,31.272,49.921,190.515,1,1
101.900,159.396,190.463,31.068,49.921,190.463,1,1
102.000,159.549,190.412,30.863,49.920,190.412,1,1
102.100,159.704,190.361,30.657,49.920,190.361,1,1
102.200,159.859,190.310,30.451,49.919,190.310,1,1
102.300,160.016,190.260,30.244,49.919,190.260,1,1
102.400,160.174,190.210,30.036,49.918,190.210,1,1
102.500,160.332,190.160,29.828,49.918,190.160,1,1
102.600,160.492,190.111,29.618,49.918,190.111,1,1
102.700,160.653,190.062,29.408,49.917,190.062,1,1
102.800,160.815,190.013,29.198,49.917,190.013,1,1
102.900,160.978,189.965,28.986,49.916,189.965,1,1
103.000,161.143,189.917,28.774,49.916,189.917,1,1
103.100,161.308,189.869,28.561,49.916,189.869,1,1
103.200,161.474,189.822,28.347,49.915,189.822,1,1
103.300,161.642,189.775,28.133,49.915,189.775,1,1
103.400,161.810,189.728,27.918,49.914,189.728,1,1
103.500,161.980,189.682,27.702,49.914,189.682,1,1
103.600,162.150,189.636,27.486,49.914,189.636,1,1
103.700,162.322,189.591,27.269,49.913,189.591,1,1
103.800,162.494,189.546,27.051,49.913,189.546,1,1
103.900,162.668,189.501,26.833,49.913,189.501,1,1
104.000,162.843,189.457,26.614,49.912,189.457,1,1
104.100,163.018,189.413,26.394,49.912,189.413,1,1
104.200,163.195,189.369,26.174,49.911,189.369,1,1
104.300,163.373,189.326,25.953,49.911,189.326,1,1
104.400,163.552,189.283,25.731,49.911,189.283,1,1
104.500,163.731,189.240,25.509,49.910,189.240,1,1
104.600,163.912,189.198,25.286,49.910,189.198,1,1
104.700,164.094,189.157,25.063,49.910,189.157,1,1
104.800,164.276,189.115,24.839,49.909,189.115,1,1
104.900,164.460,189.074,24.614,49.909,189.074,1,1
105.000,164.645,189.033,24.389,49.909,189.033,1,1
105.100,164.830,188.993,24.163,49.908,188.993,1,1
105.200,165.017,188.953,23.936,49.908,188.953,1,1
105.300,165.204,188.914,23.709,49.908,188.914,1,1
105.400,165.393,188.875,23.482,49.907,188.875,1,1
105.500,165.582,188.836,23.254,49.907,188.836,1,1
105.600,165.773,188.798,23.025,49.907,188.798,1,1
105.700,165.964,188.760,22.796,49.906,188.760,1,1
105.800,166.156,188.722,22.566,49.906,188.722,1,1
105.900,166.349,188.685,22.335,49.906,188.685,1,1
106.000,166.543,188.648,22.104,49.905,188.648,1,1
106.100,166.738,188.611,21.873,49.905,188.611,1,1
106.200,166.934,188.575,21.641,49.905,188.575,1,1
106.300,167.131,188.540,21.408,49.904,188.540,1,1
106.400,167.329,188.504,21.175,49.904,188.504,1,1
106.500,167.528,188.469,20.942,49.904,188.469,1,1
106.600,167.727,188.435,20.708,49.904,188.435,1,1
106.700,167.928,188.401,20.473,49.903,188.401,1,1
106.800,168.129,188.367,20.238,49.903,188.367,1,1
106.900,168.331,188.334,20.003,49.903,188.334,1,1
107.000,168.534,188.301,19.767,49.903,188.301,1,1
107.100,168.738,188.268,19.530,49.902,188.268,1,1
107.200,168.943,188.236,19.294,49.902,188.236,1,1
107.300,169.148,188.204,19.056,49.902,188.204,1,1
107.400,169.355,188.173,18.818,49.901,188.173,1,1
107.500,169.562,188.142,18.580,49.901,188.142,1,1
107.600,169.770,188.111,18.341,49.901,188.111,1,1
107.700,169.979,188.081,18.102,49.901,188.081,1,1
107.800,170.189,188.052,17.863,49.900,188.052,1,1
107.900,170.399,188.022,17.623,49.900,188.022,1,1
108.000,170.611,187.993,17.382,49.900,187.993,1,1
108.100,170.823,187.965,17.142,49.900,187.965,1,1
108.200,171.036,187.936,16.901,49.899,187.936,1,1
108.300,171.250,187.909,16.659,49.899,187.909,1,1
108.400,171.464,187.881,16.417,49.899,187.881,1,1
108.500,171.680,187.854,16.175,49.899,187.854,1,1
108.600,171.896,187.828,15.932,49.899,187.828,1,1
108.700,172.113,187.802,15.689,49.898,187.802,1,1
108.800,172.330,187.776,15.445,49.898,187.776,1,1
108.900,172.549,187.751,15.202,49.898,187.751,1,1
109.000,172.768,187.726,14.958,49.898,187.726,1,1
109.100,172.988,187.701,14.713,49.898,187.701,1,1
109.200,173.209,187.677,14.468,49.897,187.677,1,1
109.300,173.430,187.653,14.223,49.897,187.653,1,1
109.400,173.652,187.630,13.978,49.897,187.630,1,1
109.500,173.875,187.607,13.732,49.897,187.607,1,1
109.600,174.099,187.585,13.486,49.897,187.585,1,1
109.700,174.323,187.563,13.240,49.896,187.563,1,1
109.800,174.548,187.541,12.993,49.896,187.541,1,1
109.900,174.774,187.520,12.746,49.896,187.520,1,1
110.000,175.000,187.499,12.499,49.896,187.499,1,1
110.100,175.227,187.478,12.251,49.896,187.478,1,1
110.200,175.455,187.458,12.004,49.895,187.458,1,1
110.300,175.683,187.439,11.756,49.895,187.439,1,1
110.400,175.912,187.420,11.507,49.895,187.420,1,1
110.500,176.142,187.401,11.259,49.895,187.401,1,1
110.600,176.372,187.383,11.010,49.895,187.383,1,1
110.700,176.604,187.365,10.761,49.895,187.365,1,1
110.800,176.835,187.347,10.512,49.895,187.347,1,1
110.900,177.068,187.330,10.262,49.894,187.330,1,1
111.000,177.300,187.313,10.013,49.894,187.313,1,1
111.100,177.534,187.297,9.763,49.894,187.297,1,1
111.200,177.768,187.281,9.513,49.894,187.281,1,1
111.300,178.003,187.266,9.263,49.894,187.266,1,1
111.400,178.238,187.251,9.012,49.894,187.251,1,1
111.500,178.474,187.236,8.762,49.894,187.236,1,1
111.600,178.711,187.222,8.511,49.894,187.222,1,1
111.700,178.948,187.208,8.260,49.893,187.208,1,1
111.800,179.186,187.195,8.009,49.893,187.195,1,1
111.900,179.424,187.182,7.758,49.893,187.182,1,1
112.000,179.663,187.169,7.506,49.893,187.169,1,1
112.100,179.903,187.157,7.255,49.893,187.157,1,1
112.200,180.143,187.146,7.003,49.893,187.146,1,1
112.300,180.383,187.134,6.751,49.893,187.134,1,1
112.400,180.624,187.124,6.499,49.893,187.124,1,1
112.500,180.866,187.113,6.247,49.893,187.113,1,1
112.600,181.108,187.103,5.995,49.893,187.103,1,1
112.700,181.351,187.094,5.743,49.892,187.094,1,1
112.800,181.594,187.084,5.491,49.892,187.084,1,1
112.900,181.837,187.076,5.238,49.892,187.076,1,1
113.000,182.082,187.067,4.986,49.892,187.067,1,1
113.100,182.326,187.059,4.733,49.892,187.059,1,1
113.200,182.571,187.052,4.481,49.892,187.052,1,1
113.300,182.817,187.045,4.228,49.892,187.045,1,1
113.400,183.063,187.038,3.975,49.892,187.038,1,1
113.500,183.310,187.032,3.722,49.892,187.032,1,1
113.600,183.557,187.026,3.470,49.892,187.026,1,1
113.700,183.804,187.021,3.217,49.892,187.021,1,1
113.800,184.052,187.016,2.964,49.892,187.016,1,1
113.900,184.300,187.012,2.711,49.892,187.012,1,1
114.000,184.549,187.007,2.458,49.892,187.007,1,1
114.100,184.798,187.004,2.205,49.892,187.004,1,1
114.200,185.048,187.000,1.953,49.892,187.000,1,1
114.300,185.298,186.998,1.700,49.892,186.998,1,1
114.400,185.548,186.995,1.447,49.892,186.995,1,1
114.500,185.799,186.993,1.194,49.892,186.993,1,1
114.600,186.050,186.992,0.941,49.892,186.992,1,1
114.700,186.302,186.991,0.689,49.892,186.991,1,1
114.800,186.554,186.990,0.436,49.892,186.990,1,1
114.900,186.806,186.990,0.183,49.892,186.990,1,1
115.000,187.059,186.990,-0.069,49.892,186.990,1,1
115.100,187.312,186.990,-0.322,49.892,186.990,1,1
115.200,187.566,186.991,-0.574,49.892,186.991,1,1
115.300,187.819,186.992,-0.827,49.892,186.992,1,1
115.400,188.073,186.994,-1.079,49.892,186.994,1,1
115.500,188.328,186.997,-1.331,49.892,186.997,1,1
115.600,188.582,186.999,-1.583,49.892,186.999,1,1
115.700,188.837,187.002,-1.835,49.892,187.002,1,1
115.800,189.093,187.006,-2.087,49.892,187.006,1,1
115.900,189.348,187.010,-2.339,49.892,187.010,1,1
116.000,189.604,187.014,-2.591,49.892,187.014,1,1
116.100,189.861,187.019,-2.842,49.892,187.019,1,1
116.200,190.117,187.024,-3.093,49.892,187.024,1,1
116.300,190.374,187.029,-3.345,49.892,187.029,1,1
116.400,190.631,187.035,-3.596,49.892,187.035,1,1
116.500,190.888,187.042,-3.846,49.892,187.042,1,1
116.600,191.146,187.049,-4.097,49.892,187.049,1,1
116.700,191.404,187.056,-4.348,49.892,187.056,1,1
116.800,191.662,187.064,-4.598,49.892,187.064,1,1
116.900,191.920,187.072,-4.848,49.892,187.072,1,1
117.000,192.178,187.080,-5.098,49.892,187.080,1,1
117.100,192.437,187.089,-5.348,49.892,187.089,1,1
117.200,192.696,187.098,-5.598,49.892,187.098,1,1
117.300,192.955,187.108,-5.847,49.893,187.108,1,1
117.400,193.214,187.118,-6.096,49.893,187.118,1,1
117.500,193.474,187.129,-6.345,49.893,187.129,1,1
117.600,193.733,187.140,-6.594,49.893,187.140,1,1
117.700,193.993,187.151,-6.842,49.893,187.151,1,1
117.800,194.253,187.163,-7.090,49.893,187.163,1,1
117.900,194.513,187.175,-7.338,49.893,187.175,1,1
118.000,194.774,187.188,-7.586,49.893,187.188,1,1
118.100,195.034,187.201,-7.833,49.893,187.201,1,1
118.200,195.295,187.214,-8.080,49.893,187.214,1,1
118.300,195.555,187.228,-8.327,49.894,187.228,1,1
118.400,195.816,187.243,-8.574,49.894,187.243,1,1
118.500,196.077,187.257,-8.820,49.894,187.257,1,1
118.600,196.338,187.272,-9.066,49.894,187.272,1,1
118.700,196.599,187.288,-9.311,49.894,187.288,1,1
118.800,196.860,187.304,-9.557,49.894,187.304,1,1
118.900,197.122,187.320,-9.802,49.894,187.320,1,1
119.000,197.383,187.337,-10.046,49.894,187.337,1,1
119.100,197.645,187.354,-10.291,49.895,187.354,1,1
119.200,197.906,187.372,-10.535,49.895,187.372,1,1
119.300,198.168,187.390,-10.778,49.895,187.390,1,1
119.400,198.429,187.408,-11.021,49.895,187.408,1,1
119.500,198.691,187.427,-11.264,49.895,187.427,1,1
119.600,198.953,187.446,-11.507,49.895,187.446,1,1
119.700,199.215,187.465,-11.749,49.896,187.465,1,1
119.800,199.476,187.485,-11.991,49.896,187.485,1,1
119.900,199.738,187.506,-12.232,49.896,187.506,1,1
120.000,200.000,187.527,-12.473,49.896,187.527,1,1
120.100,200.262,187.548,-12.714,49.896,187.548,1,1
120.200,200.524,187.569,-12.954,49.896,187.569,1,1
120.300,200.785,187.591,-13.194,49.897,187.591,1,1
120.400,201.047,187.614,-13.433,49.897,187.614,1,1
120.500,201.309,187.637,-13.672,49.897,187.637,1,1
120.600,201.571,187.660,-13.911,49.897,187.660,1,1
120.700,201.832,187.683,-14.149,49.897,187.683,1,1
120.800,202.094,187.707,-14.386,49.898,187.707,1,1
120.900,202.355,187.732,-14.624,49.898,187.732,1,1
121.000,202.617,187.756,-14.860,49.898,187.756,1,1
121.100,202.878,187.782,-15.097,49.898,187.782,1,1
121.200,203.140,187.807,-15.332,49.898,187.807,1,1
121.300,203.401,187.833,-15.568,49.899,187.833,1,1
121.400,203.662,187.859,-15.802,49.899,187.859,1,1
121.500,203.923,187.886,-16.037,49.899,187.886,1,1
121.600,204.184,187.913,-16.271,49.899,187.913,1,1
121.700,204.445,187.941,-16.504,49.900,187.941,1,1
121.800,204.705,187.969,-16.737,49.900,187.969,1,1
121.900,204.966,187.997,-16.969,49.900,187.997,1,1
122.000,205.226,188.026,-17.201,49.900,188.026,1,1
122.100,205.487,188.055,-17.432,49.900,188.055,1,1
122.200,205.747,188.084,-17.663,49.901,188.084,1,1
122.300,206.007,188.114,-17.893,49.901,188.114,1,1
122.400,206.267,188.144,-18.122,49.901,188.144,1,1
122.500,206.526,188.175,-18.352,49.901,188.175,1,1
122.600,206.786,188.206,-18.580,49.902,188.206,1,1
122.700,207.045,188.237,-18.808,49.902,188.237,1,1
122.800,207.304,188.269,-19.035,49.902,188.269,1,1
122.900,207.563,188.301,-19.262,49.903,188.301,1,1
123.000,207.822,188.333,-19.488,49.903,188.333,1,1
123.100,208.080,188.366,-19.714,49.903,188.366,1,1
123.200,208.338,188.399,-19.939,49.903,188.399,1,1
123.300,208.596,188.433,-20.163,49.904,188.433,1,1
123.400,208.854,188.467,-20.387,49.904,188.467,1,1
123.500,209.112,188.501,-20.610,49.904,188.501,1,1
123.600,209.369,188.536,-20.833,49.904,188.536,1,1
123.700,209.626,188.571,-21.055,49.905,188.571,1,1
123.800,209.883,188.607,-21.276,49.905,188.607,1,1
123.900,210.139,188.643,-21.497,49.905,188.643,1,1
124.000,210.396,188.679,-21.717,49.906,188.679,1,1
124.100,210.652,188.715,-21.936,49.906,188.715,1,1
124.200,210.907,188.752,-22.155,49.906,188.752,1,1
124.300,211.163,188.790,-22.373,49.907,188.790,1,1
124.400,211.418,188.827,-22.590,49.907,188.827,1,1
124.500,211.672,188.865,-22.807,49.907,188.865,1,1
124.600,211.927,188.904,-23.023,49.908,188.904,1,1
124.700,212.181,188.942,-23.238,49.908,188.942,1,1
124.800,212.434,188.981,-23.453,49.908,188.981,1,1
124.900,212.688,189.021,-23.667,49.909,189.021,1,1
125.000,212.941,189.061,-23.880,49.909,189.061,1,1
125.100,213.194,189.101,-24.093,49.909,189.101,1,1
125.200,213.446,189.141,-24.305,49.910,189.141,1,1
125.300,213.698,189.182,-24.516,49.910,189.182,1,1
125.400,213.950,189.223,-24.726,49.910,189.223,1,1
125.500,214.201,189.265,-24.936,49.911,189.265,1,1
125.600,214.452,189.307,-25.145,49.911,189.307,1,1
125.700,214.702,189.349,-25.353,49.911,189.349,1,1
125.800,214.952,189.392,-25.560,49.912,189.392,1,1
125.900,215.202,189.435,-25.767,49.912,189.435,1,1
126.000,215.451,189.478,-25.973,49.912,189.478,1,1
126.100,215.700,189.522,-26.178,49.913,189.522,1,1
126.200,215.948,189.565,-26.382,49.913,189.565,1,1
126.300,216.196,189.610,-26.586,49.913,189.610,1,1
126.400,216.443,189.654,-26.789,49.914,189.654,1,1
126.500,216.690,189.699,-26.991,49.914,189.699,1,1
126.600,216.937,189.745,-27.192,49.915,189.745,1,1
126.700,217.183,189.790,-27.393,49.915,189.790,1,1
126.800,217.429,189.836,-27.592,49.915,189.836,1,1
126.900,217.674,189.883,-27.791,49.916,189.883,1,1
127.000,217.918,189.929,-27.989,49.916,189.929,1,1
127.100,218.163,189.976,-28.186,49.916,189.976,1,1
127.200,218.406,190.024,-28.383,49.917,190.024,1,1
127.300,218.649,190.071,-28.578,49.917,190.071,1,1
127.400,218.892,190.119,-28.773,49.918,190.119,1,1
127.500,219.134,190.168,-28.967,49.918,190.168,1,1
127.600,219.376,190.216,-29.160,49.918,190.216,1,1
127.700,219.617,190.265,-29.352,49.919,190.265,1,1
127.800,219.857,190.314,-29.543,49.919,190.314,1,1
127.900,220.097,190.364,-29.734,49.920,190.364,1,1
128.000,220.337,190.414,-29.923,49.920,190.414,1,1
128.100,220.576,190.464,-30.112,49.921,190.464,1,1
128.200,220.814,190.514,-30.300,49.921,190.514,1,1
128.300,221.052,190.565,-30.487,49.921,190.565,1,1
128.400,221.289,190.616,-30.673,49.922,190.616,1,1
128.500,221.526,190.668,-30.858,49.922,190.668,1,1
128.600,221.762,190.719,-31.042,49.923,190.719,1,1
128.700,221.997,190.772,-31.225,49.923,190.772,1,1
128.800,222.232,190.824,-31.408,49.924,190.824,1,1
128.900,222.466,190.877,-31.589,49.924,190.877,1,1
129.000,222.700,190.929,-31.770,49.924,190.929,1,1
129.100,222.932,190.983,-31.950,49.925,190.983,1,1
129.200,223.165,191.036,-32.129,49.925,191.036,1,1
129.300,223.396,191.090,-32.306,49.926,191.090,1,1
129.400,223.628,191.144,-32.483,49.926,191.144,1,1
129.500,223.858,191.199,-32.659,49.927,191.199,1,1
129.600,224.088,191.253,-32.834,49.927,191.253,1,1
129.700,224.317,191.308,-33.008,49.928,191.308,1,1
129.800,224.545,191.364,-33.181,49.928,191.364,1,1
129.900,224.773,191.419,-33.354,49.928,191.419,1,1
130.000,225.000,191.475,-33.525,49.929,191.475,1,1
130.100,225.226,191.531,-33.695,49.929,191.531,1,1
130.200,225.452,191.588,-33.864,49.930,191.588,1,1
130.300,225.677,191.645,-34.033,49.930,191.645,1,1
130.400,225.901,191.701,-34.200,49.931,191.701,1,1
130.500,226.125,191.759,-34.366,49.931,191.759,1,1
130.600,226.348,191.816,-34.531,49.932,191.816,1,1
130.700,226.570,191.874,-34.696,49.932,191.874,1,1
130.800,226.791,191.932,-34.859,49.933,191.932,1,1
130.900,227.012,191.991,-35.021,49.933,191.991,1,1
131.000,227.232,192.049,-35.183,49.934,192.049,1,1
131.100,227.451,192.108,-35.343,49.934,192.108,1,1
131.200,227.670,192.167,-35.502,49.935,192.167,1,1
131.300,227.887,192.227,-35.660,49.935,192.227,1,1
131.400,228.104,192.286,-35.818,49.936,192.286,1,1
131.500,228.320,192.346,-35.974,49.936,192.346,1,1
131.600,228.536,192.407,-36.129,49.937,192.407,1,1
131.700,228.750,192.467,-36.283,49.937,192.467,1,1
131.800,228.964,192.528,-36.436,49.938,192.528,1,1
131.900,229.177,192.589,-36.588,49.938,192.589,1,1
132.000,229.389,192.650,-36.739,49.939,192.650,1,1
132.100,229.601,192.712,-36.889,49.939,192.712,1,1
132.200,229.811,192.773,-37.038,49.940,192.773,1,1
132.300,230.021,192.835,-37.186,49.940,192.835,1,1
132.400,230.230,192.897,-37.332,49.941,192.897,1,1
132.500,230.438,192.960,-37.478,49.941,192.960,1,1
132.600,230.645,193.023,-37.623,49.942,193.023,1,1
132.700,230.852,193.086,-37.766,49.942,193.086,1,1
132.800,231.057,193.149,-37.909,49.943,193.149,1,1
132.900,231.262,193.212,-38.050,49.943,193.212,1,1
133.000,231.466,193.276,-38.190,49.944,193.276,1,1
133.100,231.669,193.340,-38.329,49.944,193.340,1,1
133.200,231.871,193.404,-38.467,49.945,193.404,1,1
133.300,232.072,193.468,-38.604,49.946,193.468,1,1
133.400,232.273,193.533,-38.740,49.946,193.533,1,1
133.500,232.472,193.598,-38.875,49.947,193.598,1,1
133.600,232.671,193.663,-39.009,49.947,193.663,1,1
133.700,232.869,193.728,-39.141,49.948,193.728,1,1
133.800,233.066,193.793,-39.272,49.948,193.793,1,1
133.900,233.262,193.859,-39.403,49.949,193.859,1,1
134.000,233.457,193.925,-39.532,49.949,193.925,1,1
134.100,233.651,193.991,-39.660,49.950,193.991,1,1
134.200,233.844,194.057,-39.787,49.950,194.057,1,1
134.300,234.036,194.124,-39.912,49.951,194.124,1,1
134.400,234.227,194.190,-40.037,49.952,194.190,1,1
134.500,234.418,194.257,-40.160,49.952,194.257,1,1
134.600,234.607,194.325,-40.283,49.953,194.325,1,1
134.700,234.796,194.392,-40.404,49.953,194.392,1,1
134.800,234.983,194.459,-40.524,49.954,194.459,1,1
134.900,235.170,194.527,-40.643,49.954,194.527,1,1
135.000,235.355,194.595,-40.760,49.955,194.595,1,1
135.100,235.540,194.663,-40.877,49.956,194.663,1,1
135.200,235.724,194.732,-40.992,49.956,194.732,1,1
135.300,235.906,194.800,-41.106,49.957,194.800,1,1
135.400,236.088,194.869,-41.219,49.957,194.869,1,1
135.500,236.269,194.938,-41.331,49.958,194.938,1,1
135.600,236.448,195.007,-41.442,49.958,195.007,1,1
135.700,236.627,195.076,-41.551,49.959,195.076,1,1
135.800,236.805,195.145,-41.660,49.960,195.145,1,1
135.900,236.982,195.215,-41.767,49.960,195.215,1,1
136.000,237.157,195.285,-41.872,49.961,195.285,1,1
136.100,237.332,195.355,-41.977,49.961,195.355,1,1
136.200,237.506,195.425,-42.081,49.962,195.425,1,1
136.300,237.678,195.495,-42.183,49.962,195.495,1,1
136.400,237.850,195.566,-42.284,49.963,195.566,1,1
136.500,238.020,195.636,-42.384,49.964,195.636,1,1
136.600,238.190,195.707,-42.483,49.964,195.707,1,1
136.700,238.358,195.778,-42.580,49.965,195.778,1,1
136.800,238.526,195.849,-42.676,49.965,195.849,1,1
136.900,238.692,195.920,-42.772,49.966,195.920,1,1
137.000,238.857,195.992,-42.865,49.967,195.992,1,1
137.100,239.022,196.063,-42.958,49.967,196.063,1,1
137.200,239.185,196.135,-43.049,49.968,196.135,1,1
137.300,239.347,196.207,-43.140,49.968,196.207,1,1
137.400,239.508,196.279,-43.229,49.969,196.279,1,1
137.500,239.668,196.351,-43.316,49.970,196.351,1,1
137.600,239.826,196.424,-43.403,49.970,196.424,1,1
137.700,239.984,196.496,-43.488,49.971,196.496,1,1
137.800,240.141,196.569,-43.572,49.971,196.569,1,1
137.900,240.296,196.642,-43.655,49.972,196.642,1,1
138.000,240.451,196.714,-43.736,49.973,196.714,1,1
138.100,240.604,196.787,-43.817,49.973,196.787,1,1
138.200,240.756,196.861,-43.896,49.974,196.861,1,1
138.300,240.907,196.934,-43.974,49.974,196.934,1,1
138.400,241.057,197.007,-44.050,49.975,197.007,1,1
138.500,241.206,197.081,-44.125,49.976,197.081,1,1
138.600,241.354,197.155,-44.199,49.976,197.155,1,1
138.700,241.501,197.228,-44.272,49.977,197.228,1,1
138.800,241.646,197.302,-44.344,49.978,197.302,1,1
138.900,241.790,197.376,-44.414,49.978,197.376,1,1
139.000,241.934,197.450,-44.483,49.979,197.450,1,1
139.100,242.076,197.525,-44.551,49.979,197.525,1,1
139.200,242.216,197.599,-44.617,49.980,197.599,1,1
139.300,242.356,197.674,-44.683,49.981,197.674,1,1
139.400,242.495,197.748,-44.747,49.981,197.748,1,1
139.500,242.632,197.823,-44.809,49.982,197.823,1,1
139.600,242.768,197.898,-44.871,49.982,197.898,1,1
139.700,242.903,197.972,-44.931,49.983,197.972,1,1
139.800,243.037,198.047,-44.990,49.984,198.047,1,1
139.900,243.170,198.123,-45.047,49.984,198.123,1,1
140.000,243.301,198.198,-45.104,49.985,198.198,1,1
140.100,243.432,198.273,-45.159,49.986,198.273,1,1
140.200,243.561,198.348,-45.212,49.986,198.348,1,1
140.300,243.689,198.424,-45.265,49.987,198.424,1,1
140.400,243.815,198.499,-45.316,49.987,198.499,1,1
140.500,243.941,198.575,-45.366,49.988,198.575,1,1
140.600,244.065,198.651,-45.415,49.989,198.651,1,1
140.700,244.188,198.726,-45.462,49.989,198.726,1,1
140.800,244.310,198.802,-45.508,49.990,198.802,1,1
140.900,244.431,198.878,-45.553,49.991,198.878,1,1
141.000,244.550,198.954,-45.596,49.991,198.954,1,1
141.100,244.669,199.030,-45.638,49.992,199.030,1,1
141.200,244.786,199.106,-45.679,49.993,199.106,1,1
141.300,244.901,199.182,-45.719,49.993,199.182,1,1
141.400,245.016,199.259,-45.757,49.994,199.259,1,1
141.500,245.129,199.335,-45.794,49.994,199.335,1,1
141.600,245.241,199.411,-45.830,49.995,199.411,1,1
141.700,245.352,199.488,-45.864,49.996,199.488,1,1
141.800,245.462,199.564,-45.897,49.996,199.564,1,1
141.900,245.570,199.641,-45.929,49.997,199.641,1,1
142.000,245.677,199.718,-45.960,49.998,199.718,1,1
142.100,245.783,199.794,-45.989,49.998,199.794,1,1
142.200,245.888,199.871,-46.017,49.999,199.871,1,1
142.300,245.991,199.948,-46.043,50.000,199.948,1,1
142.400,246.093,200.024,-46.069,50.000,200.024,1,1
142.500,246.194,200.101,-46.093,50.001,200.101,1,1
142.600,246.294,200.178,-46.115,50.001,200.178,1,1
142.700,246.392,200.255,-46.137,50.002,200.255,1,1
142.800,246.489,200.332,-46.157,50.003,200.332,1,1
142.900,246.585,200.409,-46.176,50.003,200.409,1,1
143.000,246.679,200.486,-46.193,50.004,200.486,1,1
143.100,246.772,200.563,-46.209,50.005,200.563,1,1
143.200,246.864,200.640,-46.224,50.005,200.640,1,1
143.300,246.955,200.717,-46.238,50.006,200.717,1,1
143.400,247.044,200.794,-46.250,50.007,200.794,1,1
143.500,247.132,200.871,-46.261,50.007,200.871,1,1
143.600,247.219,200.948,-46.271,50.008,200.948,1,1
143.700,247.304,201.025,-46.279,50.009,201.025,1,1
143.800,247.388,201.103,-46.286,50.009,201.103,1,1
143.900,247.471,201.180,-46.292,50.010,201.180,1,1
144.000,247.553,201.257,-46.296,50.010,201.257,1,1
144.100,247.633,201.334,-46.299,50.011,201.334,1,1
144.200,247.712,201.411,-46.301,50.012,201.411,1,1
144.300,247.790,201.488,-46.301,50.012,201.488,1,1
144.400,247.866,201.566,-46.300,50.013,201.566,1,1
144.500,247.941,201.643,-46.298,50.014,201.643,1,1
144.600,248.015,201.720,-46.295,50.014,201.720,1,1
144.700,248.087,201.797,-46.290,50.015,201.797,1,1
144.800,248.158,201.874,-46.284,50.016,201.874,1,1
144.900,248.228,201.951,-46.277,50.016,201.951,1,1
145.000,248.296,202.028,-46.268,50.017,202.028,1,1
145.100,248.363,202.105,-46.258,50.018,202.105,1,1
145.200,248.429,202.183,-46.247,50.018,202.183,1,1
145.300,248.494,202.260,-46.234,50.019,202.260,1,1
145.400,248.557,202.337,-46.220,50.019,202.337,1,1
145.500,248.618,202.414,-46.205,50.020,202.414,1,1
145.600,248.679,202.491,-46.188,50.021,202.491,1,1
145.700,248.738,202.568,-46.170,50.021,202.568,1,1
145.800,248.796,202.645,-46.151,50.022,202.645,1,1
145.900,248.852,202.721,-46.131,50.023,202.721,1,1
146.000,248.907,202.798,-46.109,50.023,202.798,1,1
146.100,248.961,202.875,-46.086,50.024,202.875,1,1
146.200,249.014,202.952,-46.062,50.025,202.952,1,1
146.300,249.065,203.029,-46.036,50.025,203.029,1,1
146.400,249.114,203.105,-46.009,50.026,203.105,1,1
146.500,249.163,203.182,-45.981,50.027,203.182,1,1
146.600,249.210,203.258,-45.951,50.027,203.258,1,1
146.700,249.255,203.335,-45.920,50.028,203.335,1,1
146.800,249.300,203.411,-45.888,50.028,203.411,1,1
146.900,249.343,203.488,-45.855,50.029,203.488,1,1
147.000,249.384,203.564,-45.820,50.030,203.564,1,1
147.100,249.425,203.641,-45.784,50.030,203.641,1,1
147.200,249.464,203.717,-45.747,50.031,203.717,1,1
147.300,249.501,203.793,-45.708,50.032,203.793,1,1
147.400,249.537,203.869,-45.668,50.032,203.869,1,1
147.500,249.572,203.945,-45.627,50.033,203.945,1,1
147.600,249.606,204.021,-45.585,50.034,204.021,1,1
147.700,249.638,204.097,-45.541,50.034,204.097,1,1
147.800,249.669,204.173,-45.496,50.035,204.173,1,1
147.900,249.698,204.249,-45.449,50.035,204.249,1,1
148.000,249.726,204.324,-45.402,50.036,204.324,1,1
148.100,249.753,204.400,-45.353,50.037,204.400,1,1
148.200,249.778,204.475,-45.303,50.037,204.475,1,1
148.300,249.802,204.551,-45.251,50.038,204.551,1,1
148.400,249.825,204.626,-45.199,50.039,204.626,1,1
148.500,249.846,204.701,-45.145,50.039,204.701,1,1
148.600,249.866,204.777,-45.089,50.040,204.777,1,1
148.700,249.884,204.852,-45.033,50.040,204.852,1,1
148.800,249.901,204.927,-44.975,50.041,204.927,1,1
148.900,249.917,205.001,-44.916,50.042,205.001,1,1
149.000,249.931,205.076,-44.855,50.042,205.076,1,1
149.100,249.944,205.151,-44.794,50.043,205.151,1,1
149.200,249.956,205.225,-44.731,50.044,205.225,1,1
149.300,249.966,205.300,-44.667,50.044,205.300,1,1
149.400,249.975,205.374,-44.601,50.045,205.374,1,1
149.500,249.983,205.448,-44.535,50.045,205.448,1,1
149.600,249.989,205.522,-44.467,50.046,205.522,1,1
149.700,249.994,205.596,-44.397,50.047,205.596,1,1
149.800,249.997,205.670,-44.327,50.047,205.670,1,1
149.900,249.999,205.744,-44.255,50.048,205.744,1,1
150.000,250.000,205.818,-44.182,50.048,205.818,1,1
150.100,249.999,205.891,-44.108,50.049,205.891,1,1
150.200,249.997,205.965,-44.033,50.050,205.965,1,1
150.300,249.994,206.038,-43.956,50.050,206.038,1,1
150.400,249.989,206.111,-43.878,50.051,206.111,1,1
150.500,249.983,206.184,-43.799,50.052,206.184,1,1
150.600,249.975,206.257,-43.718,50.052,206.257,1,1
150.700,249.966,206.330,-43.637,50.053,206.330,1,1
150.800,249.956,206.402,-43.554,50.053,206.402,1,1
150.900,249.944,206.475,-43.470,50.054,206.475,1,1
151.000,249.931,206.547,-43.385,50.055,206.547,1,1
151.100,249.917,206.619,-43.298,50.055,206.619,1,1
151.200,249.901,206.691,-43.210,50.056,206.691,1,1
151.300,249.884,206.763,-43.121,50.056,206.763,1,1
151.400,249.866,206.835,-43.031,50.057,206.835,1,1
151.500,249.846,206.906,-42.940,50.058,206.906,1,1
151.600,249.825,206.978,-42.847,50.058,206.978,1,1
151.700,249.802,207.049,-42.753,50.059,207.049,1,1
151.800,249.778,207.120,-42.658,50.059,207.120,1,1
151.900,249.753,207.191,-42.562,50.060,207.191,1,1
152.000,249.726,207.262,-42.464,50.061,207.262,1,1
152.100,249.698,207.332,-42.366,50.061,207.332,1,1
152.200,249.669,207.403,-42.266,50.062,207.403,1,1
152.300,249.638,207.473,-42.165,50.062,207.473,1,1
152.400,249.606,207.543,-42.063,50.063,207.543,1,1
152.500,249.572,207.613,-41.959,50.063,207.613,1,1
152.600,249.537,207.683,-41.855,50.064,207.683,1,1
152.700,249.501,207.752,-41.749,50.065,207.752,1,1
152.800,249.464,207.822,-41.642,50.065,207.822,1,1
152.900,249.425,207.891,-41.534,50.066,207.891,1,1
153.000,249.384,207.960,-41.424,50.066,207.960,1,1
153.100,249.343,208.029,-41.314,50.067,208.029,1,1
153.200,249.300,208.098,-41.202,50.067,208.098,1,1
153.300,249.255,208.166,-41.089,50.068,208.166,1,1
153.400,249.210,208.234,-40.975,50.069,208.234,1,1
153.500,249.163,208.303,-40.860,50.069,208.303,1,1
153.600,249.114,208.370,-40.744,50.070,208.370,1,1
153.700,249.065,208.438,-40.626,50.070,208.438,1,1
153.800,249.014,208.506,-40.508,50.071,208.506,1,1
153.900,248.961,208.573,-40.388,50.071,208.573,1,1
154.000,248.907,208.640,-40.267,50.072,208.640,1,1
154.100,248.852,208.707,-40.145,50.073,208.707,1,1
154.200,248.796,208.774,-40.022,50.073,208.774,1,1
154.300,248.738,208.840,-39.898,50.074,208.840,1,1
154.400,248.679,208.906,-39.772,50.074,208.906,1,1
154.500,248.618,208.973,-39.646,50.075,208.973,1,1
154.600,248.557,209.038,-39.518,50.075,209.038,1,1
154.700,248.494,209.104,-39.390,50.076,209.104,1,1
154.800,248.429,209.170,-39.260,50.076,209.170,1,1
154.900,248.363,209.235,-39.129,50.077,209.235,1,1
155.000,248.296,209.300,-38.997,50.077,209.300,1,1
155.100,248.228,209.364,-38.863,50.078,209.364,1,1
155.200,248.158,209.429,-38.729,50.079,209.429,1,1
155.300,248.087,209.493,-38.594,50.079,209.493,1,1
155.400,248.015,209.557,-38.457,50.080,209.557,1,1
155.500,247.941,209.621,-38.320,50.080,209.621,1,1
155.600,247.866,209.685,-38.181,50.081,209.685,1,1
155.700,247.790,209.748,-38.041,50.081,209.748,1,1
155.800,247.712,209.812,-37.900,50.082,209.812,1,1
155.900,247.633,209.874,-37.759,50.082,209.874,1,1
156.000,247.553,209.937,-37.616,50.083,209.937,1,1
156.100,247.471,210.000,-37.472,50.083,210.000,1,1
156.200,247.388,210.062,-37.327,50.084,210.062,1,1
156.300,247.304,210.124,-37.180,50.084,210.124,1,1
156.400,247.219,210.185,-37.033,50.085,210.185,1,1
156.500,247.132,210.247,-36.885,50.085,210.247,1,1
156.600,247.044,210.308,-36.736,50.086,210.308,1,1
156.700,246.955,210.369,-36.586,50.086,210.369,1,1
156.800,246.864,210.430,-36.434,50.087,210.430,1,1
156.900,246.772,210.490,-36.282,50.087,210.490,1,1
157.000,246.679,210.551,-36.128,50.088,210.551,1,1
157.100,246.585,210.611,-35.974,50.088,210.611,1,1
157.200,246.489,210.670,-35.819,50.089,210.670,1,1
157.300,246.392,210.730,-35.662,50.089,210.730,1,1
157.400,246.294,210.789,-35.505,50.090,210.789,1,1
157.500,246.194,210.848,-35.346,50.090,210.848,1,1
157.600,246.093,210.906,-35.187,50.091,210.906,1,1
157.700,245.991,210.965,-35.026,50.091,210.965,1,1
157.800,245.888,211.023,-34.865,50.092,211.023,1,1
157.900,245.783,211.081,-34.702,50.092,211.081,1,1
158.000,245.677,211.138,-34.539,50.093,211.138,1,1
158.100,245.570,211.196,-34.375,50.093,211.196,1,1
158.200,245.462,211.253,-34.209,50.094,211.253,1,1
158.300,245.352,211.309,-34.043,50.094,211.309,1,1
158.400,245.241,211.366,-33.876,50.095,211.366,1,1
158.500,245.129,211.422,-33.707,50.095,211.422,1,1
158.600,245.016,211.478,-33.538,50.096,211.478,1,1
158.700,244.901,211.533,-33.368,50.096,211.533,1,1
158.800,244.786,211.589,-33.197,50.097,211.589,1,1
158.900,244.669,211.644,-33.025,50.097,211.644,1,1
159.000,244.550,211.699,-32.852,50.097,211.699,1,1
159.100,244.431,211.753,-32.678,50.098,211.753,1,1
159.200,244.310,211.807,-32.503,50.098,211.807,1,1
159.300,244.188,211.861,-32.327,50.099,211.861,1,1
159.400,244.065,211.915,-32.150,50.099,211.915,1,1
159.500,243.941,211.968,-31.973,50.100,211.968,1,1
159.600,243.815,212.021,-31.794,50.100,212.021,1,1
159.700,243.689,212.074,-31.615,50.101,212.074,1,1
159.800,243.561,212.126,-31.435,50.101,212.126,1,1
159.900,243.432,212.178,-31.253,50.101,212.178,1,1
160.000,243.301,212.230,-31.071,50.102,212.230,1,1
160.100,243.170,212.281,-30.888,50.102,212.281,1,1
160.200,243.037,212.333,-30.705,50.103,212.333,1,1
160.300,242.903,212.383,-30.520,50.103,212.383,1,1
160.400,242.768,212.434,-30.334,50.104,212.434,1,1
160.500,242.632,212.484,-30.148,50.104,212.484,1,1
160.600,242.495,212.534,-29.960,50.104,212.534,1,1
160.700,242.356,212.584,-29.772,50.105,212.584,1,1
160.800,242.216,212.633,-29.583,50.105,212.633,1,1
160.900,242.076,212.682,-29.393,50.106,212.682,1,1
161.000,241.934,212.731,-29.203,50.106,212.731,1,1
161.100,241.790,212.779,-29.011,50.106,212.779,1,1
161.200,241.646,212.827,-28.819,50.107,212.827,1,1
161.300,241.501,212.875,-28.626,50.107,212.875,1,1
161.400,241.354,212.922,-28.432,50.108,212.922,1,1
161.500,241.206,212.969,-28.237,50.108,212.969,1,1
161.600,241.057,213.016,-28.041,50.108,213.016,1,1
161.700,240.907,213.062,-27.845,50.109,213.062,1,1
161.800,240.756,213.109,-27.648,50.109,213.109,1,1
161.900,240.604,213.154,-27.450,50.110,213.154,1,1
162.000,240.451,213.200,-27.251,50.110,213.200,1,1
162.100,240.296,213.245,-27.052,50.110,213.245,1,1
162.200,240.141,213.290,-26.851,50.111,213.290,1,1
162.300,239.984,213.334,-26.650,50.111,213.334,1,1
162.400,239.826,213.378,-26.448,50.111,213.378,1,1
162.500,239.668,213.422,-26.246,50.112,213.422,1,1
162.600,239.508,213.465,-26.043,50.112,213.465,1,1
162.700,239.347,213.508,-25.838,50.113,213.508,1,1
162.800,239.185,213.551,-25.634,50.113,213.551,1,1
162.900,239.022,213.593,-25.428,50.113,213.593,1,1
163.000,238.857,213.635,-25.222,50.114,213.635,1,1
163.100,238.692,213.677,-25.015,50.114,213.677,1,1
163.200,238.526,213.718,-24.807,50.114,213.718,1,1
163.300,238.358,213.759,-24.599,50.115,213.759,1,1
163.400,238.190,213.800,-24.390,50.115,213.800,1,1
163.500,238.020,213.840,-24.180,50.115,213.840,1,1
163.600,237.850,213.880,-23.969,50.116,213.880,1,1
163.700,237.678,213.920,-23.758,50.116,213.920,1,1
163.800,237.506,213.959,-23.546,50.116,213.959,1,1
163.900,237.332,213.998,-23.334,50.117,213.998,1,1
164.000,237.157,214.037,-23.121,50.117,214.037,1,1
164.100,236.982,214.075,-22.907,50.117,214.075,1,1
164.200,236.805,214.113,-22.692,50.118,214.113,1,1
164.300,236.627,214.150,-22.477,50.118,214.150,1,1
164.400,236.448,214.187,-22.261,50.118,214.187,1,1
164.500,236.269,214.224,-22.045,50.119,214.224,1,1
164.600,236.088,214.260,-21.828,50.119,214.260,1,1
164.700,235.906,214.296,-21.610,50.119,214.296,1,1
164.800,235.724,214.332,-21.392,50.119,214.332,1,1
164.900,235.540,214.367,-21.173,50.120,214.367,1,1
165.000,235.355,214.402,-20.953,50.120,214.402,1,1
165.100,235.170,214.437,-20.733,50.120,214.437,1,1
165.200,234.983,214.471,-20.512,50.121,214.471,1,1
165.300,234.796,214.505,-20.291,50.121,214.505,1,1
165.400,234.607,214.538,-20.069,50.121,214.538,1,1
165.500,234.418,214.571,-19.846,50.121,214.571,1,1
165.600,234.227,214.604,-19.623,50.122,214.604,1,1
165.700,234.036,214.636,-19.400,50.122,214.636,1,1
165.800,233.844,214.668,-19.176,50.122,214.668,1,1
165.900,233.651,214.700,-18.951,50.122,214.700,1,1
166.000,233.457,214.731,-18.725,50.123,214.731,1,1
166.100,233.262,214.762,-18.500,50.123,214.762,1,1
166.200,233.066,214.792,-18.273,50.123,214.792,1,1
166.300,232.869,214.822,-18.046,50.124,214.822,1,1
166.400,232.671,214.852,-17.819,50.124,214.852,1,1
166.500,232.472,214.881,-17.591,50.124,214.881,1,1
166.600,232.273,214.910,-17.363,50.124,214.910,1,1
166.700,232.072,214.939,-17.134,50.124,214.939,1,1
166.800,231.871,214.967,-16.904,50.125,214.967,1,1
166.900,231.669,214.995,-16.674,50.125,214.995,1,1
167.000,231.466,215.022,-16.444,50.125,215.022,1,1
167.100,231.262,215.049,-16.213,50.125,215.049,1,1
167.200,231.057,215.076,-15.981,50.126,215.076,1,1
167.300,230.852,215.102,-15.750,50.126,215.102,1,1
167.400,230.645,215.128,-15.517,50.126,215.128,1,1
167.500,230.438,215.154,-15.285,50.126,215.154,1,1
167.600,230.230,215.179,-15.051,50.126,215.179,1,1
167.700,230.021,215.203,-14.818,50.127,215.203,1,1
167.800,229.811,215.228,-14.584,50.127,215.228,1,1
167.900,229.601,215.252,-14.349,50.127,215.252,1,1
168.000,229.389,215.275,-14.114,50.127,215.275,1,1
168.100,229.177,215.298,-13.879,50.127,215.298,1,1
168.200,228.964,215.321,-13.643,50.128,215.321,1,1
168.300,228.750,215.343,-13.407,50.128,215.343,1,1
168.400,228.536,215.365,-13.170,50.128,215.365,1,1
168.500,228.320,215.387,-12.934,50.128,215.387,1,1
168.600,228.104,215.408,-12.696,50.128,215.408,1,1
168.700,227.887,215.429,-12.459,50.129,215.429,1,1
168.800,227.670,215.449,-12.221,50.129,215.449,1,1
168.900,227.451,215.469,-11.982,50.129,215.469,1,1
169.000,227.232,215.489,-11.743,50.129,215.489,1,1
169.100,227.012,215.508,-11.504,50.129,215.508,1,1
169.200,226.791,215.527,-11.265,50.129,215.527,1,1
169.300,226.570,215.545,-11.025,50.130,215.545,1,1
169.400,226.348,215.563,-10.785,50.130,215.563,1,1
169.500,226.125,215.580,-10.544,50.130,215.580,1,1
169.600,225.901,215.598,-10.304,50.130,215.598,1,1
169.700,225.677,215.614,-10.063,50.130,215.614,1,1
169.800,225.452,215.631,-9.821,50.130,215.631,1,1
169.900,225.226,215.647,-9.580,50.130,215.647,1,1
170.000,225.000,215.662,-9.338,50.131,215.662,1,1
170.100,224.773,215.677,-9.095,50.131,215.677,1,1
170.200,224.545,215.692,-8.853,50.131,215.692,1,1
170.300,224.317,215.707,-8.610,50.131,215.707,1,1
170.400,224.088,215.721,-8.367,50.131,215.721,1,1
170.500,223.858,215.734,-8.124,50.131,215.734,1,1
170.600,223.628,215.747,-7.880,50.131,215.747,1,1
170.700,223.396,215.760,-7.637,50.131,215.760,1,1
170.800,223.165,215.772,-7.393,50.131,215.772,1,1
170.900,222.932,215.784,-7.148,50.132,215.784,1,1
171.000,222.700,215.796,-6.904,50.132,215.796,1,1
171.100,222.466,215.807,-6.659,50.132,215.807,1,1
171.200,222.232,215.817,-6.414,50.132,215.817,1,1
171.300,221.997,215.828,-6.169,50.132,215.828,1,1
171.400,221.762,215.838,-5.924,50.132,215.838,1,1
171.500,221.526,215.847,-5.678,50.132,215.847,1,1
171.600,221.289,215.856,-5.433,50.132,215.856,1,1
171.700,221.052,215.865,-5.187,50.132,215.865,1,1
171.800,220.814,215.873,-4.941,50.132,215.873,1,1
171.900,220.576,215.881,-4.695,50.132,215.881,1,1
172.000,220.337,215.888,-4.449,50.132,215.888,1,1
172.100,220.097,215.895,-4.202,50.132,215.895,1,1
172.200,219.857,215.902,-3.956,50.133,215.902,1,1
172.300,219.617,215.908,-3.709,50.133,215.908,1,1
172.400,219.376,215.914,-3.462,50.133,215.914,1,1
172.500,219.134,215.919,-3.215,50.133,215.919,1,1
172.600,218.892,215.924,-2.968,50.133,215.924,1,1
172.700,218.649,215.929,-2.721,50.133,215.929,1,1
172.800,218.406,215.933,-2.473,50.133,215.933,1,1
172.900,218.163,215.936,-2.226,50.133,215.936,1,1
173.000,217.918,215.940,-1.979,50.133,215.940,1,1
173.100,217.674,215.943,-1.731,50.133,215.943,1,1
173.200,217.429,215.945,-1.483,50.133,215.945,1,1
173.300,217.183,215.947,-1.236,50.133,215.947,1,1
173.400,216.937,215.949,-0.988,50.133,215.949,1,1
173.500,216.690,215.950,-0.740,50.133,215.950,1,1
173.600,216.443,215.951,-0.492,50.133,215.951,1,1
173.700,216.196,215.951,-0.245,50.133,215.951,1,1
173.800,215.948,215.951,0.003,50.133,215.951,1,1
173.900,215.700,215.951,0.251,50.133,215.951,1,1
174.000,215.451,215.950,0.499,50.133,215.950,1,1
174.100,215.202,215.949,0.747,50.133,215.949,1,1
174.200,214.952,215.947,0.995,50.133,215.947,1,1
174.300,214.702,215.945,1.243,50.133,215.945,1,1
174.400,214.452,215.943,1.491,50.133,215.943,1,1
174.500,214.201,215.940,1.739,50.133,215.940,1,1
174.600,213.950,215.936,1.987,50.133,215.936,1,1
174.700,213.698,215.933,2.235,50.133,215.933,1,1
174.800,213.446,215.929,2.483,50.133,215.929,1,1
174.900,213.194,215.924,2.730,50.133,215.924,1,1
175.000,212.941,215.919,2.978,50.133,215.919,1,1
175.100,212.688,215.914,3.226,50.133,215.914,1,1
175.200,212.434,215.908,3.473,50.133,215.908,1,1
175.300,212.181,215.902,3.721,50.133,215.902,1,1
175.400,211.927,215.895,3.968,50.132,215.895,1,1
175.500,211.672,215.888,4.216,50.132,215.888,1,1
175.600,211.418,215.881,4.463,50.132,215.881,1,1
175.700,211.163,215.873,4.710,50.132,215.873,1,1
175.800,210.907,215.864,4.957,50.132,215.864,1,1
175.900,210.652,215.856,5.204,50.132,215.856,1,1
176.000,210.396,215.847,5.451,50.132,215.847,1,1
176.100,210.139,215.837,5.698,50.132,215.837,1,1
176.200,209.883,215.827,5.944,50.132,215.827,1,1
176.300,209.626,215.817,6.191,50.132,215.817,1,1
176.400,209.369,215.806,6.437,50.132,215.806,1,1
176.500,209.112,215.795,6.683,50.132,215.795,1,1
176.600,208.854,215.784,6.929,50.132,215.784,1,1
176.700,208.596,215.772,7.175,50.131,215.772,1,1
176.800,208.338,215.759,7.421,50.131,215.759,1,1
176.900,208.080,215.746,7.666,50.131,215.746,1,1
177.000,207.822,215.733,7.912,50.131,215.733,1,1
177.100,207.563,215.720,8.157,50.131,215.720,1,1
177.200,207.304,215.706,8.402,50.131,215.706,1,1
177.300,207.045,215.691,8.646,50.131,215.691,1,1
177.400,206.786,215.676,8.891,50.131,215.676,1,1
177.500,206.526,215.661,9.135,50.131,215.661,1,1
177.600,206.267,215.646,9.379,50.130,215.646,1,1
177.700,206.007,215.630,9.623,50.130,215.630,1,1
177.800,205.747,215.613,9.866,50.130,215.613,1,1
177.900,205.487,215.596,10.110,50.130,215.596,1,1
178.000,205.226,215.579,10.353,50.130,215.579,1,1
178.100,204.966,215.561,10.595,50.130,215.561,1,1
178.200,204.705,215.543,10.838,50.130,215.543,1,1
178.300,204.445,215.525,11.080,50.129,215.525,1,1
178.400,204.184,215.506,11.322,50.129,215.506,1,1
178.500,203.923,215.487,11.564,50.129,215.487,1,1
178.600,203.662,215.467,11.805,50.129,215.467,1,1
178.700,203.401,215.447,12.046,50.129,215.447,1,1
178.800,203.140,215.426,12.287,50.129,215.426,1,1
178.900,202.878,215.406,12.527,50.128,215.406,1,1
179.000,202.617,215.384,12.767,50.128,215.384,1,1
179.100,202.355,215.363,13.007,50.128,215.363,1,1
179.200,202.094,215.341,13.247,50.128,215.341,1,1
179.300,201.832,215.318,13.486,50.128,215.318,1,1
179.400,201.571,215.295,13.725,50.127,215.295,1,1
179.500,201.309,215.272,13.963,50.127,215.272,1,1
179.600,201.047,215.248,14.201,50.127,215.248,1,1
179.700,200.785,215.224,14.439,50.127,215.224,1,1
179.800,200.524,215.200,14.676,50.127,215.200,1,1
179.900,200.262,215.175,14.913,50.126,215.175,1,1
180.000,200.000,215.150,15.150,50.126,215.150,1,1
180.100,199.738,215.124,15.386,50.126,215.124,1,1
180.200,199.476,215.098,15.622,50.126,215.098,1,1
180.300,199.215,215.071,15.857,50.126,215.071,1,1
180.400,198.953,215.045,16.092,50.125,215.045,1,1
180.500,198.691,215.017,16.326,50.125,215.017,1,1
180.600,198.429,214.990,16.560,50.125,214.990,1,1
180.700,198.168,214.962,16.794,50.125,214.962,1,1
180.800,197.906,214.933,17.027,50.124,214.933,1,1
180.900,197.645,214.905,17.260,50.124,214.905,1,1
181.000,197.383,214.876,17.492,50.124,214.876,1,1
181.100,197.122,214.846,17.724,50.124,214.846,1,1
181.200,196.860,214.816,17.956,50.123,214.816,1,1
181.300,196.599,214.786,18.187,50.123,214.786,1,1
181.400,196.338,214.755,18.417,50.123,214.755,1,1
181.500,196.077,214.724,18.647,50.123,214.724,1,1
181.600,195.816,214.693,18.876,50.122,214.693,1,1
181.700,195.555,214.661,19.105,50.122,214.661,1,1
181.800,195.295,214.628,19.334,50.122,214.628,1,1
181.900,195.034,214.596,19.562,50.122,214.596,1,1
182.000,194.774,214.563,19.789,50.121,214.563,1,1
182.100,194.513,214.530,20.016,50.121,214.530,1,1
182.200,194.253,214.496,20.243,50.121,214.496,1,1
182.300,193.993,214.462,20.469,50.121,214.462,1,1
182.400,193.733,214.427,20.694,50.120,214.427,1,1
182.500,193.474,214.392,20.919,50.120,214.392,1,1
182.600,193.214,214.357,21.143,50.120,214.357,1,1
182.700,192.955,214.321,21.367,50.119,214.321,1,1
182.800,192.696,214.286,21.590,50.119,214.286,1,1
182.900,192.437,214.249,21.812,50.119,214.249,1,1
183.000,192.178,214.212,22.034,50.118,214.212,1,1
183.100,191.920,214.175,22.256,50.118,214.175,1,1
183.200,191.662,214.138,22.476,50.118,214.138,1,1
183.300,191.404,214.100,22.697,50.118,214.100,1,1
183.400,191.146,214.062,22.916,50.117,214.062,1,1
183.500,190.888,214.023,23.135,50.117,214.023,1,1
183.600,190.631,213.984,23.353,50.117,213.984,1,1
183.700,190.374,213.945,23.571,50.116,213.945,1,1
183.800,190.117,213.905,23.788,50.116,213.905,1,1
183.900,189.861,213.865,24.005,50.116,213.865,1,1
184.000,189.604,213.825,24.221,50.115,213.825,1,1
184.100,189.348,213.784,24.436,50.115,213.784,1,1
184.200,189.093,213.743,24.650,50.115,213.743,1,1
184.300,188.837,213.702,24.864,50.114,213.702,1,1
184.400,188.582,213.660,25.078,50.114,213.660,1,1
184.500,188.328,213.618,25.290,50.113,213.618,1,1
184.600,188.073,213.575,25.502,50.113,213.575,1,1
184.700,187.819,213.533,25.713,50.113,213.533,1,1
184.800,187.566,213.489,25.924,50.112,213.489,1,1
184.900,187.312,213.446,26.134,50.112,213.446,1,1
185.000,187.059,213.402,26.343,50.112,213.402,1,1
185.100,186.806,213.358,26.551,50.111,213.358,1,1
185.200,186.554,213.313,26.759,50.111,213.313,1,1
185.300,186.302,213.268,26.966,50.111,213.268,1,1
185.400,186.050,213.223,27.172,50.110,213.223,1,1
185.500,185.799,213.177,27.378,50.110,213.177,1,1
185.600,185.548,213.131,27.583,50.109,213.131,1,1
185.700,185.298,213.085,27.787,50.109,213.085,1,1
185.800,185.048,213.038,27.990,50.109,213.038,1,1
185.900,184.798,212.991,28.193,50.108,212.991,1,1
186.000,184.549,212.944,28.395,50.108,212.944,1,1
186.100,184.300,212.896,28.596,50.107,212.896,1,1
186.200,184.052,212.848,28.796,50.107,212.848,1,1
186.300,183.804,212.800,28.996,50.107,212.800,1,1
186.400,183.557,212.751,29.195,50.106,212.751,1,1
186.500,183.310,212.702,29.393,50.106,212.702,1,1
186.600,183.063,212.653,29.590,50.105,212.653,1,1
186.700,182.817,212.603,29.786,50.105,212.603,1,1
186.800,182.571,212.553,29.982,50.105,212.553,1,1
186.900,182.326,212.503,30.177,50.104,212.503,1,1
187.000,182.082,212.452,30.371,50.104,212.452,1,1
187.100,181.837,212.401,30.564,50.103,212.401,1,1
187.200,181.594,212.350,30.756,50.103,212.350,1,1
187.300,181.351,212.299,30.948,50.102,212.299,1,1
187.400,181.108,212.247,31.139,50.102,212.247,1,1
187.500,180.866,212.195,31.329,50.102,212.195,1,1
187.600,180.624,212.142,31.518,50.101,212.142,1,1
187.700,180.383,212.089,31.706,50.101,212.089,1,1
187.800,180.143,212.036,31.893,50.100,212.036,1,1
187.900,179.903,211.983,32.080,50.100,211.983,1,1
188.000,179.663,211.929,32.266,50.099,211.929,1,1
188.100,179.424,211.875,32.450,50.099,211.875,1,1
188.200,179.186,211.820,32.634,50.099,211.820,1,1
188.300,178.948,211.766,32.817,50.098,211.766,1,1
188.400,178.711,211.711,33.000,50.098,211.711,1,1
188.500,178.474,211.655,33.181,50.097,211.655,1,1
188.600,178.238,211.600,33.361,50.097,211.600,1,1
188.700,178.003,211.544,33.541,50.096,211.544,1,1
188.800,177.768,211.488,33.719,50.096,211.488,1,1
188.900,177.534,211.431,33.897,50.095,211.431,1,1
189.000,177.300,211.374,34.074,50.095,211.374,1,1
189.100,177.068,211.317,34.250,50.094,211.317,1,1
189.200,176.835,211.260,34.425,50.094,211.260,1,1
189.300,176.604,211.202,34.599,50.093,211.202,1,1
189.400,176.372,211.144,34.772,50.093,211.144,1,1
189.500,176.142,211.086,34.944,50.092,211.086,1,1
189.600,175.912,211.027,35.115,50.092,211.027,1,1
189.700,175.683,210.969,35.285,50.091,210.969,1,1
189.800,175.455,210.910,35.455,50.091,210.910,1,1
189.900,175.227,210.850,35.623,50.090,210.850,1,1
190.000,175.000,210.791,35.791,50.090,210.791,1,1
190.100,174.774,210.731,35.957,50.089,210.731,1,1
190.200,174.548,210.670,36.122,50.089,210.670,1,1
190.300,174.323,210.610,36.287,50.088,210.610,1,1
190.400,174.099,210.549,36.451,50.088,210.549,1,1
190.500,173.875,210.488,36.613,50.087,210.488,1,1
190.600,173.652,210.427,36.775,50.087,210.427,1,1
190.700,173.430,210.365,36.935,50.086,210.365,1,1
190.800,173.209,210.303,37.095,50.086,210.303,1,1
190.900,172.988,210.241,37.253,50.085,210.241,1,1
191.000,172.768,210.179,37.411,50.085,210.179,1,1
191.100,172.549,210.116,37.568,50.084,210.116,1,1
191.200,172.330,210.054,37.723,50.084,210.054,1,1
191.300,172.113,209.990,37.878,50.083,209.990,1,1
191.400,171.896,209.927,38.031,50.083,209.927,1,1
191.500,171.680,209.863,38.184,50.082,209.863,1,1
191.600,171.464,209.800,38.335,50.082,209.800,1,1
191.700,171.250,209.735,38.486,50.081,209.735,1,1
191.800,171.036,209.671,38.635,50.081,209.671,1,1
191.900,170.823,209.606,38.783,50.080,209.606,1,1
192.000,170.611,209.541,38.931,50.080,209.541,1,1
192.100,170.399,209.476,39.077,50.079,209.476,1,1
192.200,170.189,209.411,39.222,50.078,209.411,1,1
192.300,169.979,209.345,39.366,50.078,209.345,1,1
192.400,169.770,209.279,39.509,50.077,209.279,1,1
192.500,169.562,209.213,39.651,50.077,209.213,1,1
192.600,169.355,209.147,39.792,50.076,209.147,1,1
192.700,169.148,209.081,39.932,50.076,209.081,1,1
192.800,168.943,209.014,40.071,50.075,209.014,1,1
192.900,168.738,208.947,40.209,50.075,208.947,1,1
193.000,168.534,208.879,40.346,50.074,208.879,1,1
193.100,168.331,208.812,40.481,50.073,208.812,1,1
193.200,168.129,208.744,40.616,50.073,208.744,1,1
193.300,167.928,208.676,40.749,50.072,208.676,1,1
193.400,167.727,208.608,40.881,50.072,208.608,1,1
193.500,167.528,208.540,41.012,50.071,208.540,1,1
193.600,167.329,208.471,41.142,50.071,208.471,1,1
193.700,167.131,208.403,41.271,50.070,208.403,1,1
193.800,166.934,208.334,41.399,50.069,208.334,1,1
193.900,166.738,208.264,41.526,50.069,208.264,1,1
194.000,166.543,208.195,41.651,50.068,208.195,1,1
194.100,166.349,208.125,41.776,50.068,208.125,1,1
194.200,166.156,208.055,41.899,50.067,208.055,1,1
194.300,165.964,207.985,42.021,50.067,207.985,1,1
194.400,165.773,207.915,42.143,50.066,207.915,1,1
194.500,165.582,207.845,42.262,50.065,207.845,1,1
194.600,165.393,207.774,42.381,50.065,207.774,1,1
194.700,165.204,207.703,42.499,50.064,207.703,1,1
194.800,165.017,207.632,42.615,50.064,207.632,1,1
194.900,164.830,207.561,42.731,50.063,207.561,1,1
195.000,164.645,207.490,42.845,50.062,207.490,1,1
195.100,164.460,207.418,42.958,50.062,207.418,1,1
195.200,164.276,207.346,43.070,50.061,207.346,1,1
195.300,164.094,207.274,43.181,50.061,207.274,1,1
195.400,163.912,207.202,43.290,50.060,207.202,1,1
195.500,163.731,207.130,43.399,50.059,207.130,1,1
195.600,163.552,207.057,43.506,50.059,207.057,1,1
195.700,163.373,206.985,43.612,50.058,206.985,1,1
195.800,163.195,206.912,43.717,50.058,206.912,1,1
195.900,163.018,206.839,43.820,50.057,206.839,1,1
196.000,162.843,206.766,43.923,50.056,206.766,1,1
196.100,162.668,206.692,44.024,50.056,206.692,1,1
196.200,162.494,206.619,44.124,50.055,206.619,1,1
196.300,162.322,206.545,44.223,50.055,206.545,1,1
196.400,162.150,206.471,44.321,50.054,206.471,1,1
196.500,161.980,206.397,44.417,50.053,206.397,1,1
196.600,161.810,206.323,44.513,50.053,206.323,1,1
196.700,161.642,206.248,44.607,50.052,206.248,1,1
196.800,161.474,206.174,44.700,50.051,206.174,1,1
196.900,161.308,206.099,44.791,50.051,206.099,1,1
197.000,161.143,206.025,44.882,50.050,206.025,1,1
197.100,160.978,205.950,44.971,50.050,205.950,1,1
197.200,160.815,205.874,45.059,50.049,205.874,1,1
197.300,160.653,205.799,45.146,50.048,205.799,1,1
197.400,160.492,205.724,45.232,50.048,205.724,1,1
197.500,160.332,205.648,45.316,50.047,205.648,1,1
197.600,160.174,205.573,45.399,50.046,205.573,1,1
197.700,160.016,205.497,45.481,50.046,205.497,1,1
197.800,159.859,205.421,45.562,50.045,205.421,1,1
197.900,159.704,205.345,45.641,50.045,205.345,1,1
198.000,159.549,205.269,45.719,50.044,205.269,1,1
198.100,159.396,205.192,45.796,50.043,205.192,1,1
198.200,159.244,205.116,45.872,50.043,205.116,1,1
198.300,159.093,205.039,45.947,50.042,205.039,1,1
198.400,158.943,204.963,46.020,50.041,204.963,1,1
198.500,158.794,204.886,46.092,50.041,204.886,1,1
198.600,158.646,204.809,46.163,50.040,204.809,1,1
198.700,158.499,204.732,46.232,50.039,204.732,1,1
198.800,158.354,204.655,46.301,50.039,204.655,1,1
198.900,158.210,204.577,46.368,50.038,204.577,1,1
199.000,158.066,204.500,46.433,50.037,204.500,1,1
199.100,157.924,204.422,46.498,50.037,204.422,1,1
199.200,157.784,204.345,46.561,50.036,204.345,1,1
199.300,157.644,204.267,46.623,50.036,204.267,1,1
199.400,157.505,204.189,46.684,50.035,204.189,1,1
199.500,157.368,204.111,46.743,50.034,204.111,1,1
199.600,157.232,204.033,46.802,50.034,204.033,1,1
199.700,157.097,203.955,46.859,50.033,203.955,1,1
199.800,156.963,203.877,46.914,50.032,203.877,1,1
199.900,156.830,203.799,46.969,50.032,203.799,1,1
200.000,156.699,203.720,47.022,50.031,203.720,1,1
200.100,156.568,203.642,47.074,50.030,203.642,1,1
200.200,156.439,203.563,47.124,50.030,203.563,1,1
200.300,156.311,203.485,47.173,50.029,203.485,1,1
200.400,156.185,203.406,47.221,50.028,203.406,1,1
200.500,156.059,203.327,47.268,50.028,203.327,1,1
200.600,155.935,203.249,47.314,50.027,203.249,1,1
200.700,155.812,203.170,47.358,50.026,203.170,1,1
200.800,155.690,203.091,47.401,50.026,203.091,1,1
200.900,155.569,203.012,47.442,50.025,203.012,1,1
201.000,155.450,202.932,47.483,50.024,202.932,1,1
201.100,155.331,202.853,47.522,50.024,202.853,1,1
201.200,155.214,202.774,47.560,50.023,202.774,1,1
201.300,155.099,202.695,47.596,50.022,202.695,1,1
201.400,154.984,202.615,47.631,50.022,202.615,1,1
201.500,154.871,202.536,47.665,50.021,202.536,1,1
201.600,154.759,202.456,47.698,50.020,202.456,1,1
201.700,154.648,202.377,47.729,50.020,202.377,1,1
201.800,154.538,202.297,47.759,50.019,202.297,1,1
201.900,154.430,202.217,47.788,50.018,202.217,1,1
202.000,154.323,202.138,47.815,50.018,202.138,1,1
202.100,154.217,202.058,47.841,50.017,202.058,1,1
202.200,154.112,201.978,47.866,50.016,201.978,1,1
202.300,154.009,201.898,47.890,50.016,201.898,1,1
202.400,153.907,201.819,47.912,50.015,201.819,1,1
202.500,153.806,201.739,47.933,50.014,201.739,1,1
202.600,153.706,201.659,47.952,50.014,201.659,1,1
202.700,153.608,201.579,47.971,50.013,201.579,1,1
202.800,153.511,201.499,47.988,50.012,201.499,1,1
202.900,153.415,201.419,48.003,50.012,201.419,1,1
203.000,153.321,201.339,48.018,50.011,201.339,1,1
203.100,153.228,201.259,48.031,50.010,201.259,1,1
203.200,153.136,201.179,48.043,50.010,201.179,1,1
203.300,153.045,201.099,48.053,50.009,201.099,1,1
203.400,152.956,201.019,48.063,50.008,201.019,1,1
203.500,152.868,200.938,48.070,50.008,200.938,1,1
203.600,152.781,200.858,48.077,50.007,200.858,1,1
203.700,152.696,200.778,48.082,50.006,200.778,1,1
203.800,152.612,200.698,48.086,50.006,200.698,1,1
203.900,152.529,200.618,48.089,50.005,200.618,1,1
204.000,152.447,200.538,48.091,50.004,200.538,1,1
204.100,152.367,200.458,48.091,50.004,200.458,1,1
204.200,152.288,200.377,48.089,50.003,200.377,1,1
204.300,152.210,200.297,48.087,50.002,200.297,1,1
204.400,152.134,200.217,48.083,50.002,200.217,1,1
204.500,152.059,200.137,48.078,50.001,200.137,1,1
204.600,151.985,200.057,48.072,50.000,200.057,1,1
204.700,151.913,199.977,48.064,50.000,199.977,1,1
204.800,151.842,199.897,48.055,49.999,199.897,1,1
204.900,151.772,199.817,48.044,49.998,199.817,1,1
205.000,151.704,199.737,48.033,49.998,199.737,1,1
205.100,151.637,199.656,48.020,49.997,199.656,1,1
205.200,151.571,199.576,48.006,49.996,199.576,1,1
205.300,151.506,199.496,47.990,49.996,199.496,1,1
205.400,151.443,199.417,47.973,49.995,199.417,1,1
205.500,151.382,199.337,47.955,49.994,199.337,1,1
205.600,151.321,199.257,47.936,49.994,199.257,1,1
205.700,151.262,199.177,47.915,49.993,199.177,1,1
205.800,151.204,199.097,47.893,49.992,199.097,1,1
205.900,151.148,199.017,47.870,49.992,199.017,1,1
206.000,151.093,198.938,47.845,49.991,198.938,1,1
206.100,151.039,198.858,47.819,49.990,198.858,1,1
206.200,150.986,198.778,47.792,49.990,198.778,1,1
206.300,150.935,198.699,47.763,49.989,198.699,1,1
206.400,150.886,198.619,47.733,49.988,198.619,1,1
206.500,150.837,198.540,47.702,49.988,198.540,1,1
206.600,150.790,198.460,47.670,49.987,198.460,1,1
206.700,150.745,198.381,47.636,49.987,198.381,1,1
206.800,150.700,198.301,47.601,49.986,198.301,1,1
206.900,150.657,198.222,47.565,49.985,198.222,1,1
207.000,150.616,198.143,47.527,49.985,198.143,1,1
207.100,150.575,198.064,47.488,49.984,198.064,1,1
207.200,150.536,197.985,47.448,49.983,197.985,1,1
207.300,150.499,197.906,47.407,49.983,197.906,1,1
207.400,150.463,197.827,47.364,49.982,197.827,1,1
207.500,150.428,197.748,47.320,49.981,197.748,1,1
207.600,150.394,197.669,47.275,49.981,197.669,1,1
207.700,150.362,197.590,47.228,49.980,197.590,1,1
207.800,150.331,197.512,47.180,49.979,197.512,1,1
207.900,150.302,197.433,47.131,49.979,197.433,1,1
208.000,150.274,197.355,47.081,49.978,197.355,1,1
208.100,150.247,197.276,47.029,49.977,197.276,1,1
208.200,150.222,197.198,46.976,49.977,197.198,1,1
208.300,150.198,197.120,46.922,49.976,197.120,1,1
208.400,150.175,197.042,46.866,49.975,197.042,1,1
208.500,150.154,196.964,46.809,49.975,196.964,1,1
208.600,150.134,196.886,46.751,49.974,196.886,1,1
208.700,150.116,196.808,46.692,49.973,196.808,1,1
208.800,150.099,196.730,46.632,49.973,196.730,1,1
208.900,150.083,196.653,46.570,49.972,196.653,1,1
209.000,150.069,196.575,46.507,49.971,196.575,1,1
209.100,150.056,196.498,46.442,49.971,196.498,1,1
209.200,150.044,196.420,46.376,49.970,196.420,1,1
209.300,150.034,196.343,46.310,49.970,196.343,1,1
209.400,150.025,196.266,46.241,49.969,196.266,1,1
209.500,150.017,196.189,46.172,49.968,196.189,1,1
209.600,150.011,196.112,46.101,49.968,196.112,1,1
209.700,150.006,196.036,46.029,49.967,196.036,1,1
209.800,150.003,195.959,45.956,49.966,195.959,1,1
209.900,150.001,195.883,45.882,49.966,195.883,1,1
210.000,150.000,195.806,45.806,49.965,195.806,1,1
210.100,150.001,195.730,45.729,49.964,195.730,1,1
210.200,150.003,195.654,45.651,49.964,195.654,1,1
210.300,150.006,195.578,45.572,49.963,195.578,1,1
210.400,150.011,195.502,45.491,49.963,195.502,1,1
210.500,150.017,195.426,45.409,49.962,195.426,1,1
210.600,150.025,195.351,45.326,49.961,195.351,1,1
210.700,150.034,195.275,45.242,49.961,195.275,1,1
210.800,150.044,195.200,45.156,49.960,195.200,1,1
210.900,150.056,195.125,45.070,49.959,195.125,1,1
211.000,150.069,195.050,44.982,49.959,195.050,1,1
211.100,150.083,194.975,44.892,49.958,194.975,1,1
211.200,150.099,194.901,44.802,49.958,194.901,1,1
211.300,150.116,194.826,44.710,49.957,194.826,1,1
211.400,150.134,194.752,44.617,49.956,194.752,1,1
211.500,150.154,194.678,44.523,49.956,194.678,1,1
211.600,150.175,194.604,44.428,49.955,194.604,1,1
211.700,150.198,194.530,44.332,49.954,194.530,1,1
211.800,150.222,194.456,44.234,49.954,194.456,1,1
211.900,150.247,194.382,44.135,49.953,194.382,1,1
212.000,150.274,194.309,44.035,49.953,194.309,1,1
212.100,150.302,194.236,43.934,49.952,194.236,1,1
212.200,150.331,194.163,43.831,49.951,194.163,1,1
212.300,150.362,194.090,43.728,49.951,194.090,1,1
212.400,150.394,194.017,43.623,49.950,194.017,1,1
212.500,150.428,193.945,43.517,49.950,193.945,1,1
212.600,150.463,193.872,43.410,49.949,193.872,1,1
212.700,150.499,193.800,43.301,49.948,193.800,1,1
212.800,150.536,193.728,43.192,49.948,193.728,1,1
212.900,150.575,193.656,43.081,49.947,193.656,1,1
213.000,150.616,193.585,42.969,49.947,193.585,1,1
213.100,150.657,193.513,42.856,49.946,193.513,1,1
213.200,150.700,193.442,42.742,49.945,193.442,1,1
213.300,150.745,193.371,42.626,49.945,193.371,1,1
213.400,150.790,193.300,42.510,49.944,193.300,1,1
213.500,150.837,193.229,42.392,49.944,193.229,1,1
213.600,150.886,193.159,42.273,49.943,193.159,1,1
213.700,150.935,193.089,42.153,49.942,193.089,1,1
213.800,150.986,193.019,42.032,49.942,193.019,1,1
213.900,151.039,192.949,41.910,49.941,192.949,1,1
214.000,151.093,192.879,41.787,49.941,192.879,1,1
214.100,151.148,192.810,41.662,49.940,192.810,1,1
214.200,151.204,192.741,41.536,49.940,192.741,1,1
214.300,151.262,192.671,41.410,49.939,192.671,1,1
214.400,151.321,192.603,41.282,49.938,192.603,1,1
214.500,151.382,192.534,41.153,49.938,192.534,1,1
214.600,151.443,192.466,41.022,49.937,192.466,1,1
214.700,151.506,192.398,40.891,49.937,192.398,1,1
214.800,151.571,192.330,40.759,49.936,192.330,1,1
214.900,151.637,192.262,40.625,49.936,192.262,1,1
215.000,151.704,192.194,40.491,49.935,192.194,1,1
215.100,151.772,192.127,40.355,49.934,192.127,1,1
215.200,151.842,192.060,40.218,49.934,192.060,1,1
215.300,151.913,191.993,40.080,49.933,191.993,1,1
215.400,151.985,191.927,39.941,49.933,191.927,1,1
215.500,152.059,191.860,39.801,49.932,191.860,1,1
215.600,152.134,191.794,39.660,49.932,191.794,1,1
215.700,152.210,191.728,39.518,49.931,191.728,1,1
215.800,152.288,191.663,39.375,49.931,191.663,1,1
215.900,152.367,191.597,39.231,49.930,191.597,1,1
216.000,152.447,191.532,39.085,49.929,191.532,1,1
216.100,152.529,191.467,38.939,49.929,191.467,1,1
216.200,152.612,191.403,38.791,49.928,191.403,1,1
216.300,152.696,191.338,38.643,49.928,191.338,1,1
216.400,152.781,191.274,38.493,49.927,191.274,1,1
216.500,152.868,191.210,38.342,49.927,191.210,1,1
216.600,152.956,191.147,38.191,49.926,191.147,1,1
216.700,153.045,191.083,38.038,49.926,191.083,1,1
216.800,153.136,191.020,37.884,49.925,191.020,1,1
216.900,153.228,190.957,37.729,49.925,190.957,1,1
217.000,153.321,190.895,37.574,49.924,190.895,1,1
217.100,153.415,190.832,37.417,49.924,190.832,1,1
217.200,153.511,190.770,37.259,49.923,190.770,1,1
217.300,153.608,190.708,37.100,49.923,190.708,1,1
217.400,153.706,190.647,36.940,49.922,190.647,1,1
217.500,153.806,190.585,36.779,49.922,190.585,1,1
217.600,153.907,190.524,36.618,49.921,190.524,1,1
217.700,154.009,190.464,36.455,49.921,190.464,1,1
217.800,154.112,190.403,36.291,49.920,190.403,1,1
217.900,154.217,190.343,36.126,49.920,190.343,1,1
218.000,154.323,190.283,35.960,49.919,190.283,1,1
218.100,154.430,190.223,35.794,49.919,190.223,1,1
218.200,154.538,190.164,35.626,49.918,190.164,1,1
218.300,154.648,190.105,35.457,49.918,190.105,1,1
218.400,154.759,190.046,35.287,49.917,190.046,1,1
218.500,154.871,189.988,35.117,49.917,189.988,1,1
218.600,154.984,189.929,34.945,49.916,189.929,1,1
218.700,155.099,189.871,34.773,49.916,189.871,1,1
218.800,155.214,189.814,34.599,49.915,189.814,1,1
218.900,155.331,189.756,34.425,49.915,189.756,1,1
219.000,155.450,189.699,34.250,49.914,189.699,1,1
219.100,155.569,189.642,34.073,49.914,189.642,1,1
219.200,155.690,189.586,33.896,49.913,189.586,1,1
219.300,155.812,189.530,33.718,49.913,189.530,1,1
219.400,155.935,189.474,33.539,49.912,189.474,1,1
219.500,156.059,189.418,33.359,49.912,189.418,1,1
219.600,156.185,189.363,33.178,49.911,189.363,1,1
219.700,156.311,189.308,32.997,49.911,189.308,1,1
219.800,156.439,189.253,32.814,49.910,189.253,1,1
219.900,156.568,189.199,32.631,49.910,189.199,1,1
220.000,156.699,189.145,32.446,49.910,189.145,1,1
220.100,156.830,189.091,32.261,49.909,189.091,1,1
220.200,156.963,189.038,32.075,49.909,189.038,1,1
220.300,157.097,188.984,31.888,49.908,188.984,1,1
220.400,157.232,188.932,31.700,49.908,188.932,1,1
220.500,157.368,188.879,31.511,49.907,188.879,1,1
220.600,157.505,188.827,31.322,49.907,188.827,1,1
220.700,157.644,188.775,31.131,49.906,188.775,1,1
220.800,157.784,188.723,30.940,49.906,188.723,1,1
220.900,157.924,188.672,30.748,49.906,188.672,1,1
221.000,158.066,188.621,30.555,49.905,188.621,1,1
221.100,158.210,188.571,30.361,49.905,188.571,1,1
221.200,158.354,188.520,30.166,49.904,188.520,1,1
221.300,158.499,188.470,29.971,49.904,188.470,1,1
221.400,158.646,188.421,29.775,49.904,188.421,1,1
221.500,158.794,188.372,29.578,49.903,188.372,1,1
221.600,158.943,188.323,29.380,49.903,188.323,1,1
221.700,159.093,188.274,29.181,49.902,188.274,1,1
221.800,159.244,188.226,28.982,49.902,188.226,1,1
221.900,159.396,188.178,28.782,49.901,188.178,1,1
222.000,159.549,188.130,28.581,49.901,188.130,1,1
222.100,159.704,188.083,28.379,49.901,188.083,1,1
222.200,159.859,188.036,28.177,49.900,188.036,1,1
222.300,160.016,187.989,27.973,49.900,187.989,1,1
222.400,160.174,187.943,27.769,49.900,187.943,1,1
222.500,160.332,187.897,27.565,49.899,187.897,1,1
222.600,160.492,187.851,27.359,49.899,187.851,1,1
222.700,160.653,187.806,27.153,49.898,187.806,1,1
222.800,160.815,187.761,26.946,49.898,187.761,1,1
222.900,160.978,187.717,26.738,49.898,187.717,1,1
223.000,161.143,187.672,26.530,49.897,187.672,1,1
223.100,161.308,187.629,26.321,49.897,187.629,1,1
223.200,161.474,187.585,26.111,49.897,187.585,1,1
223.300,161.642,187.542,25.900,49.896,187.542,1,1
223.400,161.810,187.499,25.689,49.896,187.499,1,1
223.500,161.980,187.457,25.477,49.895,187.457,1,1
223.600,162.150,187.414,25.264,49.895,187.414,1,1
223.700,162.322,187.373,25.051,49.895,187.373,1,1
223.800,162.494,187.331,24.837,49.894,187.331,1,1
223.900,162.668,187.290,24.622,49.894,187.290,1,1
224.000,162.843,187.250,24.407,49.894,187.250,1,1
224.100,163.018,187.209,24.191,49.893,187.209,1,1
224.200,163.195,187.169,23.974,49.893,187.169,1,1
224.300,163.373,187.130,23.757,49.893,187.130,1,1
224.400,163.552,187.090,23.539,49.892,187.090,1,1
224.500,163.731,187.052,23.320,49.892,187.052,1,1
224.600,163.912,187.013,23.101,49.892,187.013,1,1
224.700,164.094,186.975,22.881,49.891,186.975,1,1
224.800,164.276,186.937,22.661,49.891,186.937,1,1
224.900,164.460,186.900,22.440,49.891,186.900,1,1
225.000,164.645,186.863,22.218,49.891,186.863,1,1
225.100,164.830,186.826,21.996,49.890,186.826,1,1
225.200,165.017,186.790,21.773,49.890,186.790,1,1
225.300,165.204,186.754,21.550,49.890,186.754,1,1
225.400,165.393,186.718,21.326,49.889,186.718,1,1
225.500,165.582,186.683,21.101,49.889,186.683,1,1
225.600,165.773,186.648,20.876,49.889,186.648,1,1
225.700,165.964,186.614,20.650,49.888,186.614,1,1
225.800,166.156,186.580,20.424,49.888,186.580,1,1
225.900,166.349,186.546,20.197,49.888,186.546,1,1
226.000,166.543,186.513,19.970,49.888,186.513,1,1
226.100,166.738,186.480,19.742,49.887,186.480,1,1
226.200,166.934,186.448,19.513,49.887,186.448,1,1
226.300,167.131,186.415,19.284,49.887,186.415,1,1
226.400,167.329,186.384,19.055,49.887,186.384,1,1
226.500,167.528,186.352,18.825,49.886,186.352,1,1
226.600,167.727,186.321,18.594,49.886,186.321,1,1
226.700,167.928,186.291,18.363,49.886,186.291,1,1
226.800,168.129,186.261,18.132,49.886,186.261,1,1
226.900,168.331,186.231,17.900,49.885,186.231,1,1
227.000,168.534,186.201,17.667,49.885,186.201,1,1
227.100,168.738,186.172,17.434,49.885,186.172,1,1
227.200,168.943,186.144,17.201,49.885,186.144,1,1
227.300,169.148,186.115,16.967,49.884,186.115,1,1
227.400,169.355,186.087,16.733,49.884,186.087,1,1
227.500,169.562,186.060,16.498,49.884,186.060,1,1
227.600,169.770,186.033,16.263,49.884,186.033,1,1
227.700,169.979,186.006,16.027,49.883,186.006,1,1
227.800,170.189,185.980,15.791,49.883,185.980,1,1
227.900,170.399,185.954,15.554,49.883,185.954,1,1
228.000,170.611,185.928,15.318,49.883,185.928,1,1
228.100,170.823,185.903,15.080,49.883,185.903,1,1
228.200,171.036,185.878,14.842,49.882,185.878,1,1
228.300,171.250,185.854,14.604,49.882,185.854,1,1
228.400,171.464,185.830,14.366,49.882,185.830,1,1
228.500,171.680,185.807,14.127,49.882,185.807,1,1
228.600,171.896,185.783,13.888,49.882,185.783,1,1
228.700,172.113,185.761,13.648,49.881,185.761,1,1
228.800,172.330,185.738,13.408,49.881,185.738,1,1
228.900,172.549,185.716,13.168,49.881,185.716,1,1
229.000,172.768,185.695,12.927,49.881,185.695,1,1
229.100,172.988,185.674,12.686,49.881,185.674,1,1
229.200,173.209,185.653,12.444,49.880,185.653,1,1
229.300,173.430,185.633,12.203,49.880,185.633,1,1
229.400,173.652,185.613,11.960,49.880,185.613,1,1
229.500,173.875,185.593,11.718,49.880,185.593,1,1
229.600,174.099,185.574,11.475,49.880,185.574,1,1
229.700,174.323,185.555,11.232,49.880,185.555,1,1
229.800,174.548,185.537,10.989,49.879,185.537,1,1
229.900,174.774,185.519,10.745,49.879,185.519,1,1
230.000,175.000,185.502,10.502,49.879,185.502,1,1
230.100,175.227,185.484,10.257,49.879,185.484,1,1
230.200,175.455,185.468,10.013,49.879,185.468,1,1
230.300,175.683,185.452,9.768,49.879,185.452,1,1
230.400,175.912,185.436,9.523,49.879,185.436,1,1
230.500,176.142,185.420,9.278,49.879,185.420,1,1
230.600,176.372,185.405,9.033,49.878,185.405,1,1
230.700,176.604,185.390,8.787,49.878,185.390,1,1
230.800,176.835,185.376,8.541,49.878,185.376,1,1
230.900,177.068,185.362,8.295,49.878,185.362,1,1
231.000,177.300,185.349,8.049,49.878,185.349,1,1
231.100,177.534,185.336,7.802,49.878,185.336,1,1
231.200,177.768,185.323,7.555,49.878,185.323,1,1
231.300,178.003,185.311,7.308,49.878,185.311,1,1
231.400,178.238,185.299,7.061,49.877,185.299,1,1
231.500,178.474,185.288,6.814,49.877,185.288,1,1
231.600,178.711,185.277,6.566,49.877,185.277,1,1
231.700,178.948,185.267,6.318,49.877,185.267,1,1
231.800,179.186,185.257,6.071,49.877,185.257,1,1
231.900,179.424,185.247,5.823,49.877,185.247,1,1
232.000,179.663,185.238,5.574,49.877,185.238,1,1
232.100,179.903,185.229,5.326,49.877,185.229,1,1
232.200,180.143,185.220,5.078,49.877,185.220,1,1
232.300,180.383,185.212,4.829,49.877,185.212,1,1
232.400,180.624,185.204,4.580,49.877,185.204,1,1
232.500,180.866,185.197,4.331,49.877,185.197,1,1
232.600,181.108,185.190,4.083,49.877,185.190,1,1
232.700,181.351,185.184,3.833,49.877,185.184,1,1
232.800,181.594,185.178,3.584,49.876,185.178,1,1
232.900,181.837,185.173,3.335,49.876,185.173,1,1
233.000,182.082,185.167,3.086,49.876,185.167,1,1
233.100,182.326,185.163,2.836,49.876,185.163,1,1
233.200,182.571,185.158,2.587,49.876,185.158,1,1
233.300,182.817,185.154,2.337,49.876,185.154,1,1
233.400,183.063,185.151,2.088,49.876,185.151,1,1
233.500,183.310,185.148,1.838,49.876,185.148,1,1
233.600,183.557,185.145,1.589,49.876,185.145,1,1
233.700,183.804,185.143,1.339,49.876,185.143,1,1
233.800,184.052,185.141,1.089,49.876,185.141,1,1
233.900,184.300,185.140,0.839,49.876,185.140,1,1
234.000,184.549,185.139,0.590,49.876,185.139,1,1
234.100,184.798,185.138,0.340,49.876,185.138,1,1
234.200,185.048,185.138,0.090,49.876,185.138,1,1
234.300,185.298,185.138,-0.160,49.876,185.138,1,1
234.400,185.548,185.139,-0.409,49.876,185.139,1,1
234.500,185.799,185.140,-0.659,49.876,185.140,1,1
234.600,186.050,185.142,-0.909,49.876,185.142,1,1
234.700,186.302,185.144,-1.158,49.876,185.144,1,1
234.800,186.554,185.146,-1.408,49.876,185.146,1,1
234.900,186.806,185.149,-1.658,49.876,185.149,1,1
235.000,187.059,185.152,-1.907,49.876,185.152,1,1
235.100,187.312,185.156,-2.157,49.876,185.156,1,1
235.200,187.566,185.160,-2.406,49.876,185.160,1,1
235.300,187.819,185.164,-2.655,49.876,185.164,1,1
235.400,188.073,185.169,-2.905,49.876,185.169,1,1
235.500,188.328,185.174,-3.154,49.876,185.174,1,1
235.600,188.582,185.180,-3.403,49.876,185.180,1,1
235.700,188.837,185.186,-3.652,49.877,185.186,1,1
235.800,189.093,185.192,-3.901,49.877,185.192,1,1
235.900,189.348,185.199,-4.149,49.877,185.199,1,1
236.000,189.604,185.207,-4.398,49.877,185.207,1,1
236.100,189.861,185.214,-4.646,49.877,185.214,1,1
236.200,190.117,185.222,-4.895,49.877,185.222,1,1
236.300,190.374,185.231,-5.143,49.877,185.231,1,1
236.400,190.631,185.240,-5.391,49.877,185.240,1,1
236.500,190.888,185.249,-5.639,49.877,185.249,1,1
236.600,191.146,185.259,-5.887,49.877,185.259,1,1
236.700,191.404,185.269,-6.134,49.877,185.269,1,1
236.800,191.662,185.280,-6.381,49.877,185.280,1,1
236.900,191.920,185.291,-6.629,49.877,185.291,1,1
237.000,192.178,185.303,-6.876,49.878,185.303,1,1
237.100,192.437,185.314,-7.123,49.878,185.314,1,1
237.200,192.696,185.327,-7.369,49.878,185.327,1,1
237.300,192.955,185.339,-7.616,49.878,185.339,1,1
237.400,193.214,185.353,-7.862,49.878,185.353,1,1
237.500,193.474,185.366,-8.108,49.878,185.366,1,1
237.600,193.733,185.380,-8.353,49.878,185.380,1,1
237.700,193.993,185.394,-8.599,49.878,185.394,1,1
237.800,194.253,185.409,-8.844,49.878,185.409,1,1
237.900,194.513,185.424,-9.089,49.879,185.424,1,1
238.000,194.774,185.440,-9.334,49.879,185.440,1,1
238.100,195.034,185.456,-9.578,49.879,185.456,1,1
238.200,195.295,185.472,-9.823,49.879,185.472,1,1
238.300,195.555,185.489,-10.066,49.879,185.489,1,1
238.400,195.816,185.506,-10.310,49.879,185.506,1,1
238.500,196.077,185.524,-10.553,49.879,185.524,1,1
238.600,196.338,185.542,-10.796,49.880,185.542,1,1
238.700,196.599,185.560,-11.039,49.880,185.560,1,1
238.800,196.860,185.579,-11.282,49.880,185.579,1,1
238.900,197.122,185.598,-11.524,49.880,185.598,1,1
239.000,197.383,185.618,-11.766,49.880,185.618,1,1
239.100,197.645,185.638,-12.007,49.880,185.638,1,1
239.200,197.906,185.658,-12.248,49.880,185.658,1,1
239.300,198.168,185.679,-12.489,49.881,185.679,1,1
239.400,198.429,185.700,-12.729,49.881,185.700,1,1
239.500,198.691,185.722,-12.969,49.881,185.722,1,1
239.600,198.953,185.744,-13.209,49.881,185.744,1,1
239.700,199.215,185.766,-13.449,49.881,185.766,1,1
239.800,199.476,185.789,-13.687,49.882,185.789,1,1
239.900,199.738,185.812,-13.926,49.882,185.812,1,1
240.000,200.000,185.836,-14.164,49.882,185.836,1,1
240.100,200.262,185.860,-14.402,49.882,185.860,1,1
240.200,200.524,185.884,-14.639,49.882,185.884,1,1
240.300,200.785,185.909,-14.876,49.883,185.909,1,1
240.400,201.047,185.934,-15.113,49.883,185.934,1,1
240.500,201.309,185.960,-15.349,49.883,185.960,1,1
240.600,201.571,185.986,-15.585,49.883,185.986,1,1
240.700,201.832,186.012,-15.820,49.883,186.012,1,1
240.800,202.094,186.039,-16.055,49.884,186.039,1,1
240.900,202.355,186.066,-16.289,49.884,186.066,1,1
241.000,202.617,186.094,-16.523,49.884,186.094,1,1
241.100,202.878,186.121,-16.757,49.884,186.121,1,1
241.200,203.140,186.150,-16.990,49.885,186.150,1,1
241.300,203.401,186.178,-17.222,49.885,186.178,1,1
241.400,203.662,186.208,-17.454,49.885,186.208,1,1
241.500,203.923,186.237,-17.686,49.885,186.237,1,1
241.600,204.184,186.267,-17.917,49.886,186.267,1,1
241.700,204.445,186.297,-18.148,49.886,186.297,1,1
241.800,204.705,186.328,-18.378,49.886,186.328,1,1
241.900,204.966,186.359,-18.607,49.886,186.359,1,1
242.000,205.226,186.390,-18.836,49.887,186.390,1,1
242.100,205.487,186.422,-19.065,49.887,186.422,1,1
242.200,205.747,186.454,-19.293,49.887,186.454,1,1
242.300,206.007,186.487,-19.520,49.887,186.487,1,1
242.400,206.267,186.520,-19.747,49.888,186.520,1,1
242.500,206.526,186.553,-19.973,49.888,186.553,1,1
242.600,206.786,186.587,-20.199,49.888,186.587,1,1
242.700,207.045,186.621,-20.425,49.889,186.621,1,1
242.800,207.304,186.655,-20.649,49.889,186.655,1,1
242.900,207.563,186.690,-20.873,49.889,186.690,1,1
243.000,207.822,186.725,-21.097,49.889,186.725,1,1
243.100,208.080,186.760,-21.320,49.890,186.760,1,1
243.200,208.338,186.796,-21.542,49.890,186.796,1,1
243.300,208.596,186.833,-21.764,49.890,186.833,1,1
243.400,208.854,186.869,-21.985,49.891,186.869,1,1
243.500,209.112,186.906,-22.206,49.891,186.906,1,1
243.600,209.369,186.944,-22.425,49.891,186.944,1,1
243.700,209.626,186.981,-22.645,49.892,186.981,1,1
243.800,209.883,187.019,-22.863,49.892,187.019,1,1
243.900,210.139,187.058,-23.081,49.892,187.058,1,1
244.000,210.396,187.097,-23.299,49.892,187.097,1,1
244.100,210.652,187.136,-23.516,49.893,187.136,1,1
244.200,210.907,187.176,-23.732,49.893,187.176,1,1
244.300,211.163,187.215,-23.947,49.893,187.215,1,1
244.400,211.418,187.256,-24.162,49.894,187.256,1,1
244.500,211.672,187.296,-24.376,49.894,187.296,1,1
244.600,211.927,187.337,-24.589,49.894,187.337,1,1
244.700,212.181,187.379,-24.802,49.895,187.379,1,1
244.800,212.434,187.420,-25.014,49.895,187.420,1,1
244.900,212.688,187.462,-25.225,49.896,187.462,1,1
245.000,212.941,187.505,-25.436,49.896,187.505,1,1
245.100,213.194,187.548,-25.646,49.896,187.548,1,1
245.200,213.446,187.591,-25.855,49.897,187.591,1,1
245.300,213.698,187.634,-26.064,49.897,187.634,1,1
245.400,213.950,187.678,-26.272,49.897,187.678,1,1
245.500,214.201,187.722,-26.479,49.898,187.722,1,1
245.600,214.452,187.766,-26.685,49.898,187.766,1,1
245.700,214.702,187.811,-26.891,49.898,187.811,1,1
245.800,214.952,187.856,-27.096,49.899,187.856,1,1
245.900,215.202,187.902,-27.300,49.899,187.902,1,1
246.000,215.451,187.948,-27.503,49.900,187.948,1,1
246.100,215.700,187.994,-27.706,49.900,187.994,1,1
246.200,215.948,188.040,-27.908,49.900,188.040,1,1
246.300,216.196,188.087,-28.109,49.901,188.087,1,1
246.400,216.443,188.134,-28.309,49.901,188.134,1,1
246.500,216.690,188.182,-28.508,49.902,188.182,1,1
246.600,216.937,188.230,-28.707,49.902,188.230,1,1
246.700,217.183,188.278,-28.905,49.902,188.278,1,1
246.800,217.429,188.327,-29.102,49.903,188.327,1,1
246.900,217.674,188.375,-29.298,49.903,188.375,1,1
247.000,217.918,188.425,-29.494,49.904,188.425,1,1
247.100,218.163,188.474,-29.689,49.904,188.474,1,1
247.200,218.406,188.524,-29.882,49.904,188.524,1,1
247.300,218.649,188.574,-30.075,49.905,188.574,1,1
247.400,218.892,188.624,-30.268,49.905,188.624,1,1
247.500,219.134,188.675,-30.459,49.906,188.675,1,1
247.600,219.376,188.726,-30.650,49.906,188.726,1,1
247.700,219.617,188.778,-30.839,49.906,188.778,1,1
247.800,219.857,188.829,-31.028,49.907,188.829,1,1
247.900,220.097,188.881,-31.216,49.907,188.881,1,1
248.000,220.337,188.934,-31.403,49.908,188.934,1,1
248.100,220.576,188.986,-31.589,49.908,188.986,1,1
248.200,220.814,189.039,-31.775,49.909,189.039,1,1
248.300,221.052,189.093,-31.959,49.909,189.093,1,1
248.400,221.289,189.146,-32.143,49.910,189.146,1,1
248.500,221.526,189.200,-32.326,49.910,189.200,1,1
248.600,221.762,189.254,-32.507,49.910,189.254,1,1
248.700,221.997,189.309,-32.688,49.911,189.309,1,1
248.800,222.232,189.363,-32.868,49.911,189.363,1,1
248.900,222.466,189.419,-33.047,49.912,189.419,1,1
249.000,222.700,189.474,-33.226,49.912,189.474,1,1
249.100,222.932,189.530,-33.403,49.913,189.530,1,1
249.200,223.165,189.586,-33.579,49.913,189.586,1,1
249.300,223.396,189.642,-33.755,49.914,189.642,1,1
249.400,223.628,189.698,-33.929,49.914,189.698,1,1
249.500,223.858,189.755,-34.103,49.915,189.755,1,1
249.600,224.088,189.812,-34.275,49.915,189.812,1,1
249.700,224.317,189.870,-34.447,49.916,189.870,1,1
249.800,224.545,189.927,-34.618,49.916,189.927,1,1
249.900,224.773,189.985,-34.788,49.917,189.985,1,1
250.000,225.000,190.044,-34.956,49.917,190.044,1,1
250.100,225.226,190.102,-35.124,49.918,190.102,1,1
250.200,225.452,190.161,-35.291,49.918,190.161,1,1
250.300,225.677,190.220,-35.457,49.919,190.220,1,1
250.400,225.901,190.279,-35.622,49.919,190.279,1,1
250.500,226.125,190.339,-35.786,49.919,190.339,1,1
250.600,226.348,190.399,-35.949,49.920,190.399,1,1
250.700,226.570,190.459,-36.111,49.920,190.459,1,1
250.800,226.791,190.520,-36.272,49.921,190.520,1,1
250.900,227.012,190.580,-36.432,49.922,190.580,1,1
251.000,227.232,190.641,-36.591,49.922,190.641,1,1
251.100,227.451,190.703,-36.749,49.923,190.703,1,1
251.200,227.670,190.764,-36.905,49.923,190.764,1,1
251.300,227.887,190.826,-37.061,49.924,190.826,1,1
251.400,228.104,190.888,-37.216,49.924,190.888,1,1
251.500,228.320,190.950,-37.370,49.925,190.950,1,1
251.600,228.536,191.013,-37.523,49.925,191.013,1,1
251.700,228.750,191.076,-37.675,49.926,191.076,1,1
251.800,228.964,191.139,-37.825,49.926,191.139,1,1
251.900,229.177,191.202,-37.975,49.927,191.202,1,1
252.000,229.389,191.265,-38.124,49.927,191.265,1,1
252.100,229.601,191.329,-38.271,49.928,191.329,1,1
252.200,229.811,191.393,-38.418,49.928,191.393,1,1
252.300,230.021,191.458,-38.563,49.929,191.458,1,1
252.400,230.230,191.522,-38.708,49.929,191.522,1,1
252.500,230.438,191.587,-38.851,49.930,191.587,1,1
252.600,230.645,191.652,-38.994,49.930,191.652,1,1
252.700,230.852,191.717,-39.135,49.931,191.717,1,1
252.800,231.057,191.782,-39.275,49.932,191.782,1,1
252.900,231.262,191.848,-39.414,49.932,191.848,1,1
253.000,231.466,191.914,-39.552,49.933,191.914,1,1
253.100,231.669,191.980,-39.689,49.933,191.980,1,1
253.200,231.871,192.047,-39.825,49.934,192.047,1,1
253.300,232.072,192.113,-39.959,49.934,192.113,1,1
253.400,232.273,192.180,-40.093,49.935,192.180,1,1
253.500,232.472,192.247,-40.225,49.935,192.247,1,1
253.600,232.671,192.314,-40.357,49.936,192.314,1,1
253.700,232.869,192.382,-40.487,49.937,192.382,1,1
253.800,233.066,192.449,-40.616,49.937,192.449,1,1
253.900,233.262,192.517,-40.744,49.938,192.517,1,1
254.000,233.457,192.586,-40.871,49.938,192.586,1,1
254.100,233.651,192.654,-40.997,49.939,192.654,1,1
254.200,233.844,192.722,-41.121,49.939,192.722,1,1
254.300,234.036,192.791,-41.245,49.940,192.791,1,1
254.400,234.227,192.860,-41.367,49.941,192.860,1,1
254.500,234.418,192.929,-41.489,49.941,192.929,1,1
254.600,234.607,192.999,-41.609,49.942,192.999,1,1
254.700,234.796,193.068,-41.728,49.942,193.068,1,1
254.800,234.983,193.138,-41.845,49.943,193.138,1,1
254.900,235.170,193.208,-41.962,49.943,193.208,1,1
255.000,235.355,193.278,-42.077,49.944,193.278,1,1
255.100,235.540,193.348,-42.192,49.945,193.348,1,1
255.200,235.724,193.419,-42.305,49.945,193.419,1,1
255.300,235.906,193.489,-42.417,49.946,193.489,1,1
255.400,236.088,193.560,-42.528,49.946,193.560,1,1
255.500,236.269,193.631,-42.637,49.947,193.631,1,1
255.600,236.448,193.703,-42.746,49.948,193.703,1,1
255.700,236.627,193.774,-42.853,49.948,193.774,1,1
255.800,236.805,193.846,-42.959,49.949,193.846,1,1
255.900,236.982,193.917,-43.064,49.949,193.917,1,1
256.000,237.157,193.989,-43.168,49.950,193.989,1,1
256.100,237.332,194.061,-43.270,49.951,194.061,1,1
256.200,237.506,194.134,-43.372,49.951,194.134,1,1
256.300,237.678,194.206,-43.472,49.952,194.206,1,1
256.400,237.850,194.279,-43.571,49.952,194.279,1,1
256.500,238.020,194.352,-43.669,49.953,194.352,1,1
256.600,238.190,194.425,-43.765,49.954,194.425,1,1
256.700,238.358,194.498,-43.861,49.954,194.498,1,1
256.800,238.526,194.571,-43.955,49.955,194.571,1,1
256.900,238.692,194.644,-44.048,49.955,194.644,1,1
257.000,238.857,194.718,-44.139,49.956,194.718,1,1
257.100,239.022,194.792,-44.230,49.957,194.792,1,1
257.200,239.185,194.865,-44.319,49.957,194.865,1,1
257.300,239.347,194.939,-44.407,49.958,194.939,1,1
257.400,239.508,195.014,-44.494,49.958,195.014,1,1
257.500,239.668,195.088,-44.580,49.959,195.088,1,1
257.600,239.826,195.162,-44.664,49.960,195.162,1,1
257.700,239.984,195.237,-44.747,49.960,195.237,1,1
257.800,240.141,195.312,-44.829,49.961,195.312,1,1
257.900,240.296,195.387,-44.910,49.962,195.387,1,1
258.000,240.451,195.462,-44.989,49.962,195.462,1,1
258.100,240.604,195.537,-45.068,49.963,195.537,1,1
258.200,240.756,195.612,-45.145,49.963,195.612,1,1
258.300,240.907,195.687,-45.220,49.964,195.687,1,1
258.400,241.057,195.763,-45.295,49.965,195.763,1,1
258.500,241.206,195.838,-45.368,49.965,195.838,1,1
258.600,241.354,195.914,-45.440,49.966,195.914,1,1
258.700,241.501,195.990,-45.511,49.967,195.990,1,1
258.800,241.646,196.066,-45.580,49.967,196.066,1,1
258.900,241.790,196.142,-45.648,49.968,196.142,1,1
259.000,241.934,196.218,-45.715,49.968,196.218,1,1
259.100,242.076,196.294,-45.781,49.969,196.294,1,1
259.200,242.216,196.371,-45.846,49.970,196.371,1,1
259.300,242.356,196.447,-45.909,49.970,196.447,1,1
259.400,242.495,196.524,-45.971,49.971,196.524,1,1
259.500,242.632,196.601,-46.031,49.972,196.601,1,1
259.600,242.768,196.678,-46.091,49.972,196.678,1,1
259.700,242.903,196.754,-46.149,49.973,196.754,1,1
259.800,243.037,196.831,-46.206,49.974,196.831,1,1
259.900,243.170,196.909,-46.261,49.974,196.909,1,1
260.000,243.301,196.986,-46.316,49.975,196.986,1,1
260.100,243.432,197.063,-46.369,49.976,197.063,1,1
260.200,243.561,197.140,-46.420,49.976,197.140,1,1
260.300,243.689,197.218,-46.471,49.977,197.218,1,1
260.400,243.815,197.295,-46.520,49.977,197.295,1,1
260.500,243.941,197.373,-46.568,49.978,197.373,1,1
260.600,244.065,197.451,-46.614,49.979,197.451,1,1
260.700,244.188,197.528,-46.660,49.979,197.528,1,1
260.800,244.310,197.606,-46.704,49.980,197.606,1,1
260.900,244.431,197.684,-46.747,49.981,197.684,1,1
261.000,244.550,197.762,-46.788,49.981,197.762,1,1
261.100,244.669,197.840,-46.828,49.982,197.840,1,1
261.200,244.786,197.918,-46.867,49.983,197.918,1,1
261.300,244.901,197.997,-46.905,49.983,197.997,1,1
261.400,245.016,198.075,-46.941,49.984,198.075,1,1
261.500,245.129,198.153,-46.976,49.985,198.153,1,1
261.600,245.241,198.231,-47.010,49.985,198.231,1,1
261.700,245.352,198.310,-47.042,49.986,198.310,1,1
261.800,245.462,198.388,-47.074,49.987,198.388,1,1
261.900,245.570,198.467,-47.103,49.987,198.467,1,1
262.000,245.677,198.545,-47.132,49.988,198.545,1,1
262.100,245.783,198.624,-47.159,49.989,198.624,1,1
262.200,245.888,198.703,-47.185,49.989,198.703,1,1
262.300,245.991,198.781,-47.210,49.990,198.781,1,1
262.400,246.093,198.860,-47.233,49.990,198.860,1,1
262.500,246.194,198.939,-47.255,49.991,198.939,1,1
262.600,246.294,199.018,-47.276,49.992,199.018,1,1
262.700,246.392,199.096,-47.295,49.992,199.096,1,1
262.800,246.489,199.175,-47.314,49.993,199.175,1,1
262.900,246.585,199.254,-47.330,49.994,199.254,1,1
263.000,246.679,199.333,-47.346,49.994,199.333,1,1
263.100,246.772,199.412,-47.360,49.995,199.412,1,1
263.200,246.864,199.491,-47.373,49.996,199.491,1,1
263.300,246.955,199.570,-47.385,49.996,199.570,1,1
263.400,247.044,199.649,-47.395,49.997,199.649,1,1
263.500,247.132,199.728,-47.404,49.998,199.728,1,1
263.600,247.219,199.807,-47.412,49.998,199.807,1,1
263.700,247.304,199.886,-47.418,49.999,199.886,1,1
263.800,247.388,199.965,-47.423,50.000,199.965,1,1
263.900,247.471,200.044,-47.427,50.000,200.044,1,1
264.000,247.553,200.123,-47.430,50.001,200.123,1,1
264.100,247.633,200.202,-47.431,50.002,200.202,1,1
264.200,247.712,200.281,-47.431,50.002,200.281,1,1
264.300,247.790,200.360,-47.429,50.003,200.360,1,1
264.400,247.866,200.439,-47.427,50.004,200.439,1,1
264.500,247.941,200.518,-47.423,50.004,200.518,1,1
264.600,248.015,200.597,-47.417,50.005,200.597,1,1
264.700,248.087,200.676,-47.411,50.006,200.676,1,1
264.800,248.158,200.755,-47.403,50.006,200.755,1,1
264.900,248.228,200.834,-47.394,50.007,200.834,1,1
265.000,248.296,200.913,-47.383,50.008,200.913,1,1
265.100,248.363,200.992,-47.371,50.008,200.992,1,1
265.200,248.429,201.071,-47.358,50.009,201.071,1,1
265.300,248.494,201.150,-47.344,50.010,201.150,1,1
265.400,248.557,201.229,-47.328,50.010,201.229,1,1
265.500,248.618,201.308,-47.311,50.011,201.308,1,1
265.600,248.679,201.387,-47.292,50.012,201.387,1,1
265.700,248.738,201.465,-47.273,50.012,201.465,1,1
265.800,248.796,201.544,-47.252,50.013,201.544,1,1
265.900,248.852,201.623,-47.229,50.014,201.623,1,1
266.000,248.907,201.702,-47.206,50.014,201.702,1,1
266.100,248.961,201.780,-47.181,50.015,201.780,1,1
266.200,249.014,201.859,-47.155,50.015,201.859,1,1
266.300,249.065,201.937,-47.127,50.016,201.937,1,1
266.400,249.114,202.016,-47.099,50.017,202.016,1,1
266.500,249.163,202.094,-47.068,50.017,202.094,1,1
266.600,249.210,202.173,-47.037,50.018,202.173,1,1
266.700,249.255,202.251,-47.004,50.019,202.251,1,1
266.800,249.300,202.329,-46.971,50.019,202.329,1,1
266.900,249.343,202.408,-46.935,50.020,202.408,1,1
267.000,249.384,202.486,-46.899,50.021,202.486,1,1
267.100,249.425,202.564,-46.861,50.021,202.564,1,1
267.200,249.464,202.642,-46.822,50.022,202.642,1,1
267.300,249.501,202.720,-46.781,50.023,202.720,1,1
267.400,249.537,202.798,-46.740,50.023,202.798,1,1
267.500,249.572,202.876,-46.697,50.024,202.876,1,1
267.600,249.606,202.953,-46.652,50.025,202.953,1,1
267.700,249.638,203.031,-46.607,50.025,203.031,1,1
267.800,249.669,203.109,-46.560,50.026,203.109,1,1
267.900,249.698,203.186,-46.512,50.027,203.186,1,1
268.000,249.726,203.264,-46.463,50.027,203.264,1,1
268.100,249.753,203.341,-46.412,50.028,203.341,1,1
268.200,249.778,203.418,-46.360,50.028,203.418,1,1
268.300,249.802,203.495,-46.307,50.029,203.495,1,1
268.400,249.825,203.572,-46.252,50.030,203.572,1,1
268.500,249.846,203.649,-46.196,50.030,203.649,1,1
268.600,249.866,203.726,-46.139,50.031,203.726,1,1
268.700,249.884,203.803,-46.081,50.032,203.803,1,1
268.800,249.901,203.880,-46.022,50.032,203.880,1,1
268.900,249.917,203.956,-45.961,50.033,203.956,1,1
269.000,249.931,204.033,-45.899,50.034,204.033,1,1
269.100,249.944,204.109,-45.835,50.034,204.109,1,1
269.200,249.956,204.186,-45.771,50.035,204.186,1,1
269.300,249.966,204.262,-45.705,50.036,204.262,1,1
269.400,249.975,204.338,-45.638,50.036,204.338,1,1
269.500,249.983,204.414,-45.569,50.037,204.414,1,1
269.600,249.989,204.490,-45.499,50.037,204.490,1,1
269.700,249.994,204.565,-45.429,50.038,204.565,1,1
269.800,249.997,204.641,-45.356,50.039,204.641,1,1
269.900,249.999,204.716,-45.283,50.039,204.716,1,1
270.000,250.000,204.792,-45.208,50.040,204.792,1,1
270.100,249.999,204.867,-45.132,50.041,204.867,1,1
270.200,249.997,204.942,-45.055,50.041,204.942,1,1
270.300,249.994,205.017,-44.977,50.042,205.017,1,1
270.400,249.989,205.092,-44.897,50.042,205.092,1,1
270.500,249.983,205.167,-44.816,50.043,205.167,1,1
270.600,249.975,205.241,-44.734,50.044,205.241,1,1
270.700,249.966,205.315,-44.651,50.044,205.315,1,1
270.800,249.956,205.390,-44.566,50.045,205.390,1,1
270.900,249.944,205.464,-44.481,50.046,205.464,1,1
271.000,249.931,205.538,-44.394,50.046,205.538,1,1
271.100,249.917,205.612,-44.305,50.047,205.612,1,1
271.200,249.901,205.685,-44.216,50.047,205.685,1,1
271.300,249.884,205.759,-44.125,50.048,205.759,1,1
271.400,249.866,205.832,-44.033,50.049,205.832,1,1
271.500,249.846,205.906,-43.940,50.049,205.906,1,1
271.600,249.825,205.979,-43.846,50.050,205.979,1,1
271.700,249.802,206.052,-43.750,50.050,206.052,1,1
271.800,249.778,206.124,-43.654,50.051,206.124,1,1
271.900,249.753,206.197,-43.556,50.052,206.197,1,1
272.000,249.726,206.269,-43.457,50.052,206.269,1,1
272.100,249.698,206.342,-43.356,50.053,206.342,1,1
272.200,249.669,206.414,-43.255,50.053,206.414,1,1
272.300,249.638,206.486,-43.152,50.054,206.486,1,1
272.400,249.606,206.557,-43.048,50.055,206.557,1,1
272.500,249.572,206.629,-42.943,50.055,206.629,1,1
272.600,249.537,206.700,-42.837,50.056,206.700,1,1
272.700,249.501,206.772,-42.730,50.056,206.772,1,1
272.800,249.464,206.843,-42.621,50.057,206.843,1,1
272.900,249.425,206.913,-42.511,50.058,206.913,1,1
273.000,249.384,206.984,-42.400,50.058,206.984,1,1
273.100,249.343,207.055,-42.288,50.059,207.055,1,1
273.200,249.300,207.125,-42.175,50.059,207.125,1,1
273.300,249.255,207.195,-42.060,50.060,207.195,1,1
273.400,249.210,207.265,-41.945,50.061,207.265,1,1
273.500,249.163,207.335,-41.828,50.061,207.335,1,1
273.600,249.114,207.404,-41.710,50.062,207.404,1,1
273.700,249.065,207.473,-41.591,50.062,207.473,1,1
273.800,249.014,207.543,-41.471,50.063,207.543,1,1
273.900,248.961,207.611,-41.350,50.063,207.611,1,1
274.000,248.907,207.680,-41.227,50.064,207.680,1,1
274.100,248.852,207.749,-41.104,50.065,207.749,1,1
274.200,248.796,207.817,-40.979,50.065,207.817,1,1
274.300,248.738,207.885,-40.853,50.066,207.885,1,1
274.400,248.679,207.953,-40.726,50.066,207.953,1,1
274.500,248.618,208.021,-40.598,50.067,208.021,1,1
274.600,248.557,208.088,-40.469,50.067,208.088,1,1
274.700,248.494,208.155,-40.338,50.068,208.155,1,1
274.800,248.429,208.222,-40.207,50.069,208.222,1,1
274.900,248.363,208.289,-40.074,50.069,208.289,1,1
275.000,248.296,208.356,-39.941,50.070,208.356,1,1
275.100,248.228,208.422,-39.806,50.070,208.422,1,1
275.200,248.158,208.488,-39.670,50.071,208.488,1,1
275.300,248.087,208.554,-39.533,50.071,208.554,1,1
275.400,248.015,208.620,-39.395,50.072,208.620,1,1
275.500,247.941,208.685,-39.256,50.072,208.685,1,1
275.600,247.866,208.750,-39.116,50.073,208.750,1,1
275.700,247.790,208.815,-38.974,50.073,208.815,1,1
275.800,247.712,208.880,-38.832,50.074,208.880,1,1
275.900,247.633,208.944,-38.689,50.075,208.944,1,1
276.000,247.553,209.009,-38.544,50.075,209.009,1,1
276.100,247.471,209.073,-38.399,50.076,209.073,1,1
276.200,247.388,209.136,-38.252,50.076,209.136,1,1
276.300,247.304,209.200,-38.104,50.077,209.200,1,1
276.400,247.219,209.263,-37.956,50.077,209.263,1,1
276.500,247.132,209.326,-37.806,50.078,209.326,1,1
276.600,247.044,209.389,-37.655,50.078,209.389,1,1
276.700,246.955,209.451,-37.503,50.079,209.451,1,1
276.800,246.864,209.514,-37.350,50.079,209.514,1,1
276.900,246.772,209.576,-37.196,50.080,209.576,1,1
277.000,246.679,209.637,-37.042,50.080,209.637,1,1
277.100,246.585,209.699,-36.886,50.081,209.699,1,1
277.200,246.489,209.760,-36.729,50.081,209.760,1,1
277.300,246.392,209.821,-36.571,50.082,209.821,1,1
277.400,246.294,209.882,-36.412,50.082,209.882,1,1
277.500,246.194,209.942,-36.252,50.083,209.942,1,1
277.600,246.093,210.002,-36.091,50.083,210.002,1,1
277.700,245.991,210.062,-35.929,50.084,210.062,1,1
277.800,245.888,210.122,-35.766,50.084,210.122,1,1
277.900,245.783,210.181,-35.602,50.085,210.181,1,1
278.000,245.677,210.240,-35.437,50.085,210.240,1,1
278.100,245.570,210.299,-35.271,50.086,210.299,1,1
278.200,245.462,210.358,-35.104,50.086,210.358,1,1
278.300,245.352,210.416,-34.936,50.087,210.416,1,1
278.400,245.241,210.474,-34.768,50.087,210.474,1,1
278.500,245.129,210.531,-34.598,50.088,210.531,1,1
278.600,245.016,210.589,-34.427,50.088,210.589,1,1
278.700,244.901,210.646,-34.256,50.089,210.646,1,1
278.800,244.786,210.703,-34.083,50.089,210.703,1,1
278.900,244.669,210.759,-33.909,50.090,210.759,1,1
279.000,244.550,210.815,-33.735,50.090,210.815,1,1
279.100,244.431,210.871,-33.560,50.091,210.871,1,1
279.200,244.310,210.927,-33.383,50.091,210.927,1,1
279.300,244.188,210.982,-33.206,50.092,210.982,1,1
279.400,244.065,211.037,-33.028,50.092,211.037,1,1
279.500,243.941,211.092,-32.849,50.092,211.092,1,1
279.600,243.815,211.147,-32.669,50.093,211.147,1,1
279.700,243.689,211.201,-32.488,50.093,211.201,1,1
279.800,243.561,211.255,-32.306,50.094,211.255,1,1
279.900,243.432,211.308,-32.123,50.094,211.308,1,1
280.000,243.301,211.361,-31.940,50.095,211.361,1,1
280.100,243.170,211.414,-31.756,50.095,211.414,1,1
280.200,243.037,211.467,-31.570,50.096,211.467,1,1
280.300,242.903,211.519,-31.384,50.096,211.519,1,1
280.400,242.768,211.571,-31.197,50.096,211.571,1,1
280.500,242.632,211.623,-31.009,50.097,211.623,1,1
280.600,242.495,211.674,-30.820,50.097,211.674,1,1
280.700,242.356,211.725,-30.631,50.098,211.725,1,1
280.800,242.216,211.776,-30.440,50.098,211.776,1,1
280.900,242.076,211.826,-30.249,50.099,211.826,1,1
281.000,241.934,211.877,-30.057,50.099,211.877,1,1
281.100,241.790,211.926,-29.864,50.099,211.926,1,1
281.200,241.646,211.976,-29.670,50.100,211.976,1,1
281.300,241.501,212.025,-29.476,50.100,212.025,1,1
281.400,241.354,212.074,-29.280,50.101,212.074,1,1
281.500,241.206,212.122,-29.084,50.101,212.122,1,1
281.600,241.057,212.170,-28.887,50.101,212.170,1,1
281.700,240.907,212.218,-28.689,50.102,212.218,1,1
281.800,240.756,212.266,-28.491,50.102,212.266,1,1
281.900,240.604,212.313,-28.291,50.103,212.313,1,1
282.000,240.451,212.360,-28.091,50.103,212.360,1,1
282.100,240.296,212.406,-27.890,50.103,212.406,1,1
282.200,240.141,212.452,-27.689,50.104,212.452,1,1
282.300,239.984,212.498,-27.486,50.104,212.498,1,1
282.400,239.826,212.543,-27.283,50.105,212.543,1,1
282.500,239.668,212.589,-27.079,50.105,212.589,1,1
282.600,239.508,212.633,-26.874,50.105,212.633,1,1
282.700,239.347,212.678,-26.669,50.106,212.678,1,1
282.800,239.185,212.722,-26.463,50.106,212.722,1,1
282.900,239.022,212.766,-26.256,50.106,212.766,1,1
283.000,238.857,212.809,-26.048,50.107,212.809,1,1
283.100,238.692,212.852,-25.840,50.107,212.852,1,1
283.200,238.526,212.895,-25.631,50.107,212.895,1,1
283.300,238.358,212.937,-25.421,50.108,212.937,1,1
283.400,238.190,212.979,-25.211,50.108,212.979,1,1
283.500,238.020,213.021,-24.999,50.109,213.021,1,1
283.600,237.850,213.062,-24.787,50.109,213.062,1,1
283.700,237.678,213.103,-24.575,50.109,213.103,1,1
283.800,237.506,213.144,-24.362,50.110,213.144,1,1
283.900,237.332,213.184,-24.148,50.110,213.184,1,1
284.000,237.157,213.224,-23.933,50.110,213.224,1,1
284.100,236.982,213.263,-23.718,50.111,213.263,1,1
284.200,236.805,213.303,-23.502,50.111,213.303,1,1
284.300,236.627,213.341,-23.286,50.111,213.341,1,1
284.400,236.448,213.380,-23.069,50.111,213.380,1,1
284.500,236.269,213.418,-22.851,50.112,213.418,1,1
284.600,236.088,213.456,-22.632,50.112,213.456,1,1
284.700,235.906,213.493,-22.413,50.112,213.493,1,1
284.800,235.724,213.530,-22.194,50.113,213.530,1,1
284.900,235.540,213.567,-21.973,50.113,213.567,1,1
285.000,235.355,213.603,-21.752,50.113,213.603,1,1
285.100,235.170,213.639,-21.531,50.114,213.639,1,1
285.200,234.983,213.674,-21.309,50.114,213.674,1,1
285.300,234.796,213.709,-21.086,50.114,213.709,1,1
285.400,234.607,213.744,-20.863,50.115,213.744,1,1
285.500,234.418,213.779,-20.639,50.115,213.779,1,1
285.600,234.227,213.813,-20.415,50.115,213.813,1,1
285.700,234.036,213.846,-20.190,50.115,213.846,1,1
285.800,233.844,213.880,-19.964,50.116,213.880,1,1
285.900,233.651,213.913,-19.738,50.116,213.913,1,1
286.000,233.457,213.945,-19.512,50.116,213.945,1,1
286.100,233.262,213.977,-19.284,50.116,213.977,1,1
286.200,233.066,214.009,-19.057,50.117,214.009,1,1
286.300,232.869,214.040,-18.828,50.117,214.040,1,1
286.400,232.671,214.071,-18.600,50.117,214.071,1,1
286.500,232.472,214.102,-18.370,50.118,214.102,1,1
286.600,232.273,214.132,-18.141,50.118,214.132,1,1
286.700,232.072,214.162,-17.910,50.118,214.162,1,1
286.800,231.871,214.191,-17.680,50.118,214.191,1,1
286.900,231.669,214.221,-17.448,50.119,214.221,1,1
287.000,231.466,214.249,-17.217,50.119,214.249,1,1
287.100,231.262,214.278,-16.985,50.119,214.278,1,1
287.200,231.057,214.305,-16.752,50.119,214.305,1,1
287.300,230.852,214.333,-16.519,50.119,214.333,1,1
287.400,230.645,214.360,-16.285,50.120,214.360,1,1
287.500,230.438,214.387,-16.051,50.120,214.387,1,1
287.600,230.230,214.413,-15.817,50.120,214.413,1,1
287.700,230.021,214.439,-15.582,50.120,214.439,1,1
287.800,229.811,214.465,-15.346,50.121,214.465,1,1
287.900,229.601,214.490,-15.111,50.121,214.490,1,1
288.000,229.389,214.515,-14.874,50.121,214.515,1,1
288.100,229.177,214.539,-14.638,50.121,214.539,1,1
288.200,228.964,214.563,-14.401,50.121,214.563,1,1
288.300,228.750,214.587,-14.163,50.122,214.587,1,1
288.400,228.536,214.610,-13.926,50.122,214.610,1,1
288.500,228.320,214.633,-13.688,50.122,214.633,1,1
288.600,228.104,214.655,-13.449,50.122,214.655,1,1
288.700,227.887,214.677,-13.210,50.122,214.677,1,1
288.800,227.670,214.699,-12.971,50.122,214.699,1,1
288.900,227.451,214.720,-12.731,50.123,214.720,1,1
289.000,227.232,214.741,-12.491,50.123,214.741,1,1
289.100,227.012,214.761,-12.251,50.123,214.761,1,1
289.200,226.791,214.781,-12.010,50.123,214.781,1,1
289.300,226.570,214.801,-11.769,50.123,214.801,1,1
289.400,226.348,214.820,-11.528,50.124,214.820,1,1
289.500,226.125,214.839,-11.286,50.124,214.839,1,1
289.600,225.901,214.857,-11.044,50.124,214.857,1,1
289.700,225.677,214.875,-10.802,50.124,214.875,1,1
289.800,225.452,214.893,-10.559,50.124,214.893,1,1
289.900,225.226,214.910,-10.316,50.124,214.910,1,1
290.000,225.000,214.927,-10.073,50.124,214.927,1,1
290.100,224.773,214.943,-9.830,50.125,214.943,1,1
290.200,224.545,214.959,-9.586,50.125,214.959,1,1
290.300,224.317,214.975,-9.342,50.125,214.975,1,1
290.400,224.088,214.990,-9.098,50.125,214.990,1,1
290.500,223.858,215.005,-8.853,50.125,215.005,1,1
290.600,223.628,215.019,-8.608,50.125,215.019,1,1
290.700,223.396,215.033,-8.363,50.125,215.033,1,1
290.800,223.165,215.047,-8.118,50.125,215.047,1,1
290.900,222.932,215.060,-7.873,50.125,215.060,1,1
291.000,222.700,215.072,-7.627,50.126,215.072,1,1
291.100,222.466,215.085,-7.381,50.126,215.085,1,1
291.200,222.232,215.097,-7.135,50.126,215.097,1,1
291.300,221.997,215.108,-6.889,50.126,215.108,1,1
291.400,221.762,215.119,-6.642,50.126,215.119,1,1
291.500,221.526,215.130,-6.396,50.126,215.130,1,1
291.600,221.289,215.140,-6.149,50.126,215.140,1,1
291.700,221.052,215.150,-5.902,50.126,215.150,1,1
291.800,220.814,215.159,-5.655,50.126,215.159,1,1
291.900,220.576,215.168,-5.407,50.126,215.168,1,1
292.000,220.337,215.177,-5.160,50.126,215.177,1,1
292.100,220.097,215.185,-4.912,50.127,215.185,1,1
292.200,219.857,215.193,-4.664,50.127,215.193,1,1
292.300,219.617,215.200,-4.417,50.127,215.200,1,1
292.400,219.376,215.207,-4.169,50.127,215.207,1,1
292.500,219.134,215.214,-3.920,50.127,215.214,1,1
292.600,218.892,215.220,-3.672,50.127,215.220,1,1
292.700,218.649,215.226,-3.424,50.127,215.226,1,1
292.800,218.406,215.231,-3.175,50.127,215.231,1,1
292.900,218.163,215.236,-2.927,50.127,215.236,1,1
293.000,217.918,215.240,-2.678,50.127,215.240,1,1
293.100,217.674,215.244,-2.429,50.127,215.244,1,1
293.200,217.429,215.248,-2.181,50.127,215.248,1,1
293.300,217.183,215.251,-1.932,50.127,215.251,1,1
293.400,216.937,215.254,-1.683,50.127,215.254,1,1
293.500,216.690,215.256,-1.434,50.127,215.256,1,1
293.600,216.443,215.258,-1.185,50.127,215.258,1,1
293.700,216.196,215.260,-0.936,50.127,215.260,1,1
293.800,215.948,215.261,-0.687,50.127,215.261,1,1
293.900,215.700,215.262,-0.438,50.127,215.262,1,1
294.000,215.451,215.262,-0.189,50.127,215.262,1,1
294.100,215.202,215.262,0.060,50.127,215.262,1,1
294.200,214.952,215.261,0.309,50.127,215.261,1,1
294.300,214.702,215.261,0.559,50.127,215.261,1,1
294.400,214.452,215.259,0.808,50.127,215.259,1,1
294.500,214.201,215.257,1.057,50.127,215.257,1,1
294.600,213.950,215.255,1.306,50.127,215.255,1,1
294.700,213.698,215.253,1.555,50.127,215.253,1,1
294.800,213.446,215.250,1.804,50.127,215.250,1,1
294.900,213.194,215.246,2.053,50.127,215.246,1,1
295.000,212.941,215.242,2.301,50.127,215.242,1,1
295.100,212.688,215.238,2.550,50.127,215.238,1,1
295.200,212.434,215.233,2.799,50.127,215.233,1,1
295.300,212.181,215.228,3.048,50.127,215.228,1,1
295.400,211.927,215.223,3.296,50.127,215.223,1,1
295.500,211.672,215.217,3.545,50.127,215.217,1,1
295.600,211.418,215.211,3.793,50.127,215.211,1,1
295.700,211.163,215.204,4.041,50.127,215.204,1,1
295.800,210.907,215.197,4.290,50.127,215.197,1,1
295.900,210.652,215.189,4.538,50.127,215.189,1,1
296.000,210.396,215.181,4.786,50.127,215.181,1,1
296.100,210.139,215.173,5.033,50.126,215.173,1,1
296.200,209.883,215.164,5.281,50.126,215.164,1,1
296.300,209.626,215.155,5.529,50.126,215.155,1,1
296.400,209.369,215.145,5.776,50.126,215.145,1,1
296.500,209.112,215.135,6.023,50.126,215.135,1,1
296.600,208.854,215.125,6.270,50.126,215.125,1,1
296.700,208.596,215.114,6.517,50.126,215.114,1,1
296.800,208.338,215.103,6.764,50.126,215.103,1,1
296.900,208.080,215.091,7.011,50.126,215.091,1,1
297.000,207.822,215.079,7.257,50.126,215.079,1,1
297.100,207.563,215.066,7.503,50.126,215.066,1,1
297.200,207.304,215.053,7.749,50.125,215.053,1,1
297.300,207.045,215.040,7.995,50.125,215.040,1,1
297.400,206.786,215.026,8.241,50.125,215.026,1,1
297.500,206.526,215.012,8.486,50.125,215.012,1,1
297.600,206.267,214.998,8.731,50.125,214.998,1,1
297.700,206.007,214.983,8.976,50.125,214.983,1,1
297.800,205.747,214.967,9.220,50.125,214.967,1,1
297.900,205.487,214.952,9.465,50.125,214.952,1,1
298.000,205.226,214.935,9.709,50.124,214.935,1,1
298.100,204.966,214.919,9.953,50.124,214.919,1,1
298.200,204.705,214.902,10.196,50.124,214.902,1,1
298.300,204.445,214.884,10.440,50.124,214.884,1,1
298.400,204.184,214.867,10.683,50.124,214.867,1,1
298.500,203.923,214.848,10.925,50.124,214.848,1,1
298.600,203.662,214.830,11.168,50.124,214.830,1,1
298.700,203.401,214.811,11.410,50.123,214.811,1,1
298.800,203.140,214.791,11.652,50.123,214.791,1,1
298.900,202.878,214.771,11.893,50.123,214.771,1,1
299.000,202.617,214.751,12.134,50.123,214.751,1,1
299.100,202.355,214.731,12.375,50.123,214.731,1,1
299.200,202.094,214.710,12.616,50.123,214.710,1,1
299.300,201.832,214.688,12.856,50.122,214.688,1,1
299.400,201.571,214.666,13.096,50.122,214.666,1,1
299.500,201.309,214.644,13.335,50.122,214.644,1,1
299.600,201.047,214.622,13.574,50.122,214.622,1,1
299.700,200.785,214.598,13.813,50.122,214.598,1,1
299.800,200.524,214.575,14.051,50.121,214.575,1,1
299.900,200.262,214.551,14.289,50.121,214.551,1,1
