Time_s,P_pv_kW,P_smooth_kW,P_comp_kW,SOC_pct,P_grid_kW,data_valid,smoothing_enabled
0.000,200.000,200.000,0.000,25.000,200.000,1,1
0.100,200.000,200.000,0.000,25.000,200.000,1,1
0.200,200.000,200.000,0.000,25.000,200.000,1,1
0.300,200.000,200.000,0.000,25.000,200.000,1,1
0.400,200.000,200.000,0.000,25.000,200.000,1,1
0.500,200.000,200.000,0.000,25.000,200.000,1,1
0.600,200.000,200.000,0.000,25.000,200.000,1,1
0.700,200.000,200.000,0.000,25.000,200.000,1,1
0.800,200.000,200.000,0.000,25.000,200.000,1,1
0.900,200.000,200.000,0.000,25.000,200.000,1,1
1.000,200.000,200.000,0.000,25.000,200.000,1,1
1.100,200.000,200.000,0.000,25.000,200.000,1,1
1.200,200.000,200.000,0.000,25.000,200.000,1,1
1.300,200.000,200.000,0.000,25.000,200.000,1,1
1.400,200.000,200.000,0.000,25.000,200.000,1,1
1.500,200.000,200.000,0.000,25.000,200.000,1,1
1.600,200.000,200.000,0.000,25.000,200.000,1,1
1.700,200.000,200.000,0.000,25.000,200.000,1,1
1.800,200.000,200.000,0.000,25.000,200.000,1,1
1.900,200.000,200.000,0.000,25.000,200.000,1,1
2.000,200.000,200.000,0.000,25.000,200.000,1,1
2.100,200.000,200.000,0.000,25.000,200.000,1,1
2.200,200.000,200.000,0.000,25.000,200.000,1,1
2.300,200.000,200.000,0.000,25.000,200.000,1,1
2.400,200.000,200.000,0.000,25.000,200.000,1,1
2.500,200.000,200.000,0.000,25.000,200.000,1,1
2.600,200.000,200.000,0.000,25.000,200.000,1,1
2.700,200.000,200.000,0.000,25.000,200.000,1,1
2.800,200.000,200.000,0.000,25.000,200.000,1,1
2.900,200.000,200.000,0.000,25.000,200.000,1,1
3.000,200.000,200.000,0.000,25.000,200.000,1,1
3.100,200.000,200.000,0.000,25.000,200.000,1,1
3.200,200.000,200.000,0.000,25.000,200.000,1,1
3.300,200.000,200.000,0.000,25.000,200.000,1,1
3.400,200.000,200.000,0.000,25.000,200.000,1,1
3.500,200.000,200.000,0.000,25.000,200.000,1,1
3.600,200.000,200.000,0.000,25.000,200.000,1,1
3.700,200.000,200.000,0.000,25.000,200.000,1,1
3.800,200.000,200.000,0.000,25.000,200.000,1,1
3.900,200.000,200.000,0.000,25.000,200.000,1,1
4.000,200.000,200.000,0.000,25.000,200.000,1,1
4.100,200.000,200.000,0.000,25.000,200.000,1,1
4.200,200.000,200.000,0.000,25.000,200.000,1,1
4.300,200.000,200.000,0.000,25.000,200.000,1,1
4.400,200.000,200.000,0.000,25.000,200.000,1,1
4.500,200.000,200.000,0.000,25.000,200.000,1,1
4.600,200.000,200.000,0.000,25.000,200.000,1,1
4.700,200.000,200.000,0.000,25.000,200.000,1,1
4.800,200.000,200.000,0.000,25.000,200.000,1,1
4.900,200.000,200.000,0.000,25.000,200.000,1,1
5.000,200.000,200.000,0.000,25.000,200.000,1,1
5.100,200.000,200.000,0.000,25.000,200.000,1,1
5.200,200.000,200.000,0.000,25.000,200.000,1,1
5.300,200.000,200.000,0.000,25.000,200.000,1,1
5.400,200.000,200.000,0.000,25.000,200.000,1,1
5.500,200.000,200.000,0.000,25.000,200.000,1,1
5.600,200.000,200.000,0.000,25.000,200.000,1,1
5.700,200.000,200.000,0.000,25.000,200.000,1,1
5.800,200.000,200.000,0.000,25.000,200.000,1,1
5.900,200.000,200.000,0.000,25.000,200.000,1,1
6.000,200.000,200.000,0.000,25.000,200.000,1,1
6.100,200.000,200.000,0.000,25.000,200.000,1,1
6.200,200.000,200.000,0.000,25.000,200.000,1,1
6.300,200.000,200.000,0.000,25.000,200.000,1,1
6.400,200.000,200.000,0.000,25.000,200.000,1,1
6.500,200.000,200.000,0.000,25.000,200.000,1,1
6.600,200.000,200.000,0.000,25.000,200.000,1,1
6.700,200.000,200.000,0.000,25.000,200.000,1,1
6.800,200.000,200.000,0.000,25.000,200.000,1,1
6.900,200.000,200.000,0.000,25.000,200.000,1,1
7.000,200.000,200.000,0.000,25.000,200.000,1,1
7.100,200.000,200.000,0.000,25.000,200.000,1,1
7.200,200.000,200.000,0.000,25.000,200.000,1,1
7.300,200.000,200.000,0.000,25.000,200.000,1,1
7.400,200.000,200.000,0.000,25.000,200.000,1,1
7.500,200.000,200.000,0.000,25.000,200.000,1,1
7.600,200.000,200.000,0.000,25.000,200.000,1,1
7.700,200.000,200.000,0.000,25.000,200.000,1,1
7.800,200.000,200.000,0.000,25.000,200.000,1,1
7.900,200.000,200.000,0.000,25.000,200.000,1,1
8.000,200.000,200.000,0.000,25.000,200.000,1,1
8.100,200.000,200.000,0.000,25.000,200.000,1,1
8.200,200.000,200.000,0.000,25.000,200.000,1,1
8.300,200.000,200.000,0.000,25.000,200.000,1,1
8.400,200.000,200.000,0.000,25.000,200.000,1,1
8.500,200.000,200.000,0.000,25.000,200.000,1,1
8.600,200.000,200.000,0.000,25.000,200.000,1,1
8.700,200.000,200.000,0.000,25.000,200.000,1,1
8.800,200.000,200.000,0.000,25.000,200.000,1,1
8.900,200.000,200.000,0.000,25.000,200.000,1,1
9.000,200.000,200.000,0.000,25.000,200.000,1,1
9.100,200.000,200.000,0.000,25.000,200.000,1,1
9.200,200.000,200.000,0.000,25.000,200.000,1,1
9.300,200.000,200.000,0.000,25.000,200.000,1,1
9.400,200.000,200.000,0.000,25.000,200.000,1,1
9.500,200.000,200.000,0.000,25.000,200.000,1,1
9.600,200.000,200.000,0.000,25.000,200.000,1,1
9.700,200.000,200.000,0.000,25.000,200.000,1,1
9.800,200.000,200.000,0.000,25.000,200.000,1,1
9.900,200.000,200.000,0.000,25.000,200.000,1,1
10.000,100.000,199.834,99.834,24.972,199.834,1,1
10.100,100.000,199.667,99.667,24.945,199.667,1,1
10.200,100.000,199.502,99.502,24.917,199.502,1,1
10.300,100.000,199.336,99.336,24.889,199.336,1,1
10.400,100.000,199.171,99.171,24.862,199.171,1,1
10.500,100.000,199.006,99.006,24.834,199.006,1,1
10.600,100.000,198.841,98.841,24.807,198.841,1,1
10.700,100.000,198.677,98.677,24.779,198.677,1,1
10.800,100.000,198.512,98.512,24.752,198.512,1,1
10.900,100.000,198.349,98.349,24.725,198.349,1,1
11.000,100.000,198.185,98.185,24.697,198.185,1,1
11.100,100.000,198.021,98.021,24.670,198.021,1,1
11.200,100.000,197.858,97.858,24.643,197.858,1,1
11.300,100.000,197.696,97.696,24.616,197.696,1,1
11.400,100.000,197.533,97.533,24.589,197.533,1,1
11.500,100.000,197.371,97.371,24.562,197.371,1,1
11.600,100.000,197.209,97.209,24.535,197.209,1,1
11.700,100.000,197.047,97.047,24.508,197.047,1,1
11.800,100.000,196.886,96.886,24.481,196.886,1,1
11.900,100.000,196.724,96.724,24.454,196.724,1,1
12.000,100.000,196.563,96.563,24.427,196.563,1,1
12.100,100.000,196.403,96.403,24.400,196.403,1,1
12.200,100.000,196.242,96.242,24.374,196.242,1,1
12.300,100.000,196.082,96.082,24.347,196.082,1,1
12.400,100.000,195.922,95.922,24.320,195.922,1,1
12.500,100.000,195.763,95.763,24.294,195.763,1,1
12.600,100.000,195.603,95.603,24.267,195.603,1,1
12.700,100.000,195.444,95.444,24.241,195.444,1,1
12.800,100.000,195.285,95.285,24.214,195.285,1,1
12.900,100.000,195.127,95.127,24.188,195.127,1,1
13.000,100.000,194.969,94.969,24.161,194.969,1,1
13.100,100.000,194.811,94.811,24.135,194.811,1,1
13.200,100.000,194.653,94.653,24.109,194.653,1,1
13.300,100.000,194.495,94.495,24.083,194.495,1,1
13.400,100.000,194.338,94.338,24.056,194.338,1,1
13.500,100.000,194.181,94.181,24.030,194.181,1,1
13.600,100.000,194.024,94.024,24.004,194.024,1,1
13.700,100.000,193.868,93.868,23.978,193.868,1,1
13.800,100.000,193.712,93.712,23.952,193.712,1,1
13.900,100.000,193.556,93.556,23.926,193.556,1,1
14.000,100.000,193.400,93.400,23.900,193.400,1,1
14.100,100.000,193.245,93.245,23.874,193.245,1,1
14.200,100.000,193.090,93.090,23.848,193.090,1,1
14.300,100.000,192.935,92.935,23.822,192.935,1,1
14.400,100.000,192.780,92.780,23.797,192.780,1,1
14.500,100.000,192.626,92.626,23.771,192.626,1,1
14.600,100.000,192.472,92.472,23.745,192.472,1,1
14.700,100.000,192.318,92.318,23.720,192.318,1,1
14.800,100.000,192.164,92.164,23.694,192.164,1,1
14.900,100.000,192.011,92.011,23.668,192.011,1,1
15.000,100.000,191.858,91.858,23.643,191.858,1,1
15.100,100.000,191.705,91.705,23.617,191.705,1,1
15.200,100.000,191.552,91.552,23.592,191.552,1,1
15.300,100.000,191.400,91.400,23.567,191.400,1,1
15.400,100.000,191.248,91.248,23.541,191.248,1,1
15.500,100.000,191.096,91.096,23.516,191.096,1,1
15.600,100.000,190.944,90.944,23.491,190.944,1,1
15.700,100.000,190.793,90.793,23.466,190.793,1,1
15.800,100.000,190.642,90.642,23.440,190.642,1,1
15.900,100.000,190.491,90.491,23.415,190.491,1,1
16.000,100.000,190.341,90.341,23.390,190.341,1,1
16.100,100.000,190.190,90.190,23.365,190.190,1,1
16.200,100.000,190.040,90.040,23.340,190.040,1,1
16.300,100.000,189.891,89.891,23.315,189.891,1,1
16.400,100.000,189.741,89.741,23.290,189.741,1,1
16.500,100.000,189.592,89.592,23.265,189.592,1,1
16.600,100.000,189.443,89.443,23.240,189.443,1,1
16.700,100.000,189.294,89.294,23.216,189.294,1,1
16.800,100.000,189.145,89.145,23.191,189.145,1,1
16.900,100.000,188.997,88.997,23.166,188.997,1,1
17.000,100.000,188.849,88.849,23.141,188.849,1,1
17.100,100.000,188.701,88.701,23.117,188.701,1,1
17.200,100.000,188.553,88.553,23.092,188.553,1,1
17.300,100.000,188.406,88.406,23.068,188.406,1,1
17.400,100.000,188.259,88.259,23.043,188.259,1,1
17.500,100.000,188.112,88.112,23.019,188.112,1,1
17.600,100.000,187.965,87.965,22.994,187.965,1,1
17.700,100.000,187.819,87.819,22.970,187.819,1,1
17.800,100.000,187.673,87.673,22.945,187.673,1,1
17.900,100.000,187.527,87.527,22.921,187.527,1,1
18.000,100.000,187.381,87.381,22.897,187.381,1,1
18.100,100.000,187.236,87.236,22.873,187.236,1,1
18.200,100.000,187.091,87.091,22.848,187.091,1,1
18.300,100.000,186.946,86.946,22.824,186.946,1,1
18.400,100.000,186.801,86.801,22.800,186.801,1,1
18.500,100.000,186.657,86.657,22.776,186.657,1,1
18.600,100.000,186.513,86.513,22.752,186.513,1,1
18.700,100.000,186.369,86.369,22.728,186.369,1,1
18.800,100.000,186.225,86.225,22.704,186.225,1,1
18.900,100.000,186.082,86.082,22.680,186.082,1,1
19.000,100.000,185.938,85.938,22.656,185.938,1,1
19.100,100.000,185.795,85.795,22.633,185.795,1,1
19.200,100.000,185.653,85.653,22.609,185.653,1,1
19.300,100.000,185.510,85.510,22.585,185.510,1,1
19.400,100.000,185.368,85.368,22.561,185.368,1,1
19.500,100.000,185.226,85.226,22.538,185.226,1,1
19.600,100.000,185.084,85.084,22.514,185.084,1,1
19.700,100.000,184.942,84.942,22.490,184.942,1,1
19.800,100.000,184.801,84.801,22.467,184.801,1,1
19.900,100.000,184.660,84.660,22.443,184.660,1,1
20.000,100.000,184.519,84.519,22.420,184.519,1,1
20.100,100.000,184.378,84.378,22.396,184.378,1,1
20.200,100.000,184.238,84.238,22.373,184.238,1,1
20.300,100.000,184.098,84.098,22.350,184.098,1,1
20.400,100.000,183.958,83.958,22.326,183.958,1,1
20.500,100.000,183.818,83.818,22.303,183.818,1,1
20.600,100.000,183.679,83.679,22.280,183.679,1,1
20.700,100.000,183.540,83.540,22.257,183.540,1,1
20.800,100.000,183.401,83.401,22.233,183.401,1,1
20.900,100.000,183.262,83.262,22.210,183.262,1,1
21.000,100.000,183.123,83.123,22.187,183.123,1,1
21.100,100.000,182.985,82.985,22.164,182.985,1,1
21.200,100.000,182.847,82.847,22.141,182.847,1,1
21.300,100.000,182.709,82.709,22.118,182.709,1,1
21.400,100.000,182.571,82.571,22.095,182.571,1,1
21.500,100.000,182.434,82.434,22.072,182.434,1,1
21.600,100.000,182.297,82.297,22.049,182.297,1,1
21.700,100.000,182.160,82.160,22.027,182.160,1,1
21.800,100.000,182.023,82.023,22.004,182.023,1,1
21.900,100.000,181.887,81.887,21.981,181.887,1,1
22.000,100.000,181.750,81.750,21.958,181.750,1,1
22.100,100.000,181.614,81.614,21.936,181.614,1,1
22.200,100.000,181.479,81.479,21.913,181.479,1,1
22.300,100.000,181.343,81.343,21.891,181.343,1,1
22.400,100.000,181.208,81.208,21.868,181.208,1,1
22.500,100.000,181.073,81.073,21.845,181.073,1,1
22.600,100.000,180.938,80.938,21.823,180.938,1,1
22.700,100.000,180.803,80.803,21.801,180.803,1,1
22.800,100.000,180.669,80.669,21.778,180.669,1,1
22.900,100.000,180.534,80.534,21.756,180.534,1,1
23.000,100.000,180.400,80.400,21.733,180.400,1,1
23.100,100.000,180.267,80.267,21.711,180.267,1,1
23.200,100.000,180.133,80.133,21.689,180.133,1,1
23.300,100.000,180.000,80.000,21.667,180.000,1,1
23.400,100.000,179.867,79.867,21.644,179.867,1,1
23.500,100.000,179.734,79.734,21.622,179.734,1,1
23.600,100.000,179.601,79.601,21.600,179.601,1,1
23.700,100.000,179.469,79.469,21.578,179.469,1,1
23.800,100.000,179.336,79.336,21.556,179.336,1,1
23.900,100.000,179.204,79.204,21.534,179.204,1,1
24.000,100.000,179.073,79.073,21.512,179.073,1,1
24.100,100.000,178.941,78.941,21.490,178.941,1,1
24.200,100.000,178.810,78.810,21.468,178.810,1,1
24.300,100.000,178.679,78.679,21.446,178.679,1,1
24.400,100.000,178.548,78.548,21.425,178.548,1,1
24.500,100.000,178.417,78.417,21.403,178.417,1,1
24.600,100.000,178.286,78.286,21.381,178.286,1,1
24.700,100.000,178.156,78.156,21.359,178.156,1,1
24.800,100.000,178.026,78.026,21.338,178.026,1,1
24.900,100.000,177.896,77.896,21.316,177.896,1,1
25.000,100.000,177.767,77.767,21.294,177.767,1,1
25.100,100.000,177.637,77.637,21.273,177.637,1,1
25.200,100.000,177.508,77.508,21.251,177.508,1,1
25.300,100.000,177.379,77.379,21.230,177.379,1,1
25.400,100.000,177.250,77.250,21.208,177.250,1,1
25.500,100.000,177.122,77.122,21.187,177.122,1,1
25.600,100.000,176.994,76.994,21.166,176.994,1,1
25.700,100.000,176.865,76.865,21.144,176.865,1,1
25.800,100.000,176.738,76.738,21.123,176.738,1,1
25.900,100.000,176.610,76.610,21.102,176.610,1,1
26.000,100.000,176.482,76.482,21.080,176.482,1,1
26.100,100.000,176.355,76.355,21.059,176.355,1,1
26.200,100.000,176.228,76.228,21.038,176.228,1,1
26.300,100.000,176.101,76.101,21.017,176.101,1,1
26.400,100.000,175.975,75.975,20.996,175.975,1,1
26.500,100.000,175.848,75.848,20.975,175.848,1,1
26.600,100.000,175.722,75.722,20.954,175.722,1,1
26.700,100.000,175.596,75.596,20.933,175.596,1,1
26.800,100.000,175.470,75.470,20.912,175.470,1,1
26.900,100.000,175.345,75.345,20.891,175.345,1,1
27.000,100.000,175.219,75.219,20.870,175.219,1,1
27.100,100.000,175.094,75.094,20.849,175.094,1,1
27.200,100.000,174.969,74.969,20.828,174.969,1,1
27.300,100.000,174.844,74.844,20.807,174.844,1,1
27.400,100.000,174.720,74.720,20.787,174.720,1,1
27.500,100.000,174.596,74.596,20.766,174.596,1,1
27.600,100.000,174.471,74.471,20.745,174.471,1,1
27.700,100.000,174.348,74.348,20.725,174.348,1,1
27.800,100.000,174.224,74.224,20.704,174.224,1,1
27.900,100.000,174.100,74.100,20.683,174.100,1,1
28.000,100.000,173.977,73.977,20.663,173.977,1,1
28.100,100.000,173.854,73.854,20.642,173.854,1,1
28.200,100.000,173.731,73.731,20.622,173.731,1,1
28.300,100.000,173.608,73.608,20.601,173.608,1,1
28.400,100.000,173.486,73.486,20.581,173.486,1,1
28.500,100.000,173.364,73.364,20.561,173.364,1,1
28.600,100.000,173.242,73.242,20.540,173.242,1,1
28.700,100.000,173.120,73.120,20.520,173.120,1,1
28.800,100.000,172.998,72.998,20.500,172.998,1,1
28.900,100.000,172.877,72.877,20.479,172.877,1,1
29.000,100.000,172.755,72.755,20.459,172.755,1,1
29.100,100.000,172.634,72.634,20.439,172.634,1,1
29.200,100.000,172.513,72.513,20.419,172.513,1,1
29.300,100.000,172.393,72.393,20.399,172.393,1,1
29.400,100.000,172.272,72.272,20.379,172.272,1,1
29.500,100.000,172.152,72.152,20.359,172.152,1,1
29.600,100.000,172.032,72.032,20.339,172.032,1,1
29.700,100.000,171.912,71.912,20.319,171.912,1,1
29.800,100.000,171.792,71.792,20.299,171.792,1,1
29.900,100.000,171.673,71.673,20.279,171.673,1,1
30.000,100.000,171.554,71.554,20.259,171.554,1,1
30.100,100.000,171.435,71.435,20.239,171.435,1,1
30.200,100.000,171.316,71.316,20.219,171.316,1,1
30.300,100.000,171.197,71.197,20.200,171.197,1,1
30.400,100.000,171.079,71.079,20.180,171.079,1,1
30.500,100.000,170.960,70.960,20.160,170.960,1,1
30.600,100.000,170.842,70.842,20.140,170.842,1,1
30.700,100.000,170.725,70.725,20.121,170.725,1,1
30.800,100.000,170.607,70.607,20.101,170.607,1,1
30.900,100.000,170.489,70.489,20.082,170.489,1,1
31.000,100.000,170.372,70.372,20.062,170.372,1,1
31.100,100.000,170.255,70.255,20.042,170.255,1,1
31.200,100.000,170.138,70.138,20.023,170.138,1,1
31.300,100.000,170.021,70.021,20.004,170.021,1,1
31.400,100.000,169.905,69.905,19.984,169.905,1,1
31.500,100.000,169.789,69.678,19.965,169.678,1,1
31.600,100.000,169.672,69.427,19.946,169.427,1,1
31.700,100.000,169.556,69.177,19.926,169.177,1,1
31.800,100.000,169.441,68.929,19.907,168.929,1,1
31.900,100.000,169.325,68.681,19.888,168.681,1,1
32.000,100.000,169.210,68.435,19.869,168.435,1,1
32.100,100.000,169.095,68.190,19.850,168.190,1,1
32.200,100.000,168.980,67.946,19.831,167.946,1,1
32.300,100.000,168.865,67.703,19.812,167.703,1,1
32.400,100.000,168.750,67.461,19.794,167.461,1,1
32.500,100.000,168.636,67.220,19.775,167.220,1,1
32.600,100.000,168.522,66.980,19.756,166.980,1,1
32.700,100.000,168.408,66.741,19.738,166.741,1,1
32.800,100.000,168.294,66.504,19.719,166.504,1,1
32.900,100.000,168.180,66.267,19.701,166.267,1,1
33.000,100.000,168.067,66.032,19.683,166.032,1,1
33.100,100.000,167.954,65.797,19.664,165.797,1,1
33.200,100.000,167.841,65.564,19.646,165.564,1,1
33.300,100.000,167.728,65.331,19.628,165.331,1,1
33.400,100.000,167.615,65.100,19.610,165.100,1,1
33.500,100.000,167.502,64.869,19.592,164.869,1,1
33.600,100.000,167.390,64.640,19.574,164.640,1,1
33.700,100.000,167.278,64.412,19.556,164.412,1,1
33.800,100.000,167.166,64.184,19.538,164.184,1,1
33.900,100.000,167.054,63.958,19.520,163.958,1,1
34.000,100.000,166.943,63.733,19.503,163.733,1,1
34.100,100.000,166.831,63.508,19.485,163.508,1,1
34.200,100.000,166.720,63.285,19.468,163.285,1,1
34.300,100.000,166.609,63.063,19.450,163.063,1,1
34.400,100.000,166.498,62.841,19.433,162.841,1,1
34.500,100.000,166.388,62.621,19.415,162.621,1,1
34.600,100.000,166.277,62.401,19.398,162.401,1,1
34.700,100.000,166.167,62.183,19.381,162.183,1,1
34.800,100.000,166.057,61.965,19.363,161.965,1,1
34.900,100.000,165.947,61.748,19.346,161.748,1,1
35.000,100.000,165.837,61.533,19.329,161.533,1,1
35.100,100.000,165.728,61.318,19.312,161.318,1,1
35.200,100.000,165.618,61.104,19.295,161.104,1,1
35.300,100.000,165.509,60.891,19.278,160.891,1,1
35.400,100.000,165.400,60.679,19.261,160.679,1,1
35.500,100.000,165.291,60.468,19.245,160.468,1,1
35.600,100.000,165.183,60.258,19.228,160.258,1,1
35.700,100.000,165.074,60.049,19.211,160.049,1,1
35.800,100.000,164.966,59.841,19.194,159.841,1,1
35.900,100.000,164.858,59.634,19.178,159.634,1,1
36.000,100.000,164.750,59.427,19.161,159.427,1,1
36.100,100.000,164.642,59.221,19.145,159.221,1,1
36.200,100.000,164.535,59.017,19.129,159.017,1,1
36.300,100.000,164.427,58.813,19.112,158.813,1,1
36.400,100.000,164.320,58.610,19.096,158.610,1,1
36.500,100.000,164.213,58.408,19.080,158.408,1,1
36.600,100.000,164.106,58.207,19.064,158.207,1,1
36.700,100.000,164.000,58.006,19.047,158.006,1,1
36.800,100.000,163.893,57.807,19.031,157.807,1,1
36.900,100.000,163.787,57.608,19.015,157.608,1,1
37.000,100.000,163.681,57.411,18.999,157.411,1,1
37.100,100.000,163.575,57.214,18.984,157.214,1,1
37.200,100.000,163.469,57.018,18.968,157.018,1,1
37.300,100.000,163.363,56.822,18.952,156.822,1,1
37.400,100.000,163.258,56.628,18.936,156.628,1,1
37.500,100.000,163.153,56.434,18.921,156.434,1,1
37.600,100.000,163.047,56.242,18.905,156.242,1,1
37.700,100.000,162.943,56.050,18.889,156.050,1,1
37.800,100.000,162.838,55.859,18.874,155.859,1,1
37.900,100.000,162.733,55.668,18.858,155.668,1,1
38.000,100.000,162.629,55.479,18.843,155.479,1,1
38.100,100.000,162.525,55.290,18.828,155.290,1,1
38.200,100.000,162.421,55.102,18.812,155.102,1,1
38.300,100.000,162.317,54.915,18.797,154.915,1,1
38.400,100.000,162.213,54.729,18.782,154.729,1,1
38.500,100.000,162.110,54.544,18.767,154.544,1,1
38.600,100.000,162.006,54.359,18.752,154.359,1,1
38.700,100.000,161.903,54.175,18.737,154.175,1,1
38.800,100.000,161.800,53.992,18.722,153.992,1,1
38.900,100.000,161.697,53.809,18.707,153.809,1,1
39.000,100.000,161.595,53.628,18.692,153.628,1,1
39.100,100.000,161.492,53.447,18.677,153.447,1,1
39.200,100.000,161.390,53.267,18.662,153.267,1,1
39.300,100.000,161.288,53.088,18.647,153.088,1,1
39.400,100.000,161.186,52.909,18.633,152.909,1,1
39.500,100.000,161.084,52.731,18.618,152.731,1,1
39.600,100.000,160.982,52.554,18.603,152.554,1,1
39.700,100.000,160.881,52.378,18.589,152.378,1,1
39.800,100.000,160.779,52.202,18.574,152.202,1,1
39.900,100.000,160.678,52.027,18.560,152.027,1,1
40.000,100.000,160.577,51.853,18.545,151.853,1,1
40.100,100.000,160.477,51.680,18.531,151.680,1,1
40.200,100.000,160.376,51.507,18.517,151.507,1,1
40.300,100.000,160.275,51.335,18.503,151.335,1,1
40.400,100.000,160.175,51.164,18.488,151.164,1,1
40.500,100.000,160.075,50.994,18.474,150.994,1,1
40.600,100.000,159.975,50.824,18.460,150.824,1,1
40.700,100.000,159.875,50.655,18.446,150.655,1,1
40.800,100.000,159.776,50.486,18.432,150.486,1,1
40.900,100.000,159.676,50.319,18.418,150.319,1,1
41.000,100.000,159.577,50.152,18.404,150.152,1,1
41.100,100.000,159.478,49.985,18.390,149.985,1,1
41.200,100.000,159.379,49.820,18.376,149.820,1,1
41.300,100.000,159.280,49.655,18.363,149.655,1,1
41.400,100.000,159.181,49.491,18.349,149.491,1,1
41.500,100.000,159.083,49.327,18.335,149.327,1,1
41.600,100.000,158.985,49.164,18.321,149.164,1,1
41.700,100.000,158.886,49.002,18.308,149.002,1,1
41.800,100.000,158.788,48.840,18.294,148.840,1,1
41.900,100.000,158.691,48.679,18.281,148.679,1,1
42.000,100.000,158.593,48.519,18.267,148.519,1,1
42.100,100.000,158.496,48.360,18.254,148.360,1,1
42.200,100.000,158.398,48.201,18.240,148.201,1,1
42.300,100.000,158.301,48.042,18.227,148.042,1,1
42.400,100.000,158.204,47.885,18.214,147.885,1,1
42.500,100.000,158.107,47.728,18.201,147.728,1,1
42.600,100.000,158.010,47.572,18.187,147.572,1,1
42.700,100.000,157.914,47.416,18.174,147.416,1,1
42.800,100.000,157.818,47.261,18.161,147.261,1,1
42.900,100.000,157.721,47.106,18.148,147.106,1,1
43.000,100.000,157.625,46.953,18.135,146.953,1,1
43.100,100.000,157.529,46.799,18.122,146.799,1,1
43.200,100.000,157.434,46.647,18.109,146.647,1,1
43.300,100.000,157.338,46.495,18.096,146.495,1,1
43.400,100.000,157.243,46.344,18.083,146.344,1,1
43.500,100.000,157.148,46.193,18.070,146.193,1,1
43.600,100.000,157.052,46.043,18.057,146.043,1,1
43.700,100.000,156.958,45.893,18.045,145.893,1,1
43.800,100.000,156.863,45.745,18.032,145.745,1,1
43.900,100.000,156.768,45.596,18.019,145.596,1,1
44.000,100.000,156.674,45.449,18.007,145.449,1,1
44.100,100.000,156.579,45.302,17.994,145.302,1,1
44.200,100.000,156.485,45.155,17.982,145.155,1,1
44.300,100.000,156.391,45.009,17.969,145.009,1,1
44.400,100.000,156.297,44.864,17.957,144.864,1,1
44.500,100.000,156.204,44.719,17.944,144.719,1,1
44.600,100.000,156.110,44.575,17.932,144.575,1,1
44.700,100.000,156.017,44.432,17.920,144.432,1,1
44.800,100.000,155.924,44.289,17.907,144.289,1,1
44.900,100.000,155.831,44.146,17.895,144.146,1,1
45.000,100.000,155.738,44.005,17.883,144.005,1,1
45.100,100.000,155.645,43.863,17.871,143.863,1,1
45.200,100.000,155.552,43.723,17.858,143.723,1,1
45.300,100.000,155.460,43.583,17.846,143.583,1,1
45.400,100.000,155.368,43.443,17.834,143.443,1,1
45.500,100.000,155.276,43.304,17.822,143.304,1,1
45.600,100.000,155.184,43.166,17.810,143.166,1,1
45.700,100.000,155.092,43.028,17.798,143.028,1,1
45.800,100.000,155.000,42.890,17.786,142.890,1,1
45.900,100.000,154.909,42.754,17.774,142.754,1,1
46.000,100.000,154.817,42.617,17.763,142.617,1,1
46.100,100.000,154.726,42.482,17.751,142.482,1,1
46.200,100.000,154.635,42.347,17.739,142.347,1,1
46.300,100.000,154.544,42.212,17.727,142.212,1,1
46.400,100.000,154.453,42.078,17.716,142.078,1,1
46.500,100.000,154.363,41.944,17.704,141.944,1,1
46.600,100.000,154.272,41.811,17.692,141.811,1,1
46.700,100.000,154.182,41.679,17.681,141.679,1,1
46.800,100.000,154.092,41.547,17.669,141.547,1,1
46.900,100.000,154.002,41.415,17.658,141.415,1,1
47.000,100.000,153.912,41.284,17.646,141.284,1,1
47.100,100.000,153.822,41.154,17.635,141.154,1,1
47.200,100.000,153.733,41.024,17.623,141.024,1,1
47.300,100.000,153.643,40.895,17.612,140.895,1,1
47.400,100.000,153.554,40.766,17.601,140.766,1,1
47.500,100.000,153.465,40.637,17.589,140.637,1,1
47.600,100.000,153.376,40.510,17.578,140.510,1,1
47.700,100.000,153.287,40.382,17.567,140.382,1,1
47.800,100.000,153.198,40.255,17.556,140.255,1,1
47.900,100.000,153.110,40.129,17.545,140.129,1,1
48.000,100.000,153.022,40.003,17.534,140.003,1,1
48.100,100.000,152.933,39.878,17.522,139.878,1,1
48.200,100.000,152.845,39.753,17.511,139.753,1,1
48.300,100.000,152.757,39.628,17.500,139.628,1,1
48.400,100.000,152.670,39.505,17.489,139.505,1,1
48.500,100.000,152.582,39.381,17.479,139.381,1,1
48.600,100.000,152.494,39.258,17.468,139.258,1,1
48.700,100.000,152.407,39.136,17.457,139.136,1,1
48.800,100.000,152.320,39.014,17.446,139.014,1,1
48.900,100.000,152.233,38.892,17.435,138.892,1,1
49.000,100.000,152.146,38.771,17.424,138.771,1,1
49.100,100.000,152.059,38.651,17.414,138.651,1,1
49.200,100.000,151.973,38.530,17.403,138.530,1,1
49.300,100.000,151.886,38.411,17.392,138.411,1,1
49.400,100.000,151.800,38.292,17.382,138.292,1,1
49.500,100.000,151.714,38.173,17.371,138.173,1,1
49.600,100.000,151.627,38.055,17.360,138.055,1,1
49.700,100.000,151.542,37.937,17.350,137.937,1,1
49.800,100.000,151.456,37.819,17.339,137.819,1,1
49.900,100.000,151.370,37.703,17.329,137.703,1,1
50.000,100.000,151.285,37.586,17.318,137.586,1,1
50.100,100.000,151.199,37.470,17.308,137.470,1,1
50.200,100.000,151.114,37.355,17.298,137.355,1,1
50.300,100.000,151.029,37.239,17.287,137.239,1,1
50.400,100.000,150.944,37.125,17.277,137.125,1,1
50.500,100.000,150.859,37.011,17.267,137.011,1,1
50.600,100.000,150.775,36.897,17.257,136.897,1,1
50.700,100.000,150.690,36.783,17.246,136.783,1,1
50.800,100.000,150.606,36.671,17.236,136.671,1,1
50.900,100.000,150.522,36.558,17.226,136.558,1,1
51.000,100.000,150.438,36.446,17.216,136.446,1,1
51.100,100.000,150.354,36.334,17.206,136.334,1,1
51.200,100.000,150.270,36.223,17.196,136.223,1,1
51.300,100.000,150.186,36.112,17.186,136.112,1,1
51.400,100.000,150.103,36.002,17.176,136.002,1,1
51.500,100.000,150.020,35.892,17.166,135.892,1,1
51.600,100.000,149.936,35.783,17.156,135.783,1,1
51.700,100.000,149.853,35.674,17.146,135.674,1,1
51.800,100.000,149.770,35.565,17.136,135.565,1,1
51.900,100.000,149.687,35.457,17.126,135.457,1,1
52.000,100.000,149.605,35.349,17.116,135.349,1,1
52.100,100.000,149.522,35.241,17.106,135.241,1,1
52.200,100.000,149.440,35.134,17.097,135.134,1,1
52.300,100.000,149.358,35.028,17.087,135.028,1,1
52.400,100.000,149.275,34.921,17.077,134.921,1,1
52.500,100.000,149.193,34.816,17.068,134.816,1,1
52.600,100.000,149.112,34.710,17.058,134.710,1,1
52.700,100.000,149.030,34.605,17.048,134.605,1,1
52.800,100.000,148.948,34.501,17.039,134.501,1,1
52.900,100.000,148.867,34.396,17.029,134.396,1,1
53.000,100.000,148.786,34.292,17.020,134.292,1,1
53.100,100.000,148.704,34.189,17.010,134.189,1,1
53.200,100.000,148.623,34.086,17.001,134.086,1,1
53.300,100.000,148.542,33.983,16.991,133.983,1,1
53.400,100.000,148.462,33.881,16.982,133.881,1,1
53.500,100.000,148.381,33.779,16.972,133.779,1,1
53.600,100.000,148.301,33.678,16.963,133.678,1,1
53.700,100.000,148.220,33.576,16.954,133.576,1,1
53.800,100.000,148.140,33.476,16.945,133.476,1,1
53.900,100.000,148.060,33.375,16.935,133.375,1,1
54.000,100.000,147.980,33.275,16.926,133.275,1,1
54.100,100.000,147.900,33.176,16.917,133.176,1,1
54.200,100.000,147.820,33.076,16.908,133.076,1,1
54.300,100.000,147.741,32.977,16.898,132.977,1,1
54.400,100.000,147.661,32.879,16.889,132.879,1,1
54.500,100.000,147.582,32.781,16.880,132.781,1,1
54.600,100.000,147.503,32.683,16.871,132.683,1,1
54.700,100.000,147.424,32.585,16.862,132.585,1,1
54.800,100.000,147.345,32.488,16.853,132.488,1,1
54.900,100.000,147.266,32.392,16.844,132.392,1,1
55.000,100.000,147.188,32.295,16.835,132.295,1,1
55.100,100.000,147.109,32.199,16.826,132.199,1,1
55.200,100.000,147.031,32.104,16.817,132.104,1,1
55.300,100.000,146.952,32.008,16.808,132.008,1,1
55.400,100.000,146.874,31.913,16.799,131.913,1,1
55.500,100.000,146.796,31.819,16.791,131.819,1,1
55.600,100.000,146.718,31.725,16.782,131.725,1,1
55.700,100.000,146.641,31.631,16.773,131.631,1,1
55.800,100.000,146.563,31.537,16.764,131.537,1,1
55.900,100.000,146.486,31.444,16.756,131.444,1,1
56.000,100.000,146.408,31.351,16.747,131.351,1,1
56.100,100.000,146.331,31.259,16.738,131.259,1,1
56.200,100.000,146.254,31.167,16.729,131.167,1,1
56.300,100.000,146.177,31.075,16.721,131.075,1,1
56.400,100.000,146.100,30.983,16.712,130.983,1,1
56.500,100.000,146.023,30.892,16.704,130.892,1,1
56.600,100.000,145.947,30.801,16.695,130.801,1,1
56.700,100.000,145.870,30.711,16.687,130.711,1,1
56.800,100.000,145.794,30.621,16.678,130.621,1,1
56.900,100.000,145.718,30.531,16.670,130.531,1,1
57.000,100.000,145.642,30.441,16.661,130.441,1,1
57.100,100.000,145.566,30.352,16.653,130.352,1,1
57.200,100.000,145.490,30.263,16.644,130.263,1,1
57.300,100.000,145.414,30.175,16.636,130.175,1,1
57.400,100.000,145.339,30.086,16.628,130.086,1,1
57.500,100.000,145.263,29.999,16.619,129.999,1,1
57.600,100.000,145.188,29.911,16.611,129.911,1,1
57.700,100.000,145.113,29.824,16.603,129.824,1,1
57.800,100.000,145.038,29.737,16.594,129.737,1,1
57.900,100.000,144.963,29.650,16.586,129.650,1,1
58.000,100.000,144.888,29.564,16.578,129.564,1,1
58.100,100.000,144.813,29.478,16.570,129.478,1,1
58.200,100.000,144.739,29.392,16.562,129.392,1,1
58.300,100.000,144.664,29.307,16.553,129.307,1,1
58.400,100.000,144.590,29.222,16.545,129.222,1,1
58.500,100.000,144.516,29.137,16.537,129.137,1,1
58.600,100.000,144.442,29.053,16.529,129.053,1,1
58.700,100.000,144.368,28.968,16.521,128.968,1,1
58.800,100.000,144.294,28.885,16.513,128.885,1,1
58.900,100.000,144.220,28.801,16.505,128.801,1,1
59.000,100.000,144.147,28.718,16.497,128.718,1,1
59.100,100.000,144.073,28.635,16.489,128.635,1,1
59.200,100.000,144.000,28.552,16.481,128.552,1,1
59.300,100.000,143.927,28.470,16.473,128.470,1,1
59.400,100.000,143.854,28.388,16.465,128.388,1,1
59.500,100.000,143.781,28.306,16.458,128.306,1,1
59.600,100.000,143.708,28.225,16.450,128.225,1,1
59.700,100.000,143.635,28.143,16.442,128.143,1,1
59.800,100.000,143.562,28.062,16.434,128.062,1,1
59.900,100.000,143.490,27.982,16.426,127.982,1,1
60.000,100.000,143.418,27.902,16.419,127.902,1,1
60.100,100.000,143.345,27.822,16.411,127.822,1,1
60.200,100.000,143.273,27.742,16.403,127.742,1,1
60.300,100.000,143.201,27.662,16.395,127.662,1,1
60.400,100.000,143.129,27.583,16.388,127.583,1,1
60.500,100.000,143.058,27.504,16.380,127.504,1,1
60.600,100.000,142.986,27.426,16.373,127.426,1,1
60.700,100.000,142.914,27.347,16.365,127.347,1,1
60.800,100.000,142.843,27.269,16.357,127.269,1,1
60.900,100.000,142.772,27.192,16.350,127.192,1,1
61.000,100.000,142.701,27.114,16.342,127.114,1,1
61.100,100.000,142.630,27.037,16.335,127.037,1,1
61.200,100.000,142.559,26.960,16.327,126.960,1,1
61.300,100.000,142.488,26.883,16.320,126.883,1,1
61.400,100.000,142.417,26.807,16.312,126.807,1,1
61.500,100.000,142.347,26.731,16.305,126.731,1,1
61.600,100.000,142.276,26.655,16.298,126.655,1,1
61.700,100.000,142.206,26.579,16.290,126.579,1,1
61.800,100.000,142.135,26.504,16.283,126.504,1,1
61.900,100.000,142.065,26.429,16.275,126.429,1,1
62.000,100.000,141.995,26.354,16.268,126.354,1,1
62.100,100.000,141.926,26.279,16.261,126.279,1,1
62.200,100.000,141.856,26.205,16.254,126.205,1,1
62.300,100.000,141.786,26.131,16.246,126.131,1,1
62.400,100.000,141.717,26.057,16.239,126.057,1,1
62.500,100.000,141.647,25.984,16.232,125.984,1,1
62.600,100.000,141.578,25.911,16.225,125.911,1,1
62.700,100.000,141.509,25.838,16.217,125.838,1,1
62.800,100.000,141.440,25.765,16.210,125.765,1,1
62.900,100.000,141.371,25.692,16.203,125.692,1,1
63.000,100.000,141.302,25.620,16.196,125.620,1,1
63.100,100.000,141.233,25.548,16.189,125.548,1,1
63.200,100.000,141.165,25.477,16.182,125.477,1,1
63.300,100.000,141.096,25.405,16.175,125.405,1,1
63.400,100.000,141.028,25.334,16.168,125.334,1,1
63.500,100.000,140.959,25.263,16.161,125.263,1,1
63.600,100.000,140.891,25.192,16.154,125.192,1,1
63.700,100.000,140.823,25.122,16.147,125.122,1,1
63.800,100.000,140.755,25.051,16.140,125.051,1,1
63.900,100.000,140.687,24.981,16.133,124.981,1,1
64.000,100.000,140.620,24.912,16.126,124.912,1,1
64.100,100.000,140.552,24.842,16.119,124.842,1,1
64.200,100.000,140.485,24.773,16.112,124.773,1,1
64.300,100.000,140.417,24.704,16.105,124.704,1,1
64.400,100.000,140.350,24.635,16.098,124.635,1,1
64.500,100.000,140.283,24.566,16.092,124.566,1,1
64.600,100.000,140.216,24.498,16.085,124.498,1,1
64.700,100.000,140.149,24.430,16.078,124.430,1,1
64.800,100.000,140.082,24.362,16.071,124.362,1,1
64.900,100.000,140.015,24.295,16.065,124.295,1,1
65.000,100.000,139.949,24.227,16.058,124.227,1,1
65.100,100.000,139.882,24.160,16.051,124.160,1,1
65.200,100.000,139.816,24.093,16.044,124.093,1,1
65.300,100.000,139.750,24.026,16.038,124.026,1,1
65.400,100.000,139.684,23.960,16.031,123.960,1,1
65.500,100.000,139.618,23.894,16.024,123.894,1,1
65.600,100.000,139.552,23.828,16.018,123.828,1,1
65.700,100.000,139.486,23.762,16.011,123.762,1,1
65.800,100.000,139.420,23.696,16.005,123.696,1,1
65.900,100.000,139.355,23.631,15.998,123.631,1,1
66.000,100.000,139.289,23.566,15.992,123.566,1,1
66.100,100.000,139.224,23.501,15.985,123.501,1,1
66.200,100.000,139.159,23.436,15.979,123.436,1,1
66.300,100.000,139.093,23.372,15.972,123.372,1,1
66.400,100.000,139.028,23.308,15.966,123.308,1,1
66.500,100.000,138.963,23.244,15.959,123.244,1,1
66.600,100.000,138.899,23.180,15.953,123.180,1,1
66.700,100.000,138.834,23.116,15.946,123.116,1,1
66.800,100.000,138.769,23.053,15.940,123.053,1,1
66.900,100.000,138.705,22.990,15.933,122.990,1,1
67.000,100.000,138.640,22.927,15.927,122.927,1,1
67.100,100.000,138.576,22.864,15.921,122.864,1,1
67.200,100.000,138.512,22.802,15.914,122.802,1,1
67.300,100.000,138.448,22.739,15.908,122.739,1,1
67.400,100.000,138.384,22.677,15.902,122.677,1,1
67.500,100.000,138.320,22.616,15.895,122.616,1,1
67.600,100.000,138.256,22.554,15.889,122.554,1,1
67.700,100.000,138.192,22.492,15.883,122.492,1,1
67.800,100.000,138.129,22.431,15.877,122.431,1,1
67.900,100.000,138.065,22.370,15.871,122.370,1,1
68.000,100.000,138.002,22.309,15.864,122.309,1,1
68.100,100.000,137.939,22.249,15.858,122.249,1,1
68.200,100.000,137.876,22.188,15.852,122.188,1,1
68.300,100.000,137.813,22.128,15.846,122.128,1,1
68.400,100.000,137.750,22.068,15.840,122.068,1,1
68.500,100.000,137.687,22.008,15.834,122.008,1,1
68.600,100.000,137.624,21.949,15.827,121.949,1,1
68.700,100.000,137.562,21.889,15.821,121.889,1,1
68.800,100.000,137.499,21.830,15.815,121.830,1,1
68.900,100.000,137.437,21.771,15.809,121.771,1,1
69.000,100.000,137.375,21.712,15.803,121.712,1,1
69.100,100.000,137.312,21.653,15.797,121.653,1,1
69.200,100.000,137.250,21.595,15.791,121.595,1,1
69.300,100.000,137.188,21.537,15.785,121.537,1,1
69.400,100.000,137.126,21.479,15.779,121.479,1,1
69.500,100.000,137.065,21.421,15.773,121.421,1,1
69.600,100.000,137.003,21.363,15.767,121.363,1,1
69.700,100.000,136.941,21.306,15.762,121.306,1,1
69.800,100.000,136.880,21.248,15.756,121.248,1,1
69.900,100.000,136.819,21.191,15.750,121.191,1,1
70.000,100.000,136.757,21.134,15.744,121.134,1,1
70.100,100.000,136.696,21.078,15.738,121.078,1,1
70.200,100.000,136.635,21.021,15.732,121.021,1,1
70.300,100.000,136.574,20.965,15.726,120.965,1,1
70.400,100.000,136.513,20.909,15.721,120.909,1,1
70.500,100.000,136.453,20.853,15.715,120.853,1,1
70.600,100.000,136.392,20.797,15.709,120.797,1,1
70.700,100.000,136.331,20.741,15.703,120.741,1,1
70.800,100.000,136.271,20.686,15.697,120.686,1,1
70.900,100.000,136.211,20.631,15.692,120.631,1,1
71.000,100.000,136.150,20.576,15.686,120.576,1,1
71.100,100.000,136.090,20.521,15.680,120.521,1,1
71.200,100.000,136.030,20.466,15.675,120.466,1,1
71.300,100.000,135.970,20.412,15.669,120.412,1,1
71.400,100.000,135.910,20.357,15.663,120.357,1,1
71.500,100.000,135.851,20.303,15.658,120.303,1,1
71.600,100.000,135.791,20.249,15.652,120.249,1,1
71.700,100.000,135.731,20.195,15.646,120.195,1,1
71.800,100.000,135.672,20.142,15.641,120.142,1,1
71.900,100.000,135.613,20.088,15.635,120.088,1,1
72.000,100.000,135.553,20.035,15.630,120.035,1,1
72.100,100.000,135.494,19.982,15.624,119.982,1,1
72.200,100.000,135.435,19.929,15.619,119.929,1,1
72.300,100.000,135.376,19.876,15.613,119.876,1,1
72.400,100.000,135.317,19.824,15.608,119.824,1,1
72.500,100.000,135.258,19.771,15.602,119.771,1,1
72.600,100.000,135.200,19.719,15.597,119.719,1,1
72.700,100.000,135.141,19.667,15.591,119.667,1,1
72.800,100.000,135.083,19.615,15.586,119.615,1,1
72.900,100.000,135.024,19.563,15.580,119.563,1,1
73.000,100.000,134.966,19.512,15.575,119.512,1,1
73.100,100.000,134.908,19.461,15.569,119.461,1,1
73.200,100.000,134.850,19.409,15.564,119.409,1,1
73.300,100.000,134.792,19.358,15.559,119.358,1,1
73.400,100.000,134.734,19.307,15.553,119.307,1,1
73.500,100.000,134.676,19.257,15.548,119.257,1,1
73.600,100.000,134.618,19.206,15.543,119.206,1,1
73.700,100.000,134.561,19.156,15.537,119.156,1,1
73.800,100.000,134.503,19.105,15.532,119.105,1,1
73.900,100.000,134.446,19.055,15.527,119.055,1,1
74.000,100.000,134.389,19.006,15.521,119.006,1,1
74.100,100.000,134.331,18.956,15.516,118.956,1,1
74.200,100.000,134.274,18.906,15.511,118.906,1,1
74.300,100.000,134.217,18.857,15.506,118.857,1,1
74.400,100.000,134.160,18.807,15.500,118.807,1,1
74.500,100.000,134.103,18.758,15.495,118.758,1,1
74.600,100.000,134.047,18.709,15.490,118.709,1,1
74.700,100.000,133.990,18.661,15.485,118.661,1,1
74.800,100.000,133.934,18.612,15.480,118.612,1,1
74.900,100.000,133.877,18.564,15.475,118.564,1,1
75.000,100.000,133.821,18.515,15.469,118.515,1,1
75.100,100.000,133.764,18.467,15.464,118.467,1,1
75.200,100.000,133.708,18.419,15.459,118.419,1,1
75.300,100.000,133.652,18.371,15.454,118.371,1,1
75.400,100.000,133.596,18.323,15.449,118.323,1,1
75.500,100.000,133.540,18.276,15.444,118.276,1,1
75.600,100.000,133.484,18.228,15.439,118.228,1,1
75.700,100.000,133.429,18.181,15.434,118.181,1,1
75.800,100.000,133.373,18.134,15.429,118.134,1,1
75.900,100.000,133.318,18.087,15.424,118.087,1,1
76.000,100.000,133.262,18.040,15.419,118.040,1,1
76.100,100.000,133.207,17.994,15.414,117.994,1,1
76.200,100.000,133.152,17.947,15.409,117.947,1,1
76.300,100.000,133.096,17.901,15.404,117.901,1,1
76.400,100.000,133.041,17.855,15.399,117.855,1,1
76.500,100.000,132.986,17.809,15.394,117.809,1,1
76.600,100.000,132.931,17.763,15.389,117.763,1,1
76.700,100.000,132.877,17.717,15.384,117.717,1,1
76.800,100.000,132.822,17.671,15.379,117.671,1,1
76.900,100.000,132.767,17.626,15.374,117.626,1,1
77.000,100.000,132.713,17.580,15.369,117.580,1,1
77.100,100.000,132.658,17.535,15.364,117.535,1,1
77.200,100.000,132.604,17.490,15.360,117.490,1,1
77.300,100.000,132.550,17.445,15.355,117.445,1,1
77.400,100.000,132.496,17.400,15.350,117.400,1,1
77.500,100.000,132.442,17.356,15.345,117.356,1,1
77.600,100.000,132.388,17.311,15.340,117.311,1,1
77.700,100.000,132.334,17.267,15.335,117.267,1,1
77.800,100.000,132.280,17.223,15.331,117.223,1,1
77.900,100.000,132.226,17.179,15.326,117.179,1,1
78.000,100.000,132.173,17.135,15.321,117.135,1,1
78.100,100.000,132.119,17.091,15.316,117.091,1,1
78.200,100.000,132.066,17.047,15.312,117.047,1,1
78.300,100.000,132.012,17.004,15.307,117.004,1,1
78.400,100.000,131.959,16.960,15.302,116.960,1,1
78.500,100.000,131.906,16.917,15.297,116.917,1,1
78.600,100.000,131.853,16.874,15.293,116.874,1,1
78.700,100.000,131.800,16.831,15.288,116.831,1,1
78.800,100.000,131.747,16.788,15.283,116.788,1,1
78.900,100.000,131.694,16.745,15.279,116.745,1,1
79.000,100.000,131.641,16.703,15.274,116.703,1,1
79.100,100.000,131.589,16.660,15.270,116.660,1,1
79.200,100.000,131.536,16.618,15.265,116.618,1,1
79.300,100.000,131.484,16.576,15.260,116.576,1,1
79.400,100.000,131.431,16.534,15.256,116.534,1,1
79.500,100.000,131.379,16.492,15.251,116.492,1,1
79.600,100.000,131.327,16.450,15.247,116.450,1,1
79.700,100.000,131.275,16.408,15.242,116.408,1,1
79.800,100.000,131.223,16.367,15.237,116.367,1,1
79.900,100.000,131.171,16.326,15.233,116.326,1,1
80.000,100.000,131.119,16.284,15.228,116.284,1,1
80.100,100.000,131.067,16.243,15.224,116.243,1,1
80.200,100.000,131.015,16.202,15.219,116.202,1,1
80.300,100.000,130.964,16.161,15.215,116.161,1,1
80.400,100.000,130.912,16.120,15.210,116.120,1,1
80.500,100.000,130.861,16.080,15.206,116.080,1,1
80.600,100.000,130.809,16.039,15.202,116.039,1,1
80.700,100.000,130.758,15.999,15.197,115.999,1,1
80.800,100.000,130.707,15.959,15.193,115.959,1,1
80.900,100.000,130.656,15.918,15.188,115.918,1,1
81.000,100.000,130.605,15.878,15.184,115.878,1,1
81.100,100.000,130.554,15.839,15.179,115.839,1,1
81.200,100.000,130.503,15.799,15.175,115.799,1,1
81.300,100.000,130.452,15.759,15.171,115.759,1,1
81.400,100.000,130.402,15.720,15.166,115.720,1,1
81.500,100.000,130.351,15.680,15.162,115.680,1,1
81.600,100.000,130.301,15.641,15.158,115.641,1,1
81.700,100.000,130.250,15.602,15.153,115.602,1,1
81.800,100.000,130.200,15.563,15.149,115.563,1,1
81.900,100.000,130.150,15.524,15.145,115.524,1,1
82.000,100.000,130.099,15.485,15.140,115.485,1,1
82.100,100.000,130.049,15.446,15.136,115.446,1,1
82.200,100.000,129.999,15.408,15.132,115.408,1,1
82.300,100.000,129.949,15.369,15.127,115.369,1,1
82.400,100.000,129.900,15.331,15.123,115.331,1,1
82.500,100.000,129.850,15.293,15.119,115.293,1,1
82.600,100.000,129.800,15.255,15.115,115.255,1,1
82.700,100.000,129.751,15.217,15.110,115.217,1,1
82.800,100.000,129.701,15.179,15.106,115.179,1,1
82.900,100.000,129.652,15.141,15.102,115.141,1,1
83.000,100.000,129.602,15.103,15.098,115.103,1,1
83.100,100.000,129.553,15.066,15.094,115.066,1,1
83.200,100.000,129.504,15.028,15.090,115.028,1,1
83.300,100.000,129.455,14.991,15.085,114.991,1,1
83.400,100.000,129.406,14.954,15.081,114.954,1,1
83.500,100.000,129.357,14.917,15.077,114.917,1,1
83.600,100.000,129.308,14.880,15.073,114.880,1,1
83.700,100.000,129.259,14.843,15.069,114.843,1,1
83.800,100.000,129.211,14.806,15.065,114.806,1,1
83.900,100.000,129.162,14.770,15.061,114.770,1,1
84.000,100.000,129.113,14.733,15.056,114.733,1,1
84.100,100.000,129.065,14.697,15.052,114.697,1,1
84.200,100.000,129.017,14.660,15.048,114.660,1,1
84.300,100.000,128.968,14.624,15.044,114.624,1,1
84.400,100.000,128.920,14.588,15.040,114.588,1,1
84.500,100.000,128.872,14.552,15.036,114.552,1,1
84.600,100.000,128.824,14.516,15.032,114.516,1,1
84.700,100.000,128.776,14.481,15.028,114.481,1,1
84.800,100.000,128.728,14.445,15.024,114.445,1,1
84.900,100.000,128.680,14.409,15.020,114.409,1,1
85.000,100.000,128.633,14.374,15.016,114.374,1,1
85.100,100.000,128.585,14.339,15.012,114.339,1,1
85.200,100.000,128.537,14.303,15.008,114.303,1,1
85.300,100.000,128.490,14.268,15.004,114.268,1,1
85.400,100.000,128.442,14.233,15.000,114.233,1,1
85.500,100.000,128.395,14.198,14.996,114.198,1,1
85.600,100.000,128.348,14.163,14.992,114.163,1,1
85.700,100.000,128.301,14.129,14.988,114.129,1,1
85.800,100.000,128.254,14.094,14.985,114.094,1,1
85.900,100.000,128.207,14.060,14.981,114.060,1,1
86.000,100.000,128.160,14.025,14.977,114.025,1,1
86.100,100.000,128.113,13.991,14.973,113.991,1,1
86.200,100.000,128.066,13.957,14.969,113.957,1,1
86.300,100.000,128.019,13.923,14.965,113.923,1,1
86.400,100.000,127.973,13.889,14.961,113.889,1,1
86.500,100.000,127.926,13.855,14.957,113.855,1,1
86.600,100.000,127.880,13.821,14.954,113.821,1,1
86.700,100.000,127.833,13.787,14.950,113.787,1,1
86.800,100.000,127.787,13.754,14.946,113.754,1,1
86.900,100.000,127.741,13.720,14.942,113.720,1,1
87.000,100.000,127.695,13.687,14.938,113.687,1,1
87.100,100.000,127.649,13.654,14.934,113.654,1,1
87.200,100.000,127.603,13.620,14.931,113.620,1,1
87.300,100.000,127.557,13.587,14.927,113.587,1,1
87.400,100.000,127.511,13.554,14.923,113.554,1,1
87.500,100.000,127.465,13.521,14.919,113.521,1,1
87.600,100.000,127.419,13.489,14.916,113.489,1,1
87.700,100.000,127.374,13.456,14.912,113.456,1,1
87.800,100.000,127.328,13.423,14.908,113.423,1,1
87.900,100.000,127.283,13.391,14.904,113.391,1,1
88.000,100.000,127.237,13.358,14.901,113.358,1,1
88.100,100.000,127.192,13.326,14.897,113.326,1,1
88.200,100.000,127.147,13.294,14.893,113.294,1,1
88.300,100.000,127.102,13.262,14.890,113.262,1,1
88.400,100.000,127.056,13.230,14.886,113.230,1,1
88.500,100.000,127.011,13.198,14.882,113.198,1,1
88.600,100.000,126.967,13.166,14.879,113.166,1,1
88.700,100.000,126.922,13.134,14.875,113.134,1,1
88.800,100.000,126.877,13.103,14.871,113.103,1,1
88.900,100.000,126.832,13.071,14.868,113.071,1,1
89.000,100.000,126.787,13.040,14.864,113.040,1,1
89.100,100.000,126.743,13.008,14.861,113.008,1,1
89.200,100.000,126.698,12.977,14.857,112.977,1,1
89.300,100.000,126.654,12.946,14.853,112.946,1,1
89.400,100.000,126.610,12.915,14.850,112.915,1,1
89.500,100.000,126.565,12.884,14.846,112.884,1,1
89.600,100.000,126.521,12.853,14.843,112.853,1,1
89.700,100.000,126.477,12.822,14.839,112.822,1,1
89.800,100.000,126.433,12.791,14.835,112.791,1,1
89.900,100.000,126.389,12.760,14.832,112.760,1,1
90.000,100.000,126.345,12.730,14.828,112.730,1,1
90.100,100.000,126.301,12.699,14.825,112.699,1,1
90.200,100.000,126.257,12.669,14.821,112.669,1,1
90.300,100.000,126.214,12.639,14.818,112.639,1,1
90.400,100.000,126.170,12.608,14.814,112.608,1,1
90.500,100.000,126.127,12.578,14.811,112.578,1,1
90.600,100.000,126.083,12.548,14.807,112.548,1,1
90.700,100.000,126.040,12.518,14.804,112.518,1,1
90.800,100.000,125.996,12.488,14.800,112.488,1,1
90.900,100.000,125.953,12.459,14.797,112.459,1,1
91.000,100.000,125.910,12.429,14.794,112.429,1,1
91.100,100.000,125.867,12.399,14.790,112.399,1,1
91.200,100.000,125.824,12.370,14.787,112.370,1,1
91.300,100.000,125.781,12.340,14.783,112.340,1,1
91.400,100.000,125.738,12.311,14.780,112.311,1,1
91.500,100.000,125.695,12.282,14.776,112.282,1,1
91.600,100.000,125.652,12.253,14.773,112.253,1,1
91.700,100.000,125.610,12.223,14.770,112.223,1,1
91.800,100.000,125.567,12.194,14.766,112.194,1,1
91.900,100.000,125.525,12.165,14.763,112.165,1,1
92.000,100.000,125.482,12.137,14.759,112.137,1,1
92.100,100.000,125.440,12.108,14.756,112.108,1,1
92.200,100.000,125.397,12.079,14.753,112.079,1,1
92.300,100.000,125.355,12.051,14.749,112.051,1,1
92.400,100.000,125.313,12.022,14.746,112.022,1,1
92.500,100.000,125.271,11.994,14.743,111.994,1,1
92.600,100.000,125.229,11.965,14.739,111.965,1,1
92.700,100.000,125.187,11.937,14.736,111.937,1,1
92.800,100.000,125.145,11.909,14.733,111.909,1,1
92.900,100.000,125.103,11.881,14.729,111.881,1,1
93.000,100.000,125.061,11.853,14.726,111.853,1,1
93.100,100.000,125.020,11.825,14.723,111.825,1,1
93.200,100.000,124.978,11.797,14.720,111.797,1,1
93.300,100.000,124.936,11.769,14.716,111.769,1,1
93.400,100.000,124.895,11.741,14.713,111.741,1,1
93.500,100.000,124.853,11.714,14.710,111.714,1,1
93.600,100.000,124.812,11.686,14.707,111.686,1,1
93.700,100.000,124.771,11.659,14.703,111.659,1,1
93.800,100.000,124.730,11.631,14.700,111.631,1,1
93.900,100.000,124.688,11.604,14.697,111.604,1,1
94.000,100.000,124.647,11.577,14.694,111.577,1,1
94.100,100.000,124.606,11.549,14.690,111.549,1,1
94.200,100.000,124.565,11.522,14.687,111.522,1,1
94.300,100.000,124.525,11.495,14.684,111.495,1,1
94.400,100.000,124.484,11.468,14.681,111.468,1,1
94.500,100.000,124.443,11.441,14.678,111.441,1,1
94.600,100.000,124.402,11.415,14.675,111.415,1,1
94.700,100.000,124.362,11.388,14.671,111.388,1,1
94.800,100.000,124.321,11.361,14.668,111.361,1,1
94.900,100.000,124.281,11.335,14.665,111.335,1,1
95.000,100.000,124.240,11.308,14.662,111.308,1,1
95.100,100.000,124.200,11.282,14.659,111.282,1,1
95.200,100.000,124.160,11.255,14.656,111.255,1,1
95.300,100.000,124.120,11.229,14.653,111.229,1,1
95.400,100.000,124.079,11.203,14.649,111.203,1,1
95.500,100.000,124.039,11.177,14.646,111.177,1,1
95.600,100.000,123.999,11.151,14.643,111.151,1,1
95.700,100.000,123.959,11.125,14.640,111.125,1,1
95.800,100.000,123.920,11.099,14.637,111.099,1,1
95.900,100.000,123.880,11.073,14.634,111.073,1,1
96.000,100.000,123.840,11.047,14.631,111.047,1,1
96.100,100.000,123.800,11.022,14.628,111.022,1,1
96.200,100.000,123.761,10.996,14.625,110.996,1,1
96.300,100.000,123.721,10.971,14.622,110.971,1,1
96.400,100.000,123.682,10.945,14.619,110.945,1,1
96.500,100.000,123.642,10.920,14.616,110.920,1,1
96.600,100.000,123.603,10.894,14.613,110.894,1,1
96.700,100.000,123.564,10.869,14.610,110.869,1,1
96.800,100.000,123.525,10.844,14.607,110.844,1,1
96.900,100.000,123.485,10.819,14.604,110.819,1,1
97.000,100.000,123.446,10.794,14.601,110.794,1,1
97.100,100.000,123.407,10.769,14.598,110.769,1,1
97.200,100.000,123.368,10.744,14.595,110.744,1,1
97.300,100.000,123.329,10.719,14.592,110.719,1,1
97.400,100.000,123.291,10.694,14.589,110.694,1,1
97.500,100.000,123.252,10.670,14.586,110.670,1,1
97.600,100.000,123.213,10.645,14.583,110.645,1,1
97.700,100.000,123.175,10.620,14.580,110.620,1,1
97.800,100.000,123.136,10.596,14.577,110.596,1,1
97.900,100.000,123.097,10.571,14.574,110.571,1,1
98.000,100.000,123.059,10.547,14.571,110.547,1,1
98.100,100.000,123.021,10.523,14.568,110.523,1,1
98.200,100.000,122.982,10.499,14.565,110.499,1,1
98.300,100.000,122.944,10.474,14.562,110.474,1,1
98.400,100.000,122.906,10.450,14.559,110.450,1,1
98.500,100.000,122.868,10.426,14.556,110.426,1,1
98.600,100.000,122.830,10.402,14.554,110.402,1,1
98.700,100.000,122.792,10.378,14.551,110.378,1,1
98.800,100.000,122.754,10.355,14.548,110.355,1,1
98.900,100.000,122.716,10.331,14.545,110.331,1,1
99.000,100.000,122.678,10.307,14.542,110.307,1,1
99.100,100.000,122.641,10.283,14.539,110.283,1,1
99.200,100.000,122.603,10.260,14.536,110.260,1,1
99.300,100.000,122.565,10.236,14.534,110.236,1,1
99.400,100.000,122.528,10.213,14.531,110.213,1,1
99.500,100.000,122.490,10.190,14.528,110.190,1,1
99.600,100.000,122.453,10.166,14.525,110.166,1,1
99.700,100.000,122.415,10.143,14.522,110.143,1,1
99.800,100.000,122.378,10.120,14.519,110.120,1,1
99.900,100.000,122.341,10.097,14.517,110.097,1,1
100.000,100.000,122.304,10.074,14.514,110.074,1,1
100.100,100.000,122.267,10.051,14.511,110.051,1,1
100.200,100.000,122.230,10.028,14.508,110.028,1,1
100.300,100.000,122.193,10.005,14.505,110.005,1,1
100.400,100.000,122.156,9.982,14.503,109.982,1,1
100.500,100.000,122.119,9.959,14.500,109.959,1,1
100.600,100.000,122.082,9.937,14.497,109.937,1,1
100.700,100.000,122.045,9.914,14.494,109.914,1,1
100.800,100.000,122.009,9.891,14.492,109.891,1,1
100.900,100.000,121.972,9.869,14.489,109.869,1,1
101.000,100.000,121.935,9.847,14.486,109.847,1,1
101.100,100.000,121.899,9.824,14.483,109.824,1,1
101.200,100.000,121.862,9.802,14.481,109.802,1,1
101.300,100.000,121.826,9.780,14.478,109.780,1,1
101.400,100.000,121.790,9.757,14.475,109.757,1,1
101.500,100.000,121.753,9.735,14.473,109.735,1,1
101.600,100.000,121.717,9.713,14.470,109.713,1,1
101.700,100.000,121.681,9.691,14.467,109.691,1,1
101.800,100.000,121.645,9.669,14.464,109.669,1,1
101.900,100.000,121.609,9.647,14.462,109.647,1,1
102.000,100.000,121.573,9.626,14.459,109.626,1,1
102.100,100.000,121.537,9.604,14.456,109.604,1,1
102.200,100.000,121.501,9.582,14.454,109.582,1,1
102.300,100.000,121.466,9.560,14.451,109.560,1,1
102.400,100.000,121.430,9.539,14.449,109.539,1,1
102.500,100.000,121.394,9.517,14.446,109.517,1,1
102.600,100.000,121.359,9.496,14.443,109.496,1,1
102.700,100.000,121.323,9.474,14.441,109.474,1,1
102.800,100.000,121.288,9.453,14.438,109.453,1,1
102.900,100.000,121.252,9.432,14.435,109.432,1,1
103.000,100.000,121.217,9.410,14.433,109.410,1,1
103.100,100.000,121.182,9.389,14.430,109.389,1,1
103.200,100.000,121.146,9.368,14.428,109.368,1,1
103.300,100.000,121.111,9.347,14.425,109.347,1,1
103.400,100.000,121.076,9.326,14.422,109.326,1,1
103.500,100.000,121.041,9.305,14.420,109.305,1,1
103.600,100.000,121.006,9.284,14.417,109.284,1,1
103.700,100.000,120.971,9.263,14.415,109.263,1,1
103.800,100.000,120.936,9.242,14.412,109.242,1,1
103.900,100.000,120.901,9.222,14.409,109.222,1,1
104.000,100.000,120.866,9.201,14.407,109.201,1,1
104.100,100.000,120.832,9.180,14.404,109.180,1,1
104.200,100.000,120.797,9.160,14.402,109.160,1,1
104.300,100.000,120.762,9.139,14.399,109.139,1,1
104.400,100.000,120.728,9.119,14.397,109.119,1,1
104.500,100.000,120.693,9.098,14.394,109.098,1,1
104.600,100.000,120.659,9.078,14.392,109.078,1,1
104.700,100.000,120.625,9.058,14.389,109.058,1,1
104.800,100.000,120.590,9.037,14.387,109.037,1,1
104.900,100.000,120.556,9.017,14.384,109.017,1,1
105.000,100.000,120.522,8.997,14.382,108.997,1,1
105.100,100.000,120.488,8.977,14.379,108.977,1,1
105.200,100.000,120.454,8.957,14.377,108.957,1,1
105.300,100.000,120.420,8.937,14.374,108.937,1,1
105.400,100.000,120.386,8.917,14.372,108.917,1,1
105.500,100.000,120.352,8.897,14.369,108.897,1,1
105.600,100.000,120.318,8.877,14.367,108.877,1,1
105.700,100.000,120.284,8.858,14.364,108.858,1,1
105.800,100.000,120.250,8.838,14.362,108.838,1,1
105.900,100.000,120.217,8.818,14.359,108.818,1,1
106.000,100.000,120.183,8.799,14.357,108.799,1,1
106.100,100.000,120.149,8.779,14.355,108.779,1,1
106.200,100.000,120.116,8.760,14.352,108.760,1,1
106.300,100.000,120.082,8.740,14.350,108.740,1,1
106.400,100.000,120.049,8.721,14.347,108.721,1,1
106.500,100.000,120.016,8.701,14.345,108.701,1,1
106.600,100.000,119.982,8.682,14.342,108.682,1,1
106.700,100.000,119.949,8.663,14.340,108.663,1,1
106.800,100.000,119.916,8.644,14.338,108.644,1,1
106.900,100.000,119.883,8.624,14.335,108.624,1,1
107.000,100.000,119.850,8.605,14.333,108.605,1,1
107.100,100.000,119.817,8.586,14.330,108.586,1,1
107.200,100.000,119.784,8.567,14.328,108.567,1,1
107.300,100.000,119.751,8.548,14.326,108.548,1,1
107.400,100.000,119.718,8.529,14.323,108.529,1,1
107.500,100.000,119.685,8.510,14.321,108.510,1,1
107.600,100.000,119.652,8.492,14.319,108.492,1,1
107.700,100.000,119.620,8.473,14.316,108.473,1,1
107.800,100.000,119.587,8.454,14.314,108.454,1,1
107.900,100.000,119.554,8.436,14.312,108.436,1,1
108.000,100.000,119.522,8.417,14.309,108.417,1,1
108.100,100.000,119.489,8.398,14.307,108.398,1,1
108.200,100.000,119.457,8.380,14.305,108.380,1,1
108.300,100.000,119.425,8.361,14.302,108.361,1,1
108.400,100.000,119.392,8.343,14.300,108.343,1,1
108.500,100.000,119.360,8.325,14.298,108.325,1,1
108.600,100.000,119.328,8.306,14.295,108.306,1,1
108.700,100.000,119.296,8.288,14.293,108.288,1,1
108.800,100.000,119.263,8.270,14.291,108.270,1,1
108.900,100.000,119.231,8.252,14.288,108.252,1,1
109.000,100.000,119.199,8.233,14.286,108.233,1,1
109.100,100.000,119.167,8.215,14.284,108.215,1,1
109.200,100.000,119.136,8.197,14.282,108.197,1,1
109.300,100.000,119.104,8.179,14.279,108.179,1,1
109.400,100.000,119.072,8.161,14.277,108.161,1,1
109.500,100.000,119.040,8.144,14.275,108.144,1,1
109.600,100.000,119.009,8.126,14.273,108.126,1,1
109.700,100.000,118.977,8.108,14.270,108.108,1,1
109.800,100.000,118.945,8.090,14.268,108.090,1,1
109.900,100.000,118.914,8.072,14.266,108.072,1,1
110.000,100.000,118.882,8.055,14.264,108.055,1,1
110.100,100.000,118.851,8.037,14.261,108.037,1,1
110.200,100.000,118.820,8.020,14.259,108.020,1,1
110.300,100.000,118.788,8.002,14.257,108.002,1,1
110.400,100.000,118.757,7.985,14.255,107.985,1,1
110.500,100.000,118.726,7.967,14.252,107.967,1,1
110.600,100.000,118.695,7.950,14.250,107.950,1,1
110.700,100.000,118.663,7.932,14.248,107.932,1,1
110.800,100.000,118.632,7.915,14.246,107.915,1,1
110.900,100.000,118.601,7.898,14.244,107.898,1,1
111.000,100.000,118.570,7.881,14.241,107.881,1,1
111.100,100.000,118.540,7.863,14.239,107.863,1,1
111.200,100.000,118.509,7.846,14.237,107.846,1,1
111.300,100.000,118.478,7.829,14.235,107.829,1,1
111.400,100.000,118.447,7.812,14.233,107.812,1,1
111.500,100.000,118.416,7.795,14.231,107.795,1,1
111.600,100.000,118.386,7.778,14.228,107.778,1,1
111.700,100.000,118.355,7.761,14.226,107.761,1,1
111.800,100.000,118.325,7.744,14.224,107.744,1,1
111.900,100.000,118.294,7.728,14.222,107.728,1,1
112.000,100.000,118.264,7.711,14.220,107.711,1,1
112.100,100.000,118.233,7.694,14.218,107.694,1,1
112.200,100.000,118.203,7.677,14.216,107.677,1,1
112.300,100.000,118.173,7.661,14.213,107.661,1,1
112.400,100.000,118.143,7.644,14.211,107.644,1,1
112.500,100.000,118.112,7.628,14.209,107.628,1,1
112.600,100.000,118.082,7.611,14.207,107.611,1,1
112.700,100.000,118.052,7.595,14.205,107.595,1,1
112.800,100.000,118.022,7.578,14.203,107.578,1,1
112.900,100.000,117.992,7.562,14.201,107.562,1,1
113.000,100.000,117.962,7.545,14.199,107.545,1,1
113.100,100.000,117.932,7.529,14.197,107.529,1,1
113.200,100.000,117.902,7.513,14.194,107.513,1,1
113.300,100.000,117.873,7.497,14.192,107.497,1,1
113.400,100.000,117.843,7.480,14.190,107.480,1,1
113.500,100.000,117.813,7.464,14.188,107.464,1,1
113.600,100.000,117.784,7.448,14.186,107.448,1,1
113.700,100.000,117.754,7.432,14.184,107.432,1,1
113.800,100.000,117.724,7.416,14.182,107.416,1,1
113.900,100.000,117.695,7.400,14.180,107.400,1,1
114.000,100.000,117.666,7.384,14.178,107.384,1,1
114.100,100.000,117.636,7.368,14.176,107.368,1,1
114.200,100.000,117.607,7.352,14.174,107.352,1,1
114.300,100.000,117.577,7.337,14.172,107.337,1,1
114.400,100.000,117.548,7.321,14.170,107.321,1,1
114.500,100.000,117.519,7.305,14.168,107.305,1,1
114.600,100.000,117.490,7.289,14.166,107.289,1,1
114.700,100.000,117.461,7.274,14.164,107.274,1,1
114.800,100.000,117.432,7.258,14.162,107.258,1,1
114.900,100.000,117.403,7.242,14.160,107.242,1,1
115.000,100.000,117.374,7.227,14.158,107.227,1,1
115.100,100.000,117.345,7.211,14.156,107.211,1,1
115.200,100.000,117.316,7.196,14.154,107.196,1,1
115.300,100.000,117.287,7.180,14.152,107.180,1,1
115.400,100.000,117.258,7.165,14.150,107.165,1,1
115.500,100.000,117.230,7.150,14.148,107.150,1,1
115.600,100.000,117.201,7.134,14.146,107.134,1,1
115.700,100.000,117.172,7.119,14.144,107.119,1,1
115.800,100.000,117.144,7.104,14.142,107.104,1,1
115.900,100.000,117.115,7.089,14.140,107.089,1,1
116.000,100.000,117.087,7.074,14.138,107.074,1,1
116.100,100.000,117.058,7.058,14.136,107.058,1,1
116.200,100.000,117.030,7.043,14.134,107.043,1,1
116.300,100.000,117.002,7.028,14.132,107.028,1,1
116.400,100.000,116.973,7.013,14.130,107.013,1,1
116.500,100.000,116.945,6.998,14.128,106.998,1,1
116.600,100.000,116.917,6.983,14.126,106.983,1,1
116.700,100.000,116.889,6.969,14.124,106.969,1,1
116.800,100.000,116.861,6.954,14.122,106.954,1,1
116.900,100.000,116.833,6.939,14.120,106.939,1,1
117.000,100.000,116.805,6.924,14.118,106.924,1,1
117.100,100.000,116.777,6.909,14.116,106.909,1,1
117.200,100.000,116.749,6.895,14.115,106.895,1,1
117.300,100.000,116.721,6.880,14.113,106.880,1,1
117.400,100.000,116.693,6.865,14.111,106.865,1,1
117.500,100.000,116.665,6.851,14.109,106.851,1,1
117.600,100.000,116.638,6.836,14.107,106.836,1,1
117.700,100.000,116.610,6.822,14.105,106.822,1,1
117.800,100.000,116.582,6.807,14.103,106.807,1,1
117.900,100.000,116.555,6.793,14.101,106.793,1,1
118.000,100.000,116.527,6.778,14.099,106.778,1,1
118.100,100.000,116.500,6.764,14.097,106.764,1,1
118.200,100.000,116.472,6.749,14.096,106.749,1,1
118.300,100.000,116.445,6.735,14.094,106.735,1,1
118.400,100.000,116.417,6.721,14.092,106.721,1,1
118.500,100.000,116.390,6.707,14.090,106.707,1,1
118.600,100.000,116.363,6.692,14.088,106.692,1,1
118.700,100.000,116.336,6.678,14.086,106.678,1,1
118.800,100.000,116.308,6.664,14.084,106.664,1,1
118.900,100.000,116.281,6.650,14.083,106.650,1,1
119.000,100.000,116.254,6.636,14.081,106.636,1,1
119.100,100.000,116.227,6.622,14.079,106.622,1,1
119.200,100.000,116.200,6.608,14.077,106.608,1,1
119.300,100.000,116.173,6.594,14.075,106.594,1,1
119.400,100.000,116.146,6.580,14.073,106.580,1,1
119.500,100.000,116.119,6.566,14.072,106.566,1,1
119.600,100.000,116.093,6.552,14.070,106.552,1,1
119.700,100.000,116.066,6.538,14.068,106.538,1,1
119.800,100.000,116.039,6.525,14.066,106.525,1,1
119.900,100.000,116.012,6.511,14.064,106.511,1,1
120.000,100.000,115.986,6.497,14.063,106.497,1,1
120.100,100.000,115.959,6.483,14.061,106.483,1,1
120.200,100.000,115.933,6.470,14.059,106.470,1,1
120.300,100.000,115.906,6.456,14.057,106.456,1,1
120.400,100.000,115.880,6.443,14.055,106.443,1,1
120.500,100.000,115.853,6.429,14.054,106.429,1,1
120.600,100.000,115.827,6.416,14.052,106.416,1,1
120.700,100.000,115.800,6.402,14.050,106.402,1,1
120.800,100.000,115.774,6.389,14.048,106.389,1,1
120.900,100.000,115.748,6.375,14.046,106.375,1,1
121.000,100.000,115.722,6.362,14.045,106.362,1,1
121.100,100.000,115.696,6.348,14.043,106.348,1,1
121.200,100.000,115.669,6.335,14.041,106.335,1,1
121.300,100.000,115.643,6.322,14.039,106.322,1,1
121.400,100.000,115.617,6.309,14.038,106.309,1,1
121.500,100.000,115.591,6.295,14.036,106.295,1,1
121.600,100.000,115.565,6.282,14.034,106.282,1,1
121.700,100.000,115.540,6.269,14.032,106.269,1,1
121.800,100.000,115.514,6.256,14.031,106.256,1,1
121.900,100.000,115.488,6.243,14.029,106.243,1,1
122.000,100.000,115.462,6.230,14.027,106.230,1,1
122.100,100.000,115.436,6.217,14.026,106.217,1,1
122.200,100.000,115.411,6.204,14.024,106.204,1,1
122.300,100.000,115.385,6.191,14.022,106.191,1,1
122.400,100.000,115.359,6.178,14.020,106.178,1,1
122.500,100.000,115.334,6.165,14.019,106.165,1,1
122.600,100.000,115.308,6.152,14.017,106.152,1,1
122.700,100.000,115.283,6.139,14.015,106.139,1,1
122.800,100.000,115.257,6.126,14.014,106.126,1,1
122.900,100.000,115.232,6.113,14.012,106.113,1,1
123.000,100.000,115.207,6.101,14.010,106.101,1,1
123.100,100.000,115.181,6.088,14.008,106.088,1,1
123.200,100.000,115.156,6.075,14.007,106.075,1,1
123.300,100.000,115.131,6.063,14.005,106.063,1,1
123.400,100.000,115.106,6.050,14.003,106.050,1,1
123.500,100.000,115.081,6.037,14.002,106.037,1,1
123.600,100.000,115.056,6.025,14.000,106.025,1,1
123.700,100.000,115.031,6.012,13.998,106.012,1,1
123.800,100.000,115.006,6.000,13.997,106.000,1,1
123.900,100.000,114.981,5.987,13.995,105.987,1,1
124.000,100.000,114.956,5.975,13.993,105.975,1,1
124.100,100.000,114.931,5.962,13.992,105.962,1,1
124.200,100.000,114.906,5.950,13.990,105.950,1,1
124.300,100.000,114.881,5.938,13.988,105.938,1,1
124.400,100.000,114.856,5.925,13.987,105.925,1,1
124.500,100.000,114.832,5.913,13.985,105.913,1,1
124.600,100.000,114.807,5.901,13.983,105.901,1,1
124.700,100.000,114.782,5.889,13.982,105.889,1,1
124.800,100.000,114.758,5.876,13.980,105.876,1,1
124.900,100.000,114.733,5.864,13.979,105.864,1,1
125.000,100.000,114.709,5.852,13.977,105.852,1,1
125.100,100.000,114.684,5.840,13.975,105.840,1,1
125.200,100.000,114.660,5.828,13.974,105.828,1,1
125.300,100.000,114.635,5.816,13.972,105.816,1,1
125.400,100.000,114.611,5.804,13.971,105.804,1,1
125.500,100.000,114.587,5.792,13.969,105.792,1,1
125.600,100.000,114.562,5.780,13.967,105.780,1,1
125.700,100.000,114.538,5.768,13.966,105.768,1,1
125.800,100.000,114.514,5.756,13.964,105.756,1,1
125.900,100.000,114.490,5.744,13.962,105.744,1,1
126.000,100.000,114.466,5.732,13.961,105.732,1,1
126.100,100.000,114.442,5.720,13.959,105.720,1,1
126.200,100.000,114.418,5.708,13.958,105.708,1,1
126.300,100.000,114.394,5.697,13.956,105.697,1,1
126.400,100.000,114.370,5.685,13.955,105.685,1,1
126.500,100.000,114.346,5.673,13.953,105.673,1,1
126.600,100.000,114.322,5.661,13.951,105.661,1,1
126.700,100.000,114.298,5.650,13.950,105.650,1,1
126.800,100.000,114.274,5.638,13.948,105.638,1,1
126.900,100.000,114.251,5.627,13.947,105.627,1,1
127.000,100.000,114.227,5.615,13.945,105.615,1,1
127.100,100.000,114.203,5.603,13.944,105.603,1,1
127.200,100.000,114.180,5.592,13.942,105.592,1,1
127.300,100.000,114.156,5.580,13.940,105.580,1,1
127.400,100.000,114.132,5.569,13.939,105.569,1,1
127.500,100.000,114.109,5.557,13.937,105.557,1,1
127.600,100.000,114.085,5.546,13.936,105.546,1,1
127.700,100.000,114.062,5.535,13.934,105.535,1,1
127.800,100.000,114.039,5.523,13.933,105.523,1,1
127.900,100.000,114.015,5.512,13.931,105.512,1,1
128.000,100.000,113.992,5.501,13.930,105.501,1,1
128.100,100.000,113.969,5.489,13.928,105.489,1,1
128.200,100.000,113.945,5.478,13.927,105.478,1,1
128.300,100.000,113.922,5.467,13.925,105.467,1,1
128.400,100.000,113.899,5.456,13.924,105.456,1,1
128.500,100.000,113.876,5.444,13.922,105.444,1,1
128.600,100.000,113.853,5.433,13.921,105.433,1,1
128.700,100.000,113.830,5.422,13.919,105.422,1,1
128.800,100.000,113.807,5.411,13.918,105.411,1,1
128.900,100.000,113.784,5.400,13.916,105.400,1,1
129.000,100.000,113.761,5.389,13.915,105.389,1,1
129.100,100.000,113.738,5.378,13.913,105.378,1,1
129.200,100.000,113.715,5.367,13.912,105.367,1,1
129.300,100.000,113.692,5.356,13.910,105.356,1,1
129.400,100.000,113.669,5.345,13.909,105.345,1,1
129.500,100.000,113.647,5.334,13.907,105.334,1,1
129.600,100.000,113.624,5.323,13.906,105.323,1,1
129.700,100.000,113.601,5.312,13.904,105.312,1,1
129.800,100.000,113.579,5.301,13.903,105.301,1,1
129.900,100.000,113.556,5.291,13.901,105.291,1,1
130.000,100.000,113.534,5.280,13.900,105.280,1,1
130.100,100.000,113.511,5.269,13.898,105.269,1,1
130.200,100.000,113.489,5.258,13.897,105.258,1,1
130.300,100.000,113.466,5.248,13.895,105.248,1,1
130.400,100.000,113.444,5.237,13.894,105.237,1,1
130.500,100.000,113.421,5.226,13.893,105.226,1,1
130.600,100.000,113.399,5.216,13.891,105.216,1,1
130.700,100.000,113.377,5.205,13.890,105.205,1,1
130.800,100.000,113.354,5.194,13.888,105.194,1,1
130.900,100.000,113.332,5.184,13.887,105.184,1,1
131.000,100.000,113.310,5.173,13.885,105.173,1,1
131.100,100.000,113.288,5.163,13.884,105.163,1,1
131.200,100.000,113.266,5.152,13.882,105.152,1,1
131.300,100.000,113.244,5.142,13.881,105.142,1,1
131.400,100.000,113.222,5.131,13.880,105.131,1,1
131.500,100.000,113.200,5.121,13.878,105.121,1,1
131.600,100.000,113.178,5.111,13.877,105.111,1,1
131.700,100.000,113.156,5.100,13.875,105.100,1,1
131.800,100.000,113.134,5.090,13.874,105.090,1,1
131.900,100.000,113.112,5.080,13.873,105.080,1,1
132.000,100.000,113.090,5.069,13.871,105.069,1,1
132.100,100.000,113.068,5.059,13.870,105.059,1,1
132.200,100.000,113.047,5.049,13.868,105.049,1,1
132.300,100.000,113.025,5.038,13.867,105.038,1,1
132.400,100.000,113.003,5.028,13.866,105.028,1,1
132.500,100.000,112.982,5.018,13.864,105.018,1,1
132.600,100.000,112.960,5.008,13.863,105.008,1,1
132.700,100.000,112.938,4.998,13.861,104.998,1,1
132.800,100.000,112.917,4.988,13.860,104.988,1,1
132.900,100.000,112.895,4.978,13.859,104.978,1,1
133.000,100.000,112.874,4.968,13.857,104.968,1,1
133.100,100.000,112.853,4.957,13.856,104.957,1,1
133.200,100.000,112.831,4.947,13.854,104.947,1,1
133.300,100.000,112.810,4.937,13.853,104.937,1,1
133.400,100.000,112.789,4.928,13.852,104.928,1,1
133.500,100.000,112.767,4.918,13.850,104.918,1,1
133.600,100.000,112.746,4.908,13.849,104.908,1,1
133.700,100.000,112.725,4.898,13.848,104.898,1,1
133.800,100.000,112.704,4.888,13.846,104.888,1,1
133.900,100.000,112.683,4.878,13.845,104.878,1,1
134.000,100.000,112.661,4.868,13.844,104.868,1,1
134.100,100.000,112.640,4.858,13.842,104.858,1,1
134.200,100.000,112.619,4.849,13.841,104.849,1,1
134.300,100.000,112.598,4.839,13.839,104.839,1,1
134.400,100.000,112.577,4.829,13.838,104.829,1,1
134.500,100.000,112.556,4.819,13.837,104.819,1,1
134.600,100.000,112.536,4.810,13.835,104.810,1,1
134.700,100.000,112.515,4.800,13.834,104.800,1,1
134.800,100.000,112.494,4.790,13.833,104.790,1,1
134.900,100.000,112.473,4.781,13.831,104.781,1,1
135.000,100.000,112.452,4.771,13.830,104.771,1,1
135.100,100.000,112.432,4.762,13.829,104.762,1,1
135.200,100.000,112.411,4.752,13.828,104.752,1,1
135.300,100.000,112.390,4.742,13.826,104.742,1,1
135.400,100.000,112.370,4.733,13.825,104.733,1,1
135.500,100.000,112.349,4.723,13.824,104.723,1,1
135.600,100.000,112.329,4.714,13.822,104.714,1,1
135.700,100.000,112.308,4.704,13.821,104.704,1,1
135.800,100.000,112.288,4.695,13.820,104.695,1,1
135.900,100.000,112.267,4.686,13.818,104.686,1,1
136.000,100.000,112.247,4.676,13.817,104.676,1,1
136.100,100.000,112.226,4.667,13.816,104.667,1,1
136.200,100.000,112.206,4.657,13.814,104.657,1,1
136.300,100.000,112.186,4.648,13.813,104.648,1,1
136.400,100.000,112.165,4.639,13.812,104.639,1,1
136.500,100.000,112.145,4.630,13.811,104.630,1,1
136.600,100.000,112.125,4.620,13.809,104.620,1,1
136.700,100.000,112.105,4.611,13.808,104.611,1,1
136.800,100.000,112.085,4.602,13.807,104.602,1,1
136.900,100.000,112.064,4.593,13.805,104.593,1,1
137.000,100.000,112.044,4.583,13.804,104.583,1,1
137.100,100.000,112.024,4.574,13.803,104.574,1,1
137.200,100.000,112.004,4.565,13.802,104.565,1,1
137.300,100.000,111.984,4.556,13.800,104.556,1,1
137.400,100.000,111.964,4.547,13.799,104.547,1,1
137.500,100.000,111.945,4.538,13.798,104.538,1,1
137.600,100.000,111.925,4.529,13.797,104.529,1,1
137.700,100.000,111.905,4.520,13.795,104.520,1,1
137.800,100.000,111.885,4.511,13.794,104.511,1,1
137.900,100.000,111.865,4.502,13.793,104.502,1,1
138.000,100.000,111.845,4.493,13.792,104.493,1,1
138.100,100.000,111.826,4.484,13.790,104.484,1,1
138.200,100.000,111.806,4.475,13.789,104.475,1,1
138.300,100.000,111.786,4.466,13.788,104.466,1,1
138.400,100.000,111.767,4.457,13.787,104.457,1,1
138.500,100.000,111.747,4.448,13.785,104.448,1,1
138.600,100.000,111.728,4.439,13.784,104.439,1,1
138.700,100.000,111.708,4.431,13.783,104.431,1,1
138.800,100.000,111.689,4.422,13.782,104.422,1,1
138.900,100.000,111.669,4.413,13.780,104.413,1,1
139.000,100.000,111.650,4.404,13.779,104.404,1,1
139.100,100.000,111.630,4.395,13.778,104.395,1,1
139.200,100.000,111.611,4.387,13.777,104.387,1,1
139.300,100.000,111.592,4.378,13.776,104.378,1,1
139.400,100.000,111.573,4.369,13.774,104.369,1,1
139.500,100.000,111.553,4.361,13.773,104.361,1,1
139.600,100.000,111.534,4.352,13.772,104.352,1,1
139.700,100.000,111.515,4.343,13.771,104.343,1,1
139.800,100.000,111.496,4.335,13.770,104.335,1,1
139.900,100.000,111.477,4.326,13.768,104.326,1,1
140.000,100.000,111.457,4.318,13.767,104.318,1,1
140.100,100.000,111.438,4.309,13.766,104.309,1,1
140.200,100.000,111.419,4.301,13.765,104.301,1,1
140.300,100.000,111.400,4.292,13.764,104.292,1,1
140.400,100.000,111.381,4.283,13.762,104.283,1,1
140.500,100.000,111.362,4.275,13.761,104.275,1,1
140.600,100.000,111.344,4.267,13.760,104.267,1,1
140.700,100.000,111.325,4.258,13.759,104.258,1,1
140.800,100.000,111.306,4.250,13.758,104.250,1,1
140.900,100.000,111.287,4.241,13.756,104.241,1,1
141.000,100.000,111.268,4.233,13.755,104.233,1,1
141.100,100.000,111.250,4.225,13.754,104.225,1,1
141.200,100.000,111.231,4.216,13.753,104.216,1,1
141.300,100.000,111.212,4.208,13.752,104.208,1,1
141.400,100.000,111.193,4.200,13.751,104.200,1,1
141.500,100.000,111.175,4.191,13.749,104.191,1,1
141.600,100.000,111.156,4.183,13.748,104.183,1,1
141.700,100.000,111.138,4.175,13.747,104.175,1,1
141.800,100.000,111.119,4.166,13.746,104.166,1,1
141.900,100.000,111.101,4.158,13.745,104.158,1,1
142.000,100.000,111.082,4.150,13.744,104.150,1,1
142.100,100.000,111.064,4.142,13.743,104.142,1,1
142.200,100.000,111.045,4.134,13.741,104.134,1,1
142.300,100.000,111.027,4.126,13.740,104.126,1,1
142.400,100.000,111.009,4.117,13.739,104.117,1,1
142.500,100.000,110.990,4.109,13.738,104.109,1,1
142.600,100.000,110.972,4.101,13.737,104.101,1,1
142.700,100.000,110.954,4.093,13.736,104.093,1,1
142.800,100.000,110.935,4.085,13.735,104.085,1,1
142.900,100.000,110.917,4.077,13.733,104.077,1,1
143.000,100.000,110.899,4.069,13.732,104.069,1,1
143.100,100.000,110.881,4.061,13.731,104.061,1,1
143.200,100.000,110.863,4.053,13.730,104.053,1,1
143.300,100.000,110.845,4.045,13.729,104.045,1,1
143.400,100.000,110.827,4.037,13.728,104.037,1,1
143.500,100.000,110.809,4.029,13.727,104.029,1,1
143.600,100.000,110.791,4.021,13.726,104.021,1,1
143.700,100.000,110.773,4.013,13.724,104.013,1,1
143.800,100.000,110.755,4.006,13.723,104.006,1,1
143.900,100.000,110.737,3.998,13.722,103.998,1,1
144.000,100.000,110.719,3.990,13.721,103.990,1,1
144.100,100.000,110.701,3.982,13.720,103.982,1,1
144.200,100.000,110.683,3.974,13.719,103.974,1,1
144.300,100.000,110.666,3.966,13.718,103.966,1,1
144.400,100.000,110.648,3.959,13.717,103.959,1,1
144.500,100.000,110.630,3.951,13.716,103.951,1,1
144.600,100.000,110.613,3.943,13.714,103.943,1,1
144.700,100.000,110.595,3.935,13.713,103.935,1,1
144.800,100.000,110.577,3.928,13.712,103.928,1,1
144.900,100.000,110.560,3.920,13.711,103.920,1,1
145.000,100.000,110.542,3.912,13.710,103.912,1,1
145.100,100.000,110.525,3.905,13.709,103.905,1,1
145.200,100.000,110.507,3.897,13.708,103.897,1,1
145.300,100.000,110.490,3.889,13.707,103.889,1,1
145.400,100.000,110.472,3.882,13.706,103.882,1,1
145.500,100.000,110.455,3.874,13.705,103.874,1,1
145.600,100.000,110.437,3.867,13.704,103.867,1,1
145.700,100.000,110.420,3.859,13.703,103.859,1,1
145.800,100.000,110.403,3.852,13.702,103.852,1,1
145.900,100.000,110.385,3.844,13.700,103.844,1,1
146.000,100.000,110.368,3.837,13.699,103.837,1,1
146.100,100.000,110.351,3.829,13.698,103.829,1,1
146.200,100.000,110.334,3.822,13.697,103.822,1,1
146.300,100.000,110.316,3.814,13.696,103.814,1,1
146.400,100.000,110.299,3.807,13.695,103.807,1,1
146.500,100.000,110.282,3.799,13.694,103.799,1,1
146.600,100.000,110.265,3.792,13.693,103.792,1,1
146.700,100.000,110.248,3.785,13.692,103.785,1,1
146.800,100.000,110.231,3.777,13.691,103.777,1,1
146.900,100.000,110.214,3.770,13.690,103.770,1,1
147.000,100.000,110.197,3.762,13.689,103.762,1,1
147.100,100.000,110.180,3.755,13.688,103.755,1,1
147.200,100.000,110.163,3.748,13.687,103.748,1,1
147.300,100.000,110.146,3.741,13.686,103.741,1,1
147.400,100.000,110.129,3.733,13.685,103.733,1,1
147.500,100.000,110.112,3.726,13.684,103.726,1,1
147.600,100.000,110.095,3.719,13.683,103.719,1,1
147.700,100.000,110.079,3.712,13.682,103.712,1,1
147.800,100.000,110.062,3.704,13.681,103.704,1,1
147.900,100.000,110.045,3.697,13.680,103.697,1,1
148.000,100.000,110.028,3.690,13.678,103.690,1,1
148.100,100.000,110.012,3.683,13.677,103.683,1,1
148.200,100.000,109.995,3.676,13.676,103.676,1,1
148.300,100.000,109.978,3.669,13.675,103.669,1,1
148.400,100.000,109.962,3.661,13.674,103.661,1,1
148.500,100.000,109.945,3.654,13.673,103.654,1,1
148.600,100.000,109.929,3.647,13.672,103.647,1,1
148.700,100.000,109.912,3.640,13.671,103.640,1,1
148.800,100.000,109.896,3.633,13.670,103.633,1,1
148.900,100.000,109.879,3.626,13.669,103.626,1,1
149.000,100.000,109.863,3.619,13.668,103.619,1,1
149.100,100.000,109.846,3.612,13.667,103.612,1,1
149.200,100.000,109.830,3.605,13.666,103.605,1,1
149.300,100.000,109.814,3.598,13.665,103.598,1,1
149.400,100.000,109.797,3.591,13.664,103.591,1,1
149.500,100.000,109.781,3.584,13.663,103.584,1,1
149.600,100.000,109.765,3.577,13.662,103.577,1,1
149.700,100.000,109.748,3.570,13.661,103.570,1,1
149.800,100.000,109.732,3.563,13.660,103.563,1,1
149.900,100.000,109.716,3.556,13.659,103.556,1,1
150.000,100.000,109.700,3.550,13.658,103.550,1,1
150.100,100.000,109.684,3.543,13.657,103.543,1,1
150.200,100.000,109.668,3.536,13.656,103.536,1,1
150.300,100.000,109.652,3.529,13.655,103.529,1,1
150.400,100.000,109.635,3.522,13.654,103.522,1,1
150.500,100.000,109.619,3.515,13.654,103.515,1,1
150.600,100.000,109.603,3.509,13.653,103.509,1,1
150.700,100.000,109.587,3.502,13.652,103.502,1,1
150.800,100.000,109.572,3.495,13.651,103.495,1,1
150.900,100.000,109.556,3.488,13.650,103.488,1,1
151.000,100.000,109.540,3.482,13.649,103.482,1,1
151.100,100.000,109.524,3.475,13.648,103.475,1,1
151.200,100.000,109.508,3.468,13.647,103.468,1,1
151.300,100.000,109.492,3.462,13.646,103.462,1,1
151.400,100.000,109.476,3.455,13.645,103.455,1,1
151.500,100.000,109.461,3.448,13.644,103.448,1,1
151.600,100.000,109.445,3.442,13.643,103.442,1,1
151.700,100.000,109.429,3.435,13.642,103.435,1,1
151.800,100.000,109.413,3.428,13.641,103.428,1,1
151.900,100.000,109.398,3.422,13.640,103.422,1,1
152.000,100.000,109.382,3.415,13.639,103.415,1,1
152.100,100.000,109.367,3.409,13.638,103.409,1,1
152.200,100.000,109.351,3.402,13.637,103.402,1,1
152.300,100.000,109.335,3.395,13.636,103.395,1,1
152.400,100.000,109.320,3.389,13.635,103.389,1,1
152.500,100.000,109.304,3.382,13.634,103.382,1,1
152.600,100.000,109.289,3.376,13.633,103.376,1,1
152.700,100.000,109.273,3.369,13.632,103.369,1,1
152.800,100.000,109.258,3.363,13.632,103.363,1,1
152.900,100.000,109.243,3.356,13.631,103.356,1,1
153.000,100.000,109.227,3.350,13.630,103.350,1,1
153.100,100.000,109.212,3.344,13.629,103.344,1,1
153.200,100.000,109.197,3.337,13.628,103.337,1,1
153.300,100.000,109.181,3.331,13.627,103.331,1,1
153.400,100.000,109.166,3.324,13.626,103.324,1,1
153.500,100.000,109.151,3.318,13.625,103.318,1,1
153.600,100.000,109.135,3.312,13.624,103.312,1,1
153.700,100.000,109.120,3.305,13.623,103.305,1,1
153.800,100.000,109.105,3.299,13.622,103.299,1,1
153.900,100.000,109.090,3.293,13.621,103.293,1,1
154.000,100.000,109.075,3.286,13.620,103.286,1,1
154.100,100.000,109.060,3.280,13.620,103.280,1,1
154.200,100.000,109.045,3.274,13.619,103.274,1,1
154.300,100.000,109.030,3.268,13.618,103.268,1,1
154.400,100.000,109.015,3.261,13.617,103.261,1,1
154.500,100.000,109.000,3.255,13.616,103.255,1,1
154.600,100.000,108.985,3.249,13.615,103.249,1,1
154.700,100.000,108.970,3.243,13.614,103.243,1,1
154.800,100.000,108.955,3.236,13.613,103.236,1,1
154.900,100.000,108.940,3.230,13.612,103.230,1,1
155.000,100.000,108.925,3.224,13.611,103.224,1,1
155.100,100.000,108.910,3.218,13.611,103.218,1,1
155.200,100.000,108.895,3.212,13.610,103.212,1,1
155.300,100.000,108.880,3.206,13.609,103.206,1,1
155.400,100.000,108.866,3.199,13.608,103.199,1,1
155.500,100.000,108.851,3.193,13.607,103.193,1,1
155.600,100.000,108.836,3.187,13.606,103.187,1,1
155.700,100.000,108.822,3.181,13.605,103.181,1,1
155.800,100.000,108.807,3.175,13.604,103.175,1,1
155.900,100.000,108.792,3.169,13.603,103.169,1,1
156.000,100.000,108.778,3.163,13.603,103.163,1,1
156.100,100.000,108.763,3.157,13.602,103.157,1,1
156.200,100.000,108.748,3.151,13.601,103.151,1,1
156.300,100.000,108.734,3.145,13.600,103.145,1,1
156.400,100.000,108.719,3.139,13.599,103.139,1,1
156.500,100.000,108.705,3.133,13.598,103.133,1,1
156.600,100.000,108.690,3.127,13.597,103.127,1,1
156.700,100.000,108.676,3.121,13.596,103.121,1,1
156.800,100.000,108.661,3.115,13.596,103.115,1,1
156.900,100.000,108.647,3.109,13.595,103.109,1,1
157.000,100.000,108.633,3.103,13.594,103.103,1,1
157.100,100.000,108.618,3.097,13.593,103.097,1,1
157.200,100.000,108.604,3.091,13.592,103.091,1,1
157.300,100.000,108.590,3.086,13.591,103.086,1,1
157.400,100.000,108.575,3.080,13.590,103.080,1,1
157.500,100.000,108.561,3.074,13.590,103.074,1,1
157.600,100.000,108.547,3.068,13.589,103.068,1,1
157.700,100.000,108.533,3.062,13.588,103.062,1,1
157.800,100.000,108.518,3.056,13.587,103.056,1,1
157.900,100.000,108.504,3.050,13.586,103.050,1,1
158.000,100.000,108.490,3.045,13.585,103.045,1,1
158.100,100.000,108.476,3.039,13.585,103.039,1,1
158.200,100.000,108.462,3.033,13.584,103.033,1,1
158.300,100.000,108.448,3.027,13.583,103.027,1,1
158.400,100.000,108.434,3.022,13.582,103.022,1,1
158.500,100.000,108.420,3.016,13.581,103.016,1,1
158.600,100.000,108.406,3.010,13.580,103.010,1,1
158.700,100.000,108.392,3.004,13.579,103.004,1,1
158.800,100.000,108.378,2.999,13.579,102.999,1,1
158.900,100.000,108.364,2.993,13.578,102.993,1,1
159.000,100.000,108.350,2.987,13.577,102.987,1,1
159.100,100.000,108.336,2.982,13.576,102.982,1,1
159.200,100.000,108.322,2.976,13.575,102.976,1,1
159.300,100.000,108.308,2.970,13.575,102.970,1,1
159.400,100.000,108.294,2.965,13.574,102.965,1,1
159.500,100.000,108.281,2.959,13.573,102.959,1,1
159.600,100.000,108.267,2.954,13.572,102.954,1,1
159.700,100.000,108.253,2.948,13.571,102.948,1,1
159.800,100.000,108.239,2.942,13.570,102.942,1,1
159.900,100.000,108.226,2.937,13.570,102.937,1,1
160.000,100.000,108.212,2.931,13.569,102.931,1,1
160.100,100.000,108.198,2.926,13.568,102.926,1,1
160.200,100.000,108.185,2.920,13.567,102.920,1,1
160.300,100.000,108.171,2.915,13.566,102.915,1,1
160.400,100.000,108.157,2.909,13.566,102.909,1,1
160.500,100.000,108.144,2.904,13.565,102.904,1,1
160.600,100.000,108.130,2.898,13.564,102.898,1,1
160.700,100.000,108.117,2.893,13.563,102.893,1,1
160.800,100.000,108.103,2.887,13.562,102.887,1,1
160.900,100.000,108.090,2.882,13.562,102.882,1,1
161.000,100.000,108.076,2.876,13.561,102.876,1,1
161.100,100.000,108.063,2.871,13.560,102.871,1,1
161.200,100.000,108.049,2.866,13.559,102.866,1,1
161.300,100.000,108.036,2.860,13.558,102.860,1,1
161.400,100.000,108.023,2.855,13.558,102.855,1,1
161.500,100.000,108.009,2.849,13.557,102.849,1,1
161.600,100.000,107.996,2.844,13.556,102.844,1,1
161.700,100.000,107.983,2.839,13.555,102.839,1,1
161.800,100.000,107.969,2.833,13.554,102.833,1,1
161.900,100.000,107.956,2.828,13.554,102.828,1,1
162.000,100.000,107.943,2.823,13.553,102.823,1,1
162.100,100.000,107.930,2.817,13.552,102.817,1,1
162.200,100.000,107.917,2.812,13.551,102.812,1,1
162.300,100.000,107.903,2.807,13.550,102.807,1,1
162.400,100.000,107.890,2.801,13.550,102.801,1,1
162.500,100.000,107.877,2.796,13.549,102.796,1,1
162.600,100.000,107.864,2.791,13.548,102.791,1,1
162.700,100.000,107.851,2.786,13.547,102.786,1,1
162.800,100.000,107.838,2.780,13.547,102.780,1,1
162.900,100.000,107.825,2.775,13.546,102.775,1,1
163.000,100.000,107.812,2.770,13.545,102.770,1,1
163.100,100.000,107.799,2.765,13.544,102.765,1,1
163.200,100.000,107.786,2.760,13.544,102.760,1,1
163.300,100.000,107.773,2.754,13.543,102.754,1,1
163.400,100.000,107.760,2.749,13.542,102.749,1,1
163.500,100.000,107.747,2.744,13.541,102.744,1,1
163.600,100.000,107.734,2.739,13.540,102.739,1,1
163.700,100.000,107.721,2.734,13.540,102.734,1,1
163.800,100.000,107.708,2.729,13.539,102.729,1,1
163.900,100.000,107.696,2.723,13.538,102.723,1,1
164.000,100.000,107.683,2.718,13.537,102.718,1,1
164.100,100.000,107.670,2.713,13.537,102.713,1,1
164.200,100.000,107.657,2.708,13.536,102.708,1,1
164.300,100.000,107.644,2.703,13.535,102.703,1,1
164.400,100.000,107.632,2.698,13.534,102.698,1,1
164.500,100.000,107.619,2.693,13.534,102.693,1,1
164.600,100.000,107.606,2.688,13.533,102.688,1,1
164.700,100.000,107.594,2.683,13.532,102.683,1,1
164.800,100.000,107.581,2.678,13.531,102.678,1,1
164.900,100.000,107.568,2.673,13.531,102.673,1,1
165.000,100.000,107.556,2.668,13.530,102.668,1,1
165.100,100.000,107.543,2.663,13.529,102.663,1,1
165.200,100.000,107.531,2.658,13.528,102.658,1,1
165.300,100.000,107.518,2.653,13.528,102.653,1,1
165.400,100.000,107.506,2.648,13.527,102.648,1,1
165.500,100.000,107.493,2.643,13.526,102.643,1,1
165.600,100.000,107.481,2.638,13.526,102.638,1,1
165.700,100.000,107.468,2.633,13.525,102.633,1,1
165.800,100.000,107.456,2.628,13.524,102.628,1,1
165.900,100.000,107.443,2.623,13.523,102.623,1,1
166.000,100.000,107.431,2.618,13.523,102.618,1,1
166.100,100.000,107.419,2.613,13.522,102.613,1,1
166.200,100.000,107.406,2.608,13.521,102.608,1,1
166.300,100.000,107.394,2.604,13.520,102.604,1,1
166.400,100.000,107.382,2.599,13.520,102.599,1,1
166.500,100.000,107.369,2.594,13.519,102.594,1,1
166.600,100.000,107.357,2.589,13.518,102.589,1,1
166.700,100.000,107.345,2.584,13.518,102.584,1,1
166.800,100.000,107.333,2.579,13.517,102.579,1,1
166.900,100.000,107.321,2.575,13.516,102.575,1,1
167.000,100.000,107.308,2.570,13.515,102.570,1,1
167.100,100.000,107.296,2.565,13.515,102.565,1,1
167.200,100.000,107.284,2.560,13.514,102.560,1,1
167.300,100.000,107.272,2.555,13.513,102.555,1,1
167.400,100.000,107.260,2.551,13.513,102.551,1,1
167.500,100.000,107.248,2.546,13.512,102.546,1,1
167.600,100.000,107.236,2.541,13.511,102.541,1,1
167.700,100.000,107.224,2.536,13.510,102.536,1,1
167.800,100.000,107.212,2.532,13.510,102.532,1,1
167.900,100.000,107.200,2.527,13.509,102.527,1,1
168.000,100.000,107.188,2.522,13.508,102.522,1,1
168.100,100.000,107.176,2.517,13.508,102.517,1,1
168.200,100.000,107.164,2.513,13.507,102.513,1,1
168.300,100.000,107.152,2.508,13.506,102.508,1,1
168.400,100.000,107.140,2.503,13.506,102.503,1,1
168.500,100.000,107.128,2.499,13.505,102.499,1,1
168.600,100.000,107.116,2.494,13.504,102.494,1,1
168.700,100.000,107.104,2.490,13.504,102.490,1,1
168.800,100.000,107.093,2.485,13.503,102.485,1,1
168.900,100.000,107.081,2.480,13.502,102.480,1,1
169.000,100.000,107.069,2.476,13.501,102.476,1,1
169.100,100.000,107.057,2.471,13.501,102.471,1,1
169.200,100.000,107.045,2.466,13.500,102.466,1,1
169.300,100.000,107.034,2.462,13.499,102.462,1,1
169.400,100.000,107.022,2.457,13.499,102.457,1,1
169.500,100.000,107.010,2.453,13.498,102.453,1,1
169.600,100.000,106.999,2.448,13.497,102.448,1,1
169.700,100.000,106.987,2.444,13.497,102.444,1,1
169.800,100.000,106.975,2.439,13.496,102.439,1,1
169.900,100.000,106.964,2.435,13.495,102.435,1,1
170.000,100.000,106.952,2.430,13.495,102.430,1,1
170.100,100.000,106.941,2.425,13.494,102.425,1,1
170.200,100.000,106.929,2.421,13.493,102.421,1,1
170.300,100.000,106.918,2.416,13.493,102.416,1,1
170.400,100.000,106.906,2.412,13.492,102.412,1,1
170.500,100.000,106.895,2.408,13.491,102.408,1,1
170.600,100.000,106.883,2.403,13.491,102.403,1,1
170.700,100.000,106.872,2.399,13.490,102.399,1,1
170.800,100.000,106.860,2.394,13.489,102.394,1,1
170.900,100.000,106.849,2.390,13.489,102.390,1,1
171.000,100.000,106.837,2.385,13.488,102.385,1,1
171.100,100.000,106.826,2.381,13.487,102.381,1,1
171.200,100.000,106.815,2.376,13.487,102.376,1,1
171.300,100.000,106.803,2.372,13.486,102.372,1,1
171.400,100.000,106.792,2.368,13.485,102.368,1,1
171.500,100.000,106.781,2.363,13.485,102.363,1,1
171.600,100.000,106.769,2.359,13.484,102.359,1,1
171.700,100.000,106.758,2.355,13.483,102.355,1,1
171.800,100.000,106.747,2.350,13.483,102.350,1,1
171.900,100.000,106.736,2.346,13.482,102.346,1,1
172.000,100.000,106.724,2.341,13.481,102.341,1,1
172.100,100.000,106.713,2.337,13.481,102.337,1,1
172.200,100.000,106.702,2.333,13.480,102.333,1,1
172.300,100.000,106.691,2.329,13.479,102.329,1,1
172.400,100.000,106.680,2.324,13.479,102.324,1,1
172.500,100.000,106.669,2.320,13.478,102.320,1,1
172.600,100.000,106.658,2.316,13.478,102.316,1,1
172.700,100.000,106.647,2.311,13.477,102.311,1,1
172.800,100.000,106.635,2.307,13.476,102.307,1,1
172.900,100.000,106.624,2.303,13.476,102.303,1,1
173.000,100.000,106.613,2.299,13.475,102.299,1,1
173.100,100.000,106.602,2.294,13.474,102.294,1,1
173.200,100.000,106.591,2.290,13.474,102.290,1,1
173.300,100.000,106.580,2.286,13.473,102.286,1,1
173.400,100.000,106.570,2.282,13.472,102.282,1,1
173.500,100.000,106.559,2.277,13.472,102.277,1,1
173.600,100.000,106.548,2.273,13.471,102.273,1,1
173.700,100.000,106.537,2.269,13.471,102.269,1,1
173.800,100.000,106.526,2.265,13.470,102.265,1,1
173.900,100.000,106.515,2.261,13.469,102.261,1,1
174.000,100.000,106.504,2.256,13.469,102.256,1,1
174.100,100.000,106.493,2.252,13.468,102.252,1,1
174.200,100.000,106.483,2.248,13.467,102.248,1,1
174.300,100.000,106.472,2.244,13.467,102.244,1,1
174.400,100.000,106.461,2.240,13.466,102.240,1,1
174.500,100.000,106.450,2.236,13.466,102.236,1,1
174.600,100.000,106.440,2.232,13.465,102.232,1,1
174.700,100.000,106.429,2.228,13.464,102.228,1,1
174.800,100.000,106.418,2.223,13.464,102.223,1,1
174.900,100.000,106.407,2.219,13.463,102.219,1,1
175.000,100.000,106.397,2.215,13.462,102.215,1,1
175.100,100.000,106.386,2.211,13.462,102.211,1,1
175.200,100.000,106.376,2.207,13.461,102.207,1,1
175.300,100.000,106.365,2.203,13.461,102.203,1,1
175.400,100.000,106.354,2.199,13.460,102.199,1,1
175.500,100.000,106.344,2.195,13.459,102.195,1,1
175.600,100.000,106.333,2.191,13.459,102.191,1,1
175.700,100.000,106.323,2.187,13.458,102.187,1,1
175.800,100.000,106.312,2.183,13.458,102.183,1,1
175.900,100.000,106.302,2.179,13.457,102.179,1,1
176.000,100.000,106.291,2.175,13.456,102.175,1,1
176.100,100.000,106.281,2.171,13.456,102.171,1,1
176.200,100.000,106.270,2.167,13.455,102.167,1,1
176.300,100.000,106.260,2.163,13.455,102.163,1,1
176.400,100.000,106.249,2.159,13.454,102.159,1,1
176.500,100.000,106.239,2.155,13.453,102.155,1,1
176.600,100.000,106.229,2.151,13.453,102.151,1,1
176.700,100.000,106.218,2.147,13.452,102.147,1,1
176.800,100.000,106.208,2.143,13.452,102.143,1,1
176.900,100.000,106.198,2.139,13.451,102.139,1,1
177.000,100.000,106.187,2.135,13.450,102.135,1,1
177.100,100.000,106.177,2.131,13.450,102.131,1,1
177.200,100.000,106.167,2.127,13.449,102.127,1,1
177.300,100.000,106.156,2.123,13.449,102.123,1,1
177.400,100.000,106.146,2.120,13.448,102.120,1,1
177.500,100.000,106.136,2.116,13.447,102.116,1,1
177.600,100.000,106.126,2.112,13.447,102.112,1,1
177.700,100.000,106.116,2.108,13.446,102.108,1,1
177.800,100.000,106.105,2.104,13.446,102.104,1,1
177.900,100.000,106.095,2.100,13.445,102.100,1,1
178.000,100.000,106.085,2.096,13.444,102.096,1,1
178.100,100.000,106.075,2.092,13.444,102.092,1,1
178.200,100.000,106.065,2.089,13.443,102.089,1,1
178.300,100.000,106.055,2.085,13.443,102.085,1,1
178.400,100.000,106.045,2.081,13.442,102.081,1,1
178.500,100.000,106.035,2.077,13.442,102.077,1,1
178.600,100.000,106.025,2.073,13.441,102.073,1,1
178.700,100.000,106.015,2.070,13.440,102.070,1,1
178.800,100.000,106.005,2.066,13.440,102.066,1,1
178.900,100.000,105.995,2.062,13.439,102.062,1,1
179.000,100.000,105.985,2.058,13.439,102.058,1,1
179.100,100.000,105.975,2.054,13.438,102.054,1,1
179.200,100.000,105.965,2.051,13.438,102.051,1,1
179.300,100.000,105.955,2.047,13.437,102.047,1,1
179.400,100.000,105.945,2.043,13.436,102.043,1,1
179.500,100.000,105.935,2.040,13.436,102.040,1,1
179.600,100.000,105.925,2.036,13.435,102.036,1,1
179.700,100.000,105.915,2.032,13.435,102.032,1,1
179.800,100.000,105.905,2.028,13.434,102.028,1,1
179.900,100.000,105.896,2.025,13.434,102.025,1,1
180.000,100.000,105.886,2.021,13.433,102.021,1,1
180.100,100.000,105.876,2.017,13.432,102.017,1,1
180.200,100.000,105.866,2.014,13.432,102.014,1,1
180.300,100.000,105.856,2.010,13.431,102.010,1,1
180.400,100.000,105.847,2.006,13.431,102.006,1,1
180.500,100.000,105.837,2.003,13.430,102.003,1,1
180.600,100.000,105.827,1.999,13.430,101.999,1,1
180.700,100.000,105.818,1.995,13.429,101.995,1,1
180.800,100.000,105.808,1.992,13.429,101.992,1,1
180.900,100.000,105.798,1.988,13.428,101.988,1,1
181.000,100.000,105.789,1.984,13.427,101.984,1,1
181.100,100.000,105.779,1.981,13.427,101.981,1,1
181.200,100.000,105.769,1.977,13.426,101.977,1,1
181.300,100.000,105.760,1.973,13.426,101.973,1,1
181.400,100.000,105.750,1.970,13.425,101.970,1,1
181.500,100.000,105.741,1.966,13.425,101.966,1,1
181.600,100.000,105.731,1.963,13.424,101.963,1,1
181.700,100.000,105.721,1.959,13.424,101.959,1,1
181.800,100.000,105.712,1.956,13.423,101.956,1,1
181.900,100.000,105.702,1.952,13.423,101.952,1,1
182.000,100.000,105.693,1.948,13.422,101.948,1,1
182.100,100.000,105.683,1.945,13.422,101.945,1,1
182.200,100.000,105.674,1.941,13.421,101.941,1,1
182.300,100.000,105.665,1.938,13.420,101.938,1,1
182.400,100.000,105.655,1.934,13.420,101.934,1,1
182.500,100.000,105.646,1.931,13.419,101.931,1,1
182.600,100.000,105.636,1.927,13.419,101.927,1,1
182.700,100.000,105.627,1.924,13.418,101.924,1,1
182.800,100.000,105.618,1.920,13.418,101.920,1,1
182.900,100.000,105.608,1.917,13.417,101.917,1,1
183.000,100.000,105.599,1.913,13.417,101.913,1,1
183.100,100.000,105.590,1.910,13.416,101.910,1,1
183.200,100.000,105.580,1.906,13.416,101.906,1,1
183.300,100.000,105.571,1.903,13.415,101.903,1,1
183.400,100.000,105.562,1.899,13.415,101.899,1,1
183.500,100.000,105.552,1.896,13.414,101.896,1,1
183.600,100.000,105.543,1.892,13.414,101.892,1,1
183.700,100.000,105.534,1.889,13.413,101.889,1,1
183.800,100.000,105.525,1.886,13.412,101.886,1,1
183.900,100.000,105.516,1.882,13.412,101.882,1,1
184.000,100.000,105.506,1.879,13.411,101.879,1,1
184.100,100.000,105.497,1.875,13.411,101.875,1,1
184.200,100.000,105.488,1.872,13.410,101.872,1,1
184.300,100.000,105.479,1.869,13.410,101.869,1,1
184.400,100.000,105.470,1.865,13.409,101.865,1,1
184.500,100.000,105.461,1.862,13.409,101.862,1,1
184.600,100.000,105.452,1.858,13.408,101.858,1,1
184.700,100.000,105.443,1.855,13.408,101.855,1,1
184.800,100.000,105.434,1.852,13.407,101.852,1,1
184.900,100.000,105.425,1.848,13.407,101.848,1,1
185.000,100.000,105.416,1.845,13.406,101.845,1,1
185.100,100.000,105.406,1.842,13.406,101.842,1,1
185.200,100.000,105.397,1.838,13.405,101.838,1,1
185.300,100.000,105.389,1.835,13.405,101.835,1,1
185.400,100.000,105.380,1.832,13.404,101.832,1,1
185.500,100.000,105.371,1.828,13.404,101.828,1,1
185.600,100.000,105.362,1.825,13.403,101.825,1,1
185.700,100.000,105.353,1.822,13.403,101.822,1,1
185.800,100.000,105.344,1.818,13.402,101.818,1,1
185.900,100.000,105.335,1.815,13.402,101.815,1,1
186.000,100.000,105.326,1.812,13.401,101.812,1,1
186.100,100.000,105.317,1.808,13.401,101.808,1,1
186.200,100.000,105.308,1.805,13.400,101.805,1,1
186.300,100.000,105.300,1.802,13.400,101.802,1,1
186.400,100.000,105.291,1.799,13.399,101.799,1,1
186.500,100.000,105.282,1.795,13.399,101.795,1,1
186.600,100.000,105.273,1.792,13.398,101.792,1,1
186.700,100.000,105.264,1.789,13.398,101.789,1,1
186.800,100.000,105.256,1.786,13.397,101.786,1,1
186.900,100.000,105.247,1.782,13.397,101.782,1,1
187.000,100.000,105.238,1.779,13.396,101.779,1,1
187.100,100.000,105.229,1.776,13.396,101.776,1,1
187.200,100.000,105.221,1.773,13.395,101.773,1,1
187.300,100.000,105.212,1.770,13.395,101.770,1,1
187.400,100.000,105.203,1.766,13.394,101.766,1,1
187.500,100.000,105.195,1.763,13.394,101.763,1,1
187.600,100.000,105.186,1.760,13.393,101.760,1,1
187.700,100.000,105.177,1.757,13.393,101.757,1,1
187.800,100.000,105.169,1.754,13.392,101.754,1,1
187.900,100.000,105.160,1.750,13.392,101.750,1,1
188.000,100.000,105.152,1.747,13.391,101.747,1,1
188.100,100.000,105.143,1.744,13.391,101.744,1,1
188.200,100.000,105.134,1.741,13.390,101.741,1,1
188.300,100.000,105.126,1.738,13.390,101.738,1,1
188.400,100.000,105.117,1.735,13.389,101.735,1,1
188.500,100.000,105.109,1.732,13.389,101.732,1,1
188.600,100.000,105.100,1.728,13.388,101.728,1,1
188.700,100.000,105.092,1.725,13.388,101.725,1,1
188.800,100.000,105.083,1.722,13.387,101.722,1,1
188.900,100.000,105.075,1.719,13.387,101.719,1,1
189.000,100.000,105.067,1.716,13.386,101.716,1,1
189.100,100.000,105.058,1.713,13.386,101.713,1,1
189.200,100.000,105.050,1.710,13.386,101.710,1,1
189.300,100.000,105.041,1.707,13.385,101.707,1,1
189.400,100.000,105.033,1.704,13.385,101.704,1,1
189.500,100.000,105.025,1.701,13.384,101.701,1,1
189.600,100.000,105.016,1.698,13.384,101.698,1,1
189.700,100.000,105.008,1.694,13.383,101.694,1,1
189.800,100.000,104.999,1.691,13.383,101.691,1,1
189.900,100.000,104.991,1.688,13.382,101.688,1,1
190.000,100.000,104.983,1.685,13.382,101.685,1,1
190.100,100.000,104.975,1.682,13.381,101.682,1,1
190.200,100.000,104.966,1.679,13.381,101.679,1,1
190.300,100.000,104.958,1.676,13.380,101.676,1,1
190.400,100.000,104.950,1.673,13.380,101.673,1,1
190.500,100.000,104.942,1.670,13.379,101.670,1,1
190.600,100.000,104.933,1.667,13.379,101.667,1,1
190.700,100.000,104.925,1.664,13.379,101.664,1,1
190.800,100.000,104.917,1.661,13.378,101.661,1,1
190.900,100.000,104.909,1.658,13.378,101.658,1,1
191.000,100.000,104.901,1.655,13.377,101.655,1,1
191.100,100.000,104.892,1.652,13.377,101.652,1,1
191.200,100.000,104.884,1.649,13.376,101.649,1,1
191.300,100.000,104.876,1.646,13.376,101.646,1,1
191.400,100.000,104.868,1.643,13.375,101.643,1,1
191.500,100.000,104.860,1.640,13.375,101.640,1,1
191.600,100.000,104.852,1.637,13.374,101.637,1,1
191.700,100.000,104.844,1.634,13.374,101.634,1,1
191.800,100.000,104.836,1.632,13.373,101.632,1,1
191.900,100.000,104.828,1.629,13.373,101.629,1,1
192.000,100.000,104.820,1.626,13.373,101.626,1,1
192.100,100.000,104.812,1.623,13.372,101.623,1,1
192.200,100.000,104.804,1.620,13.372,101.620,1,1
192.300,100.000,104.796,1.617,13.371,101.617,1,1
192.400,100.000,104.788,1.614,13.371,101.614,1,1
192.500,100.000,104.780,1.611,13.370,101.611,1,1
192.600,100.000,104.772,1.608,13.370,101.608,1,1
192.700,100.000,104.764,1.605,13.369,101.605,1,1
192.800,100.000,104.756,1.602,13.369,101.602,1,1
192.900,100.000,104.748,1.600,13.369,101.600,1,1
193.000,100.000,104.740,1.597,13.368,101.597,1,1
193.100,100.000,104.732,1.594,13.368,101.594,1,1
193.200,100.000,104.724,1.591,13.367,101.591,1,1
193.300,100.000,104.716,1.588,13.367,101.588,1,1
193.400,100.000,104.709,1.585,13.366,101.585,1,1
193.500,100.000,104.701,1.582,13.366,101.582,1,1
193.600,100.000,104.693,1.580,13.365,101.580,1,1
193.700,100.000,104.685,1.577,13.365,101.577,1,1
193.800,100.000,104.677,1.574,13.365,101.574,1,1
193.900,100.000,104.670,1.571,13.364,101.571,1,1
194.000,100.000,104.662,1.568,13.364,101.568,1,1
194.100,100.000,104.654,1.565,13.363,101.565,1,1
194.200,100.000,104.646,1.563,13.363,101.563,1,1
194.300,100.000,104.639,1.560,13.362,101.560,1,1
194.400,100.000,104.631,1.557,13.362,101.557,1,1
194.500,100.000,104.623,1.554,13.362,101.554,1,1
194.600,100.000,104.615,1.551,13.361,101.551,1,1
194.700,100.000,104.608,1.549,13.361,101.549,1,1
194.800,100.000,104.600,1.546,13.360,101.546,1,1
194.900,100.000,104.592,1.543,13.360,101.543,1,1
195.000,100.000,104.585,1.540,13.359,101.540,1,1
195.100,100.000,104.577,1.538,13.359,101.538,1,1
195.200,100.000,104.570,1.535,13.359,101.535,1,1
195.300,100.000,104.562,1.532,13.358,101.532,1,1
195.400,100.000,104.554,1.529,13.358,101.529,1,1
195.500,100.000,104.547,1.527,13.357,101.527,1,1
195.600,100.000,104.539,1.524,13.357,101.524,1,1
195.700,100.000,104.532,1.521,13.356,101.521,1,1
195.800,100.000,104.524,1.518,13.356,101.518,1,1
195.900,100.000,104.517,1.516,13.356,101.516,1,1
196.000,100.000,104.509,1.513,13.355,101.513,1,1
196.100,100.000,104.502,1.510,13.355,101.510,1,1
196.200,100.000,104.494,1.508,13.354,101.508,1,1
196.300,100.000,104.487,1.505,13.354,101.505,1,1
196.400,100.000,104.479,1.502,13.354,101.502,1,1
196.500,100.000,104.472,1.500,13.353,101.500,1,1
196.600,100.000,104.464,1.497,13.353,101.497,1,1
196.700,100.000,104.457,1.494,13.352,101.494,1,1
196.800,100.000,104.449,1.492,13.352,101.492,1,1
196.900,100.000,104.442,1.489,13.351,101.489,1,1
197.000,100.000,104.435,1.486,13.351,101.486,1,1
197.100,100.000,104.427,1.484,13.351,101.484,1,1
197.200,100.000,104.420,1.481,13.350,101.481,1,1
197.300,100.000,104.412,1.478,13.350,101.478,1,1
197.400,100.000,104.405,1.476,13.349,101.476,1,1
197.500,100.000,104.398,1.473,13.349,101.473,1,1
197.600,100.000,104.390,1.470,13.349,101.470,1,1
197.700,100.000,104.383,1.468,13.348,101.468,1,1
197.800,100.000,104.376,1.465,13.348,101.465,1,1
197.900,100.000,104.369,1.462,13.347,101.462,1,1
198.000,100.000,104.361,1.460,13.347,101.460,1,1
198.100,100.000,104.354,1.457,13.347,101.457,1,1
198.200,100.000,104.347,1.455,13.346,101.455,1,1
198.300,100.000,104.340,1.452,13.346,101.452,1,1
198.400,100.000,104.332,1.449,13.345,101.449,1,1
198.500,100.000,104.325,1.447,13.345,101.447,1,1
198.600,100.000,104.318,1.444,13.345,101.444,1,1
198.700,100.000,104.311,1.442,13.344,101.442,1,1
198.800,100.000,104.304,1.439,13.344,101.439,1,1
198.900,100.000,104.296,1.437,13.343,101.437,1,1
199.000,100.000,104.289,1.434,13.343,101.434,1,1
199.100,100.000,104.282,1.431,13.343,101.431,1,1
199.200,100.000,104.275,1.429,13.342,101.429,1,1
199.300,100.000,104.268,1.426,13.342,101.426,1,1
199.400,100.000,104.261,1.424,13.341,101.424,1,1
199.500,100.000,104.254,1.421,13.341,101.421,1,1
199.600,100.000,104.247,1.419,13.341,101.419,1,1
199.700,100.000,104.240,1.416,13.340,101.416,1,1
199.800,100.000,104.233,1.414,13.340,101.414,1,1
199.900,100.000,104.226,1.411,13.339,101.411,1,1
200.000,100.000,104.218,1.409,13.339,101.409,1,1
200.100,100.000,104.211,1.406,13.339,101.406,1,1
200.200,100.000,104.204,1.404,13.338,101.404,1,1
200.300,100.000,104.197,1.401,13.338,101.401,1,1
200.400,100.000,104.190,1.399,13.337,101.399,1,1
200.500,100.000,104.183,1.396,13.337,101.396,1,1
200.600,100.000,104.177,1.394,13.337,101.394,1,1
200.700,100.000,104.170,1.391,13.336,101.391,1,1
200.800,100.000,104.163,1.389,13.336,101.389,1,1
200.900,100.000,104.156,1.386,13.335,101.386,1,1
201.000,100.000,104.149,1.384,13.335,101.384,1,1
201.100,100.000,104.142,1.381,13.335,101.381,1,1
201.200,100.000,104.135,1.379,13.334,101.379,1,1
201.300,100.000,104.128,1.376,13.334,101.376,1,1
201.400,100.000,104.121,1.374,13.334,101.374,1,1
201.500,100.000,104.114,1.372,13.333,101.372,1,1
201.600,100.000,104.108,1.369,13.333,101.369,1,1
201.700,100.000,104.101,1.367,13.332,101.367,1,1
201.800,100.000,104.094,1.364,13.332,101.364,1,1
201.900,100.000,104.087,1.362,13.332,101.362,1,1
202.000,100.000,104.080,1.359,13.331,101.359,1,1
202.100,100.000,104.074,1.357,13.331,101.357,1,1
202.200,100.000,104.067,1.355,13.331,101.355,1,1
202.300,100.000,104.060,1.352,13.330,101.352,1,1
202.400,100.000,104.053,1.350,13.330,101.350,1,1
202.500,100.000,104.046,1.347,13.329,101.347,1,1
202.600,100.000,104.040,1.345,13.329,101.345,1,1
202.700,100.000,104.033,1.343,13.329,101.343,1,1
202.800,100.000,104.026,1.340,13.328,101.340,1,1
202.900,100.000,104.020,1.338,13.328,101.338,1,1
203.000,100.000,104.013,1.335,13.328,101.335,1,1
203.100,100.000,104.006,1.333,13.327,101.333,1,1
203.200,100.000,104.000,1.331,13.327,101.331,1,1
203.300,100.000,103.993,1.328,13.326,101.328,1,1
203.400,100.000,103.986,1.326,13.326,101.326,1,1
203.500,100.000,103.980,1.324,13.326,101.324,1,1
203.600,100.000,103.973,1.321,13.325,101.321,1,1
203.700,100.000,103.966,1.319,13.325,101.319,1,1
203.800,100.000,103.960,1.317,13.325,101.317,1,1
203.900,100.000,103.953,1.314,13.324,101.314,1,1
204.000,100.000,103.947,1.312,13.324,101.312,1,1
204.100,100.000,103.940,1.310,13.324,101.310,1,1
204.200,100.000,103.934,1.307,13.323,101.307,1,1
204.300,100.000,103.927,1.305,13.323,101.305,1,1
204.400,100.000,103.920,1.303,13.322,101.303,1,1
204.500,100.000,103.914,1.300,13.322,101.300,1,1
204.600,100.000,103.907,1.298,13.322,101.298,1,1
204.700,100.000,103.901,1.296,13.321,101.296,1,1
204.800,100.000,103.894,1.293,13.321,101.293,1,1
204.900,100.000,103.888,1.291,13.321,101.291,1,1
205.000,100.000,103.881,1.289,13.320,101.289,1,1
205.100,100.000,103.875,1.287,13.320,101.287,1,1
205.200,100.000,103.869,1.284,13.320,101.284,1,1
205.300,100.000,103.862,1.282,13.319,101.282,1,1
205.400,100.000,103.856,1.280,13.319,101.280,1,1
205.500,100.000,103.849,1.278,13.318,101.278,1,1
205.600,100.000,103.843,1.275,13.318,101.275,1,1
205.700,100.000,103.836,1.273,13.318,101.273,1,1
205.800,100.000,103.830,1.271,13.317,101.271,1,1
205.900,100.000,103.824,1.268,13.317,101.268,1,1
206.000,100.000,103.817,1.266,13.317,101.266,1,1
206.100,100.000,103.811,1.264,13.316,101.264,1,1
206.200,100.000,103.805,1.262,13.316,101.262,1,1
206.300,100.000,103.798,1.260,13.316,101.260,1,1
206.400,100.000,103.792,1.257,13.315,101.257,1,1
206.500,100.000,103.786,1.255,13.315,101.255,1,1
206.600,100.000,103.779,1.253,13.315,101.253,1,1
206.700,100.000,103.773,1.251,13.314,101.251,1,1
206.800,100.000,103.767,1.248,13.314,101.248,1,1
206.900,100.000,103.761,1.246,13.314,101.246,1,1
207.000,100.000,103.754,1.244,13.313,101.244,1,1
207.100,100.000,103.748,1.242,13.313,101.242,1,1
207.200,100.000,103.742,1.240,13.313,101.240,1,1
207.300,100.000,103.736,1.237,13.312,101.237,1,1
207.400,100.000,103.729,1.235,13.312,101.235,1,1
207.500,100.000,103.723,1.233,13.312,101.233,1,1
207.600,100.000,103.717,1.231,13.311,101.231,1,1
207.700,100.000,103.711,1.229,13.311,101.229,1,1
207.800,100.000,103.705,1.227,13.310,101.227,1,1
207.900,100.000,103.698,1.224,13.310,101.224,1,1
208.000,100.000,103.692,1.222,13.310,101.222,1,1
208.100,100.000,103.686,1.220,13.309,101.220,1,1
208.200,100.000,103.680,1.218,13.309,101.218,1,1
208.300,100.000,103.674,1.216,13.309,101.216,1,1
208.400,100.000,103.668,1.214,13.308,101.214,1,1
208.500,100.000,103.662,1.211,13.308,101.211,1,1
208.600,100.000,103.656,1.209,13.308,101.209,1,1
208.700,100.000,103.650,1.207,13.307,101.207,1,1
208.800,100.000,103.643,1.205,13.307,101.205,1,1
208.900,100.000,103.637,1.203,13.307,101.203,1,1
209.000,100.000,103.631,1.201,13.306,101.201,1,1
209.100,100.000,103.625,1.199,13.306,101.199,1,1
209.200,100.000,103.619,1.197,13.306,101.197,1,1
209.300,100.000,103.613,1.194,13.305,101.194,1,1
209.400,100.000,103.607,1.192,13.305,101.192,1,1
209.500,100.000,103.601,1.190,13.305,101.190,1,1
209.600,100.000,103.595,1.188,13.304,101.188,1,1
209.700,100.000,103.589,1.186,13.304,101.186,1,1
209.800,100.000,103.583,1.184,13.304,101.184,1,1
209.900,100.000,103.577,1.182,13.303,101.182,1,1
210.000,100.000,103.571,1.180,13.303,101.180,1,1
210.100,100.000,103.565,1.178,13.303,101.178,1,1
210.200,100.000,103.559,1.176,13.302,101.176,1,1
210.300,100.000,103.554,1.174,13.302,101.174,1,1
210.400,100.000,103.548,1.171,13.302,101.171,1,1
210.500,100.000,103.542,1.169,13.302,101.169,1,1
210.600,100.000,103.536,1.167,13.301,101.167,1,1
210.700,100.000,103.530,1.165,13.301,101.165,1,1
210.800,100.000,103.524,1.163,13.301,101.163,1,1
210.900,100.000,103.518,1.161,13.300,101.161,1,1
211.000,100.000,103.512,1.159,13.300,101.159,1,1
211.100,100.000,103.507,1.157,13.300,101.157,1,1
211.200,100.000,103.501,1.155,13.299,101.155,1,1
211.300,100.000,103.495,1.153,13.299,101.153,1,1
211.400,100.000,103.489,1.151,13.299,101.151,1,1
211.500,100.000,103.483,1.149,13.298,101.149,1,1
211.600,100.000,103.477,1.147,13.298,101.147,1,1
211.700,100.000,103.472,1.145,13.298,101.145,1,1
211.800,100.000,103.466,1.143,13.297,101.143,1,1
211.900,100.000,103.460,1.141,13.297,101.141,1,1
212.000,100.000,103.454,1.139,13.297,101.139,1,1
212.100,100.000,103.449,1.137,13.296,101.137,1,1
212.200,100.000,103.443,1.135,13.296,101.135,1,1
212.300,100.000,103.437,1.133,13.296,101.133,1,1
212.400,100.000,103.431,1.131,13.295,101.131,1,1
212.500,100.000,103.426,1.129,13.295,101.129,1,1
212.600,100.000,103.420,1.127,13.295,101.127,1,1
212.700,100.000,103.414,1.125,13.295,101.125,1,1
212.800,100.000,103.409,1.123,13.294,101.123,1,1
212.900,100.000,103.403,1.121,13.294,101.121,1,1
213.000,100.000,103.397,1.119,13.294,101.119,1,1
213.100,100.000,103.392,1.117,13.293,101.117,1,1
213.200,100.000,103.386,1.115,13.293,101.115,1,1
213.300,100.000,103.380,1.113,13.293,101.113,1,1
213.400,100.000,103.375,1.111,13.292,101.111,1,1
213.500,100.000,103.369,1.109,13.292,101.109,1,1
213.600,100.000,103.364,1.107,13.292,101.107,1,1
213.700,100.000,103.358,1.105,13.291,101.105,1,1
213.800,100.000,103.352,1.103,13.291,101.103,1,1
213.900,100.000,103.347,1.101,13.291,101.101,1,1
214.000,100.000,103.341,1.100,13.291,101.100,1,1
214.100,100.000,103.336,1.098,13.290,101.098,1,1
214.200,100.000,103.330,1.096,13.290,101.096,1,1
214.300,100.000,103.325,1.094,13.290,101.094,1,1
214.400,100.000,103.319,1.092,13.289,101.092,1,1
214.500,100.000,103.314,1.090,13.289,101.090,1,1
214.600,100.000,103.308,1.088,13.289,101.088,1,1
214.700,100.000,103.302,1.086,13.288,101.086,1,1
214.800,100.000,103.297,1.084,13.288,101.084,1,1
214.900,100.000,103.292,1.082,13.288,101.082,1,1
215.000,100.000,103.286,1.080,13.287,101.080,1,1
215.100,100.000,103.281,1.078,13.287,101.078,1,1
215.200,100.000,103.275,1.077,13.287,101.077,1,1
215.300,100.000,103.270,1.075,13.287,101.075,1,1
215.400,100.000,103.264,1.073,13.286,101.073,1,1
215.500,100.000,103.259,1.071,13.286,101.071,1,1
215.600,100.000,103.253,1.069,13.286,101.069,1,1
215.700,100.000,103.248,1.067,13.285,101.067,1,1
215.800,100.000,103.243,1.065,13.285,101.065,1,1
215.900,100.000,103.237,1.063,13.285,101.063,1,1
216.000,100.000,103.232,1.062,13.285,101.062,1,1
216.100,100.000,103.226,1.060,13.284,101.060,1,1
216.200,100.000,103.221,1.058,13.284,101.058,1,1
216.300,100.000,103.216,1.056,13.284,101.056,1,1
216.400,100.000,103.210,1.054,13.283,101.054,1,1
216.500,100.000,103.205,1.052,13.283,101.052,1,1
216.600,100.000,103.200,1.050,13.283,101.050,1,1
216.700,100.000,103.194,1.049,13.282,101.049,1,1
216.800,100.000,103.189,1.047,13.282,101.047,1,1
216.900,100.000,103.184,1.045,13.282,101.045,1,1
217.000,100.000,103.178,1.043,13.282,101.043,1,1
217.100,100.000,103.173,1.041,13.281,101.041,1,1
217.200,100.000,103.168,1.039,13.281,101.039,1,1
217.300,100.000,103.163,1.038,13.281,101.038,1,1
217.400,100.000,103.157,1.036,13.280,101.036,1,1
217.500,100.000,103.152,1.034,13.280,101.034,1,1
217.600,100.000,103.147,1.032,13.280,101.032,1,1
217.700,100.000,103.142,1.030,13.280,101.030,1,1
217.800,100.000,103.136,1.029,13.279,101.029,1,1
217.900,100.000,103.131,1.027,13.279,101.027,1,1
218.000,100.000,103.126,1.025,13.279,101.025,1,1
218.100,100.000,103.121,1.023,13.278,101.023,1,1
218.200,100.000,103.116,1.021,13.278,101.021,1,1
218.300,100.000,103.110,1.020,13.278,101.020,1,1
218.400,100.000,103.105,1.018,13.278,101.018,1,1
218.500,100.000,103.100,1.016,13.277,101.016,1,1
218.600,100.000,103.095,1.014,13.277,101.014,1,1
218.700,100.000,103.090,1.012,13.277,101.012,1,1
218.800,100.000,103.085,1.011,13.276,101.011,1,1
218.900,100.000,103.079,1.009,13.276,101.009,1,1
219.000,100.000,103.074,1.007,13.276,101.007,1,1
219.100,100.000,103.069,1.005,13.276,101.005,1,1
219.200,100.000,103.064,1.004,13.275,101.004,1,1
219.300,100.000,103.059,1.002,13.275,101.002,1,1
219.400,100.000,103.054,1.000,13.275,101.000,1,1
219.500,100.000,103.049,0.998,13.275,100.998,1,1
219.600,100.000,103.044,0.997,13.274,100.997,1,1
219.700,100.000,103.039,0.995,13.274,100.995,1,1
219.800,100.000,103.034,0.993,13.274,100.993,1,1
219.900,100.000,103.029,0.991,13.273,100.991,1,1
220.000,100.000,103.024,0.990,13.273,100.990,1,1
220.100,100.000,103.018,0.988,13.273,100.988,1,1
220.200,100.000,103.013,0.986,13.273,100.986,1,1
220.300,100.000,103.008,0.985,13.272,100.985,1,1
220.400,100.000,103.003,0.983,13.272,100.983,1,1
220.500,100.000,102.998,0.981,13.272,100.981,1,1
220.600,100.000,102.993,0.979,13.271,100.979,1,1
220.700,100.000,102.988,0.978,13.271,100.978,1,1
220.800,100.000,102.983,0.976,13.271,100.976,1,1
220.900,100.000,102.979,0.974,13.271,100.974,1,1
221.000,100.000,102.974,0.973,13.270,100.973,1,1
221.100,100.000,102.969,0.971,13.270,100.971,1,1
221.200,100.000,102.964,0.969,13.270,100.969,1,1
221.300,100.000,102.959,0.967,13.270,100.967,1,1
221.400,100.000,102.954,0.966,13.269,100.966,1,1
221.500,100.000,102.949,0.964,13.269,100.964,1,1
221.600,100.000,102.944,0.962,13.269,100.962,1,1
221.700,100.000,102.939,0.961,13.269,100.961,1,1
221.800,100.000,102.934,0.959,13.268,100.959,1,1
221.900,100.000,102.929,0.957,13.268,100.957,1,1
222.000,100.000,102.924,0.956,13.268,100.956,1,1
222.100,100.000,102.920,0.954,13.267,100.954,1,1
222.200,100.000,102.915,0.952,13.267,100.952,1,1
222.300,100.000,102.910,0.951,13.267,100.951,1,1
222.400,100.000,102.905,0.949,13.267,100.949,1,1
222.500,100.000,102.900,0.947,13.266,100.947,1,1
222.600,100.000,102.895,0.946,13.266,100.946,1,1
222.700,100.000,102.891,0.944,13.266,100.944,1,1
222.800,100.000,102.886,0.942,13.266,100.942,1,1
222.900,100.000,102.881,0.941,13.265,100.941,1,1
223.000,100.000,102.876,0.939,13.265,100.939,1,1
223.100,100.000,102.871,0.938,13.265,100.938,1,1
223.200,100.000,102.867,0.936,13.265,100.936,1,1
223.300,100.000,102.862,0.934,13.264,100.934,1,1
223.400,100.000,102.857,0.933,13.264,100.933,1,1
223.500,100.000,102.852,0.931,13.264,100.931,1,1
223.600,100.000,102.848,0.929,13.264,100.929,1,1
223.700,100.000,102.843,0.928,13.263,100.928,1,1
223.800,100.000,102.838,0.926,13.263,100.926,1,1
223.900,100.000,102.833,0.925,13.263,100.925,1,1
224.000,100.000,102.829,0.923,13.263,100.923,1,1
224.100,100.000,102.824,0.921,13.262,100.921,1,1
224.200,100.000,102.819,0.920,13.262,100.920,1,1
224.300,100.000,102.815,0.918,13.262,100.918,1,1
224.400,100.000,102.810,0.917,13.261,100.917,1,1
224.500,100.000,102.805,0.915,13.261,100.915,1,1
224.600,100.000,102.801,0.913,13.261,100.913,1,1
224.700,100.000,102.796,0.912,13.261,100.912,1,1
224.800,100.000,102.791,0.910,13.260,100.910,1,1
224.900,100.000,102.787,0.909,13.260,100.909,1,1
225.000,100.000,102.782,0.907,13.260,100.907,1,1
225.100,100.000,102.777,0.905,13.260,100.905,1,1
225.200,100.000,102.773,0.904,13.259,100.904,1,1
225.300,100.000,102.768,0.902,13.259,100.902,1,1
225.400,100.000,102.763,0.901,13.259,100.901,1,1
225.500,100.000,102.759,0.899,13.259,100.899,1,1
225.600,100.000,102.754,0.898,13.258,100.898,1,1
225.700,100.000,102.750,0.896,13.258,100.896,1,1
225.800,100.000,102.745,0.894,13.258,100.894,1,1
225.900,100.000,102.741,0.893,13.258,100.893,1,1
226.000,100.000,102.736,0.891,13.257,100.891,1,1
226.100,100.000,102.731,0.890,13.257,100.890,1,1
226.200,100.000,102.727,0.888,13.257,100.888,1,1
226.300,100.000,102.722,0.887,13.257,100.887,1,1
226.400,100.000,102.718,0.885,13.256,100.885,1,1
226.500,100.000,102.713,0.884,13.256,100.884,1,1
226.600,100.000,102.709,0.882,13.256,100.882,1,1
226.700,100.000,102.704,0.881,13.256,100.881,1,1
226.800,100.000,102.700,0.879,13.256,100.879,1,1
226.900,100.000,102.695,0.877,13.255,100.877,1,1
227.000,100.000,102.691,0.876,13.255,100.876,1,1
227.100,100.000,102.686,0.874,13.255,100.874,1,1
227.200,100.000,102.682,0.873,13.255,100.873,1,1
227.300,100.000,102.677,0.871,13.254,100.871,1,1
227.400,100.000,102.673,0.870,13.254,100.870,1,1
227.500,100.000,102.669,0.868,13.254,100.868,1,1
227.600,100.000,102.664,0.867,13.254,100.867,1,1
227.700,100.000,102.660,0.865,13.253,100.865,1,1
227.800,100.000,102.655,0.864,13.253,100.864,1,1
227.900,100.000,102.651,0.862,13.253,100.862,1,1
228.000,100.000,102.646,0.861,13.253,100.861,1,1
228.100,100.000,102.642,0.859,13.252,100.859,1,1
228.200,100.000,102.638,0.858,13.252,100.858,1,1
228.300,100.000,102.633,0.856,13.252,100.856,1,1
228.400,100.000,102.629,0.855,13.252,100.855,1,1
228.500,100.000,102.624,0.853,13.251,100.853,1,1
228.600,100.000,102.620,0.852,13.251,100.852,1,1
228.700,100.000,102.616,0.850,13.251,100.850,1,1
228.800,100.000,102.611,0.849,13.251,100.849,1,1
228.900,100.000,102.607,0.847,13.250,100.847,1,1
229.000,100.000,102.603,0.846,13.250,100.846,1,1
229.100,100.000,102.598,0.845,13.250,100.845,1,1
229.200,100.000,102.594,0.843,13.250,100.843,1,1
229.300,100.000,102.590,0.842,13.250,100.842,1,1
229.400,100.000,102.585,0.840,13.249,100.840,1,1
229.500,100.000,102.581,0.839,13.249,100.839,1,1
229.600,100.000,102.577,0.837,13.249,100.837,1,1
229.700,100.000,102.573,0.836,13.249,100.836,1,1
229.800,100.000,102.568,0.834,13.248,100.834,1,1
229.900,100.000,102.564,0.833,13.248,100.833,1,1
230.000,100.000,102.560,0.831,13.248,100.831,1,1
230.100,100.000,102.555,0.830,13.248,100.830,1,1
230.200,100.000,102.551,0.829,13.247,100.829,1,1
230.300,100.000,102.547,0.827,13.247,100.827,1,1
230.400,100.000,102.543,0.826,13.247,100.826,1,1
230.500,100.000,102.538,0.824,13.247,100.824,1,1
230.600,100.000,102.534,0.823,13.247,100.823,1,1
230.700,100.000,102.530,0.821,13.246,100.821,1,1
230.800,100.000,102.526,0.820,13.246,100.820,1,1
230.900,100.000,102.522,0.819,13.246,100.819,1,1
231.000,100.000,102.517,0.817,13.246,100.817,1,1
231.100,100.000,102.513,0.816,13.245,100.816,1,1
231.200,100.000,102.509,0.814,13.245,100.814,1,1
231.300,100.000,102.505,0.813,13.245,100.813,1,1
231.400,100.000,102.501,0.811,13.245,100.811,1,1
231.500,100.000,102.497,0.810,13.245,100.810,1,1
231.600,100.000,102.492,0.809,13.244,100.809,1,1
231.700,100.000,102.488,0.807,13.244,100.807,1,1
231.800,100.000,102.484,0.806,13.244,100.806,1,1
231.900,100.000,102.480,0.804,13.244,100.804,1,1
232.000,100.000,102.476,0.803,13.243,100.803,1,1
232.100,100.000,102.472,0.802,13.243,100.802,1,1
232.200,100.000,102.468,0.800,13.243,100.800,1,1
232.300,100.000,102.464,0.799,13.243,100.799,1,1
232.400,100.000,102.459,0.798,13.242,100.798,1,1
232.500,100.000,102.455,0.796,13.242,100.796,1,1
232.600,100.000,102.451,0.795,13.242,100.795,1,1
232.700,100.000,102.447,0.793,13.242,100.793,1,1
232.800,100.000,102.443,0.792,13.242,100.792,1,1
232.900,100.000,102.439,0.791,13.241,100.791,1,1
233.000,100.000,102.435,0.789,13.241,100.789,1,1
233.100,100.000,102.431,0.788,13.241,100.788,1,1
233.200,100.000,102.427,0.787,13.241,100.787,1,1
233.300,100.000,102.423,0.785,13.241,100.785,1,1
233.400,100.000,102.419,0.784,13.240,100.784,1,1
233.500,100.000,102.415,0.782,13.240,100.782,1,1
233.600,100.000,102.411,0.781,13.240,100.781,1,1
233.700,100.000,102.407,0.780,13.240,100.780,1,1
233.800,100.000,102.403,0.778,13.239,100.778,1,1
233.900,100.000,102.399,0.777,13.239,100.777,1,1
234.000,100.000,102.395,0.776,13.239,100.776,1,1
234.100,100.000,102.391,0.774,13.239,100.774,1,1
234.200,100.000,102.387,0.773,13.239,100.773,1,1
234.300,100.000,102.383,0.772,13.238,100.772,1,1
234.400,100.000,102.379,0.770,13.238,100.770,1,1
234.500,100.000,102.375,0.769,13.238,100.769,1,1
234.600,100.000,102.371,0.768,13.238,100.768,1,1
234.700,100.000,102.367,0.766,13.238,100.766,1,1
234.800,100.000,102.363,0.765,13.237,100.765,1,1
234.900,100.000,102.359,0.764,13.237,100.764,1,1
235.000,100.000,102.355,0.762,13.237,100.762,1,1
235.100,100.000,102.351,0.761,13.237,100.761,1,1
235.200,100.000,102.347,0.760,13.236,100.760,1,1
235.300,100.000,102.343,0.758,13.236,100.758,1,1
235.400,100.000,102.340,0.757,13.236,100.757,1,1
235.500,100.000,102.336,0.756,13.236,100.756,1,1
235.600,100.000,102.332,0.755,13.236,100.755,1,1
235.700,100.000,102.328,0.753,13.235,100.753,1,1
235.800,100.000,102.324,0.752,13.235,100.752,1,1
235.900,100.000,102.320,0.751,13.235,100.751,1,1
236.000,100.000,102.316,0.749,13.235,100.749,1,1
236.100,100.000,102.312,0.748,13.235,100.748,1,1
236.200,100.000,102.309,0.747,13.234,100.747,1,1
236.300,100.000,102.305,0.745,13.234,100.745,1,1
236.400,100.000,102.301,0.744,13.234,100.744,1,1
236.500,100.000,102.297,0.743,13.234,100.743,1,1
236.600,100.000,102.293,0.742,13.234,100.742,1,1
236.700,100.000,102.289,0.740,13.233,100.740,1,1
236.800,100.000,102.286,0.739,13.233,100.739,1,1
236.900,100.000,102.282,0.738,13.233,100.738,1,1
237.000,100.000,102.278,0.736,13.233,100.736,1,1
237.100,100.000,102.274,0.735,13.233,100.735,1,1
237.200,100.000,102.270,0.734,13.232,100.734,1,1
237.300,100.000,102.267,0.733,13.232,100.733,1,1
237.400,100.000,102.263,0.731,13.232,100.731,1,1
237.500,100.000,102.259,0.730,13.232,100.730,1,1
237.600,100.000,102.255,0.729,13.231,100.729,1,1
237.700,100.000,102.252,0.728,13.231,100.728,1,1
237.800,100.000,102.248,0.726,13.231,100.726,1,1
237.900,100.000,102.244,0.725,13.231,100.725,1,1
238.000,100.000,102.240,0.724,13.231,100.724,1,1
238.100,100.000,102.237,0.723,13.230,100.723,1,1
238.200,100.000,102.233,0.721,13.230,100.721,1,1
238.300,100.000,102.229,0.720,13.230,100.720,1,1
238.400,100.000,102.226,0.719,13.230,100.719,1,1
238.500,100.000,102.222,0.718,13.230,100.718,1,1
238.600,100.000,102.218,0.716,13.229,100.716,1,1
238.700,100.000,102.214,0.715,13.229,100.715,1,1
238.800,100.000,102.211,0.714,13.229,100.714,1,1
238.900,100.000,102.207,0.713,13.229,100.713,1,1
239.000,100.000,102.203,0.711,13.229,100.711,1,1
239.100,100.000,102.200,0.710,13.228,100.710,1,1
239.200,100.000,102.196,0.709,13.228,100.709,1,1
239.300,100.000,102.192,0.708,13.228,100.708,1,1
239.400,100.000,102.189,0.707,13.228,100.707,1,1
239.500,100.000,102.185,0.705,13.228,100.705,1,1
239.600,100.000,102.182,0.704,13.228,100.704,1,1
239.700,100.000,102.178,0.703,13.227,100.703,1,1
239.800,100.000,102.174,0.702,13.227,100.702,1,1
239.900,100.000,102.171,0.700,13.227,100.700,1,1
240.000,100.000,102.167,0.699,13.227,100.699,1,1
240.100,100.000,102.163,0.698,13.227,100.698,1,1
240.200,100.000,102.160,0.697,13.226,100.697,1,1
240.300,100.000,102.156,0.696,13.226,100.696,1,1
240.400,100.000,102.153,0.694,13.226,100.694,1,1
240.500,100.000,102.149,0.693,13.226,100.693,1,1
240.600,100.000,102.145,0.692,13.226,100.692,1,1
240.700,100.000,102.142,0.691,13.225,100.691,1,1
240.800,100.000,102.138,0.690,13.225,100.690,1,1
240.900,100.000,102.135,0.689,13.225,100.689,1,1
241.000,100.000,102.131,0.687,13.225,100.687,1,1
241.100,100.000,102.128,0.686,13.225,100.686,1,1
241.200,100.000,102.124,0.685,13.224,100.685,1,1
241.300,100.000,102.121,0.684,13.224,100.684,1,1
241.400,100.000,102.117,0.683,13.224,100.683,1,1
241.500,100.000,102.114,0.681,13.224,100.681,1,1
241.600,100.000,102.110,0.680,13.224,100.680,1,1
241.700,100.000,102.107,0.679,13.223,100.679,1,1
241.800,100.000,102.103,0.678,13.223,100.678,1,1
241.900,100.000,102.100,0.677,13.223,100.677,1,1
242.000,100.000,102.096,0.676,13.223,100.676,1,1
242.100,100.000,102.093,0.674,13.223,100.674,1,1
242.200,100.000,102.089,0.673,13.223,100.673,1,1
242.300,100.000,102.086,0.672,13.222,100.672,1,1
242.400,100.000,102.082,0.671,13.222,100.671,1,1
242.500,100.000,102.079,0.670,13.222,100.670,1,1
242.600,100.000,102.075,0.669,13.222,100.669,1,1
242.700,100.000,102.072,0.667,13.222,100.667,1,1
242.800,100.000,102.068,0.666,13.221,100.666,1,1
242.900,100.000,102.065,0.665,13.221,100.665,1,1
243.000,100.000,102.061,0.664,13.221,100.664,1,1
243.100,100.000,102.058,0.663,13.221,100.663,1,1
243.200,100.000,102.055,0.662,13.221,100.662,1,1
243.300,100.000,102.051,0.661,13.221,100.661,1,1
243.400,100.000,102.048,0.659,13.220,100.659,1,1
243.500,100.000,102.044,0.658,13.220,100.658,1,1
243.600,100.000,102.041,0.657,13.220,100.657,1,1
243.700,100.000,102.038,0.656,13.220,100.656,1,1
243.800,100.000,102.034,0.655,13.220,100.655,1,1
243.900,100.000,102.031,0.654,13.219,100.654,1,1
244.000,100.000,102.027,0.653,13.219,100.653,1,1
244.100,100.000,102.024,0.652,13.219,100.652,1,1
244.200,100.000,102.021,0.650,13.219,100.650,1,1
244.300,100.000,102.017,0.649,13.219,100.649,1,1
244.400,100.000,102.014,0.648,13.219,100.648,1,1
244.500,100.000,102.011,0.647,13.218,100.647,1,1
244.600,100.000,102.007,0.646,13.218,100.646,1,1
244.700,100.000,102.004,0.645,13.218,100.645,1,1
244.800,100.000,102.001,0.644,13.218,100.644,1,1
244.900,100.000,101.997,0.643,13.218,100.643,1,1
245.000,100.000,101.994,0.642,13.217,100.642,1,1
245.100,100.000,101.991,0.640,13.217,100.640,1,1
245.200,100.000,101.987,0.639,13.217,100.639,1,1
245.300,100.000,101.984,0.638,13.217,100.638,1,1
245.400,100.000,101.981,0.637,13.217,100.637,1,1
245.500,100.000,101.977,0.636,13.217,100.636,1,1
245.600,100.000,101.974,0.635,13.216,100.635,1,1
245.700,100.000,101.971,0.634,13.216,100.634,1,1
245.800,100.000,101.968,0.633,13.216,100.633,1,1
245.900,100.000,101.964,0.632,13.216,100.632,1,1
246.000,100.000,101.961,0.631,13.216,100.631,1,1
246.100,100.000,101.958,0.630,13.215,100.630,1,1
246.200,100.000,101.954,0.628,13.215,100.628,1,1
246.300,100.000,101.951,0.627,13.215,100.627,1,1
246.400,100.000,101.948,0.626,13.215,100.626,1,1
246.500,100.000,101.945,0.625,13.215,100.625,1,1
246.600,100.000,101.941,0.624,13.215,100.624,1,1
246.700,100.000,101.938,0.623,13.214,100.623,1,1
246.800,100.000,101.935,0.622,13.214,100.622,1,1
246.900,100.000,101.932,0.621,13.214,100.621,1,1
247.000,100.000,101.929,0.620,13.214,100.620,1,1
247.100,100.000,101.925,0.619,13.214,100.619,1,1
247.200,100.000,101.922,0.618,13.214,100.618,1,1
247.300,100.000,101.919,0.617,13.213,100.617,1,1
247.400,100.000,101.916,0.616,13.213,100.616,1,1
247.500,100.000,101.913,0.615,13.213,100.615,1,1
247.600,100.000,101.909,0.614,13.213,100.614,1,1
247.700,100.000,101.906,0.612,13.213,100.612,1,1
247.800,100.000,101.903,0.611,13.213,100.611,1,1
247.900,100.000,101.900,0.610,13.212,100.610,1,1
248.000,100.000,101.897,0.609,13.212,100.609,1,1
248.100,100.000,101.894,0.608,13.212,100.608,1,1
248.200,100.000,101.890,0.607,13.212,100.607,1,1
248.300,100.000,101.887,0.606,13.212,100.606,1,1
248.400,100.000,101.884,0.605,13.212,100.605,1,1
248.500,100.000,101.881,0.604,13.211,100.604,1,1
248.600,100.000,101.878,0.603,13.211,100.603,1,1
248.700,100.000,101.875,0.602,13.211,100.602,1,1
248.800,100.000,101.872,0.601,13.211,100.601,1,1
248.900,100.000,101.869,0.600,13.211,100.600,1,1
249.000,100.000,101.865,0.599,13.211,100.599,1,1
249.100,100.000,101.862,0.598,13.210,100.598,1,1
249.200,100.000,101.859,0.597,13.210,100.597,1,1
249.300,100.000,101.856,0.596,13.210,100.596,1,1
249.400,100.000,101.853,0.595,13.210,100.595,1,1
249.500,100.000,101.850,0.594,13.210,100.594,1,1
249.600,100.000,101.847,0.593,13.210,100.593,1,1
249.700,100.000,101.844,0.592,13.209,100.592,1,1
249.800,100.000,101.841,0.591,13.209,100.591,1,1
249.900,100.000,101.838,0.590,13.209,100.590,1,1
250.000,100.000,101.835,0.589,13.209,100.589,1,1
250.100,100.000,101.832,0.588,13.209,100.588,1,1
250.200,100.000,101.829,0.587,13.209,100.587,1,1
250.300,100.000,101.825,0.586,13.208,100.586,1,1
250.400,100.000,101.822,0.585,13.208,100.585,1,1
250.500,100.000,101.819,0.584,13.208,100.584,1,1
250.600,100.000,101.816,0.583,13.208,100.583,1,1
250.700,100.000,101.813,0.582,13.208,100.582,1,1
250.800,100.000,101.810,0.581,13.208,100.581,1,1
250.900,100.000,101.807,0.580,13.207,100.580,1,1
251.000,100.000,101.804,0.579,13.207,100.579,1,1
251.100,100.000,101.801,0.578,13.207,100.578,1,1
251.200,100.000,101.798,0.577,13.207,100.577,1,1
251.300,100.000,101.795,0.576,13.207,100.576,1,1
251.400,100.000,101.792,0.575,13.207,100.575,1,1
251.500,100.000,101.789,0.574,13.206,100.574,1,1
251.600,100.000,101.786,0.573,13.206,100.573,1,1
251.700,100.000,101.783,0.572,13.206,100.572,1,1
251.800,100.000,101.780,0.571,13.206,100.571,1,1
251.900,100.000,101.777,0.570,13.206,100.570,1,1
252.000,100.000,101.775,0.569,13.206,100.569,1,1
252.100,100.000,101.772,0.568,13.206,100.568,1,1
252.200,100.000,101.769,0.567,13.205,100.567,1,1
252.300,100.000,101.766,0.566,13.205,100.566,1,1
252.400,100.000,101.763,0.565,13.205,100.565,1,1
252.500,100.000,101.760,0.564,13.205,100.564,1,1
252.600,100.000,101.757,0.563,13.205,100.563,1,1
252.700,100.000,101.754,0.562,13.205,100.562,1,1
252.800,100.000,101.751,0.561,13.204,100.561,1,1
252.900,100.000,101.748,0.560,13.204,100.560,1,1
253.000,100.000,101.745,0.559,13.204,100.559,1,1
253.100,100.000,101.742,0.558,13.204,100.558,1,1
253.200,100.000,101.739,0.557,13.204,100.557,1,1
253.300,100.000,101.737,0.556,13.204,100.556,1,1
253.400,100.000,101.734,0.555,13.204,100.555,1,1
253.500,100.000,101.731,0.554,13.203,100.554,1,1
253.600,100.000,101.728,0.553,13.203,100.553,1,1
253.700,100.000,101.725,0.553,13.203,100.553,1,1
253.800,100.000,101.722,0.552,13.203,100.552,1,1
253.900,100.000,101.719,0.551,13.203,100.551,1,1
254.000,100.000,101.716,0.550,13.203,100.550,1,1
254.100,100.000,101.714,0.549,13.202,100.549,1,1
254.200,100.000,101.711,0.548,13.202,100.548,1,1
254.300,100.000,101.708,0.547,13.202,100.547,1,1
254.400,100.000,101.705,0.546,13.202,100.546,1,1
254.500,100.000,101.702,0.545,13.202,100.545,1,1
254.600,100.000,101.699,0.544,13.202,100.544,1,1
254.700,100.000,101.696,0.543,13.202,100.543,1,1
254.800,100.000,101.694,0.542,13.201,100.542,1,1
254.900,100.000,101.691,0.541,13.201,100.541,1,1
255.000,100.000,101.688,0.540,13.201,100.540,1,1
255.100,100.000,101.685,0.539,13.201,100.539,1,1
255.200,100.000,101.682,0.539,13.201,100.539,1,1
255.300,100.000,101.680,0.538,13.201,100.538,1,1
255.400,100.000,101.677,0.537,13.200,100.537,1,1
255.500,100.000,101.674,0.536,13.200,100.536,1,1
255.600,100.000,101.671,0.535,13.200,100.535,1,1
255.700,100.000,101.668,0.534,13.200,100.534,1,1
255.800,100.000,101.666,0.533,13.200,100.533,1,1
255.900,100.000,101.663,0.532,13.200,100.532,1,1
256.000,100.000,101.660,0.531,13.200,100.531,1,1
256.100,100.000,101.657,0.530,13.199,100.530,1,1
256.200,100.000,101.655,0.529,13.199,100.529,1,1
256.300,100.000,101.652,0.528,13.199,100.528,1,1
256.400,100.000,101.649,0.528,13.199,100.528,1,1
256.500,100.000,101.646,0.527,13.199,100.527,1,1
256.600,100.000,101.644,0.526,13.199,100.526,1,1
256.700,100.000,101.641,0.525,13.199,100.525,1,1
256.800,100.000,101.638,0.524,13.198,100.524,1,1
256.900,100.000,101.635,0.523,13.198,100.523,1,1
257.000,100.000,101.633,0.522,13.198,100.522,1,1
257.100,100.000,101.630,0.521,13.198,100.521,1,1
257.200,100.000,101.627,0.520,13.198,100.520,1,1
257.300,100.000,101.625,0.520,13.198,100.520,1,1
257.400,100.000,101.622,0.519,13.198,100.519,1,1
257.500,100.000,101.619,0.518,13.197,100.518,1,1
257.600,100.000,101.617,0.517,13.197,100.517,1,1
257.700,100.000,101.614,0.516,13.197,100.516,1,1
257.800,100.000,101.611,0.515,13.197,100.515,1,1
257.900,100.000,101.608,0.514,13.197,100.514,1,1
258.000,100.000,101.606,0.513,13.197,100.513,1,1
258.100,100.000,101.603,0.512,13.197,100.512,1,1
258.200,100.000,101.600,0.512,13.196,100.512,1,1
258.300,100.000,101.598,0.511,13.196,100.511,1,1
258.400,100.000,101.595,0.510,13.196,100.510,1,1
258.500,100.000,101.592,0.509,13.196,100.509,1,1
258.600,100.000,101.590,0.508,13.196,100.508,1,1
258.700,100.000,101.587,0.507,13.196,100.507,1,1
258.800,100.000,101.585,0.506,13.196,100.506,1,1
258.900,100.000,101.582,0.506,13.195,100.506,1,1
259.000,100.000,101.579,0.505,13.195,100.505,1,1
259.100,100.000,101.577,0.504,13.195,100.504,1,1
259.200,100.000,101.574,0.503,13.195,100.503,1,1
259.300,100.000,101.571,0.502,13.195,100.502,1,1
259.400,100.000,101.569,0.501,13.195,100.501,1,1
259.500,100.000,101.566,0.500,13.195,100.500,1,1
259.600,100.000,101.564,0.499,13.194,100.499,1,1
259.700,100.000,101.561,0.499,13.194,100.499,1,1
259.800,100.000,101.558,0.498,13.194,100.498,1,1
259.900,100.000,101.556,0.497,13.194,100.497,1,1
260.000,100.000,101.553,0.496,13.194,100.496,1,1
260.100,100.000,101.551,0.495,13.194,100.495,1,1
260.200,100.000,101.548,0.494,13.194,100.494,1,1
260.300,100.000,101.545,0.494,13.193,100.494,1,1
260.400,100.000,101.543,0.493,13.193,100.493,1,1
260.500,100.000,101.540,0.492,13.193,100.492,1,1
260.600,100.000,101.538,0.491,13.193,100.491,1,1
260.700,100.000,101.535,0.490,13.193,100.490,1,1
260.800,100.000,101.533,0.489,13.193,100.489,1,1
260.900,100.000,101.530,0.489,13.193,100.489,1,1
261.000,100.000,101.528,0.488,13.193,100.488,1,1
261.100,100.000,101.525,0.487,13.192,100.487,1,1
261.200,100.000,101.522,0.486,13.192,100.486,1,1
261.300,100.000,101.520,0.485,13.192,100.485,1,1
261.400,100.000,101.517,0.484,13.192,100.484,1,1
261.500,100.000,101.515,0.484,13.192,100.484,1,1
261.600,100.000,101.512,0.483,13.192,100.483,1,1
261.700,100.000,101.510,0.482,13.192,100.482,1,1
261.800,100.000,101.507,0.481,13.191,100.481,1,1
261.900,100.000,101.505,0.480,13.191,100.480,1,1
262.000,100.000,101.502,0.479,13.191,100.479,1,1
262.100,100.000,101.500,0.479,13.191,100.479,1,1
262.200,100.000,101.497,0.478,13.191,100.478,1,1
262.300,100.000,101.495,0.477,13.191,100.477,1,1
262.400,100.000,101.492,0.476,13.191,100.476,1,1
262.500,100.000,101.490,0.475,13.191,100.475,1,1
262.600,100.000,101.487,0.475,13.190,100.475,1,1
262.700,100.000,101.485,0.474,13.190,100.474,1,1
262.800,100.000,101.482,0.473,13.190,100.473,1,1
262.900,100.000,101.480,0.472,13.190,100.472,1,1
263.000,100.000,101.477,0.471,13.190,100.471,1,1
263.100,100.000,101.475,0.471,13.190,100.471,1,1
263.200,100.000,101.473,0.470,13.190,100.470,1,1
263.300,100.000,101.470,0.469,13.189,100.469,1,1
263.400,100.000,101.468,0.468,13.189,100.468,1,1
263.500,100.000,101.465,0.467,13.189,100.467,1,1
263.600,100.000,101.463,0.467,13.189,100.467,1,1
263.700,100.000,101.460,0.466,13.189,100.466,1,1
263.800,100.000,101.458,0.465,13.189,100.465,1,1
263.900,100.000,101.456,0.464,13.189,100.464,1,1
264.000,100.000,101.453,0.463,13.189,100.463,1,1
264.100,100.000,101.451,0.463,13.188,100.463,1,1
264.200,100.000,101.448,0.462,13.188,100.462,1,1
264.300,100.000,101.446,0.461,13.188,100.461,1,1
264.400,100.000,101.443,0.460,13.188,100.460,1,1
264.500,100.000,101.441,0.459,13.188,100.459,1,1
264.600,100.000,101.439,0.459,13.188,100.459,1,1
264.700,100.000,101.436,0.458,13.188,100.458,1,1
264.800,100.000,101.434,0.457,13.188,100.457,1,1
264.900,100.000,101.431,0.456,13.187,100.456,1,1
265.000,100.000,101.429,0.456,13.187,100.456,1,1
265.100,100.000,101.427,0.455,13.187,100.455,1,1
265.200,100.000,101.424,0.454,13.187,100.454,1,1
265.300,100.000,101.422,0.453,13.187,100.453,1,1
265.400,100.000,101.420,0.452,13.187,100.452,1,1
265.500,100.000,101.417,0.452,13.187,100.452,1,1
265.600,100.000,101.415,0.451,13.187,100.451,1,1
265.700,100.000,101.413,0.450,13.186,100.450,1,1
265.800,100.000,101.410,0.449,13.186,100.449,1,1
265.900,100.000,101.408,0.449,13.186,100.449,1,1
266.000,100.000,101.405,0.448,13.186,100.448,1,1
266.100,100.000,101.403,0.447,13.186,100.447,1,1
266.200,100.000,101.401,0.446,13.186,100.446,1,1
266.300,100.000,101.398,0.446,13.186,100.446,1,1
266.400,100.000,101.396,0.445,13.186,100.445,1,1
266.500,100.000,101.394,0.444,13.185,100.444,1,1
266.600,100.000,101.392,0.443,13.185,100.443,1,1
266.700,100.000,101.389,0.443,13.185,100.443,1,1
266.800,100.000,101.387,0.442,13.185,100.442,1,1
266.900,100.000,101.385,0.441,13.185,100.441,1,1
267.000,100.000,101.382,0.440,13.185,100.440,1,1
267.100,100.000,101.380,0.439,13.185,100.439,1,1
267.200,100.000,101.378,0.439,13.185,100.439,1,1
267.300,100.000,101.375,0.438,13.184,100.438,1,1
267.400,100.000,101.373,0.437,13.184,100.437,1,1
267.500,100.000,101.371,0.437,13.184,100.437,1,1
267.600,100.000,101.369,0.436,13.184,100.436,1,1
267.700,100.000,101.366,0.435,13.184,100.435,1,1
267.800,100.000,101.364,0.434,13.184,100.434,1,1
267.900,100.000,101.362,0.434,13.184,100.434,1,1
268.000,100.000,101.359,0.433,13.184,100.433,1,1
268.100,100.000,101.357,0.432,13.183,100.432,1,1
268.200,100.000,101.355,0.431,13.183,100.431,1,1
268.300,100.000,101.353,0.431,13.183,100.431,1,1
268.400,100.000,101.350,0.430,13.183,100.430,1,1
268.500,100.000,101.348,0.429,13.183,100.429,1,1
268.600,100.000,101.346,0.428,13.183,100.428,1,1
268.700,100.000,101.344,0.428,13.183,100.428,1,1
268.800,100.000,101.341,0.427,13.183,100.427,1,1
268.900,100.000,101.339,0.426,13.183,100.426,1,1
269.000,100.000,101.337,0.426,13.182,100.426,1,1
269.100,100.000,101.335,0.425,13.182,100.425,1,1
269.200,100.000,101.333,0.424,13.182,100.424,1,1
269.300,100.000,101.330,0.423,13.182,100.423,1,1
269.400,100.000,101.328,0.423,13.182,100.423,1,1
269.500,100.000,101.326,0.422,13.182,100.422,1,1
269.600,100.000,101.324,0.421,13.182,100.421,1,1
269.700,100.000,101.322,0.420,13.182,100.420,1,1
269.800,100.000,101.319,0.420,13.181,100.420,1,1
269.900,100.000,101.317,0.419,13.181,100.419,1,1
270.000,100.000,101.315,0.418,13.181,100.418,1,1
270.100,100.000,101.313,0.418,13.181,100.418,1,1
270.200,100.000,101.311,0.417,13.181,100.417,1,1
270.300,100.000,101.308,0.416,13.181,100.416,1,1
270.400,100.000,101.306,0.415,13.181,100.415,1,1
270.500,100.000,101.304,0.415,13.181,100.415,1,1
270.600,100.000,101.302,0.414,13.181,100.414,1,1
270.700,100.000,101.300,0.413,13.180,100.413,1,1
270.800,100.000,101.298,0.413,13.180,100.413,1,1
270.900,100.000,101.295,0.412,13.180,100.412,1,1
271.000,100.000,101.293,0.411,13.180,100.411,1,1
271.100,100.000,101.291,0.411,13.180,100.411,1,1
271.200,100.000,101.289,0.410,13.180,100.410,1,1
271.300,100.000,101.287,0.409,13.180,100.409,1,1
271.400,100.000,101.285,0.408,13.180,100.408,1,1
271.500,100.000,101.282,0.408,13.180,100.408,1,1
271.600,100.000,101.280,0.407,13.179,100.407,1,1
271.700,100.000,101.278,0.406,13.179,100.406,1,1
271.800,100.000,101.276,0.406,13.179,100.406,1,1
271.900,100.000,101.274,0.405,13.179,100.405,1,1
272.000,100.000,101.272,0.404,13.179,100.404,1,1
272.100,100.000,101.270,0.404,13.179,100.404,1,1
272.200,100.000,101.268,0.403,13.179,100.403,1,1
272.300,100.000,101.266,0.402,13.179,100.402,1,1
272.400,100.000,101.263,0.402,13.178,100.402,1,1
272.500,100.000,101.261,0.401,13.178,100.401,1,1
272.600,100.000,101.259,0.400,13.178,100.400,1,1
272.700,100.000,101.257,0.400,13.178,100.400,1,1
272.800,100.000,101.255,0.399,13.178,100.399,1,1
272.900,100.000,101.253,0.398,13.178,100.398,1,1
273.000,100.000,101.251,0.398,13.178,100.398,1,1
273.100,100.000,101.249,0.397,13.178,100.397,1,1
273.200,100.000,101.247,0.396,13.178,100.396,1,1
273.300,100.000,101.245,0.395,13.178,100.395,1,1
273.400,100.000,101.243,0.395,13.177,100.395,1,1
273.500,100.000,101.240,0.394,13.177,100.394,1,1
273.600,100.000,101.238,0.393,13.177,100.393,1,1
273.700,100.000,101.236,0.393,13.177,100.393,1,1
273.800,100.000,101.234,0.392,13.177,100.392,1,1
273.900,100.000,101.232,0.391,13.177,100.391,1,1
274.000,100.000,101.230,0.391,13.177,100.391,1,1
274.100,100.000,101.228,0.390,13.177,100.390,1,1
274.200,100.000,101.226,0.389,13.177,100.389,1,1
274.300,100.000,101.224,0.389,13.176,100.389,1,1
274.400,100.000,101.222,0.388,13.176,100.388,1,1
274.500,100.000,101.220,0.388,13.176,100.388,1,1
274.600,100.000,101.218,0.387,13.176,100.387,1,1
274.700,100.000,101.216,0.386,13.176,100.386,1,1
274.800,100.000,101.214,0.386,13.176,100.386,1,1
274.900,100.000,101.212,0.385,13.176,100.385,1,1
275.000,100.000,101.210,0.384,13.176,100.384,1,1
275.100,100.000,101.208,0.384,13.176,100.384,1,1
275.200,100.000,101.206,0.383,13.175,100.383,1,1
275.300,100.000,101.204,0.382,13.175,100.382,1,1
275.400,100.000,101.202,0.382,13.175,100.382,1,1
275.500,100.000,101.200,0.381,13.175,100.381,1,1
275.600,100.000,101.198,0.380,13.175,100.380,1,1
275.700,100.000,101.196,0.380,13.175,100.380,1,1
275.800,100.000,101.194,0.379,13.175,100.379,1,1
275.900,100.000,101.192,0.378,13.175,100.378,1,1
276.000,100.000,101.190,0.378,13.175,100.378,1,1
276.100,100.000,101.188,0.377,13.175,100.377,1,1
276.200,100.000,101.186,0.376,13.174,100.376,1,1
276.300,100.000,101.184,0.376,13.174,100.376,1,1
276.400,100.000,101.182,0.375,13.174,100.375,1,1
276.500,100.000,101.180,0.375,13.174,100.375,1,1
276.600,100.000,101.178,0.374,13.174,100.374,1,1
276.700,100.000,101.176,0.373,13.174,100.373,1,1
276.800,100.000,101.174,0.373,13.174,100.373,1,1
276.900,100.000,101.172,0.372,13.174,100.372,1,1
277.000,100.000,101.170,0.371,13.174,100.371,1,1
277.100,100.000,101.168,0.371,13.173,100.371,1,1
277.200,100.000,101.166,0.370,13.173,100.370,1,1
277.300,100.000,101.164,0.370,13.173,100.370,1,1
277.400,100.000,101.162,0.369,13.173,100.369,1,1
277.500,100.000,101.161,0.368,13.173,100.368,1,1
277.600,100.000,101.159,0.368,13.173,100.368,1,1
277.700,100.000,101.157,0.367,13.173,100.367,1,1
277.800,100.000,101.155,0.366,13.173,100.366,1,1
277.900,100.000,101.153,0.366,13.173,100.366,1,1
278.000,100.000,101.151,0.365,13.173,100.365,1,1
278.100,100.000,101.149,0.365,13.172,100.365,1,1
278.200,100.000,101.147,0.364,13.172,100.364,1,1
278.300,100.000,101.145,0.363,13.172,100.363,1,1
278.400,100.000,101.143,0.363,13.172,100.363,1,1
278.500,100.000,101.141,0.362,13.172,100.362,1,1
278.600,100.000,101.139,0.361,13.172,100.361,1,1
278.700,100.000,101.138,0.361,13.172,100.361,1,1
278.800,100.000,101.136,0.360,13.172,100.360,1,1
278.900,100.000,101.134,0.360,13.172,100.360,1,1
279.000,100.000,101.132,0.359,13.172,100.359,1,1
279.100,100.000,101.130,0.358,13.171,100.358,1,1
279.200,100.000,101.128,0.358,13.171,100.358,1,1
279.300,100.000,101.126,0.357,13.171,100.357,1,1
279.400,100.000,101.124,0.357,13.171,100.357,1,1
279.500,100.000,101.123,0.356,13.171,100.356,1,1
279.600,100.000,101.121,0.355,13.171,100.355,1,1
279.700,100.000,101.119,0.355,13.171,100.355,1,1
279.800,100.000,101.117,0.354,13.171,100.354,1,1
279.900,100.000,101.115,0.354,13.171,100.354,1,1
280.000,100.000,101.113,0.353,13.171,100.353,1,1
280.100,100.000,101.111,0.352,13.170,100.352,1,1
280.200,100.000,101.110,0.352,13.170,100.352,1,1
280.300,100.000,101.108,0.351,13.170,100.351,1,1
280.400,100.000,101.106,0.351,13.170,100.351,1,1
280.500,100.000,101.104,0.350,13.170,100.350,1,1
280.600,100.000,101.102,0.349,13.170,100.349,1,1
280.700,100.000,101.100,0.349,13.170,100.349,1,1
280.800,100.000,101.098,0.348,13.170,100.348,1,1
280.900,100.000,101.097,0.348,13.170,100.348,1,1
281.000,100.000,101.095,0.347,13.170,100.347,1,1
281.100,100.000,101.093,0.346,13.169,100.346,1,1
281.200,100.000,101.091,0.346,13.169,100.346,1,1
281.300,100.000,101.089,0.345,13.169,100.345,1,1
281.400,100.000,101.088,0.345,13.169,100.345,1,1
281.500,100.000,101.086,0.344,13.169,100.344,1,1
281.600,100.000,101.084,0.344,13.169,100.344,1,1
281.700,100.000,101.082,0.343,13.169,100.343,1,1
281.800,100.000,101.080,0.342,13.169,100.342,1,1
281.900,100.000,101.079,0.342,13.169,100.342,1,1
282.000,100.000,101.077,0.341,13.169,100.341,1,1
282.100,100.000,101.075,0.341,13.169,100.341,1,1
282.200,100.000,101.073,0.340,13.168,100.340,1,1
282.300,100.000,101.071,0.339,13.168,100.339,1,1
282.400,100.000,101.070,0.339,13.168,100.339,1,1
282.500,100.000,101.068,0.338,13.168,100.338,1,1
282.600,100.000,101.066,0.338,13.168,100.338,1,1
282.700,100.000,101.064,0.337,13.168,100.337,1,1
282.800,100.000,101.062,0.337,13.168,100.337,1,1
282.900,100.000,101.061,0.336,13.168,100.336,1,1
283.000,100.000,101.059,0.335,13.168,100.335,1,1
283.100,100.000,101.057,0.335,13.168,100.335,1,1
283.200,100.000,101.055,0.334,13.167,100.334,1,1
283.300,100.000,101.054,0.334,13.167,100.334,1,1
283.400,100.000,101.052,0.333,13.167,100.333,1,1
283.500,100.000,101.050,0.333,13.167,100.333,1,1
283.600,100.000,101.048,0.332,13.167,100.332,1,1
283.700,100.000,101.047,0.332,13.167,100.332,1,1
283.800,100.000,101.045,0.331,13.167,100.331,1,1
283.900,100.000,101.043,0.330,13.167,100.330,1,1
284.000,100.000,101.041,0.330,13.167,100.330,1,1
284.100,100.000,101.040,0.329,13.167,100.329,1,1
284.200,100.000,101.038,0.329,13.167,100.329,1,1
284.300,100.000,101.036,0.328,13.166,100.328,1,1
284.400,100.000,101.035,0.328,13.166,100.328,1,1
284.500,100.000,101.033,0.327,13.166,100.327,1,1
284.600,100.000,101.031,0.326,13.166,100.326,1,1
284.700,100.000,101.029,0.326,13.166,100.326,1,1
284.800,100.000,101.028,0.325,13.166,100.325,1,1
284.900,100.000,101.026,0.325,13.166,100.325,1,1
285.000,100.000,101.024,0.324,13.166,100.324,1,1
285.100,100.000,101.023,0.324,13.166,100.324,1,1
285.200,100.000,101.021,0.323,13.166,100.323,1,1
285.300,100.000,101.019,0.323,13.166,100.323,1,1
285.400,100.000,101.017,0.322,13.165,100.322,1,1
285.500,100.000,101.016,0.322,13.165,100.322,1,1
285.600,100.000,101.014,0.321,13.165,100.321,1,1
285.700,100.000,101.012,0.320,13.165,100.320,1,1
285.800,100.000,101.011,0.320,13.165,100.320,1,1
285.900,100.000,101.009,0.319,13.165,100.319,1,1
286.000,100.000,101.007,0.319,13.165,100.319,1,1
286.100,100.000,101.006,0.318,13.165,100.318,1,1
286.200,100.000,101.004,0.318,13.165,100.318,1,1
286.300,100.000,101.002,0.317,13.165,100.317,1,1
286.400,100.000,101.001,0.317,13.165,100.317,1,1
286.500,100.000,100.999,0.316,13.165,100.316,1,1
286.600,100.000,100.997,0.316,13.164,100.316,1,1
286.700,100.000,100.996,0.315,13.164,100.315,1,1
286.800,100.000,100.994,0.315,13.164,100.315,1,1
286.900,100.000,100.992,0.314,13.164,100.314,1,1
287.000,100.000,100.991,0.313,13.164,100.313,1,1
287.100,100.000,100.989,0.313,13.164,100.313,1,1
287.200,100.000,100.987,0.312,13.164,100.312,1,1
287.300,100.000,100.986,0.312,13.164,100.312,1,1
287.400,100.000,100.984,0.311,13.164,100.311,1,1
287.500,100.000,100.983,0.311,13.164,100.311,1,1
287.600,100.000,100.981,0.310,13.164,100.310,1,1
287.700,100.000,100.979,0.310,13.163,100.310,1,1
287.800,100.000,100.978,0.309,13.163,100.309,1,1
287.900,100.000,100.976,0.309,13.163,100.309,1,1
288.000,100.000,100.974,0.308,13.163,100.308,1,1
288.100,100.000,100.973,0.308,13.163,100.308,1,1
288.200,100.000,100.971,0.307,13.163,100.307,1,1
288.300,100.000,100.970,0.307,13.163,100.307,1,1
288.400,100.000,100.968,0.306,13.163,100.306,1,1
288.500,100.000,100.966,0.306,13.163,100.306,1,1
288.600,100.000,100.965,0.305,13.163,100.305,1,1
288.700,100.000,100.963,0.305,13.163,100.305,1,1
288.800,100.000,100.961,0.304,13.163,100.304,1,1
288.900,100.000,100.960,0.304,13.162,100.304,1,1
289.000,100.000,100.958,0.303,13.162,100.303,1,1
289.100,100.000,100.957,0.303,13.162,100.303,1,1
289.200,100.000,100.955,0.302,13.162,100.302,1,1
289.300,100.000,100.953,0.302,13.162,100.302,1,1
289.400,100.000,100.952,0.301,13.162,100.301,1,1
289.500,100.000,100.950,0.300,13.162,100.300,1,1
289.600,100.000,100.949,0.300,13.162,100.300,1,1
289.700,100.000,100.947,0.299,13.162,100.299,1,1
289.800,100.000,100.946,0.299,13.162,100.299,1,1
289.900,100.000,100.944,0.298,13.162,100.298,1,1
290.000,100.000,100.942,0.298,13.162,100.298,1,1
290.100,100.000,100.941,0.297,13.161,100.297,1,1
290.200,100.000,100.939,0.297,13.161,100.297,1,1
290.300,100.000,100.938,0.296,13.161,100.296,1,1
290.400,100.000,100.936,0.296,13.161,100.296,1,1
290.500,100.000,100.935,0.295,13.161,100.295,1,1
290.600,100.000,100.933,0.295,13.161,100.295,1,1
290.700,100.000,100.932,0.294,13.161,100.294,1,1
290.800,100.000,100.930,0.294,13.161,100.294,1,1
290.900,100.000,100.928,0.293,13.161,100.293,1,1
291.000,100.000,100.927,0.293,13.161,100.293,1,1
291.100,100.000,100.925,0.292,13.161,100.292,1,1
291.200,100.000,100.924,0.292,13.161,100.292,1,1
291.300,100.000,100.922,0.291,13.160,100.291,1,1
291.400,100.000,100.921,0.291,13.160,100.291,1,1
291.500,100.000,100.919,0.291,13.160,100.291,1,1
291.600,100.000,100.918,0.290,13.160,100.290,1,1
291.700,100.000,100.916,0.290,13.160,100.290,1,1
291.800,100.000,100.915,0.289,13.160,100.289,1,1
291.900,100.000,100.913,0.289,13.160,100.289,1,1
292.000,100.000,100.912,0.288,13.160,100.288,1,1
292.100,100.000,100.910,0.288,13.160,100.288,1,1
292.200,100.000,100.909,0.287,13.160,100.287,1,1
292.300,100.000,100.907,0.287,13.160,100.287,1,1
292.400,100.000,100.906,0.286,13.160,100.286,1,1
292.500,100.000,100.904,0.286,13.160,100.286,1,1
292.600,100.000,100.903,0.285,13.159,100.285,1,1
292.700,100.000,100.901,0.285,13.159,100.285,1,1
292.800,100.000,100.900,0.284,13.159,100.284,1,1
292.900,100.000,100.898,0.284,13.159,100.284,1,1
293.000,100.000,100.897,0.283,13.159,100.283,1,1
293.100,100.000,100.895,0.283,13.159,100.283,1,1
293.200,100.000,100.894,0.282,13.159,100.282,1,1
293.300,100.000,100.892,0.282,13.159,100.282,1,1
293.400,100.000,100.891,0.281,13.159,100.281,1,1
293.500,100.000,100.889,0.281,13.159,100.281,1,1
293.600,100.000,100.888,0.280,13.159,100.280,1,1
293.700,100.000,100.886,0.280,13.159,100.280,1,1
293.800,100.000,100.885,0.279,13.158,100.279,1,1
293.900,100.000,100.883,0.279,13.158,100.279,1,1
294.000,100.000,100.882,0.278,13.158,100.278,1,1
294.100,100.000,100.880,0.278,13.158,100.278,1,1
294.200,100.000,100.879,0.278,13.158,100.278,1,1
294.300,100.000,100.877,0.277,13.158,100.277,1,1
294.400,100.000,100.876,0.277,13.158,100.277,1,1
294.500,100.000,100.874,0.276,13.158,100.276,1,1
294.600,100.000,100.873,0.276,13.158,100.276,1,1
294.700,100.000,100.871,0.275,13.158,100.275,1,1
294.800,100.000,100.870,0.275,13.158,100.275,1,1
294.900,100.000,100.869,0.274,13.158,100.274,1,1
295.000,100.000,100.867,0.274,13.158,100.274,1,1
295.100,100.000,100.866,0.273,13.157,100.273,1,1
295.200,100.000,100.864,0.273,13.157,100.273,1,1
295.300,100.000,100.863,0.272,13.157,100.272,1,1
295.400,100.000,100.861,0.272,13.157,100.272,1,1
295.500,100.000,100.860,0.272,13.157,100.272,1,1
295.600,100.000,100.859,0.271,13.157,100.271,1,1
295.700,100.000,100.857,0.271,13.157,100.271,1,1
295.800,100.000,100.856,0.270,13.157,100.270,1,1
295.900,100.000,100.854,0.270,13.157,100.270,1,1
296.000,100.000,100.853,0.269,13.157,100.269,1,1
296.100,100.000,100.851,0.269,13.157,100.269,1,1
296.200,100.000,100.850,0.268,13.157,100.268,1,1
296.300,100.000,100.849,0.268,13.157,100.268,1,1
296.400,100.000,100.847,0.267,13.157,100.267,1,1
296.500,100.000,100.846,0.267,13.156,100.267,1,1
296.600,100.000,100.844,0.267,13.156,100.267,1,1
296.700,100.000,100.843,0.266,13.156,100.266,1,1
296.800,100.000,100.842,0.266,13.156,100.266,1,1
296.900,100.000,100.840,0.265,13.156,100.265,1,1
297.000,100.000,100.839,0.265,13.156,100.265,1,1
297.100,100.000,100.837,0.264,13.156,100.264,1,1
297.200,100.000,100.836,0.264,13.156,100.264,1,1
297.300,100.000,100.835,0.263,13.156,100.263,1,1
297.400,100.000,100.833,0.263,13.156,100.263,1,1
297.500,100.000,100.832,0.262,13.156,100.262,1,1
297.600,100.000,100.830,0.262,13.156,100.262,1,1
297.700,100.000,100.829,0.262,13.156,100.262,1,1
297.800,100.000,100.828,0.261,13.155,100.261,1,1
297.900,100.000,100.826,0.261,13.155,100.261,1,1
298.000,100.000,100.825,0.260,13.155,100.260,1,1
298.100,100.000,100.824,0.260,13.155,100.260,1,1
298.200,100.000,100.822,0.259,13.155,100.259,1,1
298.300,100.000,100.821,0.259,13.155,100.259,1,1
298.400,100.000,100.819,0.259,13.155,100.259,1,1
298.500,100.000,100.818,0.258,13.155,100.258,1,1
298.600,100.000,100.817,0.258,13.155,100.258,1,1
298.700,100.000,100.815,0.257,13.155,100.257,1,1
298.800,100.000,100.814,0.257,13.155,100.257,1,1
298.900,100.000,100.813,0.256,13.155,100.256,1,1
299.000,100.000,100.811,0.256,13.155,100.256,1,1
299.100,100.000,100.810,0.256,13.155,100.256,1,1
299.200,100.000,100.809,0.255,13.154,100.255,1,1
299.300,100.000,100.807,0.255,13.154,100.255,1,1
299.400,100.000,100.806,0.254,13.154,100.254,1,1
299.500,100.000,100.805,0.254,13.154,100.254,1,1
299.600,100.000,100.803,0.253,13.154,100.253,1,1
299.700,100.000,100.802,0.253,13.154,100.253,1,1
299.800,100.000,100.801,0.253,13.154,100.253,1,1
299.900,100.000,100.799,0.252,13.154,100.252,1,1
