Time_s,P_pv_kW,P_smooth_kW,P_comp_kW,SOC_pct,P_grid_kW,data_valid,smoothing_enabled
0.000,200.000,200.000,0.000,75.000,200.000,1,1
0.100,200.000,200.000,0.000,75.000,200.000,1,1
0.200,200.000,200.000,0.000,75.000,200.000,1,1
0.300,200.000,200.000,0.000,75.000,200.000,1,1
0.400,200.000,200.000,0.000,75.000,200.000,1,1
0.500,200.000,200.000,0.000,75.000,200.000,1,1
0.600,200.000,200.000,0.000,75.000,200.000,1,1
0.700,200.000,200.000,0.000,75.000,200.000,1,1
0.800,200.000,200.000,0.000,75.000,200.000,1,1
0.900,200.000,200.000,0.000,75.000,200.000,1,1
1.000,200.000,200.000,0.000,75.000,200.000,1,1
1.100,200.000,200.000,0.000,75.000,200.000,1,1
1.200,200.000,200.000,0.000,75.000,200.000,1,1
1.300,200.000,200.000,0.000,75.000,200.000,1,1
1.400,200.000,200.000,0.000,75.000,200.000,1,1
1.500,200.000,200.000,0.000,75.000,200.000,1,1
1.600,200.000,200.000,0.000,75.000,200.000,1,1
1.700,200.000,200.000,0.000,75.000,200.000,1,1
1.800,200.000,200.000,0.000,75.000,200.000,1,1
1.900,200.000,200.000,0.000,75.000,200.000,1,1
2.000,200.000,200.000,0.000,75.000,200.000,1,1
2.100,200.000,200.000,0.000,75.000,200.000,1,1
2.200,200.000,200.000,0.000,75.000,200.000,1,1
2.300,200.000,200.000,0.000,75.000,200.000,1,1
2.400,200.000,200.000,0.000,75.000,200.000,1,1
2.500,200.000,200.000,0.000,75.000,200.000,1,1
2.600,200.000,200.000,0.000,75.000,200.000,1,1
2.700,200.000,200.000,0.000,75.000,200.000,1,1
2.800,200.000,200.000,0.000,75.000,200.000,1,1
2.900,200.000,200.000,0.000,75.000,200.000,1,1
3.000,200.000,200.000,0.000,75.000,200.000,1,1
3.100,200.000,200.000,0.000,75.000,200.000,1,1
3.200,200.000,200.000,0.000,75.000,200.000,1,1
3.300,200.000,200.000,0.000,75.000,200.000,1,1
3.400,200.000,200.000,0.000,75.000,200.000,1,1
3.500,200.000,200.000,0.000,75.000,200.000,1,1
3.600,200.000,200.000,0.000,75.000,200.000,1,1
3.700,200.000,200.000,0.000,75.000,200.000,1,1
3.800,200.000,200.000,0.000,75.000,200.000,1,1
3.900,200.000,200.000,0.000,75.000,200.000,1,1
4.000,200.000,200.000,0.000,75.000,200.000,1,1
4.100,200.000,200.000,0.000,75.000,200.000,1,1
4.200,200.000,200.000,0.000,75.000,200.000,1,1
4.300,200.000,200.000,0.000,75.000,200.000,1,1
4.400,200.000,200.000,0.000,75.000,200.000,1,1
4.500,200.000,200.000,0.000,75.000,200.000,1,1
4.600,200.000,200.000,0.000,75.000,200.000,1,1
4.700,200.000,200.000,0.000,75.000,200.000,1,1
4.800,200.000,200.000,0.000,75.000,200.000,1,1
4.900,200.000,200.000,0.000,75.000,200.000,1,1
5.000,200.000,200.000,0.000,75.000,200.000,1,1
5.100,200.000,200.000,0.000,75.000,200.000,1,1
5.200,200.000,200.000,0.000,75.000,200.000,1,1
5.300,200.000,200.000,0.000,75.000,200.000,1,1
5.400,200.000,200.000,0.000,75.000,200.000,1,1
5.500,200.000,200.000,0.000,75.000,200.000,1,1
5.600,200.000,200.000,0.000,75.000,200.000,1,1
5.700,200.000,200.000,0.000,75.000,200.000,1,1
5.800,200.000,200.000,0.000,75.000,200.000,1,1
5.900,200.000,200.000,0.000,75.000,200.000,1,1
6.000,200.000,200.000,0.000,75.000,200.000,1,1
6.100,200.000,200.000,0.000,75.000,200.000,1,1
6.200,200.000,200.000,0.000,75.000,200.000,1,1
6.300,200.000,200.000,0.000,75.000,200.000,1,1
6.400,200.000,200.000,0.000,75.000,200.000,1,1
6.500,200.000,200.000,0.000,75.000,200.000,1,1
6.600,200.000,200.000,0.000,75.000,200.000,1,1
6.700,200.000,200.000,0.000,75.000,200.000,1,1
6.800,200.000,200.000,0.000,75.000,200.000,1,1
6.900,200.000,200.000,0.000,75.000,200.000,1,1
7.000,200.000,200.000,0.000,75.000,200.000,1,1
7.100,200.000,200.000,0.000,75.000,200.000,1,1
7.200,200.000,200.000,0.000,75.000,200.000,1,1
7.300,200.000,200.000,0.000,75.000,200.000,1,1
7.400,200.000,200.000,0.000,75.000,200.000,1,1
7.500,200.000,200.000,0.000,75.000,200.000,1,1
7.600,200.000,200.000,0.000,75.000,200.000,1,1
7.700,200.000,200.000,0.000,75.000,200.000,1,1
7.800,200.000,200.000,0.000,75.000,200.000,1,1
7.900,200.000,200.000,0.000,75.000,200.000,1,1
8.000,200.000,200.000,0.000,75.000,200.000,1,1
8.100,200.000,200.000,0.000,75.000,200.000,1,1
8.200,200.000,200.000,0.000,75.000,200.000,1,1
8.300,200.000,200.000,0.000,75.000,200.000,1,1
8.400,200.000,200.000,0.000,75.000,200.000,1,1
8.500,200.000,200.000,0.000,75.000,200.000,1,1
8.600,200.000,200.000,0.000,75.000,200.000,1,1
8.700,200.000,200.000,0.000,75.000,200.000,1,1
8.800,200.000,200.000,0.000,75.000,200.000,1,1
8.900,200.000,200.000,0.000,75.000,200.000,1,1
9.000,200.000,200.000,0.000,75.000,200.000,1,1
9.100,200.000,200.000,0.000,75.000,200.000,1,1
9.200,200.000,200.000,0.000,75.000,200.000,1,1
9.300,200.000,200.000,0.000,75.000,200.000,1,1
9.400,200.000,200.000,0.000,75.000,200.000,1,1
9.500,200.000,200.000,0.000,75.000,200.000,1,1
9.600,200.000,200.000,0.000,75.000,200.000,1,1
9.700,200.000,200.000,0.000,75.000,200.000,1,1
9.800,200.000,200.000,0.000,75.000,200.000,1,1
9.900,200.000,200.000,0.000,75.000,200.000,1,1
10.000,300.000,200.166,-99.834,75.028,200.166,1,1
10.100,300.000,200.333,-99.667,75.055,200.333,1,1
10.200,300.000,200.498,-99.502,75.083,200.498,1,1
10.300,300.000,200.664,-99.336,75.111,200.664,1,1
10.400,300.000,200.829,-99.171,75.138,200.829,1,1
10.500,300.000,200.994,-99.006,75.166,200.994,1,1
10.600,300.000,201.159,-98.841,75.193,201.159,1,1
10.700,300.000,201.323,-98.677,75.221,201.323,1,1
10.800,300.000,201.488,-98.512,75.248,201.488,1,1
10.900,300.000,201.651,-98.349,75.275,201.651,1,1
11.000,300.000,201.815,-98.185,75.303,201.815,1,1
11.100,300.000,201.979,-98.021,75.330,201.979,1,1
11.200,300.000,202.142,-97.858,75.357,202.142,1,1
11.300,300.000,202.304,-97.696,75.384,202.304,1,1
11.400,300.000,202.467,-97.533,75.411,202.467,1,1
11.500,300.000,202.629,-97.371,75.438,202.629,1,1
11.600,300.000,202.791,-97.209,75.465,202.791,1,1
11.700,300.000,202.953,-97.047,75.492,202.953,1,1
11.800,300.000,203.114,-96.886,75.519,203.114,1,1
11.900,300.000,203.276,-96.724,75.546,203.276,1,1
12.000,300.000,203.437,-96.563,75.573,203.437,1,1
12.100,300.000,203.597,-96.403,75.600,203.597,1,1
12.200,300.000,203.758,-96.242,75.626,203.758,1,1
12.300,300.000,203.918,-96.082,75.653,203.918,1,1
12.400,300.000,204.078,-95.922,75.680,204.078,1,1
12.500,300.000,204.237,-95.763,75.706,204.237,1,1
12.600,300.000,204.397,-95.603,75.733,204.397,1,1
12.700,300.000,204.556,-95.444,75.759,204.556,1,1
12.800,300.000,204.715,-95.285,75.786,204.715,1,1
12.900,300.000,204.873,-95.127,75.812,204.873,1,1
13.000,300.000,205.031,-94.969,75.839,205.031,1,1
13.100,300.000,205.189,-94.811,75.865,205.189,1,1
13.200,300.000,205.347,-94.653,75.891,205.347,1,1
13.300,300.000,205.505,-94.495,75.917,205.505,1,1
13.400,300.000,205.662,-94.338,75.944,205.662,1,1
13.500,300.000,205.819,-94.181,75.970,205.819,1,1
13.600,300.000,205.976,-94.024,75.996,205.976,1,1
13.700,300.000,206.132,-93.868,76.022,206.132,1,1
13.800,300.000,206.288,-93.712,76.048,206.288,1,1
13.900,300.000,206.444,-93.556,76.074,206.444,1,1
14.000,300.000,206.600,-93.400,76.100,206.600,1,1
14.100,300.000,206.755,-93.245,76.126,206.755,1,1
14.200,300.000,206.910,-93.090,76.152,206.910,1,1
14.300,300.000,207.065,-92.935,76.178,207.065,1,1
14.400,300.000,207.220,-92.780,76.203,207.220,1,1
14.500,300.000,207.374,-92.626,76.229,207.374,1,1
14.600,300.000,207.528,-92.472,76.255,207.528,1,1
14.700,300.000,207.682,-92.318,76.280,207.682,1,1
14.800,300.000,207.836,-92.164,76.306,207.836,1,1
14.900,300.000,207.989,-92.011,76.332,207.989,1,1
15.000,300.000,208.142,-91.858,76.357,208.142,1,1
15.100,300.000,208.295,-91.705,76.383,208.295,1,1
15.200,300.000,208.448,-91.552,76.408,208.448,1,1
15.300,300.000,208.600,-91.400,76.433,208.600,1,1
15.400,300.000,208.752,-91.248,76.459,208.752,1,1
15.500,300.000,208.904,-91.096,76.484,208.904,1,1
15.600,300.000,209.056,-90.944,76.509,209.056,1,1
15.700,300.000,209.207,-90.793,76.534,209.207,1,1
15.800,300.000,209.358,-90.642,76.560,209.358,1,1
15.900,300.000,209.509,-90.491,76.585,209.509,1,1
16.000,300.000,209.659,-90.341,76.610,209.659,1,1
16.100,300.000,209.810,-90.190,76.635,209.810,1,1
16.200,300.000,209.960,-90.040,76.660,209.960,1,1
16.300,300.000,210.109,-89.891,76.685,210.109,1,1
16.400,300.000,210.259,-89.741,76.710,210.259,1,1
16.500,300.000,210.408,-89.592,76.735,210.408,1,1
16.600,300.000,210.557,-89.443,76.760,210.557,1,1
16.700,300.000,210.706,-89.294,76.784,210.706,1,1
16.800,300.000,210.855,-89.145,76.809,210.855,1,1
16.900,300.000,211.003,-88.997,76.834,211.003,1,1
17.000,300.000,211.151,-88.849,76.859,211.151,1,1
17.100,300.000,211.299,-88.701,76.883,211.299,1,1
17.200,300.000,211.447,-88.553,76.908,211.447,1,1
17.300,300.000,211.594,-88.406,76.932,211.594,1,1
17.400,300.000,211.741,-88.259,76.957,211.741,1,1
17.500,300.000,211.888,-88.112,76.981,211.888,1,1
17.600,300.000,212.035,-87.965,77.006,212.035,1,1
17.700,300.000,212.181,-87.819,77.030,212.181,1,1
17.800,300.000,212.327,-87.673,77.055,212.327,1,1
17.900,300.000,212.473,-87.527,77.079,212.473,1,1
18.000,300.000,212.619,-87.381,77.103,212.619,1,1
18.100,300.000,212.764,-87.236,77.127,212.764,1,1
18.200,300.000,212.909,-87.091,77.152,212.909,1,1
18.300,300.000,213.054,-86.946,77.176,213.054,1,1
18.400,300.000,213.199,-86.801,77.200,213.199,1,1
18.500,300.000,213.343,-86.657,77.224,213.343,1,1
18.600,300.000,213.487,-86.513,77.248,213.487,1,1
18.700,300.000,213.631,-86.369,77.272,213.631,1,1
18.800,300.000,213.775,-86.225,77.296,213.775,1,1
18.900,300.000,213.918,-86.082,77.320,213.918,1,1
19.000,300.000,214.062,-85.938,77.344,214.062,1,1
19.100,300.000,214.205,-85.795,77.367,214.205,1,1
19.200,300.000,214.347,-85.653,77.391,214.347,1,1
19.300,300.000,214.490,-85.510,77.415,214.490,1,1
19.400,300.000,214.632,-85.368,77.439,214.632,1,1
19.500,300.000,214.774,-85.226,77.462,214.774,1,1
19.600,300.000,214.916,-85.084,77.486,214.916,1,1
19.700,300.000,215.058,-84.942,77.510,215.058,1,1
19.800,300.000,215.199,-84.801,77.533,215.199,1,1
19.900,300.000,215.340,-84.660,77.557,215.340,1,1
20.000,300.000,215.481,-84.519,77.580,215.481,1,1
20.100,300.000,215.622,-84.378,77.604,215.622,1,1
20.200,300.000,215.762,-84.238,77.627,215.762,1,1
20.300,300.000,215.902,-84.098,77.650,215.902,1,1
20.400,300.000,216.042,-83.958,77.674,216.042,1,1
20.500,300.000,216.182,-83.818,77.697,216.182,1,1
20.600,300.000,216.321,-83.679,77.720,216.321,1,1
20.700,300.000,216.460,-83.540,77.743,216.460,1,1
20.800,300.000,216.599,-83.401,77.767,216.599,1,1
20.900,300.000,216.738,-83.262,77.790,216.738,1,1
21.000,300.000,216.877,-83.123,77.813,216.877,1,1
21.100,300.000,217.015,-82.985,77.836,217.015,1,1
21.200,300.000,217.153,-82.847,77.859,217.153,1,1
21.300,300.000,217.291,-82.709,77.882,217.291,1,1
21.400,300.000,217.429,-82.571,77.905,217.429,1,1
21.500,300.000,217.566,-82.434,77.928,217.566,1,1
21.600,300.000,217.703,-82.297,77.951,217.703,1,1
21.700,300.000,217.840,-82.160,77.973,217.840,1,1
21.800,300.000,217.977,-82.023,77.996,217.977,1,1
21.900,300.000,218.113,-81.887,78.019,218.113,1,1
22.000,300.000,218.250,-81.750,78.042,218.250,1,1
22.100,300.000,218.386,-81.614,78.064,218.386,1,1
22.200,300.000,218.521,-81.479,78.087,218.521,1,1
22.300,300.000,218.657,-81.343,78.109,218.657,1,1
22.400,300.000,218.792,-81.208,78.132,218.792,1,1
22.500,300.000,218.927,-81.073,78.155,218.927,1,1
22.600,300.000,219.062,-80.938,78.177,219.062,1,1
22.700,300.000,219.197,-80.803,78.199,219.197,1,1
22.800,300.000,219.331,-80.669,78.222,219.331,1,1
22.900,300.000,219.466,-80.534,78.244,219.466,1,1
23.000,300.000,219.600,-80.400,78.267,219.600,1,1
23.100,300.000,219.733,-80.267,78.289,219.733,1,1
23.200,300.000,219.867,-80.133,78.311,219.867,1,1
23.300,300.000,220.000,-80.000,78.333,220.000,1,1
23.400,300.000,220.133,-79.867,78.356,220.133,1,1
23.500,300.000,220.266,-79.734,78.378,220.266,1,1
23.600,300.000,220.399,-79.601,78.400,220.399,1,1
23.700,300.000,220.531,-79.469,78.422,220.531,1,1
23.800,300.000,220.664,-79.336,78.444,220.664,1,1
23.900,300.000,220.796,-79.204,78.466,220.796,1,1
24.000,300.000,220.927,-79.073,78.488,220.927,1,1
24.100,300.000,221.059,-78.941,78.510,221.059,1,1
24.200,300.000,221.190,-78.810,78.532,221.190,1,1
24.300,300.000,221.321,-78.679,78.554,221.321,1,1
24.400,300.000,221.452,-78.548,78.575,221.452,1,1
24.500,300.000,221.583,-78.417,78.597,221.583,1,1
24.600,300.000,221.714,-78.286,78.619,221.714,1,1
24.700,300.000,221.844,-78.156,78.641,221.844,1,1
24.800,300.000,221.974,-78.026,78.662,221.974,1,1
24.900,300.000,222.104,-77.896,78.684,222.104,1,1
25.000,300.000,222.233,-77.767,78.706,222.233,1,1
25.100,300.000,222.363,-77.637,78.727,222.363,1,1
25.200,300.000,222.492,-77.508,78.749,222.492,1,1
25.300,300.000,222.621,-77.379,78.770,222.621,1,1
25.400,300.000,222.750,-77.250,78.792,222.750,1,1
25.500,300.000,222.878,-77.122,78.813,222.878,1,1
25.600,300.000,223.006,-76.994,78.834,223.006,1,1
25.700,300.000,223.135,-76.865,78.856,223.135,1,1
25.800,300.000,223.262,-76.738,78.877,223.262,1,1
25.900,300.000,223.390,-76.610,78.898,223.390,1,1
26.000,300.000,223.518,-76.482,78.920,223.518,1,1
26.100,300.000,223.645,-76.355,78.941,223.645,1,1
26.200,300.000,223.772,-76.228,78.962,223.772,1,1
26.300,300.000,223.899,-76.101,78.983,223.899,1,1
26.400,300.000,224.025,-75.975,79.004,224.025,1,1
26.500,300.000,224.152,-75.848,79.025,224.152,1,1
26.600,300.000,224.278,-75.722,79.046,224.278,1,1
26.700,300.000,224.404,-75.596,79.067,224.404,1,1
26.800,300.000,224.530,-75.470,79.088,224.530,1,1
26.900,300.000,224.655,-75.345,79.109,224.655,1,1
27.000,300.000,224.781,-75.219,79.130,224.781,1,1
27.100,300.000,224.906,-75.094,79.151,224.906,1,1
27.200,300.000,225.031,-74.969,79.172,225.031,1,1
27.300,300.000,225.156,-74.844,79.193,225.156,1,1
27.400,300.000,225.280,-74.720,79.213,225.280,1,1
27.500,300.000,225.404,-74.596,79.234,225.404,1,1
27.600,300.000,225.529,-74.471,79.255,225.529,1,1
27.700,300.000,225.652,-74.348,79.275,225.652,1,1
27.800,300.000,225.776,-74.224,79.296,225.776,1,1
27.900,300.000,225.900,-74.100,79.317,225.900,1,1
28.000,300.000,226.023,-73.977,79.337,226.023,1,1
28.100,300.000,226.146,-73.854,79.358,226.146,1,1
28.200,300.000,226.269,-73.731,79.378,226.269,1,1
28.300,300.000,226.392,-73.608,79.399,226.392,1,1
28.400,300.000,226.514,-73.486,79.419,226.514,1,1
28.500,300.000,226.636,-73.364,79.439,226.636,1,1
28.600,300.000,226.758,-73.242,79.460,226.758,1,1
28.700,300.000,226.880,-73.120,79.480,226.880,1,1
28.800,300.000,227.002,-72.998,79.500,227.002,1,1
28.900,300.000,227.123,-72.877,79.521,227.123,1,1
29.000,300.000,227.245,-72.755,79.541,227.245,1,1
29.100,300.000,227.366,-72.634,79.561,227.366,1,1
29.200,300.000,227.487,-72.513,79.581,227.487,1,1
29.300,300.000,227.607,-72.393,79.601,227.607,1,1
29.400,300.000,227.728,-72.272,79.621,227.728,1,1
29.500,300.000,227.848,-72.152,79.641,227.848,1,1
29.600,300.000,227.968,-72.032,79.661,227.968,1,1
29.700,300.000,228.088,-71.912,79.681,228.088,1,1
29.800,300.000,228.208,-71.792,79.701,228.208,1,1
29.900,300.000,228.327,-71.673,79.721,228.327,1,1
30.000,300.000,228.446,-71.554,79.741,228.446,1,1
30.100,300.000,228.565,-71.435,79.761,228.565,1,1
30.200,300.000,228.684,-71.316,79.781,228.684,1,1
30.300,300.000,228.803,-71.197,79.800,228.803,1,1
30.400,300.000,228.921,-71.079,79.820,228.921,1,1
30.500,300.000,229.040,-70.960,79.840,229.040,1,1
30.600,300.000,229.158,-70.842,79.860,229.158,1,1
30.700,300.000,229.275,-70.725,79.879,229.275,1,1
30.800,300.000,229.393,-70.607,79.899,229.393,1,1
30.900,300.000,229.511,-70.489,79.918,229.511,1,1
31.000,300.000,229.628,-70.372,79.938,229.628,1,1
31.100,300.000,229.745,-70.255,79.958,229.745,1,1
31.200,300.000,229.862,-70.138,79.977,229.862,1,1
31.300,300.000,229.979,-70.021,79.996,229.979,1,1
31.400,300.000,230.095,-69.905,80.016,230.095,1,1
31.500,300.000,230.211,-69.678,80.035,230.322,1,1
31.600,300.000,230.328,-69.427,80.054,230.573,1,1
31.700,300.000,230.444,-69.177,80.074,230.823,1,1
31.800,300.000,230.559,-68.929,80.093,231.071,1,1
31.900,300.000,230.675,-68.681,80.112,231.319,1,1
32.000,300.000,230.790,-68.435,80.131,231.565,1,1
32.100,300.000,230.905,-68.190,80.150,231.810,1,1
32.200,300.000,231.020,-67.946,80.169,232.054,1,1
32.300,300.000,231.135,-67.703,80.188,232.297,1,1
32.400,300.000,231.250,-67.461,80.206,232.539,1,1
32.500,300.000,231.364,-67.220,80.225,232.780,1,1
32.600,300.000,231.478,-66.980,80.244,233.020,1,1
32.700,300.000,231.592,-66.741,80.262,233.259,1,1
32.800,300.000,231.706,-66.504,80.281,233.496,1,1
32.900,300.000,231.820,-66.267,80.299,233.733,1,1
33.000,300.000,231.933,-66.032,80.317,233.968,1,1
33.100,300.000,232.046,-65.797,80.336,234.203,1,1
33.200,300.000,232.159,-65.564,80.354,234.436,1,1
33.300,300.000,232.272,-65.331,80.372,234.669,1,1
33.400,300.000,232.385,-65.100,80.390,234.900,1,1
33.500,300.000,232.498,-64.869,80.408,235.131,1,1
33.600,300.000,232.610,-64.640,80.426,235.360,1,1
33.700,300.000,232.722,-64.412,80.444,235.588,1,1
33.800,300.000,232.834,-64.184,80.462,235.816,1,1
33.900,300.000,232.946,-63.958,80.480,236.042,1,1
34.000,300.000,233.057,-63.733,80.497,236.267,1,1
34.100,300.000,233.169,-63.508,80.515,236.492,1,1
34.200,300.000,233.280,-63.285,80.532,236.715,1,1
34.300,300.000,233.391,-63.063,80.550,236.937,1,1
34.400,300.000,233.502,-62.841,80.567,237.159,1,1
34.500,300.000,233.612,-62.621,80.585,237.379,1,1
34.600,300.000,233.723,-62.401,80.602,237.599,1,1
34.700,300.000,233.833,-62.183,80.619,237.817,1,1
34.800,300.000,233.943,-61.965,80.637,238.035,1,1
34.900,300.000,234.053,-61.748,80.654,238.252,1,1
35.000,300.000,234.163,-61.533,80.671,238.467,1,1
35.100,300.000,234.272,-61.318,80.688,238.682,1,1
35.200,300.000,234.382,-61.104,80.705,238.896,1,1
35.300,300.000,234.491,-60.891,80.722,239.109,1,1
35.400,300.000,234.600,-60.679,80.739,239.321,1,1
35.500,300.000,234.709,-60.468,80.755,239.532,1,1
35.600,300.000,234.817,-60.258,80.772,239.742,1,1
35.700,300.000,234.926,-60.049,80.789,239.951,1,1
35.800,300.000,235.034,-59.841,80.806,240.159,1,1
35.900,300.000,235.142,-59.634,80.822,240.366,1,1
36.000,300.000,235.250,-59.427,80.839,240.573,1,1
36.100,300.000,235.358,-59.221,80.855,240.779,1,1
36.200,300.000,235.465,-59.017,80.871,240.983,1,1
36.300,300.000,235.573,-58.813,80.888,241.187,1,1
36.400,300.000,235.680,-58.610,80.904,241.390,1,1
36.500,300.000,235.787,-58.408,80.920,241.592,1,1
36.600,300.000,235.894,-58.207,80.936,241.793,1,1
36.700,300.000,236.000,-58.006,80.953,241.994,1,1
36.800,300.000,236.107,-57.807,80.969,242.193,1,1
36.900,300.000,236.213,-57.608,80.985,242.392,1,1
37.000,300.000,236.319,-57.411,81.001,242.589,1,1
37.100,300.000,236.425,-57.214,81.016,242.786,1,1
37.200,300.000,236.531,-57.018,81.032,242.982,1,1
37.300,300.000,236.637,-56.822,81.048,243.178,1,1
37.400,300.000,236.742,-56.628,81.064,243.372,1,1
37.500,300.000,236.847,-56.434,81.079,243.566,1,1
37.600,300.000,236.953,-56.242,81.095,243.758,1,1
37.700,300.000,237.057,-56.050,81.111,243.950,1,1
37.800,300.000,237.162,-55.859,81.126,244.141,1,1
37.900,300.000,237.267,-55.668,81.142,244.332,1,1
38.000,300.000,237.371,-55.479,81.157,244.521,1,1
38.100,300.000,237.475,-55.290,81.172,244.710,1,1
38.200,300.000,237.579,-55.102,81.188,244.898,1,1
38.300,300.000,237.683,-54.915,81.203,245.085,1,1
38.400,300.000,237.787,-54.729,81.218,245.271,1,1
38.500,300.000,237.890,-54.544,81.233,245.456,1,1
38.600,300.000,237.994,-54.359,81.248,245.641,1,1
38.700,300.000,238.097,-54.175,81.263,245.825,1,1
38.800,300.000,238.200,-53.992,81.278,246.008,1,1
38.900,300.000,238.303,-53.809,81.293,246.191,1,1
39.000,300.000,238.405,-53.628,81.308,246.372,1,1
39.100,300.000,238.508,-53.447,81.323,246.553,1,1
39.200,300.000,238.610,-53.267,81.338,246.733,1,1
39.300,300.000,238.712,-53.088,81.353,246.912,1,1
39.400,300.000,238.814,-52.909,81.367,247.091,1,1
39.500,300.000,238.916,-52.731,81.382,247.269,1,1
39.600,300.000,239.018,-52.554,81.397,247.446,1,1
39.700,300.000,239.119,-52.378,81.411,247.622,1,1
39.800,300.000,239.221,-52.202,81.426,247.798,1,1
39.900,300.000,239.322,-52.027,81.440,247.973,1,1
40.000,300.000,239.423,-51.853,81.455,248.147,1,1
40.100,300.000,239.523,-51.680,81.469,248.320,1,1
40.200,300.000,239.624,-51.507,81.483,248.493,1,1
40.300,300.000,239.725,-51.335,81.497,248.665,1,1
40.400,300.000,239.825,-51.164,81.512,248.836,1,1
40.500,300.000,239.925,-50.994,81.526,249.006,1,1
40.600,300.000,240.025,-50.824,81.540,249.176,1,1
40.700,300.000,240.125,-50.655,81.554,249.345,1,1
40.800,300.000,240.224,-50.486,81.568,249.514,1,1
40.900,300.000,240.324,-50.319,81.582,249.681,1,1
41.000,300.000,240.423,-50.152,81.596,249.848,1,1
41.100,300.000,240.522,-49.985,81.610,250.015,1,1
41.200,300.000,240.621,-49.820,81.624,250.180,1,1
41.300,300.000,240.720,-49.655,81.637,250.345,1,1
41.400,300.000,240.819,-49.491,81.651,250.509,1,1
41.500,300.000,240.917,-49.327,81.665,250.673,1,1
41.600,300.000,241.015,-49.164,81.679,250.836,1,1
41.700,300.000,241.114,-49.002,81.692,250.998,1,1
41.800,300.000,241.212,-48.840,81.706,251.160,1,1
41.900,300.000,241.309,-48.679,81.719,251.321,1,1
42.000,300.000,241.407,-48.519,81.733,251.481,1,1
42.100,300.000,241.504,-48.360,81.746,251.640,1,1
42.200,300.000,241.602,-48.201,81.760,251.799,1,1
42.300,300.000,241.699,-48.042,81.773,251.958,1,1
42.400,300.000,241.796,-47.885,81.786,252.115,1,1
42.500,300.000,241.893,-47.728,81.799,252.272,1,1
42.600,300.000,241.990,-47.572,81.813,252.428,1,1
42.700,300.000,242.086,-47.416,81.826,252.584,1,1
42.800,300.000,242.182,-47.261,81.839,252.739,1,1
42.900,300.000,242.279,-47.106,81.852,252.894,1,1
43.000,300.000,242.375,-46.953,81.865,253.047,1,1
43.100,300.000,242.471,-46.799,81.878,253.201,1,1
43.200,300.000,242.566,-46.647,81.891,253.353,1,1
43.300,300.000,242.662,-46.495,81.904,253.505,1,1
43.400,300.000,242.757,-46.344,81.917,253.656,1,1
43.500,300.000,242.852,-46.193,81.930,253.807,1,1
43.600,300.000,242.948,-46.043,81.943,253.957,1,1
43.700,300.000,243.042,-45.893,81.955,254.107,1,1
43.800,300.000,243.137,-45.745,81.968,254.255,1,1
43.900,300.000,243.232,-45.596,81.981,254.404,1,1
44.000,300.000,243.326,-45.449,81.993,254.551,1,1
44.100,300.000,243.421,-45.302,82.006,254.698,1,1
44.200,300.000,243.515,-45.155,82.018,254.845,1,1
44.300,300.000,243.609,-45.009,82.031,254.991,1,1
44.400,300.000,243.703,-44.864,82.043,255.136,1,1
44.500,300.000,243.796,-44.719,82.056,255.281,1,1
44.600,300.000,243.890,-44.575,82.068,255.425,1,1
44.700,300.000,243.983,-44.432,82.080,255.568,1,1
44.800,300.000,244.076,-44.289,82.093,255.711,1,1
44.900,300.000,244.169,-44.146,82.105,255.854,1,1
45.000,300.000,244.262,-44.005,82.117,255.995,1,1
45.100,300.000,244.355,-43.863,82.129,256.137,1,1
45.200,300.000,244.448,-43.723,82.142,256.277,1,1
45.300,300.000,244.540,-43.583,82.154,256.417,1,1
45.400,300.000,244.632,-43.443,82.166,256.557,1,1
45.500,300.000,244.724,-43.304,82.178,256.696,1,1
45.600,300.000,244.816,-43.166,82.190,256.834,1,1
45.700,300.000,244.908,-43.028,82.202,256.972,1,1
45.800,300.000,245.000,-42.890,82.214,257.110,1,1
45.900,300.000,245.091,-42.754,82.226,257.246,1,1
46.000,300.000,245.183,-42.617,82.237,257.383,1,1
46.100,300.000,245.274,-42.482,82.249,257.518,1,1
46.200,300.000,245.365,-42.347,82.261,257.653,1,1
46.300,300.000,245.456,-42.212,82.273,257.788,1,1
46.400,300.000,245.547,-42.078,82.284,257.922,1,1
46.500,300.000,245.637,-41.944,82.296,258.056,1,1
46.600,300.000,245.728,-41.811,82.308,258.189,1,1
46.700,300.000,245.818,-41.679,82.319,258.321,1,1
46.800,300.000,245.908,-41.547,82.331,258.453,1,1
46.900,300.000,245.998,-41.415,82.342,258.585,1,1
47.000,300.000,246.088,-41.284,82.354,258.716,1,1
47.100,300.000,246.178,-41.154,82.365,258.846,1,1
47.200,300.000,246.267,-41.024,82.377,258.976,1,1
47.300,300.000,246.357,-40.895,82.388,259.105,1,1
47.400,300.000,246.446,-40.766,82.399,259.234,1,1
47.500,300.000,246.535,-40.637,82.411,259.363,1,1
47.600,300.000,246.624,-40.510,82.422,259.490,1,1
47.700,300.000,246.713,-40.382,82.433,259.618,1,1
47.800,300.000,246.802,-40.255,82.444,259.745,1,1
47.900,300.000,246.890,-40.129,82.455,259.871,1,1
48.000,300.000,246.978,-40.003,82.466,259.997,1,1
48.100,300.000,247.067,-39.878,82.478,260.122,1,1
48.200,300.000,247.155,-39.753,82.489,260.247,1,1
48.300,300.000,247.243,-39.628,82.500,260.372,1,1
48.400,300.000,247.330,-39.505,82.511,260.495,1,1
48.500,300.000,247.418,-39.381,82.521,260.619,1,1
48.600,300.000,247.506,-39.258,82.532,260.742,1,1
48.700,300.000,247.593,-39.136,82.543,260.864,1,1
48.800,300.000,247.680,-39.014,82.554,260.986,1,1
48.900,300.000,247.767,-38.892,82.565,261.108,1,1
49.000,300.000,247.854,-38.771,82.576,261.229,1,1
49.100,300.000,247.941,-38.651,82.586,261.349,1,1
49.200,300.000,248.027,-38.530,82.597,261.470,1,1
49.300,300.000,248.114,-38.411,82.608,261.589,1,1
49.400,300.000,248.200,-38.292,82.618,261.708,1,1
49.500,300.000,248.286,-38.173,82.629,261.827,1,1
49.600,300.000,248.373,-38.055,82.640,261.945,1,1
49.700,300.000,248.458,-37.937,82.650,262.063,1,1
49.800,300.000,248.544,-37.819,82.661,262.181,1,1
49.900,300.000,248.630,-37.703,82.671,262.297,1,1
50.000,300.000,248.715,-37.586,82.682,262.414,1,1
50.100,300.000,248.801,-37.470,82.692,262.530,1,1
50.200,300.000,248.886,-37.355,82.702,262.645,1,1
50.300,300.000,248.971,-37.239,82.713,262.761,1,1
50.400,300.000,249.056,-37.125,82.723,262.875,1,1
50.500,300.000,249.141,-37.011,82.733,262.989,1,1
50.600,300.000,249.225,-36.897,82.743,263.103,1,1
50.700,300.000,249.310,-36.783,82.754,263.217,1,1
50.800,300.000,249.394,-36.671,82.764,263.329,1,1
50.900,300.000,249.478,-36.558,82.774,263.442,1,1
51.000,300.000,249.562,-36.446,82.784,263.554,1,1
51.100,300.000,249.646,-36.334,82.794,263.666,1,1
51.200,300.000,249.730,-36.223,82.804,263.777,1,1
51.300,300.000,249.814,-36.112,82.814,263.888,1,1
51.400,300.000,249.897,-36.002,82.824,263.998,1,1
51.500,300.000,249.980,-35.892,82.834,264.108,1,1
51.600,300.000,250.064,-35.783,82.844,264.217,1,1
51.700,300.000,250.147,-35.674,82.854,264.326,1,1
51.800,300.000,250.230,-35.565,82.864,264.435,1,1
51.900,300.000,250.313,-35.457,82.874,264.543,1,1
52.000,300.000,250.395,-35.349,82.884,264.651,1,1
52.100,300.000,250.478,-35.241,82.894,264.759,1,1
52.200,300.000,250.560,-35.134,82.903,264.866,1,1
52.300,300.000,250.642,-35.028,82.913,264.972,1,1
52.400,300.000,250.725,-34.921,82.923,265.079,1,1
52.500,300.000,250.807,-34.816,82.932,265.184,1,1
52.600,300.000,250.888,-34.710,82.942,265.290,1,1
52.700,300.000,250.970,-34.605,82.952,265.395,1,1
52.800,300.000,251.052,-34.501,82.961,265.499,1,1
52.900,300.000,251.133,-34.396,82.971,265.604,1,1
53.000,300.000,251.214,-34.292,82.980,265.708,1,1
53.100,300.000,251.296,-34.189,82.990,265.811,1,1
53.200,300.000,251.377,-34.086,82.999,265.914,1,1
53.300,300.000,251.458,-33.983,83.009,266.017,1,1
53.400,300.000,251.538,-33.881,83.018,266.119,1,1
53.500,300.000,251.619,-33.779,83.028,266.221,1,1
53.600,300.000,251.699,-33.678,83.037,266.322,1,1
53.700,300.000,251.780,-33.576,83.046,266.424,1,1
53.800,300.000,251.860,-33.476,83.055,266.524,1,1
53.900,300.000,251.940,-33.375,83.065,266.625,1,1
54.000,300.000,252.020,-33.275,83.074,266.725,1,1
54.100,300.000,252.100,-33.176,83.083,266.824,1,1
54.200,300.000,252.180,-33.076,83.092,266.924,1,1
54.300,300.000,252.259,-32.977,83.102,267.023,1,1
54.400,300.000,252.339,-32.879,83.111,267.121,1,1
54.500,300.000,252.418,-32.781,83.120,267.219,1,1
54.600,300.000,252.497,-32.683,83.129,267.317,1,1
54.700,300.000,252.576,-32.585,83.138,267.415,1,1
54.800,300.000,252.655,-32.488,83.147,267.512,1,1
54.900,300.000,252.734,-32.392,83.156,267.608,1,1
55.000,300.000,252.812,-32.295,83.165,267.705,1,1
55.100,300.000,252.891,-32.199,83.174,267.801,1,1
55.200,300.000,252.969,-32.104,83.183,267.896,1,1
55.300,300.000,253.048,-32.008,83.192,267.992,1,1
55.400,300.000,253.126,-31.913,83.201,268.087,1,1
55.500,300.000,253.204,-31.819,83.209,268.181,1,1
55.600,300.000,253.282,-31.725,83.218,268.275,1,1
55.700,300.000,253.359,-31.631,83.227,268.369,1,1
55.800,300.000,253.437,-31.537,83.236,268.463,1,1
55.900,300.000,253.514,-31.444,83.244,268.556,1,1
56.000,300.000,253.592,-31.351,83.253,268.649,1,1
56.100,300.000,253.669,-31.259,83.262,268.741,1,1
56.200,300.000,253.746,-31.167,83.271,268.833,1,1
56.300,300.000,253.823,-31.075,83.279,268.925,1,1
56.400,300.000,253.900,-30.983,83.288,269.017,1,1
56.500,300.000,253.977,-30.892,83.296,269.108,1,1
56.600,300.000,254.053,-30.801,83.305,269.199,1,1
56.700,300.000,254.130,-30.711,83.313,269.289,1,1
56.800,300.000,254.206,-30.621,83.322,269.379,1,1
56.900,300.000,254.282,-30.531,83.330,269.469,1,1
57.000,300.000,254.358,-30.441,83.339,269.559,1,1
57.100,300.000,254.434,-30.352,83.347,269.648,1,1
57.200,300.000,254.510,-30.263,83.356,269.737,1,1
57.300,300.000,254.586,-30.175,83.364,269.825,1,1
57.400,300.000,254.661,-30.086,83.372,269.914,1,1
57.500,300.000,254.737,-29.999,83.381,270.001,1,1
57.600,300.000,254.812,-29.911,83.389,270.089,1,1
57.700,300.000,254.887,-29.824,83.397,270.176,1,1
57.800,300.000,254.962,-29.737,83.406,270.263,1,1
57.900,300.000,255.037,-29.650,83.414,270.350,1,1
58.000,300.000,255.112,-29.564,83.422,270.436,1,1
58.100,300.000,255.187,-29.478,83.430,270.522,1,1
58.200,300.000,255.261,-29.392,83.438,270.608,1,1
58.300,300.000,255.336,-29.307,83.447,270.693,1,1
58.400,300.000,255.410,-29.222,83.455,270.778,1,1
58.500,300.000,255.484,-29.137,83.463,270.863,1,1
58.600,300.000,255.558,-29.053,83.471,270.947,1,1
58.700,300.000,255.632,-28.968,83.479,271.032,1,1
58.800,300.000,255.706,-28.885,83.487,271.115,1,1
58.900,300.000,255.780,-28.801,83.495,271.199,1,1
59.000,300.000,255.853,-28.718,83.503,271.282,1,1
59.100,300.000,255.927,-28.635,83.511,271.365,1,1
59.200,300.000,256.000,-28.552,83.519,271.448,1,1
59.300,300.000,256.073,-28.470,83.527,271.530,1,1
59.400,300.000,256.146,-28.388,83.535,271.612,1,1
59.500,300.000,256.219,-28.306,83.542,271.694,1,1
59.600,300.000,256.292,-28.225,83.550,271.775,1,1
59.700,300.000,256.365,-28.143,83.558,271.857,1,1
59.800,300.000,256.438,-28.062,83.566,271.938,1,1
59.900,300.000,256.510,-27.982,83.574,272.018,1,1
60.000,300.000,256.582,-27.902,83.581,272.098,1,1
60.100,300.000,256.655,-27.822,83.589,272.178,1,1
60.200,300.000,256.727,-27.742,83.597,272.258,1,1
60.300,300.000,256.799,-27.662,83.605,272.338,1,1
60.400,300.000,256.871,-27.583,83.612,272.417,1,1
60.500,300.000,256.942,-27.504,83.620,272.496,1,1
60.600,300.000,257.014,-27.426,83.627,272.574,1,1
60.700,300.000,257.086,-27.347,83.635,272.653,1,1
60.800,300.000,257.157,-27.269,83.643,272.731,1,1
60.900,300.000,257.228,-27.192,83.650,272.808,1,1
61.000,300.000,257.299,-27.114,83.658,272.886,1,1
61.100,300.000,257.370,-27.037,83.665,272.963,1,1
61.200,300.000,257.441,-26.960,83.673,273.040,1,1
61.300,300.000,257.512,-26.883,83.680,273.117,1,1
61.400,300.000,257.583,-26.807,83.688,273.193,1,1
61.500,300.000,257.653,-26.731,83.695,273.269,1,1
61.600,300.000,257.724,-26.655,83.702,273.345,1,1
61.700,300.000,257.794,-26.579,83.710,273.421,1,1
61.800,300.000,257.865,-26.504,83.717,273.496,1,1
61.900,300.000,257.935,-26.429,83.725,273.571,1,1
62.000,300.000,258.005,-26.354,83.732,273.646,1,1
62.100,300.000,258.074,-26.279,83.739,273.721,1,1
62.200,300.000,258.144,-26.205,83.746,273.795,1,1
62.300,300.000,258.214,-26.131,83.754,273.869,1,1
62.400,300.000,258.283,-26.057,83.761,273.943,1,1
62.500,300.000,258.353,-25.984,83.768,274.016,1,1
62.600,300.000,258.422,-25.911,83.775,274.089,1,1
62.700,300.000,258.491,-25.838,83.783,274.162,1,1
62.800,300.000,258.560,-25.765,83.790,274.235,1,1
62.900,300.000,258.629,-25.692,83.797,274.308,1,1
63.000,300.000,258.698,-25.620,83.804,274.380,1,1
63.100,300.000,258.767,-25.548,83.811,274.452,1,1
63.200,300.000,258.835,-25.477,83.818,274.523,1,1
63.300,300.000,258.904,-25.405,83.825,274.595,1,1
63.400,300.000,258.972,-25.334,83.832,274.666,1,1
63.500,300.000,259.041,-25.263,83.839,274.737,1,1
63.600,300.000,259.109,-25.192,83.846,274.808,1,1
63.700,300.000,259.177,-25.122,83.853,274.878,1,1
63.800,300.000,259.245,-25.051,83.860,274.949,1,1
63.900,300.000,259.313,-24.981,83.867,275.019,1,1
64.000,300.000,259.380,-24.912,83.874,275.088,1,1
64.100,300.000,259.448,-24.842,83.881,275.158,1,1
64.200,300.000,259.515,-24.773,83.888,275.227,1,1
64.300,300.000,259.583,-24.704,83.895,275.296,1,1
64.400,300.000,259.650,-24.635,83.902,275.365,1,1
64.500,300.000,259.717,-24.566,83.908,275.434,1,1
64.600,300.000,259.784,-24.498,83.915,275.502,1,1
64.700,300.000,259.851,-24.430,83.922,275.570,1,1
64.800,300.000,259.918,-24.362,83.929,275.638,1,1
64.900,300.000,259.985,-24.295,83.935,275.705,1,1
65.000,300.000,260.051,-24.227,83.942,275.773,1,1
65.100,300.000,260.118,-24.160,83.949,275.840,1,1
65.200,300.000,260.184,-24.093,83.956,275.907,1,1
65.300,300.000,260.250,-24.026,83.962,275.974,1,1
65.400,300.000,260.316,-23.960,83.969,276.040,1,1
65.500,300.000,260.382,-23.894,83.976,276.106,1,1
65.600,300.000,260.448,-23.828,83.982,276.172,1,1
65.700,300.000,260.514,-23.762,83.989,276.238,1,1
65.800,300.000,260.580,-23.696,83.995,276.304,1,1
65.900,300.000,260.645,-23.631,84.002,276.369,1,1
66.000,300.000,260.711,-23.566,84.008,276.434,1,1
66.100,300.000,260.776,-23.501,84.015,276.499,1,1
66.200,300.000,260.841,-23.436,84.021,276.564,1,1
66.300,300.000,260.907,-23.372,84.028,276.628,1,1
66.400,300.000,260.972,-23.308,84.034,276.692,1,1
66.500,300.000,261.037,-23.244,84.041,276.756,1,1
66.600,300.000,261.101,-23.180,84.047,276.820,1,1
66.700,300.000,261.166,-23.116,84.054,276.884,1,1
66.800,300.000,261.231,-23.053,84.060,276.947,1,1
66.900,300.000,261.295,-22.990,84.067,277.010,1,1
67.000,300.000,261.360,-22.927,84.073,277.073,1,1
67.100,300.000,261.424,-22.864,84.079,277.136,1,1
67.200,300.000,261.488,-22.802,84.086,277.198,1,1
67.300,300.000,261.552,-22.739,84.092,277.261,1,1
67.400,300.000,261.616,-22.677,84.098,277.323,1,1
67.500,300.000,261.680,-22.616,84.105,277.384,1,1
67.600,300.000,261.744,-22.554,84.111,277.446,1,1
67.700,300.000,261.808,-22.492,84.117,277.508,1,1
67.800,300.000,261.871,-22.431,84.123,277.569,1,1
67.900,300.000,261.935,-22.370,84.129,277.630,1,1
68.000,300.000,261.998,-22.309,84.136,277.691,1,1
68.100,300.000,262.061,-22.249,84.142,277.751,1,1
68.200,300.000,262.124,-22.188,84.148,277.812,1,1
68.300,300.000,262.187,-22.128,84.154,277.872,1,1
68.400,300.000,262.250,-22.068,84.160,277.932,1,1
68.500,300.000,262.313,-22.008,84.166,277.992,1,1
68.600,300.000,262.376,-21.949,84.173,278.051,1,1
68.700,300.000,262.438,-21.889,84.179,278.111,1,1
68.800,300.000,262.501,-21.830,84.185,278.170,1,1
68.900,300.000,262.563,-21.771,84.191,278.229,1,1
69.000,300.000,262.625,-21.712,84.197,278.288,1,1
69.100,300.000,262.688,-21.653,84.203,278.347,1,1
69.200,300.000,262.750,-21.595,84.209,278.405,1,1
69.300,300.000,262.812,-21.537,84.215,278.463,1,1
69.400,300.000,262.874,-21.479,84.221,278.521,1,1
69.500,300.000,262.935,-21.421,84.227,278.579,1,1
69.600,300.000,262.997,-21.363,84.233,278.637,1,1
69.700,300.000,263.059,-21.306,84.238,278.694,1,1
69.800,300.000,263.120,-21.248,84.244,278.752,1,1
69.900,300.000,263.181,-21.191,84.250,278.809,1,1
70.000,300.000,263.243,-21.134,84.256,278.866,1,1
70.100,300.000,263.304,-21.078,84.262,278.922,1,1
70.200,300.000,263.365,-21.021,84.268,278.979,1,1
70.300,300.000,263.426,-20.965,84.274,279.035,1,1
70.400,300.000,263.487,-20.909,84.279,279.091,1,1
70.500,300.000,263.547,-20.853,84.285,279.147,1,1
70.600,300.000,263.608,-20.797,84.291,279.203,1,1
70.700,300.000,263.669,-20.741,84.297,279.259,1,1
70.800,300.000,263.729,-20.686,84.303,279.314,1,1
70.900,300.000,263.789,-20.631,84.308,279.369,1,1
71.000,300.000,263.850,-20.576,84.314,279.424,1,1
71.100,300.000,263.910,-20.521,84.320,279.479,1,1
71.200,300.000,263.970,-20.466,84.325,279.534,1,1
71.300,300.000,264.030,-20.412,84.331,279.588,1,1
71.400,300.000,264.090,-20.357,84.337,279.643,1,1
71.500,300.000,264.149,-20.303,84.342,279.697,1,1
71.600,300.000,264.209,-20.249,84.348,279.751,1,1
71.700,300.000,264.269,-20.195,84.354,279.805,1,1
71.800,300.000,264.328,-20.142,84.359,279.858,1,1
71.900,300.000,264.387,-20.088,84.365,279.912,1,1
72.000,300.000,264.447,-20.035,84.370,279.965,1,1
72.100,300.000,264.506,-19.982,84.376,280.018,1,1
72.200,300.000,264.565,-19.929,84.381,280.071,1,1
72.300,300.000,264.624,-19.876,84.387,280.124,1,1
72.400,300.000,264.683,-19.824,84.392,280.176,1,1
72.500,300.000,264.742,-19.771,84.398,280.229,1,1
72.600,300.000,264.800,-19.719,84.403,280.281,1,1
72.700,300.000,264.859,-19.667,84.409,280.333,1,1
72.800,300.000,264.917,-19.615,84.414,280.385,1,1
72.900,300.000,264.976,-19.563,84.420,280.437,1,1
73.000,300.000,265.034,-19.512,84.425,280.488,1,1
73.100,300.000,265.092,-19.461,84.431,280.539,1,1
73.200,300.000,265.150,-19.409,84.436,280.591,1,1
73.300,300.000,265.208,-19.358,84.441,280.642,1,1
73.400,300.000,265.266,-19.307,84.447,280.693,1,1
73.500,300.000,265.324,-19.257,84.452,280.743,1,1
73.600,300.000,265.382,-19.206,84.457,280.794,1,1
73.700,300.000,265.439,-19.156,84.463,280.844,1,1
73.800,300.000,265.497,-19.105,84.468,280.895,1,1
73.900,300.000,265.554,-19.055,84.473,280.945,1,1
74.000,300.000,265.611,-19.006,84.479,280.994,1,1
74.100,300.000,265.669,-18.956,84.484,281.044,1,1
74.200,300.000,265.726,-18.906,84.489,281.094,1,1
74.300,300.000,265.783,-18.857,84.494,281.143,1,1
74.400,300.000,265.840,-18.807,84.500,281.193,1,1
74.500,300.000,265.897,-18.758,84.505,281.242,1,1
74.600,300.000,265.953,-18.709,84.510,281.291,1,1
74.700,300.000,266.010,-18.661,84.515,281.339,1,1
74.800,300.000,266.066,-18.612,84.520,281.388,1,1
74.900,300.000,266.123,-18.564,84.525,281.436,1,1
75.000,300.000,266.179,-18.515,84.531,281.485,1,1
75.100,300.000,266.236,-18.467,84.536,281.533,1,1
75.200,300.000,266.292,-18.419,84.541,281.581,1,1
75.300,300.000,266.348,-18.371,84.546,281.629,1,1
75.400,300.000,266.404,-18.323,84.551,281.677,1,1
75.500,300.000,266.460,-18.276,84.556,281.724,1,1
75.600,300.000,266.516,-18.228,84.561,281.772,1,1
75.700,300.000,266.571,-18.181,84.566,281.819,1,1
75.800,300.000,266.627,-18.134,84.571,281.866,1,1
75.900,300.000,266.682,-18.087,84.576,281.913,1,1
76.000,300.000,266.738,-18.040,84.581,281.960,1,1
76.100,300.000,266.793,-17.994,84.586,282.006,1,1
76.200,300.000,266.848,-17.947,84.591,282.053,1,1
76.300,300.000,266.904,-17.901,84.596,282.099,1,1
76.400,300.000,266.959,-17.855,84.601,282.145,1,1
76.500,300.000,267.014,-17.809,84.606,282.191,1,1
76.600,300.000,267.069,-17.763,84.611,282.237,1,1
76.700,300.000,267.123,-17.717,84.616,282.283,1,1
76.800,300.000,267.178,-17.671,84.621,282.329,1,1
76.900,300.000,267.233,-17.626,84.626,282.374,1,1
77.000,300.000,267.287,-17.580,84.631,282.420,1,1
77.100,300.000,267.342,-17.535,84.636,282.465,1,1
77.200,300.000,267.396,-17.490,84.640,282.510,1,1
77.300,300.000,267.450,-17.445,84.645,282.555,1,1
77.400,300.000,267.504,-17.400,84.650,282.600,1,1
77.500,300.000,267.558,-17.356,84.655,282.644,1,1
77.600,300.000,267.612,-17.311,84.660,282.689,1,1
77.700,300.000,267.666,-17.267,84.665,282.733,1,1
77.800,300.000,267.720,-17.223,84.669,282.777,1,1
77.900,300.000,267.774,-17.179,84.674,282.821,1,1
78.000,300.000,267.827,-17.135,84.679,282.865,1,1
78.100,300.000,267.881,-17.091,84.684,282.909,1,1
78.200,300.000,267.934,-17.047,84.688,282.953,1,1
78.300,300.000,267.988,-17.004,84.693,282.996,1,1
78.400,300.000,268.041,-16.960,84.698,283.040,1,1
78.500,300.000,268.094,-16.917,84.703,283.083,1,1
78.600,300.000,268.147,-16.874,84.707,283.126,1,1
78.700,300.000,268.200,-16.831,84.712,283.169,1,1
78.800,300.000,268.253,-16.788,84.717,283.212,1,1
78.900,300.000,268.306,-16.745,84.721,283.255,1,1
79.000,300.000,268.359,-16.703,84.726,283.297,1,1
79.100,300.000,268.411,-16.660,84.730,283.340,1,1
79.200,300.000,268.464,-16.618,84.735,283.382,1,1
79.300,300.000,268.516,-16.576,84.740,283.424,1,1
79.400,300.000,268.569,-16.534,84.744,283.466,1,1
79.500,300.000,268.621,-16.492,84.749,283.508,1,1
79.600,300.000,268.673,-16.450,84.753,283.550,1,1
79.700,300.000,268.725,-16.408,84.758,283.592,1,1
79.800,300.000,268.777,-16.367,84.763,283.633,1,1
79.900,300.000,268.829,-16.326,84.767,283.674,1,1
80.000,300.000,268.881,-16.284,84.772,283.716,1,1
80.100,300.000,268.933,-16.243,84.776,283.757,1,1
80.200,300.000,268.985,-16.202,84.781,283.798,1,1
80.300,300.000,269.036,-16.161,84.785,283.839,1,1
80.400,300.000,269.088,-16.120,84.790,283.880,1,1
80.500,300.000,269.139,-16.080,84.794,283.920,1,1
80.600,300.000,269.191,-16.039,84.798,283.961,1,1
80.700,300.000,269.242,-15.999,84.803,284.001,1,1
80.800,300.000,269.293,-15.959,84.807,284.041,1,1
80.900,300.000,269.344,-15.918,84.812,284.082,1,1
81.000,300.000,269.395,-15.878,84.816,284.122,1,1
81.100,300.000,269.446,-15.839,84.821,284.161,1,1
81.200,300.000,269.497,-15.799,84.825,284.201,1,1
81.300,300.000,269.548,-15.759,84.829,284.241,1,1
81.400,300.000,269.598,-15.720,84.834,284.280,1,1
81.500,300.000,269.649,-15.680,84.838,284.320,1,1
81.600,300.000,269.699,-15.641,84.842,284.359,1,1
81.700,300.000,269.750,-15.602,84.847,284.398,1,1
81.800,300.000,269.800,-15.563,84.851,284.437,1,1
81.900,300.000,269.850,-15.524,84.855,284.476,1,1
82.000,300.000,269.901,-15.485,84.860,284.515,1,1
82.100,300.000,269.951,-15.446,84.864,284.554,1,1
82.200,300.000,270.001,-15.408,84.868,284.592,1,1
82.300,300.000,270.051,-15.369,84.873,284.631,1,1
82.400,300.000,270.100,-15.331,84.877,284.669,1,1
82.500,300.000,270.150,-15.293,84.881,284.707,1,1
82.600,300.000,270.200,-15.255,84.885,284.745,1,1
82.700,300.000,270.249,-15.217,84.890,284.783,1,1
82.800,300.000,270.299,-15.179,84.894,284.821,1,1
82.900,300.000,270.348,-15.141,84.898,284.859,1,1
83.000,300.000,270.398,-15.103,84.902,284.897,1,1
83.100,300.000,270.447,-15.066,84.906,284.934,1,1
83.200,300.000,270.496,-15.028,84.910,284.972,1,1
83.300,300.000,270.545,-14.991,84.915,285.009,1,1
83.400,300.000,270.594,-14.954,84.919,285.046,1,1
83.500,300.000,270.643,-14.917,84.923,285.083,1,1
83.600,300.000,270.692,-14.880,84.927,285.120,1,1
83.700,300.000,270.741,-14.843,84.931,285.157,1,1
83.800,300.000,270.789,-14.806,84.935,285.194,1,1
83.900,300.000,270.838,-14.770,84.939,285.230,1,1
84.000,300.000,270.887,-14.733,84.944,285.267,1,1
84.100,300.000,270.935,-14.697,84.948,285.303,1,1
84.200,300.000,270.983,-14.660,84.952,285.340,1,1
84.300,300.000,271.032,-14.624,84.956,285.376,1,1
84.400,300.000,271.080,-14.588,84.960,285.412,1,1
84.500,300.000,271.128,-14.552,84.964,285.448,1,1
84.600,300.000,271.176,-14.516,84.968,285.484,1,1
84.700,300.000,271.224,-14.481,84.972,285.519,1,1
84.800,300.000,271.272,-14.445,84.976,285.555,1,1
84.900,300.000,271.320,-14.409,84.980,285.591,1,1
85.000,300.000,271.367,-14.374,84.984,285.626,1,1
85.100,300.000,271.415,-14.339,84.988,285.661,1,1
85.200,300.000,271.463,-14.303,84.992,285.697,1,1
85.300,300.000,271.510,-14.268,84.996,285.732,1,1
85.400,300.000,271.558,-14.233,85.000,285.767,1,1
85.500,300.000,271.605,-14.198,85.004,285.802,1,1
85.600,300.000,271.652,-14.163,85.008,285.837,1,1
85.700,300.000,271.699,-14.129,85.012,285.871,1,1
85.800,300.000,271.746,-14.094,85.015,285.906,1,1
85.900,300.000,271.793,-14.060,85.019,285.940,1,1
86.000,300.000,271.840,-14.025,85.023,285.975,1,1
86.100,300.000,271.887,-13.991,85.027,286.009,1,1
86.200,300.000,271.934,-13.957,85.031,286.043,1,1
86.300,300.000,271.981,-13.923,85.035,286.077,1,1
86.400,300.000,272.027,-13.889,85.039,286.111,1,1
86.500,300.000,272.074,-13.855,85.043,286.145,1,1
86.600,300.000,272.120,-13.821,85.046,286.179,1,1
86.700,300.000,272.167,-13.787,85.050,286.213,1,1
86.800,300.000,272.213,-13.754,85.054,286.246,1,1
86.900,300.000,272.259,-13.720,85.058,286.280,1,1
87.000,300.000,272.305,-13.687,85.062,286.313,1,1
87.100,300.000,272.351,-13.654,85.066,286.346,1,1
87.200,300.000,272.397,-13.620,85.069,286.380,1,1
87.300,300.000,272.443,-13.587,85.073,286.413,1,1
87.400,300.000,272.489,-13.554,85.077,286.446,1,1
87.500,300.000,272.535,-13.521,85.081,286.479,1,1
87.600,300.000,272.581,-13.489,85.084,286.511,1,1
87.700,300.000,272.626,-13.456,85.088,286.544,1,1
87.800,300.000,272.672,-13.423,85.092,286.577,1,1
87.900,300.000,272.717,-13.391,85.096,286.609,1,1
88.000,300.000,272.763,-13.358,85.099,286.642,1,1
88.100,300.000,272.808,-13.326,85.103,286.674,1,1
88.200,300.000,272.853,-13.294,85.107,286.706,1,1
88.300,300.000,272.898,-13.262,85.110,286.738,1,1
88.400,300.000,272.944,-13.230,85.114,286.770,1,1
88.500,300.000,272.989,-13.198,85.118,286.802,1,1
88.600,300.000,273.033,-13.166,85.121,286.834,1,1
88.700,300.000,273.078,-13.134,85.125,286.866,1,1
88.800,300.000,273.123,-13.103,85.129,286.897,1,1
88.900,300.000,273.168,-13.071,85.132,286.929,1,1
89.000,300.000,273.213,-13.040,85.136,286.960,1,1
89.100,300.000,273.257,-13.008,85.139,286.992,1,1
89.200,300.000,273.302,-12.977,85.143,287.023,1,1
89.300,300.000,273.346,-12.946,85.147,287.054,1,1
89.400,300.000,273.390,-12.915,85.150,287.085,1,1
89.500,300.000,273.435,-12.884,85.154,287.116,1,1
89.600,300.000,273.479,-12.853,85.157,287.147,1,1
89.700,300.000,273.523,-12.822,85.161,287.178,1,1
89.800,300.000,273.567,-12.791,85.165,287.209,1,1
89.900,300.000,273.611,-12.760,85.168,287.240,1,1
90.000,300.000,273.655,-12.730,85.172,287.270,1,1
90.100,300.000,273.699,-12.699,85.175,287.301,1,1
90.200,300.000,273.743,-12.669,85.179,287.331,1,1
90.300,300.000,273.786,-12.639,85.182,287.361,1,1
90.400,300.000,273.830,-12.608,85.186,287.392,1,1
90.500,300.000,273.873,-12.578,85.189,287.422,1,1
90.600,300.000,273.917,-12.548,85.193,287.452,1,1
90.700,300.000,273.960,-12.518,85.196,287.482,1,1
90.800,300.000,274.004,-12.488,85.200,287.512,1,1
90.900,300.000,274.047,-12.459,85.203,287.541,1,1
91.000,300.000,274.090,-12.429,85.206,287.571,1,1
91.100,300.000,274.133,-12.399,85.210,287.601,1,1
91.200,300.000,274.176,-12.370,85.213,287.630,1,1
91.300,300.000,274.219,-12.340,85.217,287.660,1,1
91.400,300.000,274.262,-12.311,85.220,287.689,1,1
91.500,300.000,274.305,-12.282,85.224,287.718,1,1
91.600,300.000,274.348,-12.253,85.227,287.747,1,1
91.700,300.000,274.390,-12.223,85.230,287.777,1,1
91.800,300.000,274.433,-12.194,85.234,287.806,1,1
91.900,300.000,274.475,-12.165,85.237,287.835,1,1
92.000,300.000,274.518,-12.137,85.241,287.863,1,1
92.100,300.000,274.560,-12.108,85.244,287.892,1,1
92.200,300.000,274.603,-12.079,85.247,287.921,1,1
92.300,300.000,274.645,-12.051,85.251,287.949,1,1
92.400,300.000,274.687,-12.022,85.254,287.978,1,1
92.500,300.000,274.729,-11.994,85.257,288.006,1,1
92.600,300.000,274.771,-11.965,85.261,288.035,1,1
92.700,300.000,274.813,-11.937,85.264,288.063,1,1
92.800,300.000,274.855,-11.909,85.267,288.091,1,1
92.900,300.000,274.897,-11.881,85.271,288.119,1,1
93.000,300.000,274.939,-11.853,85.274,288.147,1,1
93.100,300.000,274.980,-11.825,85.277,288.175,1,1
93.200,300.000,275.022,-11.797,85.280,288.203,1,1
93.300,300.000,275.064,-11.769,85.284,288.231,1,1
93.400,300.000,275.105,-11.741,85.287,288.259,1,1
93.500,300.000,275.147,-11.714,85.290,288.286,1,1
93.600,300.000,275.188,-11.686,85.293,288.314,1,1
93.700,300.000,275.229,-11.659,85.297,288.341,1,1
93.800,300.000,275.270,-11.631,85.300,288.369,1,1
93.900,300.000,275.312,-11.604,85.303,288.396,1,1
94.000,300.000,275.353,-11.577,85.306,288.423,1,1
94.100,300.000,275.394,-11.549,85.310,288.451,1,1
94.200,300.000,275.435,-11.522,85.313,288.478,1,1
94.300,300.000,275.475,-11.495,85.316,288.505,1,1
94.400,300.000,275.516,-11.468,85.319,288.532,1,1
94.500,300.000,275.557,-11.441,85.322,288.559,1,1
94.600,300.000,275.598,-11.415,85.325,288.585,1,1
94.700,300.000,275.638,-11.388,85.329,288.612,1,1
94.800,300.000,275.679,-11.361,85.332,288.639,1,1
94.900,300.000,275.719,-11.335,85.335,288.665,1,1
95.000,300.000,275.760,-11.308,85.338,288.692,1,1
95.100,300.000,275.800,-11.282,85.341,288.718,1,1
95.200,300.000,275.840,-11.255,85.344,288.745,1,1
95.300,300.000,275.880,-11.229,85.347,288.771,1,1
95.400,300.000,275.921,-11.203,85.351,288.797,1,1
95.500,300.000,275.961,-11.177,85.354,288.823,1,1
95.600,300.000,276.001,-11.151,85.357,288.849,1,1
95.700,300.000,276.041,-11.125,85.360,288.875,1,1
95.800,300.000,276.080,-11.099,85.363,288.901,1,1
95.900,300.000,276.120,-11.073,85.366,288.927,1,1
96.000,300.000,276.160,-11.047,85.369,288.953,1,1
96.100,300.000,276.200,-11.022,85.372,288.978,1,1
96.200,300.000,276.239,-10.996,85.375,289.004,1,1
96.300,300.000,276.279,-10.971,85.378,289.029,1,1
96.400,300.000,276.318,-10.945,85.381,289.055,1,1
96.500,300.000,276.358,-10.920,85.384,289.080,1,1
96.600,300.000,276.397,-10.894,85.387,289.106,1,1
96.700,300.000,276.436,-10.869,85.390,289.131,1,1
96.800,300.000,276.475,-10.844,85.393,289.156,1,1
96.900,300.000,276.515,-10.819,85.396,289.181,1,1
97.000,300.000,276.554,-10.794,85.399,289.206,1,1
97.100,300.000,276.593,-10.769,85.402,289.231,1,1
97.200,300.000,276.632,-10.744,85.405,289.256,1,1
97.300,300.000,276.671,-10.719,85.408,289.281,1,1
97.400,300.000,276.709,-10.694,85.411,289.306,1,1
97.500,300.000,276.748,-10.670,85.414,289.330,1,1
97.600,300.000,276.787,-10.645,85.417,289.355,1,1
97.700,300.000,276.825,-10.620,85.420,289.380,1,1
97.800,300.000,276.864,-10.596,85.423,289.404,1,1
97.900,300.000,276.903,-10.571,85.426,289.429,1,1
98.000,300.000,276.941,-10.547,85.429,289.453,1,1
98.100,300.000,276.979,-10.523,85.432,289.477,1,1
98.200,300.000,277.018,-10.499,85.435,289.501,1,1
98.300,300.000,277.056,-10.474,85.438,289.526,1,1
98.400,300.000,277.094,-10.450,85.441,289.550,1,1
98.500,300.000,277.132,-10.426,85.444,289.574,1,1
98.600,300.000,277.170,-10.402,85.446,289.598,1,1
98.700,300.000,277.208,-10.378,85.449,289.622,1,1
98.800,300.000,277.246,-10.355,85.452,289.645,1,1
98.900,300.000,277.284,-10.331,85.455,289.669,1,1
99.000,300.000,277.322,-10.307,85.458,289.693,1,1
99.100,300.000,277.359,-10.283,85.461,289.717,1,1
99.200,300.000,277.397,-10.260,85.464,289.740,1,1
99.300,300.000,277.435,-10.236,85.466,289.764,1,1
99.400,300.000,277.472,-10.213,85.469,289.787,1,1
99.500,300.000,277.510,-10.190,85.472,289.810,1,1
99.600,300.000,277.547,-10.166,85.475,289.834,1,1
99.700,300.000,277.585,-10.143,85.478,289.857,1,1
99.800,300.000,277.622,-10.120,85.481,289.880,1,1
99.900,300.000,277.659,-10.097,85.483,289.903,1,1
100.000,300.000,277.696,-10.074,85.486,289.926,1,1
100.100,300.000,277.733,-10.051,85.489,289.949,1,1
100.200,300.000,277.770,-10.028,85.492,289.972,1,1
100.300,300.000,277.807,-10.005,85.495,289.995,1,1
100.400,300.000,277.844,-9.982,85.497,290.018,1,1
100.500,300.000,277.881,-9.959,85.500,290.041,1,1
100.600,300.000,277.918,-9.937,85.503,290.063,1,1
100.700,300.000,277.955,-9.914,85.506,290.086,1,1
100.800,300.000,277.991,-9.891,85.508,290.109,1,1
100.900,300.000,278.028,-9.869,85.511,290.131,1,1
101.000,300.000,278.065,-9.847,85.514,290.153,1,1
101.100,300.000,278.101,-9.824,85.517,290.176,1,1
101.200,300.000,278.138,-9.802,85.519,290.198,1,1
101.300,300.000,278.174,-9.780,85.522,290.220,1,1
101.400,300.000,278.210,-9.757,85.525,290.243,1,1
101.500,300.000,278.247,-9.735,85.527,290.265,1,1
101.600,300.000,278.283,-9.713,85.530,290.287,1,1
101.700,300.000,278.319,-9.691,85.533,290.309,1,1
101.800,300.000,278.355,-9.669,85.536,290.331,1,1
101.900,300.000,278.391,-9.647,85.538,290.353,1,1
102.000,300.000,278.427,-9.626,85.541,290.374,1,1
102.100,300.000,278.463,-9.604,85.544,290.396,1,1
102.200,300.000,278.499,-9.582,85.546,290.418,1,1
102.300,300.000,278.534,-9.560,85.549,290.440,1,1
102.400,300.000,278.570,-9.539,85.551,290.461,1,1
102.500,300.000,278.606,-9.517,85.554,290.483,1,1
102.600,300.000,278.641,-9.496,85.557,290.504,1,1
102.700,300.000,278.677,-9.474,85.559,290.526,1,1
102.800,300.000,278.712,-9.453,85.562,290.547,1,1
102.900,300.000,278.748,-9.432,85.565,290.568,1,1
103.000,300.000,278.783,-9.410,85.567,290.590,1,1
103.100,300.000,278.818,-9.389,85.570,290.611,1,1
103.200,300.000,278.854,-9.368,85.572,290.632,1,1
103.300,300.000,278.889,-9.347,85.575,290.653,1,1
103.400,300.000,278.924,-9.326,85.578,290.674,1,1
103.500,300.000,278.959,-9.305,85.580,290.695,1,1
103.600,300.000,278.994,-9.284,85.583,290.716,1,1
103.700,300.000,279.029,-9.263,85.585,290.737,1,1
103.800,300.000,279.064,-9.242,85.588,290.758,1,1
103.900,300.000,279.099,-9.222,85.591,290.778,1,1
104.000,300.000,279.134,-9.201,85.593,290.799,1,1
104.100,300.000,279.168,-9.180,85.596,290.820,1,1
104.200,300.000,279.203,-9.160,85.598,290.840,1,1
104.300,300.000,279.238,-9.139,85.601,290.861,1,1
104.400,300.000,279.272,-9.119,85.603,290.881,1,1
104.500,300.000,279.307,-9.098,85.606,290.902,1,1
104.600,300.000,279.341,-9.078,85.608,290.922,1,1
104.700,300.000,279.375,-9.058,85.611,290.942,1,1
104.800,300.000,279.410,-9.037,85.613,290.963,1,1
104.900,300.000,279.444,-9.017,85.616,290.983,1,1
105.000,300.000,279.478,-8.997,85.618,291.003,1,1
105.100,300.000,279.512,-8.977,85.621,291.023,1,1
105.200,300.000,279.546,-8.957,85.623,291.043,1,1
105.300,300.000,279.580,-8.937,85.626,291.063,1,1
105.400,300.000,279.614,-8.917,85.628,291.083,1,1
105.500,300.000,279.648,-8.897,85.631,291.103,1,1
105.600,300.000,279.682,-8.877,85.633,291.123,1,1
105.700,300.000,279.716,-8.858,85.636,291.142,1,1
105.800,300.000,279.750,-8.838,85.638,291.162,1,1
105.900,300.000,279.783,-8.818,85.641,291.182,1,1
106.000,300.000,279.817,-8.799,85.643,291.201,1,1
106.100,300.000,279.851,-8.779,85.645,291.221,1,1
106.200,300.000,279.884,-8.760,85.648,291.240,1,1
106.300,300.000,279.918,-8.740,85.650,291.260,1,1
106.400,300.000,279.951,-8.721,85.653,291.279,1,1
106.500,300.000,279.984,-8.701,85.655,291.299,1,1
106.600,300.000,280.018,-8.682,85.658,291.318,1,1
106.700,300.000,280.051,-8.663,85.660,291.337,1,1
106.800,300.000,280.084,-8.644,85.662,291.356,1,1
106.900,300.000,280.117,-8.624,85.665,291.376,1,1
107.000,300.000,280.150,-8.605,85.667,291.395,1,1
107.100,300.000,280.183,-8.586,85.670,291.414,1,1
107.200,300.000,280.216,-8.567,85.672,291.433,1,1
107.300,300.000,280.249,-8.548,85.674,291.452,1,1
107.400,300.000,280.282,-8.529,85.677,291.471,1,1
107.500,300.000,280.315,-8.510,85.679,291.490,1,1
107.600,300.000,280.348,-8.492,85.681,291.508,1,1
107.700,300.000,280.380,-8.473,85.684,291.527,1,1
107.800,300.000,280.413,-8.454,85.686,291.546,1,1
107.900,300.000,280.446,-8.436,85.688,291.564,1,1
108.000,300.000,280.478,-8.417,85.691,291.583,1,1
108.100,300.000,280.511,-8.398,85.693,291.602,1,1
108.200,300.000,280.543,-8.380,85.695,291.620,1,1
108.300,300.000,280.575,-8.361,85.698,291.639,1,1
108.400,300.000,280.608,-8.343,85.700,291.657,1,1
108.500,300.000,280.640,-8.325,85.702,291.675,1,1
108.600,300.000,280.672,-8.306,85.705,291.694,1,1
108.700,300.000,280.704,-8.288,85.707,291.712,1,1
108.800,300.000,280.737,-8.270,85.709,291.730,1,1
108.900,300.000,280.769,-8.252,85.712,291.748,1,1
109.000,300.000,280.801,-8.233,85.714,291.767,1,1
109.100,300.000,280.833,-8.215,85.716,291.785,1,1
109.200,300.000,280.864,-8.197,85.718,291.803,1,1
109.300,300.000,280.896,-8.179,85.721,291.821,1,1
109.400,300.000,280.928,-8.161,85.723,291.839,1,1
109.500,300.000,280.960,-8.144,85.725,291.856,1,1
109.600,300.000,280.991,-8.126,85.727,291.874,1,1
109.700,300.000,281.023,-8.108,85.730,291.892,1,1
109.800,300.000,281.055,-8.090,85.732,291.910,1,1
109.900,300.000,281.086,-8.072,85.734,291.928,1,1
110.000,300.000,281.118,-8.055,85.736,291.945,1,1
110.100,300.000,281.149,-8.037,85.739,291.963,1,1
110.200,300.000,281.180,-8.020,85.741,291.980,1,1
110.300,300.000,281.212,-8.002,85.743,291.998,1,1
110.400,300.000,281.243,-7.985,85.745,292.015,1,1
110.500,300.000,281.274,-7.967,85.748,292.033,1,1
110.600,300.000,281.305,-7.950,85.750,292.050,1,1
110.700,300.000,281.337,-7.932,85.752,292.068,1,1
110.800,300.000,281.368,-7.915,85.754,292.085,1,1
110.900,300.000,281.399,-7.898,85.756,292.102,1,1
111.000,300.000,281.430,-7.881,85.759,292.119,1,1
111.100,300.000,281.460,-7.863,85.761,292.137,1,1
111.200,300.000,281.491,-7.846,85.763,292.154,1,1
111.300,300.000,281.522,-7.829,85.765,292.171,1,1
111.400,300.000,281.553,-7.812,85.767,292.188,1,1
111.500,300.000,281.584,-7.795,85.769,292.205,1,1
111.600,300.000,281.614,-7.778,85.772,292.222,1,1
111.700,300.000,281.645,-7.761,85.774,292.239,1,1
111.800,300.000,281.675,-7.744,85.776,292.256,1,1
111.900,300.000,281.706,-7.728,85.778,292.272,1,1
112.000,300.000,281.736,-7.711,85.780,292.289,1,1
112.100,300.000,281.767,-7.694,85.782,292.306,1,1
112.200,300.000,281.797,-7.677,85.784,292.323,1,1
112.300,300.000,281.827,-7.661,85.787,292.339,1,1
112.400,300.000,281.857,-7.644,85.789,292.356,1,1
112.500,300.000,281.888,-7.628,85.791,292.372,1,1
112.600,300.000,281.918,-7.611,85.793,292.389,1,1
112.700,300.000,281.948,-7.595,85.795,292.405,1,1
112.800,300.000,281.978,-7.578,85.797,292.422,1,1
112.900,300.000,282.008,-7.562,85.799,292.438,1,1
113.000,300.000,282.038,-7.545,85.801,292.455,1,1
113.100,300.000,282.068,-7.529,85.803,292.471,1,1
113.200,300.000,282.098,-7.513,85.806,292.487,1,1
113.300,300.000,282.127,-7.497,85.808,292.503,1,1
113.400,300.000,282.157,-7.480,85.810,292.520,1,1
113.500,300.000,282.187,-7.464,85.812,292.536,1,1
113.600,300.000,282.216,-7.448,85.814,292.552,1,1
113.700,300.000,282.246,-7.432,85.816,292.568,1,1
113.800,300.000,282.276,-7.416,85.818,292.584,1,1
113.900,300.000,282.305,-7.400,85.820,292.600,1,1
114.000,300.000,282.334,-7.384,85.822,292.616,1,1
114.100,300.000,282.364,-7.368,85.824,292.632,1,1
114.200,300.000,282.393,-7.352,85.826,292.648,1,1
114.300,300.000,282.423,-7.337,85.828,292.663,1,1
114.400,300.000,282.452,-7.321,85.830,292.679,1,1
114.500,300.000,282.481,-7.305,85.832,292.695,1,1
114.600,300.000,282.510,-7.289,85.834,292.711,1,1
114.700,300.000,282.539,-7.274,85.836,292.726,1,1
114.800,300.000,282.568,-7.258,85.838,292.742,1,1
114.900,300.000,282.597,-7.242,85.840,292.758,1,1
115.000,300.000,282.626,-7.227,85.842,292.773,1,1
115.100,300.000,282.655,-7.211,85.844,292.789,1,1
115.200,300.000,282.684,-7.196,85.846,292.804,1,1
115.300,300.000,282.713,-7.180,85.848,292.820,1,1
115.400,300.000,282.742,-7.165,85.850,292.835,1,1
115.500,300.000,282.770,-7.150,85.852,292.850,1,1
115.600,300.000,282.799,-7.134,85.854,292.866,1,1
115.700,300.000,282.828,-7.119,85.856,292.881,1,1
115.800,300.000,282.856,-7.104,85.858,292.896,1,1
115.900,300.000,282.885,-7.089,85.860,292.911,1,1
116.000,300.000,282.913,-7.074,85.862,292.926,1,1
116.100,300.000,282.942,-7.058,85.864,292.942,1,1
116.200,300.000,282.970,-7.043,85.866,292.957,1,1
116.300,300.000,282.998,-7.028,85.868,292.972,1,1
116.400,300.000,283.027,-7.013,85.870,292.987,1,1
116.500,300.000,283.055,-6.998,85.872,293.002,1,1
116.600,300.000,283.083,-6.983,85.874,293.017,1,1
116.700,300.000,283.111,-6.969,85.876,293.031,1,1
116.800,300.000,283.139,-6.954,85.878,293.046,1,1
116.900,300.000,283.167,-6.939,85.880,293.061,1,1
117.000,300.000,283.195,-6.924,85.882,293.076,1,1
117.100,300.000,283.223,-6.909,85.884,293.091,1,1
117.200,300.000,283.251,-6.895,85.885,293.105,1,1
117.300,300.000,283.279,-6.880,85.887,293.120,1,1
117.400,300.000,283.307,-6.865,85.889,293.135,1,1
117.500,300.000,283.335,-6.851,85.891,293.149,1,1
117.600,300.000,283.362,-6.836,85.893,293.164,1,1
117.700,300.000,283.390,-6.822,85.895,293.178,1,1
117.800,300.000,283.418,-6.807,85.897,293.193,1,1
117.900,300.000,283.445,-6.793,85.899,293.207,1,1
118.000,300.000,283.473,-6.778,85.901,293.222,1,1
118.100,300.000,283.500,-6.764,85.903,293.236,1,1
118.200,300.000,283.528,-6.749,85.904,293.251,1,1
118.300,300.000,283.555,-6.735,85.906,293.265,1,1
118.400,300.000,283.583,-6.721,85.908,293.279,1,1
118.500,300.000,283.610,-6.707,85.910,293.293,1,1
118.600,300.000,283.637,-6.692,85.912,293.308,1,1
118.700,300.000,283.664,-6.678,85.914,293.322,1,1
118.800,300.000,283.692,-6.664,85.916,293.336,1,1
118.900,300.000,283.719,-6.650,85.917,293.350,1,1
119.000,300.000,283.746,-6.636,85.919,293.364,1,1
119.100,300.000,283.773,-6.622,85.921,293.378,1,1
119.200,300.000,283.800,-6.608,85.923,293.392,1,1
119.300,300.000,283.827,-6.594,85.925,293.406,1,1
119.400,300.000,283.854,-6.580,85.927,293.420,1,1
119.500,300.000,283.881,-6.566,85.928,293.434,1,1
119.600,300.000,283.907,-6.552,85.930,293.448,1,1
119.700,300.000,283.934,-6.538,85.932,293.462,1,1
119.800,300.000,283.961,-6.525,85.934,293.475,1,1
119.900,300.000,283.988,-6.511,85.936,293.489,1,1
120.000,300.000,284.014,-6.497,85.937,293.503,1,1
120.100,300.000,284.041,-6.483,85.939,293.517,1,1
120.200,300.000,284.067,-6.470,85.941,293.530,1,1
120.300,300.000,284.094,-6.456,85.943,293.544,1,1
120.400,300.000,284.120,-6.443,85.945,293.557,1,1
120.500,300.000,284.147,-6.429,85.946,293.571,1,1
120.600,300.000,284.173,-6.416,85.948,293.584,1,1
120.700,300.000,284.200,-6.402,85.950,293.598,1,1
120.800,300.000,284.226,-6.389,85.952,293.611,1,1
120.900,300.000,284.252,-6.375,85.954,293.625,1,1
121.000,300.000,284.278,-6.362,85.955,293.638,1,1
121.100,300.000,284.304,-6.348,85.957,293.652,1,1
121.200,300.000,284.331,-6.335,85.959,293.665,1,1
121.300,300.000,284.357,-6.322,85.961,293.678,1,1
121.400,300.000,284.383,-6.309,85.962,293.691,1,1
121.500,300.000,284.409,-6.295,85.964,293.705,1,1
121.600,300.000,284.435,-6.282,85.966,293.718,1,1
121.700,300.000,284.460,-6.269,85.968,293.731,1,1
121.800,300.000,284.486,-6.256,85.969,293.744,1,1
121.900,300.000,284.512,-6.243,85.971,293.757,1,1
122.000,300.000,284.538,-6.230,85.973,293.770,1,1
122.100,300.000,284.564,-6.217,85.974,293.783,1,1
122.200,300.000,284.589,-6.204,85.976,293.796,1,1
122.300,300.000,284.615,-6.191,85.978,293.809,1,1
122.400,300.000,284.641,-6.178,85.980,293.822,1,1
122.500,300.000,284.666,-6.165,85.981,293.835,1,1
122.600,300.000,284.692,-6.152,85.983,293.848,1,1
122.700,300.000,284.717,-6.139,85.985,293.861,1,1
122.800,300.000,284.743,-6.126,85.986,293.874,1,1
122.900,300.000,284.768,-6.113,85.988,293.887,1,1
123.000,300.000,284.793,-6.101,85.990,293.899,1,1
123.100,300.000,284.819,-6.088,85.992,293.912,1,1
123.200,300.000,284.844,-6.075,85.993,293.925,1,1
123.300,300.000,284.869,-6.063,85.995,293.937,1,1
123.400,300.000,284.894,-6.050,85.997,293.950,1,1
123.500,300.000,284.919,-6.037,85.998,293.963,1,1
123.600,300.000,284.944,-6.025,86.000,293.975,1,1
123.700,300.000,284.969,-6.012,86.002,293.988,1,1
123.800,300.000,284.994,-6.000,86.003,294.000,1,1
123.900,300.000,285.019,-5.987,86.005,294.013,1,1
124.000,300.000,285.044,-5.975,86.007,294.025,1,1
124.100,300.000,285.069,-5.962,86.008,294.038,1,1
124.200,300.000,285.094,-5.950,86.010,294.050,1,1
124.300,300.000,285.119,-5.938,86.012,294.062,1,1
124.400,300.000,285.144,-5.925,86.013,294.075,1,1
124.500,300.000,285.168,-5.913,86.015,294.087,1,1
124.600,300.000,285.193,-5.901,86.017,294.099,1,1
124.700,300.000,285.218,-5.889,86.018,294.111,1,1
124.800,300.000,285.242,-5.876,86.020,294.124,1,1
124.900,300.000,285.267,-5.864,86.021,294.136,1,1
125.000,300.000,285.291,-5.852,86.023,294.148,1,1
125.100,300.000,285.316,-5.840,86.025,294.160,1,1
125.200,300.000,285.340,-5.828,86.026,294.172,1,1
125.300,300.000,285.365,-5.816,86.028,294.184,1,1
125.400,300.000,285.389,-5.804,86.029,294.196,1,1
125.500,300.000,285.413,-5.792,86.031,294.208,1,1
125.600,300.000,285.438,-5.780,86.033,294.220,1,1
125.700,300.000,285.462,-5.768,86.034,294.232,1,1
125.800,300.000,285.486,-5.756,86.036,294.244,1,1
125.900,300.000,285.510,-5.744,86.038,294.256,1,1
126.000,300.000,285.534,-5.732,86.039,294.268,1,1
126.100,300.000,285.558,-5.720,86.041,294.280,1,1
126.200,300.000,285.582,-5.708,86.042,294.292,1,1
126.300,300.000,285.606,-5.697,86.044,294.303,1,1
126.400,300.000,285.630,-5.685,86.045,294.315,1,1
126.500,300.000,285.654,-5.673,86.047,294.327,1,1
126.600,300.000,285.678,-5.661,86.049,294.339,1,1
126.700,300.000,285.702,-5.650,86.050,294.350,1,1
126.800,300.000,285.726,-5.638,86.052,294.362,1,1
126.900,300.000,285.749,-5.627,86.053,294.373,1,1
127.000,300.000,285.773,-5.615,86.055,294.385,1,1
127.100,300.000,285.797,-5.603,86.056,294.397,1,1
127.200,300.000,285.820,-5.592,86.058,294.408,1,1
127.300,300.000,285.844,-5.580,86.060,294.420,1,1
127.400,300.000,285.868,-5.569,86.061,294.431,1,1
127.500,300.000,285.891,-5.557,86.063,294.443,1,1
127.600,300.000,285.915,-5.546,86.064,294.454,1,1
127.700,300.000,285.938,-5.535,86.066,294.465,1,1
127.800,300.000,285.961,-5.523,86.067,294.477,1,1
127.900,300.000,285.985,-5.512,86.069,294.488,1,1
128.000,300.000,286.008,-5.501,86.070,294.499,1,1
128.100,300.000,286.031,-5.489,86.072,294.511,1,1
128.200,300.000,286.055,-5.478,86.073,294.522,1,1
128.300,300.000,286.078,-5.467,86.075,294.533,1,1
128.400,300.000,286.101,-5.456,86.076,294.544,1,1
128.500,300.000,286.124,-5.444,86.078,294.556,1,1
128.600,300.000,286.147,-5.433,86.079,294.567,1,1
128.700,300.000,286.170,-5.422,86.081,294.578,1,1
128.800,300.000,286.193,-5.411,86.082,294.589,1,1
128.900,300.000,286.216,-5.400,86.084,294.600,1,1
129.000,300.000,286.239,-5.389,86.085,294.611,1,1
129.100,300.000,286.262,-5.378,86.087,294.622,1,1
129.200,300.000,286.285,-5.367,86.088,294.633,1,1
129.300,300.000,286.308,-5.356,86.090,294.644,1,1
129.400,300.000,286.331,-5.345,86.091,294.655,1,1
129.500,300.000,286.353,-5.334,86.093,294.666,1,1
129.600,300.000,286.376,-5.323,86.094,294.677,1,1
129.700,300.000,286.399,-5.312,86.096,294.688,1,1
129.800,300.000,286.421,-5.301,86.097,294.699,1,1
129.900,300.000,286.444,-5.291,86.099,294.709,1,1
130.000,300.000,286.466,-5.280,86.100,294.720,1,1
130.100,300.000,286.489,-5.269,86.102,294.731,1,1
130.200,300.000,286.511,-5.258,86.103,294.742,1,1
130.300,300.000,286.534,-5.248,86.105,294.752,1,1
130.400,300.000,286.556,-5.237,86.106,294.763,1,1
130.500,300.000,286.579,-5.226,86.107,294.774,1,1
130.600,300.000,286.601,-5.216,86.109,294.784,1,1
130.700,300.000,286.623,-5.205,86.110,294.795,1,1
130.800,300.000,286.646,-5.194,86.112,294.806,1,1
130.900,300.000,286.668,-5.184,86.113,294.816,1,1
131.000,300.000,286.690,-5.173,86.115,294.827,1,1
131.100,300.000,286.712,-5.163,86.116,294.837,1,1
131.200,300.000,286.734,-5.152,86.118,294.848,1,1
131.300,300.000,286.756,-5.142,86.119,294.858,1,1
131.400,300.000,286.778,-5.131,86.120,294.869,1,1
131.500,300.000,286.800,-5.121,86.122,294.879,1,1
131.600,300.000,286.822,-5.111,86.123,294.889,1,1
131.700,300.000,286.844,-5.100,86.125,294.900,1,1
131.800,300.000,286.866,-5.090,86.126,294.910,1,1
131.900,300.000,286.888,-5.080,86.127,294.920,1,1
132.000,300.000,286.910,-5.069,86.129,294.931,1,1
132.100,300.000,286.932,-5.059,86.130,294.941,1,1
132.200,300.000,286.953,-5.049,86.132,294.951,1,1
132.300,300.000,286.975,-5.038,86.133,294.962,1,1
132.400,300.000,286.997,-5.028,86.134,294.972,1,1
132.500,300.000,287.018,-5.018,86.136,294.982,1,1
132.600,300.000,287.040,-5.008,86.137,294.992,1,1
132.700,300.000,287.062,-4.998,86.139,295.002,1,1
132.800,300.000,287.083,-4.988,86.140,295.012,1,1
132.900,300.000,287.105,-4.978,86.141,295.022,1,1
133.000,300.000,287.126,-4.968,86.143,295.032,1,1
133.100,300.000,287.147,-4.957,86.144,295.043,1,1
133.200,300.000,287.169,-4.947,86.146,295.053,1,1
133.300,300.000,287.190,-4.937,86.147,295.063,1,1
133.400,300.000,287.211,-4.928,86.148,295.072,1,1
133.500,300.000,287.233,-4.918,86.150,295.082,1,1
133.600,300.000,287.254,-4.908,86.151,295.092,1,1
133.700,300.000,287.275,-4.898,86.152,295.102,1,1
133.800,300.000,287.296,-4.888,86.154,295.112,1,1
133.900,300.000,287.317,-4.878,86.155,295.122,1,1
134.000,300.000,287.339,-4.868,86.156,295.132,1,1
134.100,300.000,287.360,-4.858,86.158,295.142,1,1
134.200,300.000,287.381,-4.849,86.159,295.151,1,1
134.300,300.000,287.402,-4.839,86.161,295.161,1,1
134.400,300.000,287.423,-4.829,86.162,295.171,1,1
134.500,300.000,287.444,-4.819,86.163,295.181,1,1
134.600,300.000,287.464,-4.810,86.165,295.190,1,1
134.700,300.000,287.485,-4.800,86.166,295.200,1,1
134.800,300.000,287.506,-4.790,86.167,295.210,1,1
134.900,300.000,287.527,-4.781,86.169,295.219,1,1
135.000,300.000,287.548,-4.771,86.170,295.229,1,1
135.100,300.000,287.568,-4.762,86.171,295.238,1,1
135.200,300.000,287.589,-4.752,86.172,295.248,1,1
135.300,300.000,287.610,-4.742,86.174,295.258,1,1
135.400,300.000,287.630,-4.733,86.175,295.267,1,1
135.500,300.000,287.651,-4.723,86.176,295.277,1,1
135.600,300.000,287.671,-4.714,86.178,295.286,1,1
135.700,300.000,287.692,-4.704,86.179,295.296,1,1
135.800,300.000,287.712,-4.695,86.180,295.305,1,1
135.900,300.000,287.733,-4.686,86.182,295.314,1,1
136.000,300.000,287.753,-4.676,86.183,295.324,1,1
136.100,300.000,287.774,-4.667,86.184,295.333,1,1
136.200,300.000,287.794,-4.657,86.186,295.343,1,1
136.300,300.000,287.814,-4.648,86.187,295.352,1,1
136.400,300.000,287.835,-4.639,86.188,295.361,1,1
136.500,300.000,287.855,-4.630,86.189,295.370,1,1
136.600,300.000,287.875,-4.620,86.191,295.380,1,1
136.700,300.000,287.895,-4.611,86.192,295.389,1,1
136.800,300.000,287.915,-4.602,86.193,295.398,1,1
136.900,300.000,287.936,-4.593,86.195,295.407,1,1
137.000,300.000,287.956,-4.583,86.196,295.417,1,1
137.100,300.000,287.976,-4.574,86.197,295.426,1,1
137.200,300.000,287.996,-4.565,86.198,295.435,1,1
137.300,300.000,288.016,-4.556,86.200,295.444,1,1
137.400,300.000,288.036,-4.547,86.201,295.453,1,1
137.500,300.000,288.055,-4.538,86.202,295.462,1,1
137.600,300.000,288.075,-4.529,86.203,295.471,1,1
137.700,300.000,288.095,-4.520,86.205,295.480,1,1
137.800,300.000,288.115,-4.511,86.206,295.489,1,1
137.900,300.000,288.135,-4.502,86.207,295.498,1,1
138.000,300.000,288.155,-4.493,86.208,295.507,1,1
138.100,300.000,288.174,-4.484,86.210,295.516,1,1
138.200,300.000,288.194,-4.475,86.211,295.525,1,1
138.300,300.000,288.214,-4.466,86.212,295.534,1,1
138.400,300.000,288.233,-4.457,86.213,295.543,1,1
138.500,300.000,288.253,-4.448,86.215,295.552,1,1
138.600,300.000,288.272,-4.439,86.216,295.561,1,1
138.700,300.000,288.292,-4.431,86.217,295.569,1,1
138.800,300.000,288.311,-4.422,86.218,295.578,1,1
138.900,300.000,288.331,-4.413,86.220,295.587,1,1
139.000,300.000,288.350,-4.404,86.221,295.596,1,1
139.100,300.000,288.370,-4.395,86.222,295.605,1,1
139.200,300.000,288.389,-4.387,86.223,295.613,1,1
139.300,300.000,288.408,-4.378,86.224,295.622,1,1
139.400,300.000,288.427,-4.369,86.226,295.631,1,1
139.500,300.000,288.447,-4.361,86.227,295.639,1,1
139.600,300.000,288.466,-4.352,86.228,295.648,1,1
139.700,300.000,288.485,-4.343,86.229,295.657,1,1
139.800,300.000,288.504,-4.335,86.230,295.665,1,1
139.900,300.000,288.523,-4.326,86.232,295.674,1,1
140.000,300.000,288.543,-4.318,86.233,295.682,1,1
140.100,300.000,288.562,-4.309,86.234,295.691,1,1
140.200,300.000,288.581,-4.301,86.235,295.699,1,1
140.300,300.000,288.600,-4.292,86.236,295.708,1,1
140.400,300.000,288.619,-4.283,86.238,295.717,1,1
140.500,300.000,288.638,-4.275,86.239,295.725,1,1
140.600,300.000,288.656,-4.267,86.240,295.733,1,1
140.700,300.000,288.675,-4.258,86.241,295.742,1,1
140.800,300.000,288.694,-4.250,86.242,295.750,1,1
140.900,300.000,288.713,-4.241,86.244,295.759,1,1
141.000,300.000,288.732,-4.233,86.245,295.767,1,1
141.100,300.000,288.750,-4.225,86.246,295.775,1,1
141.200,300.000,288.769,-4.216,86.247,295.784,1,1
141.300,300.000,288.788,-4.208,86.248,295.792,1,1
141.400,300.000,288.807,-4.200,86.249,295.800,1,1
141.500,300.000,288.825,-4.191,86.251,295.809,1,1
141.600,300.000,288.844,-4.183,86.252,295.817,1,1
141.700,300.000,288.862,-4.175,86.253,295.825,1,1
141.800,300.000,288.881,-4.166,86.254,295.834,1,1
141.900,300.000,288.899,-4.158,86.255,295.842,1,1
142.000,300.000,288.918,-4.150,86.256,295.850,1,1
142.100,300.000,288.936,-4.142,86.257,295.858,1,1
142.200,300.000,288.955,-4.134,86.259,295.866,1,1
142.300,300.000,288.973,-4.126,86.260,295.874,1,1
142.400,300.000,288.991,-4.117,86.261,295.883,1,1
142.500,300.000,289.010,-4.109,86.262,295.891,1,1
142.600,300.000,289.028,-4.101,86.263,295.899,1,1
142.700,300.000,289.046,-4.093,86.264,295.907,1,1
142.800,300.000,289.065,-4.085,86.265,295.915,1,1
142.900,300.000,289.083,-4.077,86.267,295.923,1,1
143.000,300.000,289.101,-4.069,86.268,295.931,1,1
143.100,300.000,289.119,-4.061,86.269,295.939,1,1
143.200,300.000,289.137,-4.053,86.270,295.947,1,1
143.300,300.000,289.155,-4.045,86.271,295.955,1,1
143.400,300.000,289.173,-4.037,86.272,295.963,1,1
143.500,300.000,289.191,-4.029,86.273,295.971,1,1
143.600,300.000,289.209,-4.021,86.274,295.979,1,1
143.700,300.000,289.227,-4.013,86.276,295.987,1,1
143.800,300.000,289.245,-4.006,86.277,295.994,1,1
143.900,300.000,289.263,-3.998,86.278,296.002,1,1
144.000,300.000,289.281,-3.990,86.279,296.010,1,1
144.100,300.000,289.299,-3.982,86.280,296.018,1,1
144.200,300.000,289.317,-3.974,86.281,296.026,1,1
144.300,300.000,289.334,-3.966,86.282,296.034,1,1
144.400,300.000,289.352,-3.959,86.283,296.041,1,1
144.500,300.000,289.370,-3.951,86.284,296.049,1,1
144.600,300.000,289.387,-3.943,86.286,296.057,1,1
144.700,300.000,289.405,-3.935,86.287,296.065,1,1
144.800,300.000,289.423,-3.928,86.288,296.072,1,1
144.900,300.000,289.440,-3.920,86.289,296.080,1,1
145.000,300.000,289.458,-3.912,86.290,296.088,1,1
145.100,300.000,289.475,-3.905,86.291,296.095,1,1
145.200,300.000,289.493,-3.897,86.292,296.103,1,1
145.300,300.000,289.510,-3.889,86.293,296.111,1,1
145.400,300.000,289.528,-3.882,86.294,296.118,1,1
145.500,300.000,289.545,-3.874,86.295,296.126,1,1
145.600,300.000,289.563,-3.867,86.296,296.133,1,1
145.700,300.000,289.580,-3.859,86.297,296.141,1,1
145.800,300.000,289.597,-3.852,86.298,296.148,1,1
145.900,300.000,289.615,-3.844,86.300,296.156,1,1
146.000,300.000,289.632,-3.837,86.301,296.163,1,1
146.100,300.000,289.649,-3.829,86.302,296.171,1,1
146.200,300.000,289.666,-3.822,86.303,296.178,1,1
146.300,300.000,289.684,-3.814,86.304,296.186,1,1
146.400,300.000,289.701,-3.807,86.305,296.193,1,1
146.500,300.000,289.718,-3.799,86.306,296.201,1,1
146.600,300.000,289.735,-3.792,86.307,296.208,1,1
146.700,300.000,289.752,-3.785,86.308,296.215,1,1
146.800,300.000,289.769,-3.777,86.309,296.223,1,1
146.900,300.000,289.786,-3.770,86.310,296.230,1,1
147.000,300.000,289.803,-3.762,86.311,296.238,1,1
147.100,300.000,289.820,-3.755,86.312,296.245,1,1
147.200,300.000,289.837,-3.748,86.313,296.252,1,1
147.300,300.000,289.854,-3.741,86.314,296.259,1,1
147.400,300.000,289.871,-3.733,86.315,296.267,1,1
147.500,300.000,289.888,-3.726,86.316,296.274,1,1
147.600,300.000,289.905,-3.719,86.317,296.281,1,1
147.700,300.000,289.921,-3.712,86.318,296.288,1,1
147.800,300.000,289.938,-3.704,86.319,296.296,1,1
147.900,300.000,289.955,-3.697,86.320,296.303,1,1
148.000,300.000,289.972,-3.690,86.322,296.310,1,1
148.100,300.000,289.988,-3.683,86.323,296.317,1,1
148.200,300.000,290.005,-3.676,86.324,296.324,1,1
148.300,300.000,290.022,-3.669,86.325,296.331,1,1
148.400,300.000,290.038,-3.661,86.326,296.339,1,1
148.500,300.000,290.055,-3.654,86.327,296.346,1,1
148.600,300.000,290.071,-3.647,86.328,296.353,1,1
148.700,300.000,290.088,-3.640,86.329,296.360,1,1
148.800,300.000,290.104,-3.633,86.330,296.367,1,1
148.900,300.000,290.121,-3.626,86.331,296.374,1,1
149.000,300.000,290.137,-3.619,86.332,296.381,1,1
149.100,300.000,290.154,-3.612,86.333,296.388,1,1
149.200,300.000,290.170,-3.605,86.334,296.395,1,1
149.300,300.000,290.186,-3.598,86.335,296.402,1,1
149.400,300.000,290.203,-3.591,86.336,296.409,1,1
149.500,300.000,290.219,-3.584,86.337,296.416,1,1
149.600,300.000,290.235,-3.577,86.338,296.423,1,1
149.700,300.000,290.252,-3.570,86.339,296.430,1,1
149.800,300.000,290.268,-3.563,86.340,296.437,1,1
149.900,300.000,290.284,-3.556,86.341,296.444,1,1
150.000,300.000,290.300,-3.550,86.342,296.450,1,1
150.100,300.000,290.316,-3.543,86.343,296.457,1,1
150.200,300.000,290.332,-3.536,86.344,296.464,1,1
150.300,300.000,290.348,-3.529,86.345,296.471,1,1
150.400,300.000,290.365,-3.522,86.346,296.478,1,1
150.500,300.000,290.381,-3.515,86.346,296.485,1,1
150.600,300.000,290.397,-3.509,86.347,296.491,1,1
150.700,300.000,290.413,-3.502,86.348,296.498,1,1
150.800,300.000,290.428,-3.495,86.349,296.505,1,1
150.900,300.000,290.444,-3.488,86.350,296.512,1,1
151.000,300.000,290.460,-3.482,86.351,296.518,1,1
151.100,300.000,290.476,-3.475,86.352,296.525,1,1
151.200,300.000,290.492,-3.468,86.353,296.532,1,1
151.300,300.000,290.508,-3.462,86.354,296.538,1,1
151.400,300.000,290.524,-3.455,86.355,296.545,1,1
151.500,300.000,290.539,-3.448,86.356,296.552,1,1
151.600,300.000,290.555,-3.442,86.357,296.558,1,1
151.700,300.000,290.571,-3.435,86.358,296.565,1,1
151.800,300.000,290.587,-3.428,86.359,296.572,1,1
151.900,300.000,290.602,-3.422,86.360,296.578,1,1
152.000,300.000,290.618,-3.415,86.361,296.585,1,1
152.100,300.000,290.633,-3.409,86.362,296.591,1,1
152.200,300.000,290.649,-3.402,86.363,296.598,1,1
152.300,300.000,290.665,-3.395,86.364,296.605,1,1
152.400,300.000,290.680,-3.389,86.365,296.611,1,1
152.500,300.000,290.696,-3.382,86.366,296.618,1,1
152.600,300.000,290.711,-3.376,86.367,296.624,1,1
152.700,300.000,290.727,-3.369,86.368,296.631,1,1
152.800,300.000,290.742,-3.363,86.368,296.637,1,1
152.900,300.000,290.757,-3.356,86.369,296.644,1,1
153.000,300.000,290.773,-3.350,86.370,296.650,1,1
153.100,300.000,290.788,-3.344,86.371,296.656,1,1
153.200,300.000,290.803,-3.337,86.372,296.663,1,1
153.300,300.000,290.819,-3.331,86.373,296.669,1,1
153.400,300.000,290.834,-3.324,86.374,296.676,1,1
153.500,300.000,290.849,-3.318,86.375,296.682,1,1
153.600,300.000,290.865,-3.312,86.376,296.688,1,1
153.700,300.000,290.880,-3.305,86.377,296.695,1,1
153.800,300.000,290.895,-3.299,86.378,296.701,1,1
153.900,300.000,290.910,-3.293,86.379,296.707,1,1
154.000,300.000,290.925,-3.286,86.380,296.714,1,1
154.100,300.000,290.940,-3.280,86.380,296.720,1,1
154.200,300.000,290.955,-3.274,86.381,296.726,1,1
154.300,300.000,290.970,-3.268,86.382,296.732,1,1
154.400,300.000,290.985,-3.261,86.383,296.739,1,1
154.500,300.000,291.000,-3.255,86.384,296.745,1,1
154.600,300.000,291.015,-3.249,86.385,296.751,1,1
154.700,300.000,291.030,-3.243,86.386,296.757,1,1
154.800,300.000,291.045,-3.236,86.387,296.764,1,1
154.900,300.000,291.060,-3.230,86.388,296.770,1,1
155.000,300.000,291.075,-3.224,86.389,296.776,1,1
155.100,300.000,291.090,-3.218,86.389,296.782,1,1
155.200,300.000,291.105,-3.212,86.390,296.788,1,1
155.300,300.000,291.120,-3.206,86.391,296.794,1,1
155.400,300.000,291.134,-3.199,86.392,296.801,1,1
155.500,300.000,291.149,-3.193,86.393,296.807,1,1
155.600,300.000,291.164,-3.187,86.394,296.813,1,1
155.700,300.000,291.178,-3.181,86.395,296.819,1,1
155.800,300.000,291.193,-3.175,86.396,296.825,1,1
155.900,300.000,291.208,-3.169,86.397,296.831,1,1
156.000,300.000,291.222,-3.163,86.397,296.837,1,1
156.100,300.000,291.237,-3.157,86.398,296.843,1,1
156.200,300.000,291.252,-3.151,86.399,296.849,1,1
156.300,300.000,291.266,-3.145,86.400,296.855,1,1
156.400,300.000,291.281,-3.139,86.401,296.861,1,1
156.500,300.000,291.295,-3.133,86.402,296.867,1,1
156.600,300.000,291.310,-3.127,86.403,296.873,1,1
156.700,300.000,291.324,-3.121,86.404,296.879,1,1
156.800,300.000,291.339,-3.115,86.404,296.885,1,1
156.900,300.000,291.353,-3.109,86.405,296.891,1,1
157.000,300.000,291.367,-3.103,86.406,296.897,1,1
157.100,300.000,291.382,-3.097,86.407,296.903,1,1
157.200,300.000,291.396,-3.091,86.408,296.909,1,1
157.300,300.000,291.410,-3.086,86.409,296.914,1,1
157.400,300.000,291.425,-3.080,86.410,296.920,1,1
157.500,300.000,291.439,-3.074,86.410,296.926,1,1
157.600,300.000,291.453,-3.068,86.411,296.932,1,1
157.700,300.000,291.467,-3.062,86.412,296.938,1,1
157.800,300.000,291.482,-3.056,86.413,296.944,1,1
157.900,300.000,291.496,-3.050,86.414,296.950,1,1
158.000,300.000,291.510,-3.045,86.415,296.955,1,1
158.100,300.000,291.524,-3.039,86.415,296.961,1,1
158.200,300.000,291.538,-3.033,86.416,296.967,1,1
158.300,300.000,291.552,-3.027,86.417,296.973,1,1
158.400,300.000,291.566,-3.022,86.418,296.978,1,1
158.500,300.000,291.580,-3.016,86.419,296.984,1,1
158.600,300.000,291.594,-3.010,86.420,296.990,1,1
158.700,300.000,291.608,-3.004,86.421,296.996,1,1
158.800,300.000,291.622,-2.999,86.421,297.001,1,1
158.900,300.000,291.636,-2.993,86.422,297.007,1,1
159.000,300.000,291.650,-2.987,86.423,297.013,1,1
159.100,300.000,291.664,-2.982,86.424,297.018,1,1
159.200,300.000,291.678,-2.976,86.425,297.024,1,1
159.300,300.000,291.692,-2.970,86.425,297.030,1,1
159.400,300.000,291.706,-2.965,86.426,297.035,1,1
159.500,300.000,291.719,-2.959,86.427,297.041,1,1
159.600,300.000,291.733,-2.954,86.428,297.046,1,1
159.700,300.000,291.747,-2.948,86.429,297.052,1,1
159.800,300.000,291.761,-2.942,86.430,297.058,1,1
159.900,300.000,291.774,-2.937,86.430,297.063,1,1
160.000,300.000,291.788,-2.931,86.431,297.069,1,1
160.100,300.000,291.802,-2.926,86.432,297.074,1,1
160.200,300.000,291.815,-2.920,86.433,297.080,1,1
160.300,300.000,291.829,-2.915,86.434,297.085,1,1
160.400,300.000,291.843,-2.909,86.434,297.091,1,1
160.500,300.000,291.856,-2.904,86.435,297.096,1,1
160.600,300.000,291.870,-2.898,86.436,297.102,1,1
160.700,300.000,291.883,-2.893,86.437,297.107,1,1
160.800,300.000,291.897,-2.887,86.438,297.113,1,1
160.900,300.000,291.910,-2.882,86.438,297.118,1,1
161.000,300.000,291.924,-2.876,86.439,297.124,1,1
161.100,300.000,291.937,-2.871,86.440,297.129,1,1
161.200,300.000,291.951,-2.866,86.441,297.134,1,1
161.300,300.000,291.964,-2.860,86.442,297.140,1,1
161.400,300.000,291.977,-2.855,86.442,297.145,1,1
161.500,300.000,291.991,-2.849,86.443,297.151,1,1
161.600,300.000,292.004,-2.844,86.444,297.156,1,1
161.700,300.000,292.017,-2.839,86.445,297.161,1,1
161.800,300.000,292.031,-2.833,86.446,297.167,1,1
161.900,300.000,292.044,-2.828,86.446,297.172,1,1
162.000,300.000,292.057,-2.823,86.447,297.177,1,1
162.100,300.000,292.070,-2.817,86.448,297.183,1,1
162.200,300.000,292.083,-2.812,86.449,297.188,1,1
162.300,300.000,292.097,-2.807,86.450,297.193,1,1
162.400,300.000,292.110,-2.801,86.450,297.199,1,1
162.500,300.000,292.123,-2.796,86.451,297.204,1,1
162.600,300.000,292.136,-2.791,86.452,297.209,1,1
162.700,300.000,292.149,-2.786,86.453,297.214,1,1
162.800,300.000,292.162,-2.780,86.453,297.220,1,1
162.900,300.000,292.175,-2.775,86.454,297.225,1,1
163.000,300.000,292.188,-2.770,86.455,297.230,1,1
163.100,300.000,292.201,-2.765,86.456,297.235,1,1
163.200,300.000,292.214,-2.760,86.456,297.240,1,1
163.300,300.000,292.227,-2.754,86.457,297.246,1,1
163.400,300.000,292.240,-2.749,86.458,297.251,1,1
163.500,300.000,292.253,-2.744,86.459,297.256,1,1
163.600,300.000,292.266,-2.739,86.460,297.261,1,1
163.700,300.000,292.279,-2.734,86.460,297.266,1,1
163.800,300.000,292.292,-2.729,86.461,297.271,1,1
163.900,300.000,292.304,-2.723,86.462,297.277,1,1
164.000,300.000,292.317,-2.718,86.463,297.282,1,1
164.100,300.000,292.330,-2.713,86.463,297.287,1,1
164.200,300.000,292.343,-2.708,86.464,297.292,1,1
164.300,300.000,292.356,-2.703,86.465,297.297,1,1
164.400,300.000,292.368,-2.698,86.466,297.302,1,1
164.500,300.000,292.381,-2.693,86.466,297.307,1,1
164.600,300.000,292.394,-2.688,86.467,297.312,1,1
164.700,300.000,292.406,-2.683,86.468,297.317,1,1
164.800,300.000,292.419,-2.678,86.469,297.322,1,1
164.900,300.000,292.432,-2.673,86.469,297.327,1,1
165.000,300.000,292.444,-2.668,86.470,297.332,1,1
165.100,300.000,292.457,-2.663,86.471,297.337,1,1
165.200,300.000,292.469,-2.658,86.472,297.342,1,1
165.300,300.000,292.482,-2.653,86.472,297.347,1,1
165.400,300.000,292.494,-2.648,86.473,297.352,1,1
165.500,300.000,292.507,-2.643,86.474,297.357,1,1
165.600,300.000,292.519,-2.638,86.474,297.362,1,1
165.700,300.000,292.532,-2.633,86.475,297.367,1,1
165.800,300.000,292.544,-2.628,86.476,297.372,1,1
165.900,300.000,292.557,-2.623,86.477,297.377,1,1
166.000,300.000,292.569,-2.618,86.477,297.382,1,1
166.100,300.000,292.581,-2.613,86.478,297.387,1,1
166.200,300.000,292.594,-2.608,86.479,297.392,1,1
166.300,300.000,292.606,-2.604,86.480,297.396,1,1
166.400,300.000,292.618,-2.599,86.480,297.401,1,1
166.500,300.000,292.631,-2.594,86.481,297.406,1,1
166.600,300.000,292.643,-2.589,86.482,297.411,1,1
166.700,300.000,292.655,-2.584,86.482,297.416,1,1
166.800,300.000,292.667,-2.579,86.483,297.421,1,1
166.900,300.000,292.679,-2.575,86.484,297.425,1,1
167.000,300.000,292.692,-2.570,86.485,297.430,1,1
167.100,300.000,292.704,-2.565,86.485,297.435,1,1
167.200,300.000,292.716,-2.560,86.486,297.440,1,1
167.300,300.000,292.728,-2.555,86.487,297.445,1,1
167.400,300.000,292.740,-2.551,86.487,297.449,1,1
167.500,300.000,292.752,-2.546,86.488,297.454,1,1
167.600,300.000,292.764,-2.541,86.489,297.459,1,1
167.700,300.000,292.776,-2.536,86.490,297.464,1,1
167.800,300.000,292.788,-2.532,86.490,297.468,1,1
167.900,300.000,292.800,-2.527,86.491,297.473,1,1
168.000,300.000,292.812,-2.522,86.492,297.478,1,1
168.100,300.000,292.824,-2.517,86.492,297.483,1,1
168.200,300.000,292.836,-2.513,86.493,297.487,1,1
168.300,300.000,292.848,-2.508,86.494,297.492,1,1
168.400,300.000,292.860,-2.503,86.494,297.497,1,1
168.500,300.000,292.872,-2.499,86.495,297.501,1,1
168.600,300.000,292.884,-2.494,86.496,297.506,1,1
168.700,300.000,292.896,-2.490,86.496,297.510,1,1
168.800,300.000,292.907,-2.485,86.497,297.515,1,1
168.900,300.000,292.919,-2.480,86.498,297.520,1,1
169.000,300.000,292.931,-2.476,86.499,297.524,1,1
169.100,300.000,292.943,-2.471,86.499,297.529,1,1
169.200,300.000,292.955,-2.466,86.500,297.534,1,1
169.300,300.000,292.966,-2.462,86.501,297.538,1,1
169.400,300.000,292.978,-2.457,86.501,297.543,1,1
169.500,300.000,292.990,-2.453,86.502,297.547,1,1
169.600,300.000,293.001,-2.448,86.503,297.552,1,1
169.700,300.000,293.013,-2.444,86.503,297.556,1,1
169.800,300.000,293.025,-2.439,86.504,297.561,1,1
169.900,300.000,293.036,-2.435,86.505,297.565,1,1
170.000,300.000,293.048,-2.430,86.505,297.570,1,1
170.100,300.000,293.059,-2.425,86.506,297.575,1,1
170.200,300.000,293.071,-2.421,86.507,297.579,1,1
170.300,300.000,293.082,-2.416,86.507,297.584,1,1
170.400,300.000,293.094,-2.412,86.508,297.588,1,1
170.500,300.000,293.105,-2.408,86.509,297.592,1,1
170.600,300.000,293.117,-2.403,86.509,297.597,1,1
170.700,300.000,293.128,-2.399,86.510,297.601,1,1
170.800,300.000,293.140,-2.394,86.511,297.606,1,1
170.900,300.000,293.151,-2.390,86.511,297.610,1,1
171.000,300.000,293.163,-2.385,86.512,297.615,1,1
171.100,300.000,293.174,-2.381,86.513,297.619,1,1
171.200,300.000,293.185,-2.376,86.513,297.624,1,1
171.300,300.000,293.197,-2.372,86.514,297.628,1,1
171.400,300.000,293.208,-2.368,86.515,297.632,1,1
171.500,300.000,293.219,-2.363,86.515,297.637,1,1
171.600,300.000,293.231,-2.359,86.516,297.641,1,1
171.700,300.000,293.242,-2.355,86.517,297.645,1,1
171.800,300.000,293.253,-2.350,86.517,297.650,1,1
171.900,300.000,293.264,-2.346,86.518,297.654,1,1
172.000,300.000,293.276,-2.341,86.519,297.659,1,1
172.100,300.000,293.287,-2.337,86.519,297.663,1,1
172.200,300.000,293.298,-2.333,86.520,297.667,1,1
172.300,300.000,293.309,-2.329,86.521,297.671,1,1
172.400,300.000,293.320,-2.324,86.521,297.676,1,1
172.500,300.000,293.331,-2.320,86.522,297.680,1,1
172.600,300.000,293.342,-2.316,86.522,297.684,1,1
172.700,300.000,293.353,-2.311,86.523,297.689,1,1
172.800,300.000,293.365,-2.307,86.524,297.693,1,1
172.900,300.000,293.376,-2.303,86.524,297.697,1,1
173.000,300.000,293.387,-2.299,86.525,297.701,1,1
173.100,300.000,293.398,-2.294,86.526,297.706,1,1
173.200,300.000,293.409,-2.290,86.526,297.710,1,1
173.300,300.000,293.420,-2.286,86.527,297.714,1,1
173.400,300.000,293.430,-2.282,86.528,297.718,1,1
173.500,300.000,293.441,-2.277,86.528,297.723,1,1
173.600,300.000,293.452,-2.273,86.529,297.727,1,1
173.700,300.000,293.463,-2.269,86.529,297.731,1,1
173.800,300.000,293.474,-2.265,86.530,297.735,1,1
173.900,300.000,293.485,-2.261,86.531,297.739,1,1
174.000,300.000,293.496,-2.256,86.531,297.744,1,1
174.100,300.000,293.507,-2.252,86.532,297.748,1,1
174.200,300.000,293.517,-2.248,86.533,297.752,1,1
174.300,300.000,293.528,-2.244,86.533,297.756,1,1
174.400,300.000,293.539,-2.240,86.534,297.760,1,1
174.500,300.000,293.550,-2.236,86.534,297.764,1,1
174.600,300.000,293.560,-2.232,86.535,297.768,1,1
174.700,300.000,293.571,-2.228,86.536,297.772,1,1
174.800,300.000,293.582,-2.223,86.536,297.777,1,1
174.900,300.000,293.593,-2.219,86.537,297.781,1,1
175.000,300.000,293.603,-2.215,86.538,297.785,1,1
175.100,300.000,293.614,-2.211,86.538,297.789,1,1
175.200,300.000,293.624,-2.207,86.539,297.793,1,1
175.300,300.000,293.635,-2.203,86.539,297.797,1,1
175.400,300.000,293.646,-2.199,86.540,297.801,1,1
175.500,300.000,293.656,-2.195,86.541,297.805,1,1
175.600,300.000,293.667,-2.191,86.541,297.809,1,1
175.700,300.000,293.677,-2.187,86.542,297.813,1,1
175.800,300.000,293.688,-2.183,86.542,297.817,1,1
175.900,300.000,293.698,-2.179,86.543,297.821,1,1
176.000,300.000,293.709,-2.175,86.544,297.825,1,1
176.100,300.000,293.719,-2.171,86.544,297.829,1,1
176.200,300.000,293.730,-2.167,86.545,297.833,1,1
176.300,300.000,293.740,-2.163,86.545,297.837,1,1
176.400,300.000,293.751,-2.159,86.546,297.841,1,1
176.500,300.000,293.761,-2.155,86.547,297.845,1,1
176.600,300.000,293.771,-2.151,86.547,297.849,1,1
176.700,300.000,293.782,-2.147,86.548,297.853,1,1
176.800,300.000,293.792,-2.143,86.548,297.857,1,1
176.900,300.000,293.802,-2.139,86.549,297.861,1,1
177.000,300.000,293.813,-2.135,86.550,297.865,1,1
177.100,300.000,293.823,-2.131,86.550,297.869,1,1
177.200,300.000,293.833,-2.127,86.551,297.873,1,1
177.300,300.000,293.844,-2.123,86.551,297.877,1,1
177.400,300.000,293.854,-2.120,86.552,297.880,1,1
177.500,300.000,293.864,-2.116,86.553,297.884,1,1
177.600,300.000,293.874,-2.112,86.553,297.888,1,1
177.700,300.000,293.884,-2.108,86.554,297.892,1,1
177.800,300.000,293.895,-2.104,86.554,297.896,1,1
177.900,300.000,293.905,-2.100,86.555,297.900,1,1
178.000,300.000,293.915,-2.096,86.556,297.904,1,1
178.100,300.000,293.925,-2.092,86.556,297.908,1,1
178.200,300.000,293.935,-2.089,86.557,297.911,1,1
178.300,300.000,293.945,-2.085,86.557,297.915,1,1
178.400,300.000,293.955,-2.081,86.558,297.919,1,1
178.500,300.000,293.965,-2.077,86.558,297.923,1,1
178.600,300.000,293.975,-2.073,86.559,297.927,1,1
178.700,300.000,293.985,-2.070,86.560,297.930,1,1
178.800,300.000,293.995,-2.066,86.560,297.934,1,1
178.900,300.000,294.005,-2.062,86.561,297.938,1,1
179.000,300.000,294.015,-2.058,86.561,297.942,1,1
179.100,300.000,294.025,-2.054,86.562,297.946,1,1
179.200,300.000,294.035,-2.051,86.562,297.949,1,1
179.300,300.000,294.045,-2.047,86.563,297.953,1,1
179.400,300.000,294.055,-2.043,86.564,297.957,1,1
179.500,300.000,294.065,-2.040,86.564,297.960,1,1
179.600,300.000,294.075,-2.036,86.565,297.964,1,1
179.700,300.000,294.085,-2.032,86.565,297.968,1,1
179.800,300.000,294.095,-2.028,86.566,297.972,1,1
179.900,300.000,294.104,-2.025,86.566,297.975,1,1
180.000,300.000,294.114,-2.021,86.567,297.979,1,1
180.100,300.000,294.124,-2.017,86.568,297.983,1,1
180.200,300.000,294.134,-2.014,86.568,297.986,1,1
180.300,300.000,294.144,-2.010,86.569,297.990,1,1
180.400,300.000,294.153,-2.006,86.569,297.994,1,1
180.500,300.000,294.163,-2.003,86.570,297.997,1,1
180.600,300.000,294.173,-1.999,86.570,298.001,1,1
180.700,300.000,294.182,-1.995,86.571,298.005,1,1
180.800,300.000,294.192,-1.992,86.571,298.008,1,1
180.900,300.000,294.202,-1.988,86.572,298.012,1,1
181.000,300.000,294.211,-1.984,86.573,298.016,1,1
181.100,300.000,294.221,-1.981,86.573,298.019,1,1
181.200,300.000,294.231,-1.977,86.574,298.023,1,1
181.300,300.000,294.240,-1.973,86.574,298.027,1,1
181.400,300.000,294.250,-1.970,86.575,298.030,1,1
181.500,300.000,294.259,-1.966,86.575,298.034,1,1
181.600,300.000,294.269,-1.963,86.576,298.037,1,1
181.700,300.000,294.279,-1.959,86.576,298.041,1,1
181.800,300.000,294.288,-1.956,86.577,298.044,1,1
181.900,300.000,294.298,-1.952,86.577,298.048,1,1
182.000,300.000,294.307,-1.948,86.578,298.052,1,1
182.100,300.000,294.317,-1.945,86.578,298.055,1,1
182.200,300.000,294.326,-1.941,86.579,298.059,1,1
182.300,300.000,294.335,-1.938,86.580,298.062,1,1
182.400,300.000,294.345,-1.934,86.580,298.066,1,1
182.500,300.000,294.354,-1.931,86.581,298.069,1,1
182.600,300.000,294.364,-1.927,86.581,298.073,1,1
182.700,300.000,294.373,-1.924,86.582,298.076,1,1
182.800,300.000,294.382,-1.920,86.582,298.080,1,1
182.900,300.000,294.392,-1.917,86.583,298.083,1,1
183.000,300.000,294.401,-1.913,86.583,298.087,1,1
183.100,300.000,294.410,-1.910,86.584,298.090,1,1
183.200,300.000,294.420,-1.906,86.584,298.094,1,1
183.300,300.000,294.429,-1.903,86.585,298.097,1,1
183.400,300.000,294.438,-1.899,86.585,298.101,1,1
183.500,300.000,294.448,-1.896,86.586,298.104,1,1
183.600,300.000,294.457,-1.892,86.586,298.108,1,1
183.700,300.000,294.466,-1.889,86.587,298.111,1,1
183.800,300.000,294.475,-1.886,86.588,298.114,1,1
183.900,300.000,294.484,-1.882,86.588,298.118,1,1
184.000,300.000,294.494,-1.879,86.589,298.121,1,1
184.100,300.000,294.503,-1.875,86.589,298.125,1,1
184.200,300.000,294.512,-1.872,86.590,298.128,1,1
184.300,300.000,294.521,-1.869,86.590,298.131,1,1
184.400,300.000,294.530,-1.865,86.591,298.135,1,1
184.500,300.000,294.539,-1.862,86.591,298.138,1,1
184.600,300.000,294.548,-1.858,86.592,298.142,1,1
184.700,300.000,294.557,-1.855,86.592,298.145,1,1
184.800,300.000,294.566,-1.852,86.593,298.148,1,1
184.900,300.000,294.575,-1.848,86.593,298.152,1,1
185.000,300.000,294.584,-1.845,86.594,298.155,1,1
185.100,300.000,294.594,-1.842,86.594,298.158,1,1
185.200,300.000,294.603,-1.838,86.595,298.162,1,1
185.300,300.000,294.611,-1.835,86.595,298.165,1,1
185.400,300.000,294.620,-1.832,86.596,298.168,1,1
185.500,300.000,294.629,-1.828,86.596,298.172,1,1
185.600,300.000,294.638,-1.825,86.597,298.175,1,1
185.700,300.000,294.647,-1.822,86.597,298.178,1,1
185.800,300.000,294.656,-1.818,86.598,298.182,1,1
185.900,300.000,294.665,-1.815,86.598,298.185,1,1
186.000,300.000,294.674,-1.812,86.599,298.188,1,1
186.100,300.000,294.683,-1.808,86.599,298.192,1,1
186.200,300.000,294.692,-1.805,86.600,298.195,1,1
186.300,300.000,294.700,-1.802,86.600,298.198,1,1
186.400,300.000,294.709,-1.799,86.601,298.201,1,1
186.500,300.000,294.718,-1.795,86.601,298.205,1,1
186.600,300.000,294.727,-1.792,86.602,298.208,1,1
186.700,300.000,294.736,-1.789,86.602,298.211,1,1
186.800,300.000,294.744,-1.786,86.603,298.214,1,1
186.900,300.000,294.753,-1.782,86.603,298.218,1,1
187.000,300.000,294.762,-1.779,86.604,298.221,1,1
187.100,300.000,294.771,-1.776,86.604,298.224,1,1
187.200,300.000,294.779,-1.773,86.605,298.227,1,1
187.300,300.000,294.788,-1.770,86.605,298.230,1,1
187.400,300.000,294.797,-1.766,86.606,298.234,1,1
187.500,300.000,294.805,-1.763,86.606,298.237,1,1
187.600,300.000,294.814,-1.760,86.607,298.240,1,1
187.700,300.000,294.823,-1.757,86.607,298.243,1,1
187.800,300.000,294.831,-1.754,86.608,298.246,1,1
187.900,300.000,294.840,-1.750,86.608,298.250,1,1
188.000,300.000,294.848,-1.747,86.609,298.253,1,1
188.100,300.000,294.857,-1.744,86.609,298.256,1,1
188.200,300.000,294.866,-1.741,86.610,298.259,1,1
188.300,300.000,294.874,-1.738,86.610,298.262,1,1
188.400,300.000,294.883,-1.735,86.611,298.265,1,1
188.500,300.000,294.891,-1.732,86.611,298.268,1,1
188.600,300.000,294.900,-1.728,86.612,298.272,1,1
188.700,300.000,294.908,-1.725,86.612,298.275,1,1
188.800,300.000,294.917,-1.722,86.613,298.278,1,1
188.900,300.000,294.925,-1.719,86.613,298.281,1,1
189.000,300.000,294.933,-1.716,86.614,298.284,1,1
189.100,300.000,294.942,-1.713,86.614,298.287,1,1
189.200,300.000,294.950,-1.710,86.614,298.290,1,1
189.300,300.000,294.959,-1.707,86.615,298.293,1,1
189.400,300.000,294.967,-1.704,86.615,298.296,1,1
189.500,300.000,294.975,-1.701,86.616,298.299,1,1
189.600,300.000,294.984,-1.698,86.616,298.302,1,1
189.700,300.000,294.992,-1.694,86.617,298.306,1,1
189.800,300.000,295.001,-1.691,86.617,298.309,1,1
189.900,300.000,295.009,-1.688,86.618,298.312,1,1
190.000,300.000,295.017,-1.685,86.618,298.315,1,1
190.100,300.000,295.025,-1.682,86.619,298.318,1,1
190.200,300.000,295.034,-1.679,86.619,298.321,1,1
190.300,300.000,295.042,-1.676,86.620,298.324,1,1
190.400,300.000,295.050,-1.673,86.620,298.327,1,1
190.500,300.000,295.058,-1.670,86.621,298.330,1,1
190.600,300.000,295.067,-1.667,86.621,298.333,1,1
190.700,300.000,295.075,-1.664,86.621,298.336,1,1
190.800,300.000,295.083,-1.661,86.622,298.339,1,1
190.900,300.000,295.091,-1.658,86.622,298.342,1,1
191.000,300.000,295.099,-1.655,86.623,298.345,1,1
191.100,300.000,295.108,-1.652,86.623,298.348,1,1
191.200,300.000,295.116,-1.649,86.624,298.351,1,1
191.300,300.000,295.124,-1.646,86.624,298.354,1,1
191.400,300.000,295.132,-1.643,86.625,298.357,1,1
191.500,300.000,295.140,-1.640,86.625,298.360,1,1
191.600,300.000,295.148,-1.637,86.626,298.363,1,1
191.700,300.000,295.156,-1.634,86.626,298.366,1,1
191.800,300.000,295.164,-1.632,86.627,298.368,1,1
191.900,300.000,295.172,-1.629,86.627,298.371,1,1
192.000,300.000,295.180,-1.626,86.627,298.374,1,1
192.100,300.000,295.188,-1.623,86.628,298.377,1,1
192.200,300.000,295.196,-1.620,86.628,298.380,1,1
192.300,300.000,295.204,-1.617,86.629,298.383,1,1
192.400,300.000,295.212,-1.614,86.629,298.386,1,1
192.500,300.000,295.220,-1.611,86.630,298.389,1,1
192.600,300.000,295.228,-1.608,86.630,298.392,1,1
192.700,300.000,295.236,-1.605,86.631,298.395,1,1
192.800,300.000,295.244,-1.602,86.631,298.398,1,1
192.900,300.000,295.252,-1.600,86.631,298.400,1,1
193.000,300.000,295.260,-1.597,86.632,298.403,1,1
193.100,300.000,295.268,-1.594,86.632,298.406,1,1
193.200,300.000,295.276,-1.591,86.633,298.409,1,1
193.300,300.000,295.284,-1.588,86.633,298.412,1,1
193.400,300.000,295.291,-1.585,86.634,298.415,1,1
193.500,300.000,295.299,-1.582,86.634,298.418,1,1
193.600,300.000,295.307,-1.580,86.635,298.420,1,1
193.700,300.000,295.315,-1.577,86.635,298.423,1,1
193.800,300.000,295.323,-1.574,86.635,298.426,1,1
193.900,300.000,295.330,-1.571,86.636,298.429,1,1
194.000,300.000,295.338,-1.568,86.636,298.432,1,1
194.100,300.000,295.346,-1.565,86.637,298.435,1,1
194.200,300.000,295.354,-1.563,86.637,298.437,1,1
194.300,300.000,295.361,-1.560,86.638,298.440,1,1
194.400,300.000,295.369,-1.557,86.638,298.443,1,1
194.500,300.000,295.377,-1.554,86.638,298.446,1,1
194.600,300.000,295.385,-1.551,86.639,298.449,1,1
194.700,300.000,295.392,-1.549,86.639,298.451,1,1
194.800,300.000,295.400,-1.546,86.640,298.454,1,1
194.900,300.000,295.408,-1.543,86.640,298.457,1,1
195.000,300.000,295.415,-1.540,86.641,298.460,1,1
195.100,300.000,295.423,-1.538,86.641,298.462,1,1
195.200,300.000,295.430,-1.535,86.641,298.465,1,1
195.300,300.000,295.438,-1.532,86.642,298.468,1,1
195.400,300.000,295.446,-1.529,86.642,298.471,1,1
195.500,300.000,295.453,-1.527,86.643,298.473,1,1
195.600,300.000,295.461,-1.524,86.643,298.476,1,1
195.700,300.000,295.468,-1.521,86.644,298.479,1,1
195.800,300.000,295.476,-1.518,86.644,298.482,1,1
195.900,300.000,295.483,-1.516,86.644,298.484,1,1
196.000,300.000,295.491,-1.513,86.645,298.487,1,1
196.100,300.000,295.498,-1.510,86.645,298.490,1,1
196.200,300.000,295.506,-1.508,86.646,298.492,1,1
196.300,300.000,295.513,-1.505,86.646,298.495,1,1
196.400,300.000,295.521,-1.502,86.646,298.498,1,1
196.500,300.000,295.528,-1.500,86.647,298.500,1,1
196.600,300.000,295.536,-1.497,86.647,298.503,1,1
196.700,300.000,295.543,-1.494,86.648,298.506,1,1
196.800,300.000,295.551,-1.492,86.648,298.508,1,1
196.900,300.000,295.558,-1.489,86.649,298.511,1,1
197.000,300.000,295.565,-1.486,86.649,298.514,1,1
197.100,300.000,295.573,-1.484,86.649,298.516,1,1
197.200,300.000,295.580,-1.481,86.650,298.519,1,1
197.300,300.000,295.588,-1.478,86.650,298.522,1,1
197.400,300.000,295.595,-1.476,86.651,298.524,1,1
197.500,300.000,295.602,-1.473,86.651,298.527,1,1
197.600,300.000,295.610,-1.470,86.651,298.530,1,1
197.700,300.000,295.617,-1.468,86.652,298.532,1,1
197.800,300.000,295.624,-1.465,86.652,298.535,1,1
197.900,300.000,295.631,-1.462,86.653,298.538,1,1
198.000,300.000,295.639,-1.460,86.653,298.540,1,1
198.100,300.000,295.646,-1.457,86.653,298.543,1,1
198.200,300.000,295.653,-1.455,86.654,298.545,1,1
198.300,300.000,295.660,-1.452,86.654,298.548,1,1
198.400,300.000,295.668,-1.449,86.655,298.551,1,1
198.500,300.000,295.675,-1.447,86.655,298.553,1,1
198.600,300.000,295.682,-1.444,86.655,298.556,1,1
198.700,300.000,295.689,-1.442,86.656,298.558,1,1
198.800,300.000,295.696,-1.439,86.656,298.561,1,1
198.900,300.000,295.704,-1.437,86.657,298.563,1,1
199.000,300.000,295.711,-1.434,86.657,298.566,1,1
199.100,300.000,295.718,-1.431,86.657,298.569,1,1
199.200,300.000,295.725,-1.429,86.658,298.571,1,1
199.300,300.000,295.732,-1.426,86.658,298.574,1,1
199.400,300.000,295.739,-1.424,86.659,298.576,1,1
199.500,300.000,295.746,-1.421,86.659,298.579,1,1
199.600,300.000,295.753,-1.419,86.659,298.581,1,1
199.700,300.000,295.760,-1.416,86.660,298.584,1,1
199.800,300.000,295.767,-1.414,86.660,298.586,1,1
199.900,300.000,295.774,-1.411,86.661,298.589,1,1
200.000,300.000,295.782,-1.409,86.661,298.591,1,1
200.100,300.000,295.789,-1.406,86.661,298.594,1,1
200.200,300.000,295.796,-1.404,86.662,298.596,1,1
200.300,300.000,295.803,-1.401,86.662,298.599,1,1
200.400,300.000,295.810,-1.399,86.663,298.601,1,1
200.500,300.000,295.817,-1.396,86.663,298.604,1,1
200.600,300.000,295.823,-1.394,86.663,298.606,1,1
200.700,300.000,295.830,-1.391,86.664,298.609,1,1
200.800,300.000,295.837,-1.389,86.664,298.611,1,1
200.900,300.000,295.844,-1.386,86.665,298.614,1,1
201.000,300.000,295.851,-1.384,86.665,298.616,1,1
201.100,300.000,295.858,-1.381,86.665,298.619,1,1
201.200,300.000,295.865,-1.379,86.666,298.621,1,1
201.300,300.000,295.872,-1.376,86.666,298.624,1,1
201.400,300.000,295.879,-1.374,86.666,298.626,1,1
201.500,300.000,295.886,-1.372,86.667,298.628,1,1
201.600,300.000,295.892,-1.369,86.667,298.631,1,1
201.700,300.000,295.899,-1.367,86.668,298.633,1,1
201.800,300.000,295.906,-1.364,86.668,298.636,1,1
201.900,300.000,295.913,-1.362,86.668,298.638,1,1
202.000,300.000,295.920,-1.359,86.669,298.641,1,1
202.100,300.000,295.926,-1.357,86.669,298.643,1,1
202.200,300.000,295.933,-1.355,86.669,298.645,1,1
202.300,300.000,295.940,-1.352,86.670,298.648,1,1
202.400,300.000,295.947,-1.350,86.670,298.650,1,1
202.500,300.000,295.954,-1.347,86.671,298.653,1,1
202.600,300.000,295.960,-1.345,86.671,298.655,1,1
202.700,300.000,295.967,-1.343,86.671,298.657,1,1
202.800,300.000,295.974,-1.340,86.672,298.660,1,1
202.900,300.000,295.980,-1.338,86.672,298.662,1,1
203.000,300.000,295.987,-1.335,86.672,298.665,1,1
203.100,300.000,295.994,-1.333,86.673,298.667,1,1
203.200,300.000,296.000,-1.331,86.673,298.669,1,1
203.300,300.000,296.007,-1.328,86.674,298.672,1,1
203.400,300.000,296.014,-1.326,86.674,298.674,1,1
203.500,300.000,296.020,-1.324,86.674,298.676,1,1
203.600,300.000,296.027,-1.321,86.675,298.679,1,1
203.700,300.000,296.034,-1.319,86.675,298.681,1,1
203.800,300.000,296.040,-1.317,86.675,298.683,1,1
203.900,300.000,296.047,-1.314,86.676,298.686,1,1
204.000,300.000,296.053,-1.312,86.676,298.688,1,1
204.100,300.000,296.060,-1.310,86.676,298.690,1,1
204.200,300.000,296.066,-1.307,86.677,298.693,1,1
204.300,300.000,296.073,-1.305,86.677,298.695,1,1
204.400,300.000,296.080,-1.303,86.678,298.697,1,1
204.500,300.000,296.086,-1.300,86.678,298.700,1,1
204.600,300.000,296.093,-1.298,86.678,298.702,1,1
204.700,300.000,296.099,-1.296,86.679,298.704,1,1
204.800,300.000,296.106,-1.293,86.679,298.707,1,1
204.900,300.000,296.112,-1.291,86.679,298.709,1,1
205.000,300.000,296.119,-1.289,86.680,298.711,1,1
205.100,300.000,296.125,-1.287,86.680,298.713,1,1
205.200,300.000,296.131,-1.284,86.680,298.716,1,1
205.300,300.000,296.138,-1.282,86.681,298.718,1,1
205.400,300.000,296.144,-1.280,86.681,298.720,1,1
205.500,300.000,296.151,-1.278,86.682,298.722,1,1
205.600,300.000,296.157,-1.275,86.682,298.725,1,1
205.700,300.000,296.164,-1.273,86.682,298.727,1,1
205.800,300.000,296.170,-1.271,86.683,298.729,1,1
205.900,300.000,296.176,-1.268,86.683,298.732,1,1
206.000,300.000,296.183,-1.266,86.683,298.734,1,1
206.100,300.000,296.189,-1.264,86.684,298.736,1,1
206.200,300.000,296.195,-1.262,86.684,298.738,1,1
206.300,300.000,296.202,-1.260,86.684,298.740,1,1
206.400,300.000,296.208,-1.257,86.685,298.743,1,1
206.500,300.000,296.214,-1.255,86.685,298.745,1,1
206.600,300.000,296.221,-1.253,86.685,298.747,1,1
206.700,300.000,296.227,-1.251,86.686,298.749,1,1
206.800,300.000,296.233,-1.248,86.686,298.752,1,1
206.900,300.000,296.239,-1.246,86.686,298.754,1,1
207.000,300.000,296.246,-1.244,86.687,298.756,1,1
207.100,300.000,296.252,-1.242,86.687,298.758,1,1
207.200,300.000,296.258,-1.240,86.687,298.760,1,1
207.300,300.000,296.264,-1.237,86.688,298.763,1,1
207.400,300.000,296.271,-1.235,86.688,298.765,1,1
207.500,300.000,296.277,-1.233,86.688,298.767,1,1
207.600,300.000,296.283,-1.231,86.689,298.769,1,1
207.700,300.000,296.289,-1.229,86.689,298.771,1,1
207.800,300.000,296.295,-1.227,86.690,298.773,1,1
207.900,300.000,296.302,-1.224,86.690,298.776,1,1
208.000,300.000,296.308,-1.222,86.690,298.778,1,1
208.100,300.000,296.314,-1.220,86.691,298.780,1,1
208.200,300.000,296.320,-1.218,86.691,298.782,1,1
208.300,300.000,296.326,-1.216,86.691,298.784,1,1
208.400,300.000,296.332,-1.214,86.692,298.786,1,1
208.500,300.000,296.338,-1.211,86.692,298.789,1,1
208.600,300.000,296.344,-1.209,86.692,298.791,1,1
208.700,300.000,296.350,-1.207,86.693,298.793,1,1
208.800,300.000,296.357,-1.205,86.693,298.795,1,1
208.900,300.000,296.363,-1.203,86.693,298.797,1,1
209.000,300.000,296.369,-1.201,86.694,298.799,1,1
209.100,300.000,296.375,-1.199,86.694,298.801,1,1
209.200,300.000,296.381,-1.197,86.694,298.803,1,1
209.300,300.000,296.387,-1.194,86.695,298.806,1,1
209.400,300.000,296.393,-1.192,86.695,298.808,1,1
209.500,300.000,296.399,-1.190,86.695,298.810,1,1
209.600,300.000,296.405,-1.188,86.696,298.812,1,1
209.700,300.000,296.411,-1.186,86.696,298.814,1,1
209.800,300.000,296.417,-1.184,86.696,298.816,1,1
209.900,300.000,296.423,-1.182,86.697,298.818,1,1
210.000,300.000,296.429,-1.180,86.697,298.820,1,1
210.100,300.000,296.435,-1.178,86.697,298.822,1,1
210.200,300.000,296.441,-1.176,86.698,298.824,1,1
210.300,300.000,296.446,-1.174,86.698,298.826,1,1
210.400,300.000,296.452,-1.171,86.698,298.829,1,1
210.500,300.000,296.458,-1.169,86.698,298.831,1,1
210.600,300.000,296.464,-1.167,86.699,298.833,1,1
210.700,300.000,296.470,-1.165,86.699,298.835,1,1
210.800,300.000,296.476,-1.163,86.699,298.837,1,1
210.900,300.000,296.482,-1.161,86.700,298.839,1,1
211.000,300.000,296.488,-1.159,86.700,298.841,1,1
211.100,300.000,296.493,-1.157,86.700,298.843,1,1
211.200,300.000,296.499,-1.155,86.701,298.845,1,1
211.300,300.000,296.505,-1.153,86.701,298.847,1,1
211.400,300.000,296.511,-1.151,86.701,298.849,1,1
211.500,300.000,296.517,-1.149,86.702,298.851,1,1
211.600,300.000,296.523,-1.147,86.702,298.853,1,1
211.700,300.000,296.528,-1.145,86.702,298.855,1,1
211.800,300.000,296.534,-1.143,86.703,298.857,1,1
211.900,300.000,296.540,-1.141,86.703,298.859,1,1
212.000,300.000,296.546,-1.139,86.703,298.861,1,1
212.100,300.000,296.551,-1.137,86.704,298.863,1,1
212.200,300.000,296.557,-1.135,86.704,298.865,1,1
212.300,300.000,296.563,-1.133,86.704,298.867,1,1
212.400,300.000,296.569,-1.131,86.705,298.869,1,1
212.500,300.000,296.574,-1.129,86.705,298.871,1,1
212.600,300.000,296.580,-1.127,86.705,298.873,1,1
212.700,300.000,296.586,-1.125,86.705,298.875,1,1
212.800,300.000,296.591,-1.123,86.706,298.877,1,1
212.900,300.000,296.597,-1.121,86.706,298.879,1,1
213.000,300.000,296.603,-1.119,86.706,298.881,1,1
213.100,300.000,296.608,-1.117,86.707,298.883,1,1
213.200,300.000,296.614,-1.115,86.707,298.885,1,1
213.300,300.000,296.620,-1.113,86.707,298.887,1,1
213.400,300.000,296.625,-1.111,86.708,298.889,1,1
213.500,300.000,296.631,-1.109,86.708,298.891,1,1
213.600,300.000,296.636,-1.107,86.708,298.893,1,1
213.700,300.000,296.642,-1.105,86.709,298.895,1,1
213.800,300.000,296.648,-1.103,86.709,298.897,1,1
213.900,300.000,296.653,-1.101,86.709,298.899,1,1
214.000,300.000,296.659,-1.100,86.709,298.900,1,1
214.100,300.000,296.664,-1.098,86.710,298.902,1,1
214.200,300.000,296.670,-1.096,86.710,298.904,1,1
214.300,300.000,296.675,-1.094,86.710,298.906,1,1
214.400,300.000,296.681,-1.092,86.711,298.908,1,1
214.500,300.000,296.686,-1.090,86.711,298.910,1,1
214.600,300.000,296.692,-1.088,86.711,298.912,1,1
214.700,300.000,296.698,-1.086,86.712,298.914,1,1
214.800,300.000,296.703,-1.084,86.712,298.916,1,1
214.900,300.000,296.708,-1.082,86.712,298.918,1,1
215.000,300.000,296.714,-1.080,86.713,298.920,1,1
215.100,300.000,296.719,-1.078,86.713,298.922,1,1
215.200,300.000,296.725,-1.077,86.713,298.923,1,1
215.300,300.000,296.730,-1.075,86.713,298.925,1,1
215.400,300.000,296.736,-1.073,86.714,298.927,1,1
215.500,300.000,296.741,-1.071,86.714,298.929,1,1
215.600,300.000,296.747,-1.069,86.714,298.931,1,1
215.700,300.000,296.752,-1.067,86.715,298.933,1,1
215.800,300.000,296.757,-1.065,86.715,298.935,1,1
215.900,300.000,296.763,-1.063,86.715,298.937,1,1
216.000,300.000,296.768,-1.062,86.715,298.938,1,1
216.100,300.000,296.774,-1.060,86.716,298.940,1,1
216.200,300.000,296.779,-1.058,86.716,298.942,1,1
216.300,300.000,296.784,-1.056,86.716,298.944,1,1
216.400,300.000,296.790,-1.054,86.717,298.946,1,1
216.500,300.000,296.795,-1.052,86.717,298.948,1,1
216.600,300.000,296.800,-1.050,86.717,298.950,1,1
216.700,300.000,296.806,-1.049,86.718,298.951,1,1
216.800,300.000,296.811,-1.047,86.718,298.953,1,1
216.900,300.000,296.816,-1.045,86.718,298.955,1,1
217.000,300.000,296.822,-1.043,86.718,298.957,1,1
217.100,300.000,296.827,-1.041,86.719,298.959,1,1
217.200,300.000,296.832,-1.039,86.719,298.961,1,1
217.300,300.000,296.837,-1.038,86.719,298.962,1,1
217.400,300.000,296.843,-1.036,86.720,298.964,1,1
217.500,300.000,296.848,-1.034,86.720,298.966,1,1
217.600,300.000,296.853,-1.032,86.720,298.968,1,1
217.700,300.000,296.858,-1.030,86.720,298.970,1,1
217.800,300.000,296.864,-1.029,86.721,298.971,1,1
217.900,300.000,296.869,-1.027,86.721,298.973,1,1
218.000,300.000,296.874,-1.025,86.721,298.975,1,1
218.100,300.000,296.879,-1.023,86.722,298.977,1,1
218.200,300.000,296.884,-1.021,86.722,298.979,1,1
218.300,300.000,296.890,-1.020,86.722,298.980,1,1
218.400,300.000,296.895,-1.018,86.722,298.982,1,1
218.500,300.000,296.900,-1.016,86.723,298.984,1,1
218.600,300.000,296.905,-1.014,86.723,298.986,1,1
218.700,300.000,296.910,-1.012,86.723,298.988,1,1
218.800,300.000,296.915,-1.011,86.724,298.989,1,1
218.900,300.000,296.921,-1.009,86.724,298.991,1,1
219.000,300.000,296.926,-1.007,86.724,298.993,1,1
219.100,300.000,296.931,-1.005,86.724,298.995,1,1
219.200,300.000,296.936,-1.004,86.725,298.996,1,1
219.300,300.000,296.941,-1.002,86.725,298.998,1,1
219.400,300.000,296.946,-1.000,86.725,299.000,1,1
219.500,300.000,296.951,-0.998,86.725,299.002,1,1
219.600,300.000,296.956,-0.997,86.726,299.003,1,1
219.700,300.000,296.961,-0.995,86.726,299.005,1,1
219.800,300.000,296.966,-0.993,86.726,299.007,1,1
219.900,300.000,296.971,-0.991,86.727,299.009,1,1
220.000,300.000,296.976,-0.990,86.727,299.010,1,1
220.100,300.000,296.982,-0.988,86.727,299.012,1,1
220.200,300.000,296.987,-0.986,86.727,299.014,1,1
220.300,300.000,296.992,-0.985,86.728,299.015,1,1
220.400,300.000,296.997,-0.983,86.728,299.017,1,1
220.500,300.000,297.002,-0.981,86.728,299.019,1,1
220.600,300.000,297.007,-0.979,86.729,299.021,1,1
220.700,300.000,297.012,-0.978,86.729,299.022,1,1
220.800,300.000,297.017,-0.976,86.729,299.024,1,1
220.900,300.000,297.021,-0.974,86.729,299.026,1,1
221.000,300.000,297.026,-0.973,86.730,299.027,1,1
221.100,300.000,297.031,-0.971,86.730,299.029,1,1
221.200,300.000,297.036,-0.969,86.730,299.031,1,1
221.300,300.000,297.041,-0.967,86.730,299.033,1,1
221.400,300.000,297.046,-0.966,86.731,299.034,1,1
221.500,300.000,297.051,-0.964,86.731,299.036,1,1
221.600,300.000,297.056,-0.962,86.731,299.038,1,1
221.700,300.000,297.061,-0.961,86.731,299.039,1,1
221.800,300.000,297.066,-0.959,86.732,299.041,1,1
221.900,300.000,297.071,-0.957,86.732,299.043,1,1
222.000,300.000,297.076,-0.956,86.732,299.044,1,1
222.100,300.000,297.080,-0.954,86.733,299.046,1,1
222.200,300.000,297.085,-0.952,86.733,299.048,1,1
222.300,300.000,297.090,-0.951,86.733,299.049,1,1
222.400,300.000,297.095,-0.949,86.733,299.051,1,1
222.500,300.000,297.100,-0.947,86.734,299.053,1,1
222.600,300.000,297.105,-0.946,86.734,299.054,1,1
222.700,300.000,297.109,-0.944,86.734,299.056,1,1
222.800,300.000,297.114,-0.942,86.734,299.058,1,1
222.900,300.000,297.119,-0.941,86.735,299.059,1,1
223.000,300.000,297.124,-0.939,86.735,299.061,1,1
223.100,300.000,297.129,-0.938,86.735,299.062,1,1
223.200,300.000,297.133,-0.936,86.735,299.064,1,1
223.300,300.000,297.138,-0.934,86.736,299.066,1,1
223.400,300.000,297.143,-0.933,86.736,299.067,1,1
223.500,300.000,297.148,-0.931,86.736,299.069,1,1
223.600,300.000,297.152,-0.929,86.736,299.071,1,1
223.700,300.000,297.157,-0.928,86.737,299.072,1,1
223.800,300.000,297.162,-0.926,86.737,299.074,1,1
223.900,300.000,297.167,-0.925,86.737,299.075,1,1
224.000,300.000,297.171,-0.923,86.737,299.077,1,1
224.100,300.000,297.176,-0.921,86.738,299.079,1,1
224.200,300.000,297.181,-0.920,86.738,299.080,1,1
224.300,300.000,297.185,-0.918,86.738,299.082,1,1
224.400,300.000,297.190,-0.917,86.739,299.083,1,1
224.500,300.000,297.195,-0.915,86.739,299.085,1,1
224.600,300.000,297.199,-0.913,86.739,299.087,1,1
224.700,300.000,297.204,-0.912,86.739,299.088,1,1
224.800,300.000,297.209,-0.910,86.740,299.090,1,1
224.900,300.000,297.213,-0.909,86.740,299.091,1,1
225.000,300.000,297.218,-0.907,86.740,299.093,1,1
225.100,300.000,297.223,-0.905,86.740,299.095,1,1
225.200,300.000,297.227,-0.904,86.741,299.096,1,1
225.300,300.000,297.232,-0.902,86.741,299.098,1,1
225.400,300.000,297.237,-0.901,86.741,299.099,1,1
225.500,300.000,297.241,-0.899,86.741,299.101,1,1
225.600,300.000,297.246,-0.898,86.742,299.102,1,1
225.700,300.000,297.250,-0.896,86.742,299.104,1,1
225.800,300.000,297.255,-0.894,86.742,299.106,1,1
225.900,300.000,297.259,-0.893,86.742,299.107,1,1
226.000,300.000,297.264,-0.891,86.743,299.109,1,1
226.100,300.000,297.269,-0.890,86.743,299.110,1,1
226.200,300.000,297.273,-0.888,86.743,299.112,1,1
226.300,300.000,297.278,-0.887,86.743,299.113,1,1
226.400,300.000,297.282,-0.885,86.744,299.115,1,1
226.500,300.000,297.287,-0.884,86.744,299.116,1,1
226.600,300.000,297.291,-0.882,86.744,299.118,1,1
226.700,300.000,297.296,-0.881,86.744,299.119,1,1
226.800,300.000,297.300,-0.879,86.744,299.121,1,1
226.900,300.000,297.305,-0.877,86.745,299.123,1,1
227.000,300.000,297.309,-0.876,86.745,299.124,1,1
227.100,300.000,297.314,-0.874,86.745,299.126,1,1
227.200,300.000,297.318,-0.873,86.745,299.127,1,1
227.300,300.000,297.323,-0.871,86.746,299.129,1,1
227.400,300.000,297.327,-0.870,86.746,299.130,1,1
227.500,300.000,297.331,-0.868,86.746,299.132,1,1
227.600,300.000,297.336,-0.867,86.746,299.133,1,1
227.700,300.000,297.340,-0.865,86.747,299.135,1,1
227.800,300.000,297.345,-0.864,86.747,299.136,1,1
227.900,300.000,297.349,-0.862,86.747,299.138,1,1
228.000,300.000,297.354,-0.861,86.747,299.139,1,1
228.100,300.000,297.358,-0.859,86.748,299.141,1,1
228.200,300.000,297.362,-0.858,86.748,299.142,1,1
228.300,300.000,297.367,-0.856,86.748,299.144,1,1
228.400,300.000,297.371,-0.855,86.748,299.145,1,1
228.500,300.000,297.376,-0.853,86.749,299.147,1,1
228.600,300.000,297.380,-0.852,86.749,299.148,1,1
228.700,300.000,297.384,-0.850,86.749,299.150,1,1
228.800,300.000,297.389,-0.849,86.749,299.151,1,1
228.900,300.000,297.393,-0.847,86.750,299.153,1,1
229.000,300.000,297.397,-0.846,86.750,299.154,1,1
229.100,300.000,297.402,-0.845,86.750,299.155,1,1
229.200,300.000,297.406,-0.843,86.750,299.157,1,1
229.300,300.000,297.410,-0.842,86.750,299.158,1,1
229.400,300.000,297.415,-0.840,86.751,299.160,1,1
229.500,300.000,297.419,-0.839,86.751,299.161,1,1
229.600,300.000,297.423,-0.837,86.751,299.163,1,1
229.700,300.000,297.427,-0.836,86.751,299.164,1,1
229.800,300.000,297.432,-0.834,86.752,299.166,1,1
229.900,300.000,297.436,-0.833,86.752,299.167,1,1
230.000,300.000,297.440,-0.831,86.752,299.169,1,1
230.100,300.000,297.445,-0.830,86.752,299.170,1,1
230.200,300.000,297.449,-0.829,86.753,299.171,1,1
230.300,300.000,297.453,-0.827,86.753,299.173,1,1
230.400,300.000,297.457,-0.826,86.753,299.174,1,1
230.500,300.000,297.462,-0.824,86.753,299.176,1,1
230.600,300.000,297.466,-0.823,86.753,299.177,1,1
230.700,300.000,297.470,-0.821,86.754,299.179,1,1
230.800,300.000,297.474,-0.820,86.754,299.180,1,1
230.900,300.000,297.478,-0.819,86.754,299.181,1,1
231.000,300.000,297.483,-0.817,86.754,299.183,1,1
231.100,300.000,297.487,-0.816,86.755,299.184,1,1
231.200,300.000,297.491,-0.814,86.755,299.186,1,1
231.300,300.000,297.495,-0.813,86.755,299.187,1,1
231.400,300.000,297.499,-0.811,86.755,299.189,1,1
231.500,300.000,297.503,-0.810,86.755,299.190,1,1
231.600,300.000,297.508,-0.809,86.756,299.191,1,1
231.700,300.000,297.512,-0.807,86.756,299.193,1,1
231.800,300.000,297.516,-0.806,86.756,299.194,1,1
231.900,300.000,297.520,-0.804,86.756,299.196,1,1
232.000,300.000,297.524,-0.803,86.757,299.197,1,1
232.100,300.000,297.528,-0.802,86.757,299.198,1,1
232.200,300.000,297.532,-0.800,86.757,299.200,1,1
232.300,300.000,297.536,-0.799,86.757,299.201,1,1
232.400,300.000,297.541,-0.798,86.758,299.202,1,1
232.500,300.000,297.545,-0.796,86.758,299.204,1,1
232.600,300.000,297.549,-0.795,86.758,299.205,1,1
232.700,300.000,297.553,-0.793,86.758,299.207,1,1
232.800,300.000,297.557,-0.792,86.758,299.208,1,1
232.900,300.000,297.561,-0.791,86.759,299.209,1,1
233.000,300.000,297.565,-0.789,86.759,299.211,1,1
233.100,300.000,297.569,-0.788,86.759,299.212,1,1
233.200,300.000,297.573,-0.787,86.759,299.213,1,1
233.300,300.000,297.577,-0.785,86.759,299.215,1,1
233.400,300.000,297.581,-0.784,86.760,299.216,1,1
233.500,300.000,297.585,-0.782,86.760,299.218,1,1
233.600,300.000,297.589,-0.781,86.760,299.219,1,1
233.700,300.000,297.593,-0.780,86.760,299.220,1,1
233.800,300.000,297.597,-0.778,86.761,299.222,1,1
233.900,300.000,297.601,-0.777,86.761,299.223,1,1
234.000,300.000,297.605,-0.776,86.761,299.224,1,1
234.100,300.000,297.609,-0.774,86.761,299.226,1,1
234.200,300.000,297.613,-0.773,86.761,299.227,1,1
234.300,300.000,297.617,-0.772,86.762,299.228,1,1
234.400,300.000,297.621,-0.770,86.762,299.230,1,1
234.500,300.000,297.625,-0.769,86.762,299.231,1,1
234.600,300.000,297.629,-0.768,86.762,299.232,1,1
234.700,300.000,297.633,-0.766,86.762,299.234,1,1
234.800,300.000,297.637,-0.765,86.763,299.235,1,1
234.900,300.000,297.641,-0.764,86.763,299.236,1,1
235.000,300.000,297.645,-0.762,86.763,299.238,1,1
235.100,300.000,297.649,-0.761,86.763,299.239,1,1
235.200,300.000,297.653,-0.760,86.764,299.240,1,1
235.300,300.000,297.657,-0.758,86.764,299.242,1,1
235.400,300.000,297.660,-0.757,86.764,299.243,1,1
235.500,300.000,297.664,-0.756,86.764,299.244,1,1
235.600,300.000,297.668,-0.755,86.764,299.245,1,1
235.700,300.000,297.672,-0.753,86.765,299.247,1,1
235.800,300.000,297.676,-0.752,86.765,299.248,1,1
235.900,300.000,297.680,-0.751,86.765,299.249,1,1
236.000,300.000,297.684,-0.749,86.765,299.251,1,1
236.100,300.000,297.688,-0.748,86.765,299.252,1,1
236.200,300.000,297.691,-0.747,86.766,299.253,1,1
236.300,300.000,297.695,-0.745,86.766,299.255,1,1
236.400,300.000,297.699,-0.744,86.766,299.256,1,1
236.500,300.000,297.703,-0.743,86.766,299.257,1,1
236.600,300.000,297.707,-0.742,86.766,299.258,1,1
236.700,300.000,297.711,-0.740,86.767,299.260,1,1
236.800,300.000,297.714,-0.739,86.767,299.261,1,1
236.900,300.000,297.718,-0.738,86.767,299.262,1,1
237.000,300.000,297.722,-0.736,86.767,299.264,1,1
237.100,300.000,297.726,-0.735,86.767,299.265,1,1
237.200,300.000,297.730,-0.734,86.768,299.266,1,1
237.300,300.000,297.733,-0.733,86.768,299.267,1,1
237.400,300.000,297.737,-0.731,86.768,299.269,1,1
237.500,300.000,297.741,-0.730,86.768,299.270,1,1
237.600,300.000,297.745,-0.729,86.769,299.271,1,1
237.700,300.000,297.748,-0.728,86.769,299.272,1,1
237.800,300.000,297.752,-0.726,86.769,299.274,1,1
237.900,300.000,297.756,-0.725,86.769,299.275,1,1
238.000,300.000,297.760,-0.724,86.769,299.276,1,1
238.100,300.000,297.763,-0.723,86.770,299.277,1,1
238.200,300.000,297.767,-0.721,86.770,299.279,1,1
238.300,300.000,297.771,-0.720,86.770,299.280,1,1
238.400,300.000,297.774,-0.719,86.770,299.281,1,1
238.500,300.000,297.778,-0.718,86.770,299.282,1,1
238.600,300.000,297.782,-0.716,86.771,299.284,1,1
238.700,300.000,297.786,-0.715,86.771,299.285,1,1
238.800,300.000,297.789,-0.714,86.771,299.286,1,1
238.900,300.000,297.793,-0.713,86.771,299.287,1,1
239.000,300.000,297.797,-0.711,86.771,299.289,1,1
239.100,300.000,297.800,-0.710,86.772,299.290,1,1
239.200,300.000,297.804,-0.709,86.772,299.291,1,1
239.300,300.000,297.808,-0.708,86.772,299.292,1,1
239.400,300.000,297.811,-0.707,86.772,299.293,1,1
239.500,300.000,297.815,-0.705,86.772,299.295,1,1
239.600,300.000,297.818,-0.704,86.772,299.296,1,1
239.700,300.000,297.822,-0.703,86.773,299.297,1,1
239.800,300.000,297.826,-0.702,86.773,299.298,1,1
239.900,300.000,297.829,-0.700,86.773,299.300,1,1
240.000,300.000,297.833,-0.699,86.773,299.301,1,1
240.100,300.000,297.837,-0.698,86.773,299.302,1,1
240.200,300.000,297.840,-0.697,86.774,299.303,1,1
240.300,300.000,297.844,-0.696,86.774,299.304,1,1
240.400,300.000,297.847,-0.694,86.774,299.306,1,1
240.500,300.000,297.851,-0.693,86.774,299.307,1,1
240.600,300.000,297.855,-0.692,86.774,299.308,1,1
240.700,300.000,297.858,-0.691,86.775,299.309,1,1
240.800,300.000,297.862,-0.690,86.775,299.310,1,1
240.900,300.000,297.865,-0.689,86.775,299.311,1,1
241.000,300.000,297.869,-0.687,86.775,299.313,1,1
241.100,300.000,297.872,-0.686,86.775,299.314,1,1
241.200,300.000,297.876,-0.685,86.776,299.315,1,1
241.300,300.000,297.879,-0.684,86.776,299.316,1,1
241.400,300.000,297.883,-0.683,86.776,299.317,1,1
241.500,300.000,297.886,-0.681,86.776,299.319,1,1
241.600,300.000,297.890,-0.680,86.776,299.320,1,1
241.700,300.000,297.893,-0.679,86.777,299.321,1,1
241.800,300.000,297.897,-0.678,86.777,299.322,1,1
241.900,300.000,297.900,-0.677,86.777,299.323,1,1
242.000,300.000,297.904,-0.676,86.777,299.324,1,1
242.100,300.000,297.907,-0.674,86.777,299.326,1,1
242.200,300.000,297.911,-0.673,86.777,299.327,1,1
242.300,300.000,297.914,-0.672,86.778,299.328,1,1
242.400,300.000,297.918,-0.671,86.778,299.329,1,1
242.500,300.000,297.921,-0.670,86.778,299.330,1,1
242.600,300.000,297.925,-0.669,86.778,299.331,1,1
242.700,300.000,297.928,-0.667,86.778,299.333,1,1
242.800,300.000,297.932,-0.666,86.779,299.334,1,1
242.900,300.000,297.935,-0.665,86.779,299.335,1,1
243.000,300.000,297.939,-0.664,86.779,299.336,1,1
243.100,300.000,297.942,-0.663,86.779,299.337,1,1
243.200,300.000,297.945,-0.662,86.779,299.338,1,1
243.300,300.000,297.949,-0.661,86.779,299.339,1,1
243.400,300.000,297.952,-0.659,86.780,299.341,1,1
243.500,300.000,297.956,-0.658,86.780,299.342,1,1
243.600,300.000,297.959,-0.657,86.780,299.343,1,1
243.700,300.000,297.962,-0.656,86.780,299.344,1,1
243.800,300.000,297.966,-0.655,86.780,299.345,1,1
243.900,300.000,297.969,-0.654,86.781,299.346,1,1
244.000,300.000,297.973,-0.653,86.781,299.347,1,1
244.100,300.000,297.976,-0.652,86.781,299.348,1,1
244.200,300.000,297.979,-0.650,86.781,299.350,1,1
244.300,300.000,297.983,-0.649,86.781,299.351,1,1
244.400,300.000,297.986,-0.648,86.781,299.352,1,1
244.500,300.000,297.989,-0.647,86.782,299.353,1,1
244.600,300.000,297.993,-0.646,86.782,299.354,1,1
244.700,300.000,297.996,-0.645,86.782,299.355,1,1
244.800,300.000,297.999,-0.644,86.782,299.356,1,1
244.900,300.000,298.003,-0.643,86.782,299.357,1,1
245.000,300.000,298.006,-0.642,86.783,299.358,1,1
245.100,300.000,298.009,-0.640,86.783,299.360,1,1
245.200,300.000,298.013,-0.639,86.783,299.361,1,1
245.300,300.000,298.016,-0.638,86.783,299.362,1,1
245.400,300.000,298.019,-0.637,86.783,299.363,1,1
245.500,300.000,298.023,-0.636,86.783,299.364,1,1
245.600,300.000,298.026,-0.635,86.784,299.365,1,1
245.700,300.000,298.029,-0.634,86.784,299.366,1,1
245.800,300.000,298.032,-0.633,86.784,299.367,1,1
245.900,300.000,298.036,-0.632,86.784,299.368,1,1
246.000,300.000,298.039,-0.631,86.784,299.369,1,1
246.100,300.000,298.042,-0.630,86.785,299.370,1,1
246.200,300.000,298.046,-0.628,86.785,299.372,1,1
246.300,300.000,298.049,-0.627,86.785,299.373,1,1
246.400,300.000,298.052,-0.626,86.785,299.374,1,1
246.500,300.000,298.055,-0.625,86.785,299.375,1,1
246.600,300.000,298.059,-0.624,86.785,299.376,1,1
246.700,300.000,298.062,-0.623,86.786,299.377,1,1
246.800,300.000,298.065,-0.622,86.786,299.378,1,1
246.900,300.000,298.068,-0.621,86.786,299.379,1,1
247.000,300.000,298.071,-0.620,86.786,299.380,1,1
247.100,300.000,298.075,-0.619,86.786,299.381,1,1
247.200,300.000,298.078,-0.618,86.786,299.382,1,1
247.300,300.000,298.081,-0.617,86.787,299.383,1,1
247.400,300.000,298.084,-0.616,86.787,299.384,1,1
247.500,300.000,298.087,-0.615,86.787,299.385,1,1
247.600,300.000,298.091,-0.614,86.787,299.386,1,1
247.700,300.000,298.094,-0.612,86.787,299.388,1,1
247.800,300.000,298.097,-0.611,86.787,299.389,1,1
247.900,300.000,298.100,-0.610,86.788,299.390,1,1
248.000,300.000,298.103,-0.609,86.788,299.391,1,1
248.100,300.000,298.106,-0.608,86.788,299.392,1,1
248.200,300.000,298.110,-0.607,86.788,299.393,1,1
248.300,300.000,298.113,-0.606,86.788,299.394,1,1
248.400,300.000,298.116,-0.605,86.788,299.395,1,1
248.500,300.000,298.119,-0.604,86.789,299.396,1,1
248.600,300.000,298.122,-0.603,86.789,299.397,1,1
248.700,300.000,298.125,-0.602,86.789,299.398,1,1
248.800,300.000,298.128,-0.601,86.789,299.399,1,1
248.900,300.000,298.131,-0.600,86.789,299.400,1,1
249.000,300.000,298.135,-0.599,86.789,299.401,1,1
249.100,300.000,298.138,-0.598,86.790,299.402,1,1
249.200,300.000,298.141,-0.597,86.790,299.403,1,1
249.300,300.000,298.144,-0.596,86.790,299.404,1,1
249.400,300.000,298.147,-0.595,86.790,299.405,1,1
249.500,300.000,298.150,-0.594,86.790,299.406,1,1
249.600,300.000,298.153,-0.593,86.790,299.407,1,1
249.700,300.000,298.156,-0.592,86.791,299.408,1,1
249.800,300.000,298.159,-0.591,86.791,299.409,1,1
249.900,300.000,298.162,-0.590,86.791,299.410,1,1
250.000,300.000,298.165,-0.589,86.791,299.411,1,1
250.100,300.000,298.168,-0.588,86.791,299.412,1,1
250.200,300.000,298.171,-0.587,86.791,299.413,1,1
250.300,300.000,298.175,-0.586,86.792,299.414,1,1
250.400,300.000,298.178,-0.585,86.792,299.415,1,1
250.500,300.000,298.181,-0.584,86.792,299.416,1,1
250.600,300.000,298.184,-0.583,86.792,299.417,1,1
250.700,300.000,298.187,-0.582,86.792,299.418,1,1
250.800,300.000,298.190,-0.581,86.792,299.419,1,1
250.900,300.000,298.193,-0.580,86.793,299.420,1,1
251.000,300.000,298.196,-0.579,86.793,299.421,1,1
251.100,300.000,298.199,-0.578,86.793,299.422,1,1
251.200,300.000,298.202,-0.577,86.793,299.423,1,1
251.300,300.000,298.205,-0.576,86.793,299.424,1,1
251.400,300.000,298.208,-0.575,86.793,299.425,1,1
251.500,300.000,298.211,-0.574,86.794,299.426,1,1
251.600,300.000,298.214,-0.573,86.794,299.427,1,1
251.700,300.000,298.217,-0.572,86.794,299.428,1,1
251.800,300.000,298.220,-0.571,86.794,299.429,1,1
251.900,300.000,298.223,-0.570,86.794,299.430,1,1
252.000,300.000,298.225,-0.569,86.794,299.431,1,1
252.100,300.000,298.228,-0.568,86.794,299.432,1,1
252.200,300.000,298.231,-0.567,86.795,299.433,1,1
252.300,300.000,298.234,-0.566,86.795,299.434,1,1
252.400,300.000,298.237,-0.565,86.795,299.435,1,1
252.500,300.000,298.240,-0.564,86.795,299.436,1,1
252.600,300.000,298.243,-0.563,86.795,299.437,1,1
252.700,300.000,298.246,-0.562,86.795,299.438,1,1
252.800,300.000,298.249,-0.561,86.796,299.439,1,1
252.900,300.000,298.252,-0.560,86.796,299.440,1,1
253.000,300.000,298.255,-0.559,86.796,299.441,1,1
253.100,300.000,298.258,-0.558,86.796,299.442,1,1
253.200,300.000,298.261,-0.557,86.796,299.443,1,1
253.300,300.000,298.263,-0.556,86.796,299.444,1,1
253.400,300.000,298.266,-0.555,86.796,299.445,1,1
253.500,300.000,298.269,-0.554,86.797,299.446,1,1
253.600,300.000,298.272,-0.553,86.797,299.447,1,1
253.700,300.000,298.275,-0.553,86.797,299.447,1,1
253.800,300.000,298.278,-0.552,86.797,299.448,1,1
253.900,300.000,298.281,-0.551,86.797,299.449,1,1
254.000,300.000,298.284,-0.550,86.797,299.450,1,1
254.100,300.000,298.286,-0.549,86.798,299.451,1,1
254.200,300.000,298.289,-0.548,86.798,299.452,1,1
254.300,300.000,298.292,-0.547,86.798,299.453,1,1
254.400,300.000,298.295,-0.546,86.798,299.454,1,1
254.500,300.000,298.298,-0.545,86.798,299.455,1,1
254.600,300.000,298.301,-0.544,86.798,299.456,1,1
254.700,300.000,298.304,-0.543,86.798,299.457,1,1
254.800,300.000,298.306,-0.542,86.799,299.458,1,1
254.900,300.000,298.309,-0.541,86.799,299.459,1,1
255.000,300.000,298.312,-0.540,86.799,299.460,1,1
255.100,300.000,298.315,-0.539,86.799,299.461,1,1
255.200,300.000,298.318,-0.539,86.799,299.461,1,1
255.300,300.000,298.320,-0.538,86.799,299.462,1,1
255.400,300.000,298.323,-0.537,86.800,299.463,1,1
255.500,300.000,298.326,-0.536,86.800,299.464,1,1
255.600,300.000,298.329,-0.535,86.800,299.465,1,1
255.700,300.000,298.332,-0.534,86.800,299.466,1,1
255.800,300.000,298.334,-0.533,86.800,299.467,1,1
255.900,300.000,298.337,-0.532,86.800,299.468,1,1
256.000,300.000,298.340,-0.531,86.800,299.469,1,1
256.100,300.000,298.343,-0.530,86.801,299.470,1,1
256.200,300.000,298.345,-0.529,86.801,299.471,1,1
256.300,300.000,298.348,-0.528,86.801,299.472,1,1
256.400,300.000,298.351,-0.528,86.801,299.472,1,1
256.500,300.000,298.354,-0.527,86.801,299.473,1,1
256.600,300.000,298.356,-0.526,86.801,299.474,1,1
256.700,300.000,298.359,-0.525,86.801,299.475,1,1
256.800,300.000,298.362,-0.524,86.802,299.476,1,1
256.900,300.000,298.365,-0.523,86.802,299.477,1,1
257.000,300.000,298.367,-0.522,86.802,299.478,1,1
257.100,300.000,298.370,-0.521,86.802,299.479,1,1
257.200,300.000,298.373,-0.520,86.802,299.480,1,1
257.300,300.000,298.375,-0.520,86.802,299.480,1,1
257.400,300.000,298.378,-0.519,86.802,299.481,1,1
257.500,300.000,298.381,-0.518,86.803,299.482,1,1
257.600,300.000,298.383,-0.517,86.803,299.483,1,1
257.700,300.000,298.386,-0.516,86.803,299.484,1,1
257.800,300.000,298.389,-0.515,86.803,299.485,1,1
257.900,300.000,298.392,-0.514,86.803,299.486,1,1
258.000,300.000,298.394,-0.513,86.803,299.487,1,1
258.100,300.000,298.397,-0.512,86.803,299.488,1,1
258.200,300.000,298.400,-0.512,86.804,299.488,1,1
258.300,300.000,298.402,-0.511,86.804,299.489,1,1
258.400,300.000,298.405,-0.510,86.804,299.490,1,1
258.500,300.000,298.408,-0.509,86.804,299.491,1,1
258.600,300.000,298.410,-0.508,86.804,299.492,1,1
258.700,300.000,298.413,-0.507,86.804,299.493,1,1
258.800,300.000,298.415,-0.506,86.804,299.494,1,1
258.900,300.000,298.418,-0.506,86.805,299.494,1,1
259.000,300.000,298.421,-0.505,86.805,299.495,1,1
259.100,300.000,298.423,-0.504,86.805,299.496,1,1
259.200,300.000,298.426,-0.503,86.805,299.497,1,1
259.300,300.000,298.429,-0.502,86.805,299.498,1,1
259.400,300.000,298.431,-0.501,86.805,299.499,1,1
259.500,300.000,298.434,-0.500,86.805,299.500,1,1
259.600,300.000,298.436,-0.499,86.806,299.501,1,1
259.700,300.000,298.439,-0.499,86.806,299.501,1,1
259.800,300.000,298.442,-0.498,86.806,299.502,1,1
259.900,300.000,298.444,-0.497,86.806,299.503,1,1
260.000,300.000,298.447,-0.496,86.806,299.504,1,1
260.100,300.000,298.449,-0.495,86.806,299.505,1,1
260.200,300.000,298.452,-0.494,86.806,299.506,1,1
260.300,300.000,298.455,-0.494,86.807,299.506,1,1
260.400,300.000,298.457,-0.493,86.807,299.507,1,1
260.500,300.000,298.460,-0.492,86.807,299.508,1,1
260.600,300.000,298.462,-0.491,86.807,299.509,1,1
260.700,300.000,298.465,-0.490,86.807,299.510,1,1
260.800,300.000,298.467,-0.489,86.807,299.511,1,1
260.900,300.000,298.470,-0.489,86.807,299.511,1,1
261.000,300.000,298.472,-0.488,86.807,299.512,1,1
261.100,300.000,298.475,-0.487,86.808,299.513,1,1
261.200,300.000,298.478,-0.486,86.808,299.514,1,1
261.300,300.000,298.480,-0.485,86.808,299.515,1,1
261.400,300.000,298.483,-0.484,86.808,299.516,1,1
261.500,300.000,298.485,-0.484,86.808,299.516,1,1
261.600,300.000,298.488,-0.483,86.808,299.517,1,1
261.700,300.000,298.490,-0.482,86.808,299.518,1,1
261.800,300.000,298.493,-0.481,86.809,299.519,1,1
261.900,300.000,298.495,-0.480,86.809,299.520,1,1
262.000,300.000,298.498,-0.479,86.809,299.521,1,1
262.100,300.000,298.500,-0.479,86.809,299.521,1,1
262.200,300.000,298.503,-0.478,86.809,299.522,1,1
262.300,300.000,298.505,-0.477,86.809,299.523,1,1
262.400,300.000,298.508,-0.476,86.809,299.524,1,1
262.500,300.000,298.510,-0.475,86.809,299.525,1,1
262.600,300.000,298.513,-0.475,86.810,299.525,1,1
262.700,300.000,298.515,-0.474,86.810,299.526,1,1
262.800,300.000,298.518,-0.473,86.810,299.527,1,1
262.900,300.000,298.520,-0.472,86.810,299.528,1,1
263.000,300.000,298.523,-0.471,86.810,299.529,1,1
263.100,300.000,298.525,-0.471,86.810,299.529,1,1
263.200,300.000,298.527,-0.470,86.810,299.530,1,1
263.300,300.000,298.530,-0.469,86.811,299.531,1,1
263.400,300.000,298.532,-0.468,86.811,299.532,1,1
263.500,300.000,298.535,-0.467,86.811,299.533,1,1
263.600,300.000,298.537,-0.467,86.811,299.533,1,1
263.700,300.000,298.540,-0.466,86.811,299.534,1,1
263.800,300.000,298.542,-0.465,86.811,299.535,1,1
263.900,300.000,298.544,-0.464,86.811,299.536,1,1
264.000,300.000,298.547,-0.463,86.811,299.537,1,1
264.100,300.000,298.549,-0.463,86.812,299.537,1,1
264.200,300.000,298.552,-0.462,86.812,299.538,1,1
264.300,300.000,298.554,-0.461,86.812,299.539,1,1
264.400,300.000,298.557,-0.460,86.812,299.540,1,1
264.500,300.000,298.559,-0.459,86.812,299.541,1,1
264.600,300.000,298.561,-0.459,86.812,299.541,1,1
264.700,300.000,298.564,-0.458,86.812,299.542,1,1
264.800,300.000,298.566,-0.457,86.812,299.543,1,1
264.900,300.000,298.569,-0.456,86.813,299.544,1,1
265.000,300.000,298.571,-0.456,86.813,299.544,1,1
265.100,300.000,298.573,-0.455,86.813,299.545,1,1
265.200,300.000,298.576,-0.454,86.813,299.546,1,1
265.300,300.000,298.578,-0.453,86.813,299.547,1,1
265.400,300.000,298.580,-0.452,86.813,299.548,1,1
265.500,300.000,298.583,-0.452,86.813,299.548,1,1
265.600,300.000,298.585,-0.451,86.813,299.549,1,1
265.700,300.000,298.587,-0.450,86.814,299.550,1,1
265.800,300.000,298.590,-0.449,86.814,299.551,1,1
265.900,300.000,298.592,-0.449,86.814,299.551,1,1
266.000,300.000,298.595,-0.448,86.814,299.552,1,1
266.100,300.000,298.597,-0.447,86.814,299.553,1,1
266.200,300.000,298.599,-0.446,86.814,299.554,1,1
266.300,300.000,298.602,-0.446,86.814,299.554,1,1
266.400,300.000,298.604,-0.445,86.814,299.555,1,1
266.500,300.000,298.606,-0.444,86.815,299.556,1,1
266.600,300.000,298.608,-0.443,86.815,299.557,1,1
266.700,300.000,298.611,-0.443,86.815,299.557,1,1
266.800,300.000,298.613,-0.442,86.815,299.558,1,1
266.900,300.000,298.615,-0.441,86.815,299.559,1,1
267.000,300.000,298.618,-0.440,86.815,299.560,1,1
267.100,300.000,298.620,-0.439,86.815,299.561,1,1
267.200,300.000,298.622,-0.439,86.815,299.561,1,1
267.300,300.000,298.625,-0.438,86.816,299.562,1,1
267.400,300.000,298.627,-0.437,86.816,299.563,1,1
267.500,300.000,298.629,-0.437,86.816,299.563,1,1
267.600,300.000,298.631,-0.436,86.816,299.564,1,1
267.700,300.000,298.634,-0.435,86.816,299.565,1,1
267.800,300.000,298.636,-0.434,86.816,299.566,1,1
267.900,300.000,298.638,-0.434,86.816,299.566,1,1
268.000,300.000,298.641,-0.433,86.816,299.567,1,1
268.100,300.000,298.643,-0.432,86.817,299.568,1,1
268.200,300.000,298.645,-0.431,86.817,299.569,1,1
268.300,300.000,298.647,-0.431,86.817,299.569,1,1
268.400,300.000,298.650,-0.430,86.817,299.570,1,1
268.500,300.000,298.652,-0.429,86.817,299.571,1,1
268.600,300.000,298.654,-0.428,86.817,299.572,1,1
268.700,300.000,298.656,-0.428,86.817,299.572,1,1
268.800,300.000,298.659,-0.427,86.817,299.573,1,1
268.900,300.000,298.661,-0.426,86.817,299.574,1,1
269.000,300.000,298.663,-0.426,86.818,299.574,1,1
269.100,300.000,298.665,-0.425,86.818,299.575,1,1
269.200,300.000,298.667,-0.424,86.818,299.576,1,1
269.300,300.000,298.670,-0.423,86.818,299.577,1,1
269.400,300.000,298.672,-0.423,86.818,299.577,1,1
269.500,300.000,298.674,-0.422,86.818,299.578,1,1
269.600,300.000,298.676,-0.421,86.818,299.579,1,1
269.700,300.000,298.678,-0.420,86.818,299.580,1,1
269.800,300.000,298.681,-0.420,86.819,299.580,1,1
269.900,300.000,298.683,-0.419,86.819,299.581,1,1
270.000,300.000,298.685,-0.418,86.819,299.582,1,1
270.100,300.000,298.687,-0.418,86.819,299.582,1,1
270.200,300.000,298.689,-0.417,86.819,299.583,1,1
270.300,300.000,298.692,-0.416,86.819,299.584,1,1
270.400,300.000,298.694,-0.415,86.819,299.585,1,1
270.500,300.000,298.696,-0.415,86.819,299.585,1,1
270.600,300.000,298.698,-0.414,86.819,299.586,1,1
270.700,300.000,298.700,-0.413,86.820,299.587,1,1
270.800,300.000,298.702,-0.413,86.820,299.587,1,1
270.900,300.000,298.705,-0.412,86.820,299.588,1,1
271.000,300.000,298.707,-0.411,86.820,299.589,1,1
271.100,300.000,298.709,-0.411,86.820,299.589,1,1
271.200,300.000,298.711,-0.410,86.820,299.590,1,1
271.300,300.000,298.713,-0.409,86.820,299.591,1,1
271.400,300.000,298.715,-0.408,86.820,299.592,1,1
271.500,300.000,298.718,-0.408,86.820,299.592,1,1
271.600,300.000,298.720,-0.407,86.821,299.593,1,1
271.700,300.000,298.722,-0.406,86.821,299.594,1,1
271.800,300.000,298.724,-0.406,86.821,299.594,1,1
271.900,300.000,298.726,-0.405,86.821,299.595,1,1
272.000,300.000,298.728,-0.404,86.821,299.596,1,1
272.100,300.000,298.730,-0.404,86.821,299.596,1,1
272.200,300.000,298.732,-0.403,86.821,299.597,1,1
272.300,300.000,298.734,-0.402,86.821,299.598,1,1
272.400,300.000,298.737,-0.402,86.822,299.598,1,1
272.500,300.000,298.739,-0.401,86.822,299.599,1,1
272.600,300.000,298.741,-0.400,86.822,299.600,1,1
272.700,300.000,298.743,-0.400,86.822,299.600,1,1
272.800,300.000,298.745,-0.399,86.822,299.601,1,1
272.900,300.000,298.747,-0.398,86.822,299.602,1,1
273.000,300.000,298.749,-0.398,86.822,299.602,1,1
273.100,300.000,298.751,-0.397,86.822,299.603,1,1
273.200,300.000,298.753,-0.396,86.822,299.604,1,1
273.300,300.000,298.755,-0.395,86.822,299.605,1,1
273.400,300.000,298.757,-0.395,86.823,299.605,1,1
273.500,300.000,298.760,-0.394,86.823,299.606,1,1
273.600,300.000,298.762,-0.393,86.823,299.607,1,1
273.700,300.000,298.764,-0.393,86.823,299.607,1,1
273.800,300.000,298.766,-0.392,86.823,299.608,1,1
273.900,300.000,298.768,-0.391,86.823,299.609,1,1
274.000,300.000,298.770,-0.391,86.823,299.609,1,1
274.100,300.000,298.772,-0.390,86.823,299.610,1,1
274.200,300.000,298.774,-0.389,86.823,299.611,1,1
274.300,300.000,298.776,-0.389,86.824,299.611,1,1
274.400,300.000,298.778,-0.388,86.824,299.612,1,1
274.500,300.000,298.780,-0.388,86.824,299.612,1,1
274.600,300.000,298.782,-0.387,86.824,299.613,1,1
274.700,300.000,298.784,-0.386,86.824,299.614,1,1
274.800,300.000,298.786,-0.386,86.824,299.614,1,1
274.900,300.000,298.788,-0.385,86.824,299.615,1,1
275.000,300.000,298.790,-0.384,86.824,299.616,1,1
275.100,300.000,298.792,-0.384,86.824,299.616,1,1
275.200,300.000,298.794,-0.383,86.825,299.617,1,1
275.300,300.000,298.796,-0.382,86.825,299.618,1,1
275.400,300.000,298.798,-0.382,86.825,299.618,1,1
275.500,300.000,298.800,-0.381,86.825,299.619,1,1
275.600,300.000,298.802,-0.380,86.825,299.620,1,1
275.700,300.000,298.804,-0.380,86.825,299.620,1,1
275.800,300.000,298.806,-0.379,86.825,299.621,1,1
275.900,300.000,298.808,-0.378,86.825,299.622,1,1
276.000,300.000,298.810,-0.378,86.825,299.622,1,1
276.100,300.000,298.812,-0.377,86.825,299.623,1,1
276.200,300.000,298.814,-0.376,86.826,299.624,1,1
276.300,300.000,298.816,-0.376,86.826,299.624,1,1
276.400,300.000,298.818,-0.375,86.826,299.625,1,1
276.500,300.000,298.820,-0.375,86.826,299.625,1,1
276.600,300.000,298.822,-0.374,86.826,299.626,1,1
276.700,300.000,298.824,-0.373,86.826,299.627,1,1
276.800,300.000,298.826,-0.373,86.826,299.627,1,1
276.900,300.000,298.828,-0.372,86.826,299.628,1,1
277.000,300.000,298.830,-0.371,86.826,299.629,1,1
277.100,300.000,298.832,-0.371,86.827,299.629,1,1
277.200,300.000,298.834,-0.370,86.827,299.630,1,1
277.300,300.000,298.836,-0.370,86.827,299.630,1,1
277.400,300.000,298.838,-0.369,86.827,299.631,1,1
277.500,300.000,298.839,-0.368,86.827,299.632,1,1
277.600,300.000,298.841,-0.368,86.827,299.632,1,1
277.700,300.000,298.843,-0.367,86.827,299.633,1,1
277.800,300.000,298.845,-0.366,86.827,299.634,1,1
277.900,300.000,298.847,-0.366,86.827,299.634,1,1
278.000,300.000,298.849,-0.365,86.827,299.635,1,1
278.100,300.000,298.851,-0.365,86.828,299.635,1,1
278.200,300.000,298.853,-0.364,86.828,299.636,1,1
278.300,300.000,298.855,-0.363,86.828,299.637,1,1
278.400,300.000,298.857,-0.363,86.828,299.637,1,1
278.500,300.000,298.859,-0.362,86.828,299.638,1,1
278.600,300.000,298.861,-0.361,86.828,299.639,1,1
278.700,300.000,298.862,-0.361,86.828,299.639,1,1
278.800,300.000,298.864,-0.360,86.828,299.640,1,1
278.900,300.000,298.866,-0.360,86.828,299.640,1,1
279.000,300.000,298.868,-0.359,86.828,299.641,1,1
279.100,300.000,298.870,-0.358,86.829,299.642,1,1
279.200,300.000,298.872,-0.358,86.829,299.642,1,1
279.300,300.000,298.874,-0.357,86.829,299.643,1,1
279.400,300.000,298.876,-0.357,86.829,299.643,1,1
279.500,300.000,298.877,-0.356,86.829,299.644,1,1
279.600,300.000,298.879,-0.355,86.829,299.645,1,1
279.700,300.000,298.881,-0.355,86.829,299.645,1,1
279.800,300.000,298.883,-0.354,86.829,299.646,1,1
279.900,300.000,298.885,-0.354,86.829,299.646,1,1
280.000,300.000,298.887,-0.353,86.829,299.647,1,1
280.100,300.000,298.889,-0.352,86.830,299.648,1,1
280.200,300.000,298.890,-0.352,86.830,299.648,1,1
280.300,300.000,298.892,-0.351,86.830,299.649,1,1
280.400,300.000,298.894,-0.351,86.830,299.649,1,1
280.500,300.000,298.896,-0.350,86.830,299.650,1,1
280.600,300.000,298.898,-0.349,86.830,299.651,1,1
280.700,300.000,298.900,-0.349,86.830,299.651,1,1
280.800,300.000,298.902,-0.348,86.830,299.652,1,1
280.900,300.000,298.903,-0.348,86.830,299.652,1,1
281.000,300.000,298.905,-0.347,86.830,299.653,1,1
281.100,300.000,298.907,-0.346,86.831,299.654,1,1
281.200,300.000,298.909,-0.346,86.831,299.654,1,1
281.300,300.000,298.911,-0.345,86.831,299.655,1,1
281.400,300.000,298.912,-0.345,86.831,299.655,1,1
281.500,300.000,298.914,-0.344,86.831,299.656,1,1
281.600,300.000,298.916,-0.344,86.831,299.656,1,1
281.700,300.000,298.918,-0.343,86.831,299.657,1,1
281.800,300.000,298.920,-0.342,86.831,299.658,1,1
281.900,300.000,298.921,-0.342,86.831,299.658,1,1
282.000,300.000,298.923,-0.341,86.831,299.659,1,1
282.100,300.000,298.925,-0.341,86.831,299.659,1,1
282.200,300.000,298.927,-0.340,86.832,299.660,1,1
282.300,300.000,298.929,-0.339,86.832,299.661,1,1
282.400,300.000,298.930,-0.339,86.832,299.661,1,1
282.500,300.000,298.932,-0.338,86.832,299.662,1,1
282.600,300.000,298.934,-0.338,86.832,299.662,1,1
282.700,300.000,298.936,-0.337,86.832,299.663,1,1
282.800,300.000,298.938,-0.337,86.832,299.663,1,1
282.900,300.000,298.939,-0.336,86.832,299.664,1,1
283.000,300.000,298.941,-0.335,86.832,299.665,1,1
283.100,300.000,298.943,-0.335,86.832,299.665,1,1
283.200,300.000,298.945,-0.334,86.833,299.666,1,1
283.300,300.000,298.946,-0.334,86.833,299.666,1,1
283.400,300.000,298.948,-0.333,86.833,299.667,1,1
283.500,300.000,298.950,-0.333,86.833,299.667,1,1
283.600,300.000,298.952,-0.332,86.833,299.668,1,1
283.700,300.000,298.953,-0.332,86.833,299.668,1,1
283.800,300.000,298.955,-0.331,86.833,299.669,1,1
283.900,300.000,298.957,-0.330,86.833,299.670,1,1
284.000,300.000,298.959,-0.330,86.833,299.670,1,1
284.100,300.000,298.960,-0.329,86.833,299.671,1,1
284.200,300.000,298.962,-0.329,86.833,299.671,1,1
284.300,300.000,298.964,-0.328,86.834,299.672,1,1
284.400,300.000,298.965,-0.328,86.834,299.672,1,1
284.500,300.000,298.967,-0.327,86.834,299.673,1,1
284.600,300.000,298.969,-0.326,86.834,299.674,1,1
284.700,300.000,298.971,-0.326,86.834,299.674,1,1
284.800,300.000,298.972,-0.325,86.834,299.675,1,1
284.900,300.000,298.974,-0.325,86.834,299.675,1,1
285.000,300.000,298.976,-0.324,86.834,299.676,1,1
285.100,300.000,298.977,-0.324,86.834,299.676,1,1
285.200,300.000,298.979,-0.323,86.834,299.677,1,1
285.300,300.000,298.981,-0.323,86.834,299.677,1,1
285.400,300.000,298.983,-0.322,86.835,299.678,1,1
285.500,300.000,298.984,-0.322,86.835,299.678,1,1
285.600,300.000,298.986,-0.321,86.835,299.679,1,1
285.700,300.000,298.988,-0.320,86.835,299.680,1,1
285.800,300.000,298.989,-0.320,86.835,299.680,1,1
285.900,300.000,298.991,-0.319,86.835,299.681,1,1
286.000,300.000,298.993,-0.319,86.835,299.681,1,1
286.100,300.000,298.994,-0.318,86.835,299.682,1,1
286.200,300.000,298.996,-0.318,86.835,299.682,1,1
286.300,300.000,298.998,-0.317,86.835,299.683,1,1
286.400,300.000,298.999,-0.317,86.835,299.683,1,1
286.500,300.000,299.001,-0.316,86.835,299.684,1,1
286.600,300.000,299.003,-0.316,86.836,299.684,1,1
286.700,300.000,299.004,-0.315,86.836,299.685,1,1
286.800,300.000,299.006,-0.315,86.836,299.685,1,1
286.900,300.000,299.008,-0.314,86.836,299.686,1,1
287.000,300.000,299.009,-0.313,86.836,299.687,1,1
287.100,300.000,299.011,-0.313,86.836,299.687,1,1
287.200,300.000,299.013,-0.312,86.836,299.688,1,1
287.300,300.000,299.014,-0.312,86.836,299.688,1,1
287.400,300.000,299.016,-0.311,86.836,299.689,1,1
287.500,300.000,299.017,-0.311,86.836,299.689,1,1
287.600,300.000,299.019,-0.310,86.836,299.690,1,1
287.700,300.000,299.021,-0.310,86.837,299.690,1,1
287.800,300.000,299.022,-0.309,86.837,299.691,1,1
287.900,300.000,299.024,-0.309,86.837,299.691,1,1
288.000,300.000,299.026,-0.308,86.837,299.692,1,1
288.100,300.000,299.027,-0.308,86.837,299.692,1,1
288.200,300.000,299.029,-0.307,86.837,299.693,1,1
288.300,300.000,299.030,-0.307,86.837,299.693,1,1
288.400,300.000,299.032,-0.306,86.837,299.694,1,1
288.500,300.000,299.034,-0.306,86.837,299.694,1,1
288.600,300.000,299.035,-0.305,86.837,299.695,1,1
288.700,300.000,299.037,-0.305,86.837,299.695,1,1
288.800,300.000,299.039,-0.304,86.837,299.696,1,1
288.900,300.000,299.040,-0.304,86.838,299.696,1,1
289.000,300.000,299.042,-0.303,86.838,299.697,1,1
289.100,300.000,299.043,-0.303,86.838,299.697,1,1
289.200,300.000,299.045,-0.302,86.838,299.698,1,1
289.300,300.000,299.047,-0.302,86.838,299.698,1,1
289.400,300.000,299.048,-0.301,86.838,299.699,1,1
289.500,300.000,299.050,-0.300,86.838,299.700,1,1
289.600,300.000,299.051,-0.300,86.838,299.700,1,1
289.700,300.000,299.053,-0.299,86.838,299.701,1,1
289.800,300.000,299.054,-0.299,86.838,299.701,1,1
289.900,300.000,299.056,-0.298,86.838,299.702,1,1
290.000,300.000,299.058,-0.298,86.838,299.702,1,1
290.100,300.000,299.059,-0.297,86.839,299.703,1,1
290.200,300.000,299.061,-0.297,86.839,299.703,1,1
290.300,300.000,299.062,-0.296,86.839,299.704,1,1
290.400,300.000,299.064,-0.296,86.839,299.704,1,1
290.500,300.000,299.065,-0.295,86.839,299.705,1,1
290.600,300.000,299.067,-0.295,86.839,299.705,1,1
290.700,300.000,299.068,-0.294,86.839,299.706,1,1
290.800,300.000,299.070,-0.294,86.839,299.706,1,1
290.900,300.000,299.072,-0.293,86.839,299.707,1,1
291.000,300.000,299.073,-0.293,86.839,299.707,1,1
291.100,300.000,299.075,-0.292,86.839,299.708,1,1
291.200,300.000,299.076,-0.292,86.839,299.708,1,1
291.300,300.000,299.078,-0.291,86.840,299.709,1,1
291.400,300.000,299.079,-0.291,86.840,299.709,1,1
291.500,300.000,299.081,-0.291,86.840,299.709,1,1
291.600,300.000,299.082,-0.290,86.840,299.710,1,1
291.700,300.000,299.084,-0.290,86.840,299.710,1,1
291.800,300.000,299.085,-0.289,86.840,299.711,1,1
291.900,300.000,299.087,-0.289,86.840,299.711,1,1
292.000,300.000,299.088,-0.288,86.840,299.712,1,1
292.100,300.000,299.090,-0.288,86.840,299.712,1,1
292.200,300.000,299.091,-0.287,86.840,299.713,1,1
292.300,300.000,299.093,-0.287,86.840,299.713,1,1
292.400,300.000,299.094,-0.286,86.840,299.714,1,1
292.500,300.000,299.096,-0.286,86.840,299.714,1,1
292.600,300.000,299.097,-0.285,86.841,299.715,1,1
292.700,300.000,299.099,-0.285,86.841,299.715,1,1
292.800,300.000,299.100,-0.284,86.841,299.716,1,1
292.900,300.000,299.102,-0.284,86.841,299.716,1,1
293.000,300.000,299.103,-0.283,86.841,299.717,1,1
293.100,300.000,299.105,-0.283,86.841,299.717,1,1
293.200,300.000,299.106,-0.282,86.841,299.718,1,1
293.300,300.000,299.108,-0.282,86.841,299.718,1,1
293.400,300.000,299.109,-0.281,86.841,299.719,1,1
293.500,300.000,299.111,-0.281,86.841,299.719,1,1
293.600,300.000,299.112,-0.280,86.841,299.720,1,1
293.700,300.000,299.114,-0.280,86.841,299.720,1,1
293.800,300.000,299.115,-0.279,86.842,299.721,1,1
293.900,300.000,299.117,-0.279,86.842,299.721,1,1
294.000,300.000,299.118,-0.278,86.842,299.722,1,1
294.100,300.000,299.120,-0.278,86.842,299.722,1,1
294.200,300.000,299.121,-0.278,86.842,299.722,1,1
294.300,300.000,299.123,-0.277,86.842,299.723,1,1
294.400,300.000,299.124,-0.277,86.842,299.723,1,1
294.500,300.000,299.126,-0.276,86.842,299.724,1,1
294.600,300.000,299.127,-0.276,86.842,299.724,1,1
294.700,300.000,299.129,-0.275,86.842,299.725,1,1
294.800,300.000,299.130,-0.275,86.842,299.725,1,1
294.900,300.000,299.131,-0.274,86.842,299.726,1,1
295.000,300.000,299.133,-0.274,86.842,299.726,1,1
295.100,300.000,299.134,-0.273,86.843,299.727,1,1
295.200,300.000,299.136,-0.273,86.843,299.727,1,1
295.300,300.000,299.137,-0.272,86.843,299.728,1,1
295.400,300.000,299.139,-0.272,86.843,299.728,1,1
295.500,300.000,299.140,-0.272,86.843,299.728,1,1
295.600,300.000,299.141,-0.271,86.843,299.729,1,1
295.700,300.000,299.143,-0.271,86.843,299.729,1,1
295.800,300.000,299.144,-0.270,86.843,299.730,1,1
295.900,300.000,299.146,-0.270,86.843,299.730,1,1
296.000,300.000,299.147,-0.269,86.843,299.731,1,1
296.100,300.000,299.149,-0.269,86.843,299.731,1,1
296.200,300.000,299.150,-0.268,86.843,299.732,1,1
296.300,300.000,299.151,-0.268,86.843,299.732,1,1
296.400,300.000,299.153,-0.267,86.843,299.733,1,1
296.500,300.000,299.154,-0.267,86.844,299.733,1,1
296.600,300.000,299.156,-0.267,86.844,299.733,1,1
296.700,300.000,299.157,-0.266,86.844,299.734,1,1
296.800,300.000,299.158,-0.266,86.844,299.734,1,1
296.900,300.000,299.160,-0.265,86.844,299.735,1,1
297.000,300.000,299.161,-0.265,86.844,299.735,1,1
297.100,300.000,299.163,-0.264,86.844,299.736,1,1
297.200,300.000,299.164,-0.264,86.844,299.736,1,1
297.300,300.000,299.165,-0.263,86.844,299.737,1,1
297.400,300.000,299.167,-0.263,86.844,299.737,1,1
297.500,300.000,299.168,-0.262,86.844,299.738,1,1
297.600,300.000,299.170,-0.262,86.844,299.738,1,1
297.700,300.000,299.171,-0.262,86.844,299.738,1,1
297.800,300.000,299.172,-0.261,86.845,299.739,1,1
297.900,300.000,299.174,-0.261,86.845,299.739,1,1
298.000,300.000,299.175,-0.260,86.845,299.740,1,1
298.100,300.000,299.176,-0.260,86.845,299.740,1,1
298.200,300.000,299.178,-0.259,86.845,299.741,1,1
298.300,300.000,299.179,-0.259,86.845,299.741,1,1
298.400,300.000,299.181,-0.259,86.845,299.741,1,1
298.500,300.000,299.182,-0.258,86.845,299.742,1,1
298.600,300.000,299.183,-0.258,86.845,299.742,1,1
298.700,300.000,299.185,-0.257,86.845,299.743,1,1
298.800,300.000,299.186,-0.257,86.845,299.743,1,1
298.900,300.000,299.187,-0.256,86.845,299.744,1,1
299.000,300.000,299.189,-0.256,86.845,299.744,1,1
299.100,300.000,299.190,-0.256,86.845,299.744,1,1
299.200,300.000,299.191,-0.255,86.846,299.745,1,1
299.300,300.000,299.193,-0.255,86.846,299.745,1,1
299.400,300.000,299.194,-0.254,86.846,299.746,1,1
299.500,300.000,299.195,-0.254,86.846,299.746,1,1
299.600,300.000,299.197,-0.253,86.846,299.747,1,1
299.700,300.000,299.198,-0.253,86.846,299.747,1,1
299.800,300.000,299.199,-0.253,86.846,299.747,1,1
299.900,300.000,299.201,-0.252,86.846,299.748,1,1
