Time_s,Load_kW,P_grid_kW,P_bat_kW,A_window_kW,P_req_kW,en,comm,alarm
0.000,200.000,200.000,0.000,200.000,0.000,1,0,0
0.100,200.000,200.000,0.000,200.000,0.000,1,0,0
0.200,200.000,200.000,0.000,200.000,0.000,1,0,0
0.300,200.000,200.000,0.000,200.000,0.000,1,0,0
0.400,200.000,200.000,0.000,200.000,0.000,1,0,0
0.500,200.000,200.000,0.000,200.000,0.000,1,0,0
0.600,200.000,200.000,0.000,200.000,0.000,1,0,0
0.700,200.000,200.000,0.000,200.000,0.000,1,0,0
0.800,200.000,200.000,0.000,200.000,0.000,1,0,0
0.900,200.000,200.000,0.000,200.000,0.000,1,0,0
1.000,200.000,200.000,0.000,200.000,0.000,1,0,0
1.100,200.000,200.000,0.000,200.000,0.000,1,0,0
1.200,200.000,200.000,0.000,200.000,0.000,1,0,0
1.300,200.000,200.000,0.000,200.000,0.000,1,0,0
1.400,200.000,200.000,0.000,200.000,0.000,1,0,0
1.500,200.000,200.000,0.000,200.000,0.000,1,0,0
1.600,200.000,200.000,0.000,200.000,0.000,1,0,0
1.700,200.000,200.000,0.000,200.000,0.000,1,0,0
1.800,200.000,200.000,0.000,200.000,0.000,1,0,0
1.900,200.000,200.000,0.000,200.000,0.000,1,0,0
2.000,200.000,200.000,0.000,200.000,0.000,1,0,0
2.100,200.000,200.000,0.000,200.000,0.000,1,0,0
2.200,200.000,200.000,0.000,200.000,0.000,1,0,0
2.300,200.000,200.000,0.000,200.000,0.000,1,0,0
2.400,200.000,200.000,0.000,200.000,0.000,1,0,0
2.500,200.000,200.000,0.000,200.000,0.000,1,0,0
2.600,200.000,200.000,0.000,200.000,0.000,1,0,0
2.700,200.000,200.000,0.000,200.000,0.000,1,0,0
2.800,200.000,200.000,0.000,200.000,0.000,1,0,0
2.900,200.000,200.000,0.000,200.000,0.000,1,0,0
3.000,200.000,200.000,0.000,200.000,0.000,1,0,0
3.100,200.000,200.000,0.000,200.000,0.000,1,0,0
3.200,200.000,200.000,0.000,200.000,0.000,1,0,0
3.300,200.000,200.000,0.000,200.000,0.000,1,0,0
3.400,200.000,200.000,0.000,200.000,0.000,1,0,0
3.500,200.000,200.000,0.000,200.000,0.000,1,0,0
3.600,200.000,200.000,0.000,200.000,0.000,1,0,0
3.700,200.000,200.000,0.000,200.000,0.000,1,0,0
3.800,200.000,200.000,0.000,200.000,0.000,1,0,0
3.900,200.000,200.000,0.000,200.000,0.000,1,0,0
4.000,200.000,200.000,0.000,200.000,0.000,1,0,0
4.100,200.000,200.000,0.000,200.000,0.000,1,0,0
4.200,200.000,200.000,0.000,200.000,0.000,1,0,0
4.300,200.000,200.000,0.000,200.000,0.000,1,0,0
4.400,200.000,200.000,0.000,200.000,0.000,1,0,0
4.500,200.000,200.000,0.000,200.000,0.000,1,0,0
4.600,200.000,200.000,0.000,200.000,0.000,1,0,0
4.700,200.000,200.000,0.000,200.000,0.000,1,0,0
4.800,200.000,200.000,0.000,200.000,0.000,1,0,0
4.900,200.000,200.000,0.000,200.000,0.000,1,0,0
5.000,200.000,200.000,0.000,200.000,0.000,1,0,0
5.100,200.000,200.000,0.000,200.000,0.000,1,0,0
5.200,200.000,200.000,0.000,200.000,0.000,1,0,0
5.300,200.000,200.000,0.000,200.000,0.000,1,0,0
5.400,200.000,200.000,0.000,200.000,0.000,1,0,0
5.500,200.000,200.000,0.000,200.000,0.000,1,0,0
5.600,200.000,200.000,0.000,200.000,0.000,1,0,0
5.700,200.000,200.000,0.000,200.000,0.000,1,0,0
5.800,200.000,200.000,0.000,200.000,0.000,1,0,0
5.900,200.000,200.000,0.000,200.000,0.000,1,0,0
6.000,200.000,200.000,0.000,200.000,0.000,1,0,0
6.100,200.000,200.000,0.000,200.000,0.000,1,0,0
6.200,200.000,200.000,0.000,200.000,0.000,1,0,0
6.300,200.000,200.000,0.000,200.000,0.000,1,0,0
6.400,200.000,200.000,0.000,200.000,0.000,1,0,0
6.500,200.000,200.000,0.000,200.000,0.000,1,0,0
6.600,200.000,200.000,0.000,200.000,0.000,1,0,0
6.700,200.000,200.000,0.000,200.000,0.000,1,0,0
6.800,200.000,200.000,0.000,200.000,0.000,1,0,0
6.900,200.000,200.000,0.000,200.000,0.000,1,0,0
7.000,200.000,200.000,0.000,200.000,0.000,1,0,0
7.100,200.000,200.000,0.000,200.000,0.000,1,0,0
7.200,200.000,200.000,0.000,200.000,0.000,1,0,0
7.300,200.000,200.000,0.000,200.000,0.000,1,0,0
7.400,200.000,200.000,0.000,200.000,0.000,1,0,0
7.500,200.000,200.000,0.000,200.000,0.000,1,0,0
7.600,200.000,200.000,0.000,200.000,0.000,1,0,0
7.700,200.000,200.000,0.000,200.000,0.000,1,0,0
7.800,200.000,200.000,0.000,200.000,0.000,1,0,0
7.900,200.000,200.000,0.000,200.000,0.000,1,0,0
8.000,200.000,200.000,0.000,200.000,0.000,1,0,0
8.100,200.000,200.000,0.000,200.000,0.000,1,0,0
8.200,200.000,200.000,0.000,200.000,0.000,1,0,0
8.300,200.000,200.000,0.000,200.000,0.000,1,0,0
8.400,200.000,200.000,0.000,200.000,0.000,1,0,0
8.500,200.000,200.000,0.000,200.000,0.000,1,0,0
8.600,200.000,200.000,0.000,200.000,0.000,1,0,0
8.700,200.000,200.000,0.000,200.000,0.000,1,0,0
8.800,200.000,200.000,0.000,200.000,0.000,1,0,0
8.900,200.000,200.000,0.000,200.000,0.000,1,0,0
9.000,200.000,200.000,0.000,200.000,0.000,1,0,0
9.100,200.000,200.000,0.000,200.000,0.000,1,0,0
9.200,200.000,200.000,0.000,200.000,0.000,1,0,0
9.300,200.000,200.000,0.000,200.000,0.000,1,0,0
9.400,200.000,200.000,0.000,200.000,0.000,1,0,0
9.500,200.000,200.000,0.000,200.000,0.000,1,0,0
9.600,200.000,200.000,0.000,200.000,0.000,1,0,0
9.700,200.000,200.000,0.000,200.000,0.000,1,0,0
9.800,200.000,200.000,0.000,200.000,0.000,1,0,0
9.900,200.000,200.000,0.000,200.000,0.000,1,0,0
10.000,200.000,200.000,0.000,200.000,0.000,1,0,0
10.100,200.000,200.000,0.000,200.000,0.000,1,0,0
10.200,200.000,200.000,0.000,200.000,0.000,1,0,0
10.300,200.000,200.000,0.000,200.000,0.000,1,0,0
10.400,200.000,200.000,0.000,200.000,0.000,1,0,0
10.500,200.000,200.000,0.000,200.000,0.000,1,0,0
10.600,200.000,200.000,0.000,200.000,0.000,1,0,0
10.700,200.000,200.000,0.000,200.000,0.000,1,0,0
10.800,200.000,200.000,0.000,200.000,0.000,1,0,0
10.900,200.000,200.000,0.000,200.000,0.000,1,0,0
11.000,200.000,200.000,0.000,200.000,0.000,1,0,0
11.100,200.000,200.000,0.000,200.000,0.000,1,0,0
11.200,200.000,200.000,0.000,200.000,0.000,1,0,0
11.300,200.000,200.000,0.000,200.000,0.000,1,0,0
11.400,200.000,200.000,0.000,200.000,0.000,1,0,0
11.500,200.000,200.000,0.000,200.000,0.000,1,0,0
11.600,200.000,200.000,0.000,200.000,0.000,1,0,0
11.700,200.000,200.000,0.000,200.000,0.000,1,0,0
11.800,200.000,200.000,0.000,200.000,0.000,1,0,0
11.900,200.000,200.000,0.000,200.000,0.000,1,0,0
12.000,200.000,200.000,0.000,200.000,0.000,1,0,0
12.100,200.000,200.000,0.000,200.000,0.000,1,0,0
12.200,200.000,200.000,0.000,200.000,0.000,1,0,0
12.300,200.000,200.000,0.000,200.000,0.000,1,0,0
12.400,200.000,200.000,0.000,200.000,0.000,1,0,0
12.500,200.000,200.000,0.000,200.000,0.000,1,0,0
12.600,200.000,200.000,0.000,200.000,0.000,1,0,0
12.700,200.000,200.000,0.000,200.000,0.000,1,0,0
12.800,200.000,200.000,0.000,200.000,0.000,1,0,0
12.900,200.000,200.000,0.000,200.000,0.000,1,0,0
13.000,200.000,200.000,0.000,200.000,0.000,1,0,0
13.100,200.000,200.000,0.000,200.000,0.000,1,0,0
13.200,200.000,200.000,0.000,200.000,0.000,1,0,0
13.300,200.000,200.000,0.000,200.000,0.000,1,0,0
13.400,200.000,200.000,0.000,200.000,0.000,1,0,0
13.500,200.000,200.000,0.000,200.000,0.000,1,0,0
13.600,200.000,200.000,0.000,200.000,0.000,1,0,0
13.700,200.000,200.000,0.000,200.000,0.000,1,0,0
13.800,200.000,200.000,0.000,200.000,0.000,1,0,0
13.900,200.000,200.000,0.000,200.000,0.000,1,0,0
14.000,200.000,200.000,0.000,200.000,0.000,1,0,0
14.100,200.000,200.000,0.000,200.000,0.000,1,0,0
14.200,200.000,200.000,0.000,200.000,0.000,1,0,0
14.300,200.000,200.000,0.000,200.000,0.000,1,0,0
14.400,200.000,200.000,0.000,200.000,0.000,1,0,0
14.500,200.000,200.000,0.000,200.000,0.000,1,0,0
14.600,200.000,200.000,0.000,200.000,0.000,1,0,0
14.700,200.000,200.000,0.000,200.000,0.000,1,0,0
14.800,200.000,200.000,0.000,200.000,0.000,1,0,0
14.900,200.000,200.000,0.000,200.000,0.000,1,0,0
15.000,200.000,200.000,0.000,200.000,0.000,1,0,0
15.100,200.000,200.000,0.000,200.000,0.000,1,0,0
15.200,200.000,200.000,0.000,200.000,0.000,1,0,0
15.300,200.000,200.000,0.000,200.000,0.000,1,0,0
15.400,200.000,200.000,0.000,200.000,0.000,1,0,0
15.500,200.000,200.000,0.000,200.000,0.000,1,0,0
15.600,200.000,200.000,0.000,200.000,0.000,1,0,0
15.700,200.000,200.000,0.000,200.000,0.000,1,0,0
15.800,200.000,200.000,0.000,200.000,0.000,1,0,0
15.900,200.000,200.000,0.000,200.000,0.000,1,0,0
16.000,200.000,200.000,0.000,200.000,0.000,1,0,0
16.100,200.000,200.000,0.000,200.000,0.000,1,0,0
16.200,200.000,200.000,0.000,200.000,0.000,1,0,0
16.300,200.000,200.000,0.000,200.000,0.000,1,0,0
16.400,200.000,200.000,0.000,200.000,0.000,1,0,0
16.500,200.000,200.000,0.000,200.000,0.000,1,0,0
16.600,200.000,200.000,0.000,200.000,0.000,1,0,0
16.700,200.000,200.000,0.000,200.000,0.000,1,0,0
16.800,200.000,200.000,0.000,200.000,0.000,1,0,0
16.900,200.000,200.000,0.000,200.000,0.000,1,0,0
17.000,200.000,200.000,0.000,200.000,0.000,1,0,0
17.100,200.000,200.000,0.000,200.000,0.000,1,0,0
17.200,200.000,200.000,0.000,200.000,0.000,1,0,0
17.300,200.000,200.000,0.000,200.000,0.000,1,0,0
17.400,200.000,200.000,0.000,200.000,0.000,1,0,0
17.500,200.000,200.000,0.000,200.000,0.000,1,0,0
17.600,200.000,200.000,0.000,200.000,0.000,1,0,0
17.700,200.000,200.000,0.000,200.000,0.000,1,0,0
17.800,200.000,200.000,0.000,200.000,0.000,1,0,0
17.900,200.000,200.000,0.000,200.000,0.000,1,0,0
18.000,200.000,200.000,0.000,200.000,0.000,1,0,0
18.100,200.000,200.000,0.000,200.000,0.000,1,0,0
18.200,200.000,200.000,0.000,200.000,0.000,1,0,0
18.300,200.000,200.000,0.000,200.000,0.000,1,0,0
18.400,200.000,200.000,0.000,200.000,0.000,1,0,0
18.500,200.000,200.000,0.000,200.000,0.000,1,0,0
18.600,200.000,200.000,0.000,200.000,0.000,1,0,0
18.700,200.000,200.000,0.000,200.000,0.000,1,0,0
18.800,200.000,200.000,0.000,200.000,0.000,1,0,0
18.900,200.000,200.000,0.000,200.000,0.000,1,0,0
19.000,200.000,200.000,0.000,200.000,0.000,1,0,0
19.100,200.000,200.000,0.000,200.000,0.000,1,0,0
19.200,200.000,200.000,0.000,200.000,0.000,1,0,0
19.300,200.000,200.000,0.000,200.000,0.000,1,0,0
19.400,200.000,200.000,0.000,200.000,0.000,1,0,0
19.500,200.000,200.000,0.000,200.000,0.000,1,0,0
19.600,200.000,200.000,0.000,200.000,0.000,1,0,0
19.700,200.000,200.000,0.000,200.000,0.000,1,0,0
19.800,200.000,200.000,0.000,200.000,0.000,1,0,0
19.900,200.000,200.000,0.000,200.000,0.000,1,0,0
20.000,200.000,200.000,0.000,200.000,0.000,1,0,0
20.100,200.000,200.000,0.000,200.000,0.000,1,0,0
20.200,200.000,200.000,0.000,200.000,0.000,1,0,0
20.300,200.000,200.000,0.000,200.000,0.000,1,0,0
20.400,200.000,200.000,0.000,200.000,0.000,1,0,0
20.500,200.000,200.000,0.000,200.000,0.000,1,0,0
20.600,200.000,200.000,0.000,200.000,0.000,1,0,0
20.700,200.000,200.000,0.000,200.000,0.000,1,0,0
20.800,200.000,200.000,0.000,200.000,0.000,1,0,0
20.900,200.000,200.000,0.000,200.000,0.000,1,0,0
21.000,200.000,200.000,0.000,200.000,0.000,1,0,0
21.100,200.000,200.000,0.000,200.000,0.000,1,0,0
21.200,200.000,200.000,0.000,200.000,0.000,1,0,0
21.300,200.000,200.000,0.000,200.000,0.000,1,0,0
21.400,200.000,200.000,0.000,200.000,0.000,1,0,0
21.500,200.000,200.000,0.000,200.000,0.000,1,0,0
21.600,200.000,200.000,0.000,200.000,0.000,1,0,0
21.700,200.000,200.000,0.000,200.000,0.000,1,0,0
21.800,200.000,200.000,0.000,200.000,0.000,1,0,0
21.900,200.000,200.000,0.000,200.000,0.000,1,0,0
22.000,200.000,200.000,0.000,200.000,0.000,1,0,0
22.100,200.000,200.000,0.000,200.000,0.000,1,0,0
22.200,200.000,200.000,0.000,200.000,0.000,1,0,0
22.300,200.000,200.000,0.000,200.000,0.000,1,0,0
22.400,200.000,200.000,0.000,200.000,0.000,1,0,0
22.500,200.000,200.000,0.000,200.000,0.000,1,0,0
22.600,200.000,200.000,0.000,200.000,0.000,1,0,0
22.700,200.000,200.000,0.000,200.000,0.000,1,0,0
22.800,200.000,200.000,0.000,200.000,0.000,1,0,0
22.900,200.000,200.000,0.000,200.000,0.000,1,0,0
23.000,200.000,200.000,0.000,200.000,0.000,1,0,0
23.100,200.000,200.000,0.000,200.000,0.000,1,0,0
23.200,200.000,200.000,0.000,200.000,0.000,1,0,0
23.300,200.000,200.000,0.000,200.000,0.000,1,0,0
23.400,200.000,200.000,0.000,200.000,0.000,1,0,0
23.500,200.000,200.000,0.000,200.000,0.000,1,0,0
23.600,200.000,200.000,0.000,200.000,0.000,1,0,0
23.700,200.000,200.000,0.000,200.000,0.000,1,0,0
23.800,200.000,200.000,0.000,200.000,0.000,1,0,0
23.900,200.000,200.000,0.000,200.000,0.000,1,0,0
24.000,200.000,200.000,0.000,200.000,0.000,1,0,0
24.100,200.000,200.000,0.000,200.000,0.000,1,0,0
24.200,200.000,200.000,0.000,200.000,0.000,1,0,0
24.300,200.000,200.000,0.000,200.000,0.000,1,0,0
24.400,200.000,200.000,0.000,200.000,0.000,1,0,0
24.500,200.000,200.000,0.000,200.000,0.000,1,0,0
24.600,200.000,200.000,0.000,200.000,0.000,1,0,0
24.700,200.000,200.000,0.000,200.000,0.000,1,0,0
24.800,200.000,200.000,0.000,200.000,0.000,1,0,0
24.900,200.000,200.000,0.000,200.000,0.000,1,0,0
25.000,200.000,200.000,0.000,200.000,0.000,1,0,0
25.100,200.000,200.000,0.000,200.000,0.000,1,0,0
25.200,200.000,200.000,0.000,200.000,0.000,1,0,0
25.300,200.000,200.000,0.000,200.000,0.000,1,0,0
25.400,200.000,200.000,0.000,200.000,0.000,1,0,0
25.500,200.000,200.000,0.000,200.000,0.000,1,0,0
25.600,200.000,200.000,0.000,200.000,0.000,1,0,0
25.700,200.000,200.000,0.000,200.000,0.000,1,0,0
25.800,200.000,200.000,0.000,200.000,0.000,1,0,0
25.900,200.000,200.000,0.000,200.000,0.000,1,0,0
26.000,200.000,200.000,0.000,200.000,0.000,1,0,0
26.100,200.000,200.000,0.000,200.000,0.000,1,0,0
26.200,200.000,200.000,0.000,200.000,0.000,1,0,0
26.300,200.000,200.000,0.000,200.000,0.000,1,0,0
26.400,200.000,200.000,0.000,200.000,0.000,1,0,0
26.500,200.000,200.000,0.000,200.000,0.000,1,0,0
26.600,200.000,200.000,0.000,200.000,0.000,1,0,0
26.700,200.000,200.000,0.000,200.000,0.000,1,0,0
26.800,200.000,200.000,0.000,200.000,0.000,1,0,0
26.900,200.000,200.000,0.000,200.000,0.000,1,0,0
27.000,200.000,200.000,0.000,200.000,0.000,1,0,0
27.100,200.000,200.000,0.000,200.000,0.000,1,0,0
27.200,200.000,200.000,0.000,200.000,0.000,1,0,0
27.300,200.000,200.000,0.000,200.000,0.000,1,0,0
27.400,200.000,200.000,0.000,200.000,0.000,1,0,0
27.500,200.000,200.000,0.000,200.000,0.000,1,0,0
27.600,200.000,200.000,0.000,200.000,0.000,1,0,0
27.700,200.000,200.000,0.000,200.000,0.000,1,0,0
27.800,200.000,200.000,0.000,200.000,0.000,1,0,0
27.900,200.000,200.000,0.000,200.000,0.000,1,0,0
28.000,200.000,200.000,0.000,200.000,0.000,1,0,0
28.100,200.000,200.000,0.000,200.000,0.000,1,0,0
28.200,200.000,200.000,0.000,200.000,0.000,1,0,0
28.300,200.000,200.000,0.000,200.000,0.000,1,0,0
28.400,200.000,200.000,0.000,200.000,0.000,1,0,0
28.500,200.000,200.000,0.000,200.000,0.000,1,0,0
28.600,200.000,200.000,0.000,200.000,0.000,1,0,0
28.700,200.000,200.000,0.000,200.000,0.000,1,0,0
28.800,200.000,200.000,0.000,200.000,0.000,1,0,0
28.900,200.000,200.000,0.000,200.000,0.000,1,0,0
29.000,200.000,200.000,0.000,200.000,0.000,1,0,0
29.100,200.000,200.000,0.000,200.000,0.000,1,0,0
29.200,200.000,200.000,0.000,200.000,0.000,1,0,0
29.300,200.000,200.000,0.000,200.000,0.000,1,0,0
29.400,200.000,200.000,0.000,200.000,0.000,1,0,0
29.500,200.000,200.000,0.000,200.000,0.000,1,0,0
29.600,200.000,200.000,0.000,200.000,0.000,1,0,0
29.700,200.000,200.000,0.000,200.000,0.000,1,0,0
29.800,200.000,200.000,0.000,200.000,0.000,1,0,0
29.900,200.000,200.000,0.000,200.000,0.000,1,0,0
30.000,200.000,200.000,0.000,200.000,0.000,1,0,0
30.100,200.000,200.000,0.000,200.000,0.000,1,0,0
30.200,200.000,200.000,0.000,200.000,0.000,1,0,0
30.300,200.000,200.000,0.000,200.000,0.000,1,0,0
30.400,200.000,200.000,0.000,200.000,0.000,1,0,0
30.500,200.000,200.000,0.000,200.000,0.000,1,0,0
30.600,200.000,200.000,0.000,200.000,0.000,1,0,0
30.700,200.000,200.000,0.000,200.000,0.000,1,0,0
30.800,200.000,200.000,0.000,200.000,0.000,1,0,0
30.900,200.000,200.000,0.000,200.000,0.000,1,0,0
31.000,200.000,200.000,0.000,200.000,0.000,1,0,0
31.100,200.000,200.000,0.000,200.000,0.000,1,0,0
31.200,200.000,200.000,0.000,200.000,0.000,1,0,0
31.300,200.000,200.000,0.000,200.000,0.000,1,0,0
31.400,200.000,200.000,0.000,200.000,0.000,1,0,0
31.500,200.000,200.000,0.000,200.000,0.000,1,0,0
31.600,200.000,200.000,0.000,200.000,0.000,1,0,0
31.700,200.000,200.000,0.000,200.000,0.000,1,0,0
31.800,200.000,200.000,0.000,200.000,0.000,1,0,0
31.900,200.000,200.000,0.000,200.000,0.000,1,0,0
32.000,200.000,200.000,0.000,200.000,0.000,1,0,0
32.100,200.000,200.000,0.000,200.000,0.000,1,0,0
32.200,200.000,200.000,0.000,200.000,0.000,1,0,0
32.300,200.000,200.000,0.000,200.000,0.000,1,0,0
32.400,200.000,200.000,0.000,200.000,0.000,1,0,0
32.500,200.000,200.000,0.000,200.000,0.000,1,0,0
32.600,200.000,200.000,0.000,200.000,0.000,1,0,0
32.700,200.000,200.000,0.000,200.000,0.000,1,0,0
32.800,200.000,200.000,0.000,200.000,0.000,1,0,0
32.900,200.000,200.000,0.000,200.000,0.000,1,0,0
33.000,200.000,200.000,0.000,200.000,0.000,1,0,0
33.100,200.000,200.000,0.000,200.000,0.000,1,0,0
33.200,200.000,200.000,0.000,200.000,0.000,1,0,0
33.300,200.000,200.000,0.000,200.000,0.000,1,0,0
33.400,200.000,200.000,0.000,200.000,0.000,1,0,0
33.500,200.000,200.000,0.000,200.000,0.000,1,0,0
33.600,200.000,200.000,0.000,200.000,0.000,1,0,0
33.700,200.000,200.000,0.000,200.000,0.000,1,0,0
33.800,200.000,200.000,0.000,200.000,0.000,1,0,0
33.900,200.000,200.000,0.000,200.000,0.000,1,0,0
34.000,200.000,200.000,0.000,200.000,0.000,1,0,0
34.100,200.000,200.000,0.000,200.000,0.000,1,0,0
34.200,200.000,200.000,0.000,200.000,0.000,1,0,0
34.300,200.000,200.000,0.000,200.000,0.000,1,0,0
34.400,200.000,200.000,0.000,200.000,0.000,1,0,0
34.500,200.000,200.000,0.000,200.000,0.000,1,0,0
34.600,200.000,200.000,0.000,200.000,0.000,1,0,0
34.700,200.000,200.000,0.000,200.000,0.000,1,0,0
34.800,200.000,200.000,0.000,200.000,0.000,1,0,0
34.900,200.000,200.000,0.000,200.000,0.000,1,0,0
35.000,200.000,200.000,0.000,200.000,0.000,1,0,0
35.100,200.000,200.000,0.000,200.000,0.000,1,0,0
35.200,200.000,200.000,0.000,200.000,0.000,1,0,0
35.300,200.000,200.000,0.000,200.000,0.000,1,0,0
35.400,200.000,200.000,0.000,200.000,0.000,1,0,0
35.500,200.000,200.000,0.000,200.000,0.000,1,0,0
35.600,200.000,200.000,0.000,200.000,0.000,1,0,0
35.700,200.000,200.000,0.000,200.000,0.000,1,0,0
35.800,200.000,200.000,0.000,200.000,0.000,1,0,0
35.900,200.000,200.000,0.000,200.000,0.000,1,0,0
36.000,200.000,200.000,0.000,200.000,0.000,1,0,0
36.100,200.000,200.000,0.000,200.000,0.000,1,0,0
36.200,200.000,200.000,0.000,200.000,0.000,1,0,0
36.300,200.000,200.000,0.000,200.000,0.000,1,0,0
36.400,200.000,200.000,0.000,200.000,0.000,1,0,0
36.500,200.000,200.000,0.000,200.000,0.000,1,0,0
36.600,200.000,200.000,0.000,200.000,0.000,1,0,0
36.700,200.000,200.000,0.000,200.000,0.000,1,0,0
36.800,200.000,200.000,0.000,200.000,0.000,1,0,0
36.900,200.000,200.000,0.000,200.000,0.000,1,0,0
37.000,200.000,200.000,0.000,200.000,0.000,1,0,0
37.100,200.000,200.000,0.000,200.000,0.000,1,0,0
37.200,200.000,200.000,0.000,200.000,0.000,1,0,0
37.300,200.000,200.000,0.000,200.000,0.000,1,0,0
37.400,200.000,200.000,0.000,200.000,0.000,1,0,0
37.500,200.000,200.000,0.000,200.000,0.000,1,0,0
37.600,200.000,200.000,0.000,200.000,0.000,1,0,0
37.700,200.000,200.000,0.000,200.000,0.000,1,0,0
37.800,200.000,200.000,0.000,200.000,0.000,1,0,0
37.900,200.000,200.000,0.000,200.000,0.000,1,0,0
38.000,200.000,200.000,0.000,200.000,0.000,1,0,0
38.100,200.000,200.000,0.000,200.000,0.000,1,0,0
38.200,200.000,200.000,0.000,200.000,0.000,1,0,0
38.300,200.000,200.000,0.000,200.000,0.000,1,0,0
38.400,200.000,200.000,0.000,200.000,0.000,1,0,0
38.500,200.000,200.000,0.000,200.000,0.000,1,0,0
38.600,200.000,200.000,0.000,200.000,0.000,1,0,0
38.700,200.000,200.000,0.000,200.000,0.000,1,0,0
38.800,200.000,200.000,0.000,200.000,0.000,1,0,0
38.900,200.000,200.000,0.000,200.000,0.000,1,0,0
39.000,200.000,200.000,0.000,200.000,0.000,1,0,0
39.100,200.000,200.000,0.000,200.000,0.000,1,0,0
39.200,200.000,200.000,0.000,200.000,0.000,1,0,0
39.300,200.000,200.000,0.000,200.000,0.000,1,0,0
39.400,200.000,200.000,0.000,200.000,0.000,1,0,0
39.500,200.000,200.000,0.000,200.000,0.000,1,0,0
39.600,200.000,200.000,0.000,200.000,0.000,1,0,0
39.700,200.000,200.000,0.000,200.000,0.000,1,0,0
39.800,200.000,200.000,0.000,200.000,0.000,1,0,0
39.900,200.000,200.000,0.000,200.000,0.000,1,0,0
40.000,200.000,200.000,0.000,200.000,0.000,1,0,0
40.100,200.000,200.000,0.000,200.000,0.000,1,0,0
40.200,200.000,200.000,0.000,200.000,0.000,1,0,0
40.300,200.000,200.000,0.000,200.000,0.000,1,0,0
40.400,200.000,200.000,0.000,200.000,0.000,1,0,0
40.500,200.000,200.000,0.000,200.000,0.000,1,0,0
40.600,200.000,200.000,0.000,200.000,0.000,1,0,0
40.700,200.000,200.000,0.000,200.000,0.000,1,0,0
40.800,200.000,200.000,0.000,200.000,0.000,1,0,0
40.900,200.000,200.000,0.000,200.000,0.000,1,0,0
41.000,200.000,200.000,0.000,200.000,0.000,1,0,0
41.100,200.000,200.000,0.000,200.000,0.000,1,0,0
41.200,200.000,200.000,0.000,200.000,0.000,1,0,0
41.300,200.000,200.000,0.000,200.000,0.000,1,0,0
41.400,200.000,200.000,0.000,200.000,0.000,1,0,0
41.500,200.000,200.000,0.000,200.000,0.000,1,0,0
41.600,200.000,200.000,0.000,200.000,0.000,1,0,0
41.700,200.000,200.000,0.000,200.000,0.000,1,0,0
41.800,200.000,200.000,0.000,200.000,0.000,1,0,0
41.900,200.000,200.000,0.000,200.000,0.000,1,0,0
42.000,200.000,200.000,0.000,200.000,0.000,1,0,0
42.100,200.000,200.000,0.000,200.000,0.000,1,0,0
42.200,200.000,200.000,0.000,200.000,0.000,1,0,0
42.300,200.000,200.000,0.000,200.000,0.000,1,0,0
42.400,200.000,200.000,0.000,200.000,0.000,1,0,0
42.500,200.000,200.000,0.000,200.000,0.000,1,0,0
42.600,200.000,200.000,0.000,200.000,0.000,1,0,0
42.700,200.000,200.000,0.000,200.000,0.000,1,0,0
42.800,200.000,200.000,0.000,200.000,0.000,1,0,0
42.900,200.000,200.000,0.000,200.000,0.000,1,0,0
43.000,200.000,200.000,0.000,200.000,0.000,1,0,0
43.100,200.000,200.000,0.000,200.000,0.000,1,0,0
43.200,200.000,200.000,0.000,200.000,0.000,1,0,0
43.300,200.000,200.000,0.000,200.000,0.000,1,0,0
43.400,200.000,200.000,0.000,200.000,0.000,1,0,0
43.500,200.000,200.000,0.000,200.000,0.000,1,0,0
43.600,200.000,200.000,0.000,200.000,0.000,1,0,0
43.700,200.000,200.000,0.000,200.000,0.000,1,0,0
43.800,200.000,200.000,0.000,200.000,0.000,1,0,0
43.900,200.000,200.000,0.000,200.000,0.000,1,0,0
44.000,200.000,200.000,0.000,200.000,0.000,1,0,0
44.100,200.000,200.000,0.000,200.000,0.000,1,0,0
44.200,200.000,200.000,0.000,200.000,0.000,1,0,0
44.300,200.000,200.000,0.000,200.000,0.000,1,0,0
44.400,200.000,200.000,0.000,200.000,0.000,1,0,0
44.500,200.000,200.000,0.000,200.000,0.000,1,0,0
44.600,200.000,200.000,0.000,200.000,0.000,1,0,0
44.700,200.000,200.000,0.000,200.000,0.000,1,0,0
44.800,200.000,200.000,0.000,200.000,0.000,1,0,0
44.900,200.000,200.000,0.000,200.000,0.000,1,0,0
45.000,200.000,200.000,0.000,200.000,0.000,1,0,0
45.100,200.000,200.000,0.000,200.000,0.000,1,0,0
45.200,200.000,200.000,0.000,200.000,0.000,1,0,0
45.300,200.000,200.000,0.000,200.000,0.000,1,0,0
45.400,200.000,200.000,0.000,200.000,0.000,1,0,0
45.500,200.000,200.000,0.000,200.000,0.000,1,0,0
45.600,200.000,200.000,0.000,200.000,0.000,1,0,0
45.700,200.000,200.000,0.000,200.000,0.000,1,0,0
45.800,200.000,200.000,0.000,200.000,0.000,1,0,0
45.900,200.000,200.000,0.000,200.000,0.000,1,0,0
46.000,200.000,200.000,0.000,200.000,0.000,1,0,0
46.100,200.000,200.000,0.000,200.000,0.000,1,0,0
46.200,200.000,200.000,0.000,200.000,0.000,1,0,0
46.300,200.000,200.000,0.000,200.000,0.000,1,0,0
46.400,200.000,200.000,0.000,200.000,0.000,1,0,0
46.500,200.000,200.000,0.000,200.000,0.000,1,0,0
46.600,200.000,200.000,0.000,200.000,0.000,1,0,0
46.700,200.000,200.000,0.000,200.000,0.000,1,0,0
46.800,200.000,200.000,0.000,200.000,0.000,1,0,0
46.900,200.000,200.000,0.000,200.000,0.000,1,0,0
47.000,200.000,200.000,0.000,200.000,0.000,1,0,0
47.100,200.000,200.000,0.000,200.000,0.000,1,0,0
47.200,200.000,200.000,0.000,200.000,0.000,1,0,0
47.300,200.000,200.000,0.000,200.000,0.000,1,0,0
47.400,200.000,200.000,0.000,200.000,0.000,1,0,0
47.500,200.000,200.000,0.000,200.000,0.000,1,0,0
47.600,200.000,200.000,0.000,200.000,0.000,1,0,0
47.700,200.000,200.000,0.000,200.000,0.000,1,0,0
47.800,200.000,200.000,0.000,200.000,0.000,1,0,0
47.900,200.000,200.000,0.000,200.000,0.000,1,0,0
48.000,200.000,200.000,0.000,200.000,0.000,1,0,0
48.100,200.000,200.000,0.000,200.000,0.000,1,0,0
48.200,200.000,200.000,0.000,200.000,0.000,1,0,0
48.300,200.000,200.000,0.000,200.000,0.000,1,0,0
48.400,200.000,200.000,0.000,200.000,0.000,1,0,0
48.500,200.000,200.000,0.000,200.000,0.000,1,0,0
48.600,200.000,200.000,0.000,200.000,0.000,1,0,0
48.700,200.000,200.000,0.000,200.000,0.000,1,0,0
48.800,200.000,200.000,0.000,200.000,0.000,1,0,0
48.900,200.000,200.000,0.000,200.000,0.000,1,0,0
49.000,200.000,200.000,0.000,200.000,0.000,1,0,0
49.100,200.000,200.000,0.000,200.000,0.000,1,0,0
49.200,200.000,200.000,0.000,200.000,0.000,1,0,0
49.300,200.000,200.000,0.000,200.000,0.000,1,0,0
49.400,200.000,200.000,0.000,200.000,0.000,1,0,0
49.500,200.000,200.000,0.000,200.000,0.000,1,0,0
49.600,200.000,200.000,0.000,200.000,0.000,1,0,0
49.700,200.000,200.000,0.000,200.000,0.000,1,0,0
49.800,200.000,200.000,0.000,200.000,0.000,1,0,0
49.900,200.000,200.000,0.000,200.000,0.000,1,0,0
50.000,200.000,200.000,0.000,200.000,0.000,1,0,0
50.100,200.000,200.000,0.000,200.000,0.000,1,0,0
50.200,200.000,200.000,0.000,200.000,0.000,1,0,0
50.300,200.000,200.000,0.000,200.000,0.000,1,0,0
50.400,200.000,200.000,0.000,200.000,0.000,1,0,0
50.500,200.000,200.000,0.000,200.000,0.000,1,0,0
50.600,200.000,200.000,0.000,200.000,0.000,1,0,0
50.700,200.000,200.000,0.000,200.000,0.000,1,0,0
50.800,200.000,200.000,0.000,200.000,0.000,1,0,0
50.900,200.000,200.000,0.000,200.000,0.000,1,0,0
51.000,200.000,200.000,0.000,200.000,0.000,1,0,0
51.100,200.000,200.000,0.000,200.000,0.000,1,0,0
51.200,200.000,200.000,0.000,200.000,0.000,1,0,0
51.300,200.000,200.000,0.000,200.000,0.000,1,0,0
51.400,200.000,200.000,0.000,200.000,0.000,1,0,0
51.500,200.000,200.000,0.000,200.000,0.000,1,0,0
51.600,200.000,200.000,0.000,200.000,0.000,1,0,0
51.700,200.000,200.000,0.000,200.000,0.000,1,0,0
51.800,200.000,200.000,0.000,200.000,0.000,1,0,0
51.900,200.000,200.000,0.000,200.000,0.000,1,0,0
52.000,200.000,200.000,0.000,200.000,0.000,1,0,0
52.100,200.000,200.000,0.000,200.000,0.000,1,0,0
52.200,200.000,200.000,0.000,200.000,0.000,1,0,0
52.300,200.000,200.000,0.000,200.000,0.000,1,0,0
52.400,200.000,200.000,0.000,200.000,0.000,1,0,0
52.500,200.000,200.000,0.000,200.000,0.000,1,0,0
52.600,200.000,200.000,0.000,200.000,0.000,1,0,0
52.700,200.000,200.000,0.000,200.000,0.000,1,0,0
52.800,200.000,200.000,0.000,200.000,0.000,1,0,0
52.900,200.000,200.000,0.000,200.000,0.000,1,0,0
53.000,200.000,200.000,0.000,200.000,0.000,1,0,0
53.100,200.000,200.000,0.000,200.000,0.000,1,0,0
53.200,200.000,200.000,0.000,200.000,0.000,1,0,0
53.300,200.000,200.000,0.000,200.000,0.000,1,0,0
53.400,200.000,200.000,0.000,200.000,0.000,1,0,0
53.500,200.000,200.000,0.000,200.000,0.000,1,0,0
53.600,200.000,200.000,0.000,200.000,0.000,1,0,0
53.700,200.000,200.000,0.000,200.000,0.000,1,0,0
53.800,200.000,200.000,0.000,200.000,0.000,1,0,0
53.900,200.000,200.000,0.000,200.000,0.000,1,0,0
54.000,200.000,200.000,0.000,200.000,0.000,1,0,0
54.100,200.000,200.000,0.000,200.000,0.000,1,0,0
54.200,200.000,200.000,0.000,200.000,0.000,1,0,0
54.300,200.000,200.000,0.000,200.000,0.000,1,0,0
54.400,200.000,200.000,0.000,200.000,0.000,1,0,0
54.500,200.000,200.000,0.000,200.000,0.000,1,0,0
54.600,200.000,200.000,0.000,200.000,0.000,1,0,0
54.700,200.000,200.000,0.000,200.000,0.000,1,0,0
54.800,200.000,200.000,0.000,200.000,0.000,1,0,0
54.900,200.000,200.000,0.000,200.000,0.000,1,0,0
55.000,200.000,200.000,0.000,200.000,0.000,1,0,0
55.100,200.000,200.000,0.000,200.000,0.000,1,0,0
55.200,200.000,200.000,0.000,200.000,0.000,1,0,0
55.300,200.000,200.000,0.000,200.000,0.000,1,0,0
55.400,200.000,200.000,0.000,200.000,0.000,1,0,0
55.500,200.000,200.000,0.000,200.000,0.000,1,0,0
55.600,200.000,200.000,0.000,200.000,0.000,1,0,0
55.700,200.000,200.000,0.000,200.000,0.000,1,0,0
55.800,200.000,200.000,0.000,200.000,0.000,1,0,0
55.900,200.000,200.000,0.000,200.000,0.000,1,0,0
56.000,200.000,200.000,0.000,200.000,0.000,1,0,0
56.100,200.000,200.000,0.000,200.000,0.000,1,0,0
56.200,200.000,200.000,0.000,200.000,0.000,1,0,0
56.300,200.000,200.000,0.000,200.000,0.000,1,0,0
56.400,200.000,200.000,0.000,200.000,0.000,1,0,0
56.500,200.000,200.000,0.000,200.000,0.000,1,0,0
56.600,200.000,200.000,0.000,200.000,0.000,1,0,0
56.700,200.000,200.000,0.000,200.000,0.000,1,0,0
56.800,200.000,200.000,0.000,200.000,0.000,1,0,0
56.900,200.000,200.000,0.000,200.000,0.000,1,0,0
57.000,200.000,200.000,0.000,200.000,0.000,1,0,0
57.100,200.000,200.000,0.000,200.000,0.000,1,0,0
57.200,200.000,200.000,0.000,200.000,0.000,1,0,0
57.300,200.000,200.000,0.000,200.000,0.000,1,0,0
57.400,200.000,200.000,0.000,200.000,0.000,1,0,0
57.500,200.000,200.000,0.000,200.000,0.000,1,0,0
57.600,200.000,200.000,0.000,200.000,0.000,1,0,0
57.700,200.000,200.000,0.000,200.000,0.000,1,0,0
57.800,200.000,200.000,0.000,200.000,0.000,1,0,0
57.900,200.000,200.000,0.000,200.000,0.000,1,0,0
58.000,200.000,200.000,0.000,200.000,0.000,1,0,0
58.100,200.000,200.000,0.000,200.000,0.000,1,0,0
58.200,200.000,200.000,0.000,200.000,0.000,1,0,0
58.300,200.000,200.000,0.000,200.000,0.000,1,0,0
58.400,200.000,200.000,0.000,200.000,0.000,1,0,0
58.500,200.000,200.000,0.000,200.000,0.000,1,0,0
58.600,200.000,200.000,0.000,200.000,0.000,1,0,0
58.700,200.000,200.000,0.000,200.000,0.000,1,0,0
58.800,200.000,200.000,0.000,200.000,0.000,1,0,0
58.900,200.000,200.000,0.000,200.000,0.000,1,0,0
59.000,200.000,200.000,0.000,200.000,0.000,1,0,0
59.100,200.000,200.000,0.000,200.000,0.000,1,0,0
59.200,200.000,200.000,0.000,200.000,0.000,1,0,0
59.300,200.000,200.000,0.000,200.000,0.000,1,0,0
59.400,200.000,200.000,0.000,200.000,0.000,1,0,0
59.500,200.000,200.000,0.000,200.000,0.000,1,0,0
59.600,200.000,200.000,0.000,200.000,0.000,1,0,0
59.700,200.000,200.000,0.000,200.000,0.000,1,0,0
59.800,200.000,200.000,0.000,200.000,0.000,1,0,0
59.900,200.000,200.000,0.000,200.000,0.000,1,0,0
60.000,200.000,200.000,0.000,200.000,0.000,1,0,0
60.100,200.000,200.000,0.000,200.000,0.000,1,0,0
60.200,200.000,200.000,0.000,200.000,0.000,1,0,0
60.300,200.000,200.000,0.000,200.000,0.000,1,0,0
60.400,200.000,200.000,0.000,200.000,0.000,1,0,0
60.500,200.000,200.000,0.000,200.000,0.000,1,0,0
60.600,200.000,200.000,0.000,200.000,0.000,1,0,0
60.700,200.000,200.000,0.000,200.000,0.000,1,0,0
60.800,200.000,200.000,0.000,200.000,0.000,1,0,0
60.900,200.000,200.000,0.000,200.000,0.000,1,0,0
61.000,200.000,200.000,0.000,200.000,0.000,1,0,0
61.100,200.000,200.000,0.000,200.000,0.000,1,0,0
61.200,200.000,200.000,0.000,200.000,0.000,1,0,0
61.300,200.000,200.000,0.000,200.000,0.000,1,0,0
61.400,200.000,200.000,0.000,200.000,0.000,1,0,0
61.500,200.000,200.000,0.000,200.000,0.000,1,0,0
61.600,200.000,200.000,0.000,200.000,0.000,1,0,0
61.700,200.000,200.000,0.000,200.000,0.000,1,0,0
61.800,200.000,200.000,0.000,200.000,0.000,1,0,0
61.900,200.000,200.000,0.000,200.000,0.000,1,0,0
62.000,200.000,200.000,0.000,200.000,0.000,1,0,0
62.100,200.000,200.000,0.000,200.000,0.000,1,0,0
62.200,200.000,200.000,0.000,200.000,0.000,1,0,0
62.300,200.000,200.000,0.000,200.000,0.000,1,0,0
62.400,200.000,200.000,0.000,200.000,0.000,1,0,0
62.500,200.000,200.000,0.000,200.000,0.000,1,0,0
62.600,200.000,200.000,0.000,200.000,0.000,1,0,0
62.700,200.000,200.000,0.000,200.000,0.000,1,0,0
62.800,200.000,200.000,0.000,200.000,0.000,1,0,0
62.900,200.000,200.000,0.000,200.000,0.000,1,0,0
63.000,200.000,200.000,0.000,200.000,0.000,1,0,0
63.100,200.000,200.000,0.000,200.000,0.000,1,0,0
63.200,200.000,200.000,0.000,200.000,0.000,1,0,0
63.300,200.000,200.000,0.000,200.000,0.000,1,0,0
63.400,200.000,200.000,0.000,200.000,0.000,1,0,0
63.500,200.000,200.000,0.000,200.000,0.000,1,0,0
63.600,200.000,200.000,0.000,200.000,0.000,1,0,0
63.700,200.000,200.000,0.000,200.000,0.000,1,0,0
63.800,200.000,200.000,0.000,200.000,0.000,1,0,0
63.900,200.000,200.000,0.000,200.000,0.000,1,0,0
64.000,200.000,200.000,0.000,200.000,0.000,1,0,0
64.100,200.000,200.000,0.000,200.000,0.000,1,0,0
64.200,200.000,200.000,0.000,200.000,0.000,1,0,0
64.300,200.000,200.000,0.000,200.000,0.000,1,0,0
64.400,200.000,200.000,0.000,200.000,0.000,1,0,0
64.500,200.000,200.000,0.000,200.000,0.000,1,0,0
64.600,200.000,200.000,0.000,200.000,0.000,1,0,0
64.700,200.000,200.000,0.000,200.000,0.000,1,0,0
64.800,200.000,200.000,0.000,200.000,0.000,1,0,0
64.900,200.000,200.000,0.000,200.000,0.000,1,0,0
65.000,200.000,200.000,0.000,200.000,0.000,1,0,0
65.100,200.000,200.000,0.000,200.000,0.000,1,0,0
65.200,200.000,200.000,0.000,200.000,0.000,1,0,0
65.300,200.000,200.000,0.000,200.000,0.000,1,0,0
65.400,200.000,200.000,0.000,200.000,0.000,1,0,0
65.500,200.000,200.000,0.000,200.000,0.000,1,0,0
65.600,200.000,200.000,0.000,200.000,0.000,1,0,0
65.700,200.000,200.000,0.000,200.000,0.000,1,0,0
65.800,200.000,200.000,0.000,200.000,0.000,1,0,0
65.900,200.000,200.000,0.000,200.000,0.000,1,0,0
66.000,200.000,200.000,0.000,200.000,0.000,1,0,0
66.100,200.000,200.000,0.000,200.000,0.000,1,0,0
66.200,200.000,200.000,0.000,200.000,0.000,1,0,0
66.300,200.000,200.000,0.000,200.000,0.000,1,0,0
66.400,200.000,200.000,0.000,200.000,0.000,1,0,0
66.500,200.000,200.000,0.000,200.000,0.000,1,0,0
66.600,200.000,200.000,0.000,200.000,0.000,1,0,0
66.700,200.000,200.000,0.000,200.000,0.000,1,0,0
66.800,200.000,200.000,0.000,200.000,0.000,1,0,0
66.900,200.000,200.000,0.000,200.000,0.000,1,0,0
67.000,200.000,200.000,0.000,200.000,0.000,1,0,0
67.100,200.000,200.000,0.000,200.000,0.000,1,0,0
67.200,200.000,200.000,0.000,200.000,0.000,1,0,0
67.300,200.000,200.000,0.000,200.000,0.000,1,0,0
67.400,200.000,200.000,0.000,200.000,0.000,1,0,0
67.500,200.000,200.000,0.000,200.000,0.000,1,0,0
67.600,200.000,200.000,0.000,200.000,0.000,1,0,0
67.700,200.000,200.000,0.000,200.000,0.000,1,0,0
67.800,200.000,200.000,0.000,200.000,0.000,1,0,0
67.900,200.000,200.000,0.000,200.000,0.000,1,0,0
68.000,200.000,200.000,0.000,200.000,0.000,1,0,0
68.100,200.000,200.000,0.000,200.000,0.000,1,0,0
68.200,200.000,200.000,0.000,200.000,0.000,1,0,0
68.300,200.000,200.000,0.000,200.000,0.000,1,0,0
68.400,200.000,200.000,0.000,200.000,0.000,1,0,0
68.500,200.000,200.000,0.000,200.000,0.000,1,0,0
68.600,200.000,200.000,0.000,200.000,0.000,1,0,0
68.700,200.000,200.000,0.000,200.000,0.000,1,0,0
68.800,200.000,200.000,0.000,200.000,0.000,1,0,0
68.900,200.000,200.000,0.000,200.000,0.000,1,0,0
69.000,200.000,200.000,0.000,200.000,0.000,1,0,0
69.100,200.000,200.000,0.000,200.000,0.000,1,0,0
69.200,200.000,200.000,0.000,200.000,0.000,1,0,0
69.300,200.000,200.000,0.000,200.000,0.000,1,0,0
69.400,200.000,200.000,0.000,200.000,0.000,1,0,0
69.500,200.000,200.000,0.000,200.000,0.000,1,0,0
69.600,200.000,200.000,0.000,200.000,0.000,1,0,0
69.700,200.000,200.000,0.000,200.000,0.000,1,0,0
69.800,200.000,200.000,0.000,200.000,0.000,1,0,0
69.900,200.000,200.000,0.000,200.000,0.000,1,0,0
70.000,200.000,200.000,0.000,200.000,0.000,1,0,0
70.100,200.000,200.000,0.000,200.000,0.000,1,0,0
70.200,200.000,200.000,0.000,200.000,0.000,1,0,0
70.300,200.000,200.000,0.000,200.000,0.000,1,0,0
70.400,200.000,200.000,0.000,200.000,0.000,1,0,0
70.500,200.000,200.000,0.000,200.000,0.000,1,0,0
70.600,200.000,200.000,0.000,200.000,0.000,1,0,0
70.700,200.000,200.000,0.000,200.000,0.000,1,0,0
70.800,200.000,200.000,0.000,200.000,0.000,1,0,0
70.900,200.000,200.000,0.000,200.000,0.000,1,0,0
71.000,200.000,200.000,0.000,200.000,0.000,1,0,0
71.100,200.000,200.000,0.000,200.000,0.000,1,0,0
71.200,200.000,200.000,0.000,200.000,0.000,1,0,0
71.300,200.000,200.000,0.000,200.000,0.000,1,0,0
71.400,200.000,200.000,0.000,200.000,0.000,1,0,0
71.500,200.000,200.000,0.000,200.000,0.000,1,0,0
71.600,200.000,200.000,0.000,200.000,0.000,1,0,0
71.700,200.000,200.000,0.000,200.000,0.000,1,0,0
71.800,200.000,200.000,0.000,200.000,0.000,1,0,0
71.900,200.000,200.000,0.000,200.000,0.000,1,0,0
72.000,200.000,200.000,0.000,200.000,0.000,1,0,0
72.100,200.000,200.000,0.000,200.000,0.000,1,0,0
72.200,200.000,200.000,0.000,200.000,0.000,1,0,0
72.300,200.000,200.000,0.000,200.000,0.000,1,0,0
72.400,200.000,200.000,0.000,200.000,0.000,1,0,0
72.500,200.000,200.000,0.000,200.000,0.000,1,0,0
72.600,200.000,200.000,0.000,200.000,0.000,1,0,0
72.700,200.000,200.000,0.000,200.000,0.000,1,0,0
72.800,200.000,200.000,0.000,200.000,0.000,1,0,0
72.900,200.000,200.000,0.000,200.000,0.000,1,0,0
73.000,200.000,200.000,0.000,200.000,0.000,1,0,0
73.100,200.000,200.000,0.000,200.000,0.000,1,0,0
73.200,200.000,200.000,0.000,200.000,0.000,1,0,0
73.300,200.000,200.000,0.000,200.000,0.000,1,0,0
73.400,200.000,200.000,0.000,200.000,0.000,1,0,0
73.500,200.000,200.000,0.000,200.000,0.000,1,0,0
73.600,200.000,200.000,0.000,200.000,0.000,1,0,0
73.700,200.000,200.000,0.000,200.000,0.000,1,0,0
73.800,200.000,200.000,0.000,200.000,0.000,1,0,0
73.900,200.000,200.000,0.000,200.000,0.000,1,0,0
74.000,200.000,200.000,0.000,200.000,0.000,1,0,0
74.100,200.000,200.000,0.000,200.000,0.000,1,0,0
74.200,200.000,200.000,0.000,200.000,0.000,1,0,0
74.300,200.000,200.000,0.000,200.000,0.000,1,0,0
74.400,200.000,200.000,0.000,200.000,0.000,1,0,0
74.500,200.000,200.000,0.000,200.000,0.000,1,0,0
74.600,200.000,200.000,0.000,200.000,0.000,1,0,0
74.700,200.000,200.000,0.000,200.000,0.000,1,0,0
74.800,200.000,200.000,0.000,200.000,0.000,1,0,0
74.900,200.000,200.000,0.000,200.000,0.000,1,0,0
75.000,200.000,200.000,0.000,200.000,0.000,1,0,0
75.100,200.000,200.000,0.000,200.000,0.000,1,0,0
75.200,200.000,200.000,0.000,200.000,0.000,1,0,0
75.300,200.000,200.000,0.000,200.000,0.000,1,0,0
75.400,200.000,200.000,0.000,200.000,0.000,1,0,0
75.500,200.000,200.000,0.000,200.000,0.000,1,0,0
75.600,200.000,200.000,0.000,200.000,0.000,1,0,0
75.700,200.000,200.000,0.000,200.000,0.000,1,0,0
75.800,200.000,200.000,0.000,200.000,0.000,1,0,0
75.900,200.000,200.000,0.000,200.000,0.000,1,0,0
76.000,200.000,200.000,0.000,200.000,0.000,1,0,0
76.100,200.000,200.000,0.000,200.000,0.000,1,0,0
76.200,200.000,200.000,0.000,200.000,0.000,1,0,0
76.300,200.000,200.000,0.000,200.000,0.000,1,0,0
76.400,200.000,200.000,0.000,200.000,0.000,1,0,0
76.500,200.000,200.000,0.000,200.000,0.000,1,0,0
76.600,200.000,200.000,0.000,200.000,0.000,1,0,0
76.700,200.000,200.000,0.000,200.000,0.000,1,0,0
76.800,200.000,200.000,0.000,200.000,0.000,1,0,0
76.900,200.000,200.000,0.000,200.000,0.000,1,0,0
77.000,200.000,200.000,0.000,200.000,0.000,1,0,0
77.100,200.000,200.000,0.000,200.000,0.000,1,0,0
77.200,200.000,200.000,0.000,200.000,0.000,1,0,0
77.300,200.000,200.000,0.000,200.000,0.000,1,0,0
77.400,200.000,200.000,0.000,200.000,0.000,1,0,0
77.500,200.000,200.000,0.000,200.000,0.000,1,0,0
77.600,200.000,200.000,0.000,200.000,0.000,1,0,0
77.700,200.000,200.000,0.000,200.000,0.000,1,0,0
77.800,200.000,200.000,0.000,200.000,0.000,1,0,0
77.900,200.000,200.000,0.000,200.000,0.000,1,0,0
78.000,200.000,200.000,0.000,200.000,0.000,1,0,0
78.100,200.000,200.000,0.000,200.000,0.000,1,0,0
78.200,200.000,200.000,0.000,200.000,0.000,1,0,0
78.300,200.000,200.000,0.000,200.000,0.000,1,0,0
78.400,200.000,200.000,0.000,200.000,0.000,1,0,0
78.500,200.000,200.000,0.000,200.000,0.000,1,0,0
78.600,200.000,200.000,0.000,200.000,0.000,1,0,0
78.700,200.000,200.000,0.000,200.000,0.000,1,0,0
78.800,200.000,200.000,0.000,200.000,0.000,1,0,0
78.900,200.000,200.000,0.000,200.000,0.000,1,0,0
79.000,200.000,200.000,0.000,200.000,0.000,1,0,0
79.100,200.000,200.000,0.000,200.000,0.000,1,0,0
79.200,200.000,200.000,0.000,200.000,0.000,1,0,0
79.300,200.000,200.000,0.000,200.000,0.000,1,0,0
79.400,200.000,200.000,0.000,200.000,0.000,1,0,0
79.500,200.000,200.000,0.000,200.000,0.000,1,0,0
79.600,200.000,200.000,0.000,200.000,0.000,1,0,0
79.700,200.000,200.000,0.000,200.000,0.000,1,0,0
79.800,200.000,200.000,0.000,200.000,0.000,1,0,0
79.900,200.000,200.000,0.000,200.000,0.000,1,0,0
80.000,200.000,200.000,0.000,200.000,0.000,1,0,0
80.100,200.000,200.000,0.000,200.000,0.000,1,0,0
80.200,200.000,200.000,0.000,200.000,0.000,1,0,0
80.300,200.000,200.000,0.000,200.000,0.000,1,0,0
80.400,200.000,200.000,0.000,200.000,0.000,1,0,0
80.500,200.000,200.000,0.000,200.000,0.000,1,0,0
80.600,200.000,200.000,0.000,200.000,0.000,1,0,0
80.700,200.000,200.000,0.000,200.000,0.000,1,0,0
80.800,200.000,200.000,0.000,200.000,0.000,1,0,0
80.900,200.000,200.000,0.000,200.000,0.000,1,0,0
81.000,200.000,200.000,0.000,200.000,0.000,1,0,0
81.100,200.000,200.000,0.000,200.000,0.000,1,0,0
81.200,200.000,200.000,0.000,200.000,0.000,1,0,0
81.300,200.000,200.000,0.000,200.000,0.000,1,0,0
81.400,200.000,200.000,0.000,200.000,0.000,1,0,0
81.500,200.000,200.000,0.000,200.000,0.000,1,0,0
81.600,200.000,200.000,0.000,200.000,0.000,1,0,0
81.700,200.000,200.000,0.000,200.000,0.000,1,0,0
81.800,200.000,200.000,0.000,200.000,0.000,1,0,0
81.900,200.000,200.000,0.000,200.000,0.000,1,0,0
82.000,200.000,200.000,0.000,200.000,0.000,1,0,0
82.100,200.000,200.000,0.000,200.000,0.000,1,0,0
82.200,200.000,200.000,0.000,200.000,0.000,1,0,0
82.300,200.000,200.000,0.000,200.000,0.000,1,0,0
82.400,200.000,200.000,0.000,200.000,0.000,1,0,0
82.500,200.000,200.000,0.000,200.000,0.000,1,0,0
82.600,200.000,200.000,0.000,200.000,0.000,1,0,0
82.700,200.000,200.000,0.000,200.000,0.000,1,0,0
82.800,200.000,200.000,0.000,200.000,0.000,1,0,0
82.900,200.000,200.000,0.000,200.000,0.000,1,0,0
83.000,200.000,200.000,0.000,200.000,0.000,1,0,0
83.100,200.000,200.000,0.000,200.000,0.000,1,0,0
83.200,200.000,200.000,0.000,200.000,0.000,1,0,0
83.300,200.000,200.000,0.000,200.000,0.000,1,0,0
83.400,200.000,200.000,0.000,200.000,0.000,1,0,0
83.500,200.000,200.000,0.000,200.000,0.000,1,0,0
83.600,200.000,200.000,0.000,200.000,0.000,1,0,0
83.700,200.000,200.000,0.000,200.000,0.000,1,0,0
83.800,200.000,200.000,0.000,200.000,0.000,1,0,0
83.900,200.000,200.000,0.000,200.000,0.000,1,0,0
84.000,200.000,200.000,0.000,200.000,0.000,1,0,0
84.100,200.000,200.000,0.000,200.000,0.000,1,0,0
84.200,200.000,200.000,0.000,200.000,0.000,1,0,0
84.300,200.000,200.000,0.000,200.000,0.000,1,0,0
84.400,200.000,200.000,0.000,200.000,0.000,1,0,0
84.500,200.000,200.000,0.000,200.000,0.000,1,0,0
84.600,200.000,200.000,0.000,200.000,0.000,1,0,0
84.700,200.000,200.000,0.000,200.000,0.000,1,0,0
84.800,200.000,200.000,0.000,200.000,0.000,1,0,0
84.900,200.000,200.000,0.000,200.000,0.000,1,0,0
85.000,200.000,200.000,0.000,200.000,0.000,1,0,0
85.100,200.000,200.000,0.000,200.000,0.000,1,0,0
85.200,200.000,200.000,0.000,200.000,0.000,1,0,0
85.300,200.000,200.000,0.000,200.000,0.000,1,0,0
85.400,200.000,200.000,0.000,200.000,0.000,1,0,0
85.500,200.000,200.000,0.000,200.000,0.000,1,0,0
85.600,200.000,200.000,0.000,200.000,0.000,1,0,0
85.700,200.000,200.000,0.000,200.000,0.000,1,0,0
85.800,200.000,200.000,0.000,200.000,0.000,1,0,0
85.900,200.000,200.000,0.000,200.000,0.000,1,0,0
86.000,200.000,200.000,0.000,200.000,0.000,1,0,0
86.100,200.000,200.000,0.000,200.000,0.000,1,0,0
86.200,200.000,200.000,0.000,200.000,0.000,1,0,0
86.300,200.000,200.000,0.000,200.000,0.000,1,0,0
86.400,200.000,200.000,0.000,200.000,0.000,1,0,0
86.500,200.000,200.000,0.000,200.000,0.000,1,0,0
86.600,200.000,200.000,0.000,200.000,0.000,1,0,0
86.700,200.000,200.000,0.000,200.000,0.000,1,0,0
86.800,200.000,200.000,0.000,200.000,0.000,1,0,0
86.900,200.000,200.000,0.000,200.000,0.000,1,0,0
87.000,200.000,200.000,0.000,200.000,0.000,1,0,0
87.100,200.000,200.000,0.000,200.000,0.000,1,0,0
87.200,200.000,200.000,0.000,200.000,0.000,1,0,0
87.300,200.000,200.000,0.000,200.000,0.000,1,0,0
87.400,200.000,200.000,0.000,200.000,0.000,1,0,0
87.500,200.000,200.000,0.000,200.000,0.000,1,0,0
87.600,200.000,200.000,0.000,200.000,0.000,1,0,0
87.700,200.000,200.000,0.000,200.000,0.000,1,0,0
87.800,200.000,200.000,0.000,200.000,0.000,1,0,0
87.900,200.000,200.000,0.000,200.000,0.000,1,0,0
88.000,200.000,200.000,0.000,200.000,0.000,1,0,0
88.100,200.000,200.000,0.000,200.000,0.000,1,0,0
88.200,200.000,200.000,0.000,200.000,0.000,1,0,0
88.300,200.000,200.000,0.000,200.000,0.000,1,0,0
88.400,200.000,200.000,0.000,200.000,0.000,1,0,0
88.500,200.000,200.000,0.000,200.000,0.000,1,0,0
88.600,200.000,200.000,0.000,200.000,0.000,1,0,0
88.700,200.000,200.000,0.000,200.000,0.000,1,0,0
88.800,200.000,200.000,0.000,200.000,0.000,1,0,0
88.900,200.000,200.000,0.000,200.000,0.000,1,0,0
89.000,200.000,200.000,0.000,200.000,0.000,1,0,0
89.100,200.000,200.000,0.000,200.000,0.000,1,0,0
89.200,200.000,200.000,0.000,200.000,0.000,1,0,0
89.300,200.000,200.000,0.000,200.000,0.000,1,0,0
89.400,200.000,200.000,0.000,200.000,0.000,1,0,0
89.500,200.000,200.000,0.000,200.000,0.000,1,0,0
89.600,200.000,200.000,0.000,200.000,0.000,1,0,0
89.700,200.000,200.000,0.000,200.000,0.000,1,0,0
89.800,200.000,200.000,0.000,200.000,0.000,1,0,0
89.900,200.000,200.000,0.000,200.000,0.000,1,0,0
90.000,200.000,200.000,0.000,200.000,0.000,1,0,0
90.100,200.000,200.000,0.000,200.000,0.000,1,0,0
90.200,200.000,200.000,0.000,200.000,0.000,1,0,0
90.300,200.000,200.000,0.000,200.000,0.000,1,0,0
90.400,200.000,200.000,0.000,200.000,0.000,1,0,0
90.500,200.000,200.000,0.000,200.000,0.000,1,0,0
90.600,200.000,200.000,0.000,200.000,0.000,1,0,0
90.700,200.000,200.000,0.000,200.000,0.000,1,0,0
90.800,200.000,200.000,0.000,200.000,0.000,1,0,0
90.900,200.000,200.000,0.000,200.000,0.000,1,0,0
91.000,200.000,200.000,0.000,200.000,0.000,1,0,0
91.100,200.000,200.000,0.000,200.000,0.000,1,0,0
91.200,200.000,200.000,0.000,200.000,0.000,1,0,0
91.300,200.000,200.000,0.000,200.000,0.000,1,0,0
91.400,200.000,200.000,0.000,200.000,0.000,1,0,0
91.500,200.000,200.000,0.000,200.000,0.000,1,0,0
91.600,200.000,200.000,0.000,200.000,0.000,1,0,0
91.700,200.000,200.000,0.000,200.000,0.000,1,0,0
91.800,200.000,200.000,0.000,200.000,0.000,1,0,0
91.900,200.000,200.000,0.000,200.000,0.000,1,0,0
92.000,200.000,200.000,0.000,200.000,0.000,1,0,0
92.100,200.000,200.000,0.000,200.000,0.000,1,0,0
92.200,200.000,200.000,0.000,200.000,0.000,1,0,0
92.300,200.000,200.000,0.000,200.000,0.000,1,0,0
92.400,200.000,200.000,0.000,200.000,0.000,1,0,0
92.500,200.000,200.000,0.000,200.000,0.000,1,0,0
92.600,200.000,200.000,0.000,200.000,0.000,1,0,0
92.700,200.000,200.000,0.000,200.000,0.000,1,0,0
92.800,200.000,200.000,0.000,200.000,0.000,1,0,0
92.900,200.000,200.000,0.000,200.000,0.000,1,0,0
93.000,200.000,200.000,0.000,200.000,0.000,1,0,0
93.100,200.000,200.000,0.000,200.000,0.000,1,0,0
93.200,200.000,200.000,0.000,200.000,0.000,1,0,0
93.300,200.000,200.000,0.000,200.000,0.000,1,0,0
93.400,200.000,200.000,0.000,200.000,0.000,1,0,0
93.500,200.000,200.000,0.000,200.000,0.000,1,0,0
93.600,200.000,200.000,0.000,200.000,0.000,1,0,0
93.700,200.000,200.000,0.000,200.000,0.000,1,0,0
93.800,200.000,200.000,0.000,200.000,0.000,1,0,0
93.900,200.000,200.000,0.000,200.000,0.000,1,0,0
94.000,200.000,200.000,0.000,200.000,0.000,1,0,0
94.100,200.000,200.000,0.000,200.000,0.000,1,0,0
94.200,200.000,200.000,0.000,200.000,0.000,1,0,0
94.300,200.000,200.000,0.000,200.000,0.000,1,0,0
94.400,200.000,200.000,0.000,200.000,0.000,1,0,0
94.500,200.000,200.000,0.000,200.000,0.000,1,0,0
94.600,200.000,200.000,0.000,200.000,0.000,1,0,0
94.700,200.000,200.000,0.000,200.000,0.000,1,0,0
94.800,200.000,200.000,0.000,200.000,0.000,1,0,0
94.900,200.000,200.000,0.000,200.000,0.000,1,0,0
95.000,200.000,200.000,0.000,200.000,0.000,1,0,0
95.100,200.000,200.000,0.000,200.000,0.000,1,0,0
95.200,200.000,200.000,0.000,200.000,0.000,1,0,0
95.300,200.000,200.000,0.000,200.000,0.000,1,0,0
95.400,200.000,200.000,0.000,200.000,0.000,1,0,0
95.500,200.000,200.000,0.000,200.000,0.000,1,0,0
95.600,200.000,200.000,0.000,200.000,0.000,1,0,0
95.700,200.000,200.000,0.000,200.000,0.000,1,0,0
95.800,200.000,200.000,0.000,200.000,0.000,1,0,0
95.900,200.000,200.000,0.000,200.000,0.000,1,0,0
96.000,200.000,200.000,0.000,200.000,0.000,1,0,0
96.100,200.000,200.000,0.000,200.000,0.000,1,0,0
96.200,200.000,200.000,0.000,200.000,0.000,1,0,0
96.300,200.000,200.000,0.000,200.000,0.000,1,0,0
96.400,200.000,200.000,0.000,200.000,0.000,1,0,0
96.500,200.000,200.000,0.000,200.000,0.000,1,0,0
96.600,200.000,200.000,0.000,200.000,0.000,1,0,0
96.700,200.000,200.000,0.000,200.000,0.000,1,0,0
96.800,200.000,200.000,0.000,200.000,0.000,1,0,0
96.900,200.000,200.000,0.000,200.000,0.000,1,0,0
97.000,200.000,200.000,0.000,200.000,0.000,1,0,0
97.100,200.000,200.000,0.000,200.000,0.000,1,0,0
97.200,200.000,200.000,0.000,200.000,0.000,1,0,0
97.300,200.000,200.000,0.000,200.000,0.000,1,0,0
97.400,200.000,200.000,0.000,200.000,0.000,1,0,0
97.500,200.000,200.000,0.000,200.000,0.000,1,0,0
97.600,200.000,200.000,0.000,200.000,0.000,1,0,0
97.700,200.000,200.000,0.000,200.000,0.000,1,0,0
97.800,200.000,200.000,0.000,200.000,0.000,1,0,0
97.900,200.000,200.000,0.000,200.000,0.000,1,0,0
98.000,200.000,200.000,0.000,200.000,0.000,1,0,0
98.100,200.000,200.000,0.000,200.000,0.000,1,0,0
98.200,200.000,200.000,0.000,200.000,0.000,1,0,0
98.300,200.000,200.000,0.000,200.000,0.000,1,0,0
98.400,200.000,200.000,0.000,200.000,0.000,1,0,0
98.500,200.000,200.000,0.000,200.000,0.000,1,0,0
98.600,200.000,200.000,0.000,200.000,0.000,1,0,0
98.700,200.000,200.000,0.000,200.000,0.000,1,0,0
98.800,200.000,200.000,0.000,200.000,0.000,1,0,0
98.900,200.000,200.000,0.000,200.000,0.000,1,0,0
99.000,200.000,200.000,0.000,200.000,0.000,1,0,0
99.100,200.000,200.000,0.000,200.000,0.000,1,0,0
99.200,200.000,200.000,0.000,200.000,0.000,1,0,0
99.300,200.000,200.000,0.000,200.000,0.000,1,0,0
99.400,200.000,200.000,0.000,200.000,0.000,1,0,0
99.500,200.000,200.000,0.000,200.000,0.000,1,0,0
99.600,200.000,200.000,0.000,200.000,0.000,1,0,0
99.700,200.000,200.000,0.000,200.000,0.000,1,0,0
99.800,200.000,200.000,0.000,200.000,0.000,1,0,0
99.900,200.000,200.000,0.000,200.000,0.000,1,0,0
100.000,200.000,200.000,0.000,200.000,0.000,1,0,0
100.100,200.000,200.000,0.000,200.000,0.000,1,0,0
100.200,200.000,200.000,0.000,200.000,0.000,1,0,0
100.300,200.000,200.000,0.000,200.000,0.000,1,0,0
100.400,200.000,200.000,0.000,200.000,0.000,1,0,0
100.500,200.000,200.000,0.000,200.000,0.000,1,0,0
100.600,200.000,200.000,0.000,200.000,0.000,1,0,0
100.700,200.000,200.000,0.000,200.000,0.000,1,0,0
100.800,200.000,200.000,0.000,200.000,0.000,1,0,0
100.900,200.000,200.000,0.000,200.000,0.000,1,0,0
101.000,200.000,200.000,0.000,200.000,0.000,1,0,0
101.100,200.000,200.000,0.000,200.000,0.000,1,0,0
101.200,200.000,200.000,0.000,200.000,0.000,1,0,0
101.300,200.000,200.000,0.000,200.000,0.000,1,0,0
101.400,200.000,200.000,0.000,200.000,0.000,1,0,0
101.500,200.000,200.000,0.000,200.000,0.000,1,0,0
101.600,200.000,200.000,0.000,200.000,0.000,1,0,0
101.700,200.000,200.000,0.000,200.000,0.000,1,0,0
101.800,200.000,200.000,0.000,200.000,0.000,1,0,0
101.900,200.000,200.000,0.000,200.000,0.000,1,0,0
102.000,200.000,200.000,0.000,200.000,0.000,1,0,0
102.100,200.000,200.000,0.000,200.000,0.000,1,0,0
102.200,200.000,200.000,0.000,200.000,0.000,1,0,0
102.300,200.000,200.000,0.000,200.000,0.000,1,0,0
102.400,200.000,200.000,0.000,200.000,0.000,1,0,0
102.500,200.000,200.000,0.000,200.000,0.000,1,0,0
102.600,200.000,200.000,0.000,200.000,0.000,1,0,0
102.700,200.000,200.000,0.000,200.000,0.000,1,0,0
102.800,200.000,200.000,0.000,200.000,0.000,1,0,0
102.900,200.000,200.000,0.000,200.000,0.000,1,0,0
103.000,200.000,200.000,0.000,200.000,0.000,1,0,0
103.100,200.000,200.000,0.000,200.000,0.000,1,0,0
103.200,200.000,200.000,0.000,200.000,0.000,1,0,0
103.300,200.000,200.000,0.000,200.000,0.000,1,0,0
103.400,200.000,200.000,0.000,200.000,0.000,1,0,0
103.500,200.000,200.000,0.000,200.000,0.000,1,0,0
103.600,200.000,200.000,0.000,200.000,0.000,1,0,0
103.700,200.000,200.000,0.000,200.000,0.000,1,0,0
103.800,200.000,200.000,0.000,200.000,0.000,1,0,0
103.900,200.000,200.000,0.000,200.000,0.000,1,0,0
104.000,200.000,200.000,0.000,200.000,0.000,1,0,0
104.100,200.000,200.000,0.000,200.000,0.000,1,0,0
104.200,200.000,200.000,0.000,200.000,0.000,1,0,0
104.300,200.000,200.000,0.000,200.000,0.000,1,0,0
104.400,200.000,200.000,0.000,200.000,0.000,1,0,0
104.500,200.000,200.000,0.000,200.000,0.000,1,0,0
104.600,200.000,200.000,0.000,200.000,0.000,1,0,0
104.700,200.000,200.000,0.000,200.000,0.000,1,0,0
104.800,200.000,200.000,0.000,200.000,0.000,1,0,0
104.900,200.000,200.000,0.000,200.000,0.000,1,0,0
105.000,200.000,200.000,0.000,200.000,0.000,1,0,0
105.100,300.000,300.000,0.000,200.100,0.000,1,0,0
105.200,300.000,300.000,0.000,200.200,0.000,1,0,0
105.300,300.000,300.000,0.000,200.300,0.000,1,0,0
105.400,300.000,300.000,0.000,200.400,0.000,1,0,0
105.500,300.000,300.000,0.000,200.500,0.000,1,0,0
105.600,300.000,300.000,0.000,200.600,0.000,1,0,0
105.700,300.000,300.000,0.000,200.700,0.000,1,0,0
105.800,300.000,300.000,0.000,200.800,0.000,1,0,0
105.900,300.000,300.000,0.000,200.900,0.000,1,0,0
106.000,300.000,300.000,0.000,201.000,0.000,1,0,0
106.100,300.000,300.000,0.000,201.100,0.000,1,0,0
106.200,300.000,300.000,0.000,201.200,0.000,1,0,0
106.300,300.000,300.000,0.000,201.300,0.000,1,0,0
106.400,300.000,300.000,0.000,201.400,0.000,1,0,0
106.500,300.000,300.000,0.000,201.500,0.000,1,0,0
106.600,300.000,300.000,0.000,201.600,0.000,1,0,0
106.700,300.000,300.000,0.000,201.700,0.000,1,0,0
106.800,300.000,300.000,0.000,201.800,0.000,1,0,0
106.900,300.000,300.000,0.000,201.900,0.000,1,0,0
107.000,300.000,300.000,0.000,202.000,0.000,1,0,0
107.100,300.000,300.000,0.000,202.100,0.000,1,0,0
107.200,300.000,300.000,0.000,202.200,0.000,1,0,0
107.300,300.000,300.000,0.000,202.300,0.000,1,0,0
107.400,300.000,300.000,0.000,202.400,0.000,1,0,0
107.500,300.000,300.000,0.000,202.500,0.000,1,0,0
107.600,300.000,300.000,0.000,202.600,0.000,1,0,0
107.700,300.000,300.000,0.000,202.700,0.000,1,0,0
107.800,300.000,300.000,0.000,202.800,0.000,1,0,0
107.900,300.000,300.000,0.000,202.900,0.000,1,0,0
108.000,300.000,300.000,0.000,203.000,0.000,1,0,0
108.100,300.000,300.000,0.000,203.100,0.000,1,0,0
108.200,300.000,300.000,0.000,203.200,0.000,1,0,0
108.300,300.000,300.000,0.000,203.300,0.000,1,0,0
108.400,300.000,300.000,0.000,203.400,0.000,1,0,0
108.500,300.000,300.000,0.000,203.500,0.000,1,0,0
108.600,300.000,300.000,0.000,203.600,0.000,1,0,0
108.700,300.000,300.000,0.000,203.700,0.000,1,0,0
108.800,300.000,300.000,0.000,203.800,0.000,1,0,0
108.900,300.000,300.000,0.000,203.900,0.000,1,0,0
109.000,300.000,300.000,0.000,204.000,0.000,1,0,0
109.100,300.000,300.000,0.000,204.100,0.000,1,0,0
109.200,300.000,300.000,0.000,204.200,0.000,1,0,0
109.300,300.000,300.000,0.000,204.300,0.000,1,0,0
109.400,300.000,300.000,0.000,204.400,0.000,1,0,0
109.500,300.000,300.000,0.000,204.500,0.000,1,0,0
109.600,300.000,300.000,0.000,204.600,0.000,1,0,0
109.700,300.000,300.000,0.000,204.700,0.000,1,0,0
109.800,300.000,300.000,0.000,204.800,0.000,1,0,0
109.900,300.000,300.000,0.000,204.900,0.000,1,0,0
110.000,300.000,300.000,0.000,205.000,0.000,1,0,0
110.100,300.000,300.000,0.000,205.100,0.000,1,0,0
110.200,300.000,300.000,0.000,205.200,0.000,1,0,0
110.300,300.000,300.000,0.000,205.300,0.000,1,0,0
110.400,300.000,300.000,0.000,205.400,0.000,1,0,0
110.500,300.000,300.000,0.000,205.500,0.000,1,0,0
110.600,300.000,300.000,0.000,205.600,0.000,1,0,0
110.700,300.000,300.000,0.000,205.700,0.000,1,0,0
110.800,300.000,300.000,0.000,205.800,0.000,1,0,0
110.900,300.000,300.000,0.000,205.900,0.000,1,0,0
111.000,300.000,300.000,0.000,206.000,0.000,1,0,0
111.100,300.000,300.000,0.000,206.100,0.000,1,0,0
111.200,300.000,300.000,0.000,206.200,0.000,1,0,0
111.300,300.000,300.000,0.000,206.300,0.000,1,0,0
111.400,300.000,300.000,0.000,206.400,0.000,1,0,0
111.500,300.000,300.000,0.000,206.500,0.000,1,0,0
111.600,300.000,300.000,0.000,206.600,0.000,1,0,0
111.700,300.000,300.000,0.000,206.700,0.000,1,0,0
111.800,300.000,300.000,0.000,206.800,0.000,1,0,0
111.900,300.000,300.000,0.000,206.900,0.000,1,0,0
112.000,300.000,300.000,0.000,207.000,0.000,1,0,0
112.100,300.000,300.000,0.000,207.100,0.000,1,0,0
112.200,300.000,300.000,0.000,207.200,0.000,1,0,0
112.300,300.000,300.000,0.000,207.300,0.000,1,0,0
112.400,300.000,300.000,0.000,207.400,0.000,1,0,0
112.500,300.000,300.000,0.000,207.500,0.000,1,0,0
112.600,300.000,300.000,0.000,207.600,0.000,1,0,0
112.700,300.000,300.000,0.000,207.700,0.000,1,0,0
112.800,300.000,300.000,0.000,207.800,0.000,1,0,0
112.900,300.000,300.000,0.000,207.900,0.000,1,0,0
113.000,300.000,300.000,0.000,208.000,0.000,1,0,0
113.100,300.000,300.000,0.000,208.100,0.000,1,0,0
113.200,300.000,300.000,0.000,208.200,0.000,1,0,0
113.300,300.000,300.000,0.000,208.300,0.000,1,0,0
113.400,300.000,300.000,0.000,208.400,0.000,1,0,0
113.500,300.000,300.000,0.000,208.500,0.000,1,0,0
113.600,300.000,300.000,0.000,208.600,0.000,1,0,0
113.700,300.000,300.000,0.000,208.700,0.000,1,0,0
113.800,300.000,300.000,0.000,208.800,0.000,1,0,0
113.900,300.000,300.000,0.000,208.900,0.000,1,0,0
114.000,300.000,300.000,0.000,209.000,0.000,1,0,0
114.100,300.000,300.000,0.000,209.100,0.000,1,0,0
114.200,300.000,300.000,0.000,209.200,0.000,1,0,0
114.300,300.000,300.000,0.000,209.300,0.000,1,0,0
114.400,300.000,300.000,0.000,209.400,0.000,1,0,0
114.500,300.000,300.000,0.000,209.500,0.000,1,0,0
114.600,300.000,300.000,0.000,209.600,0.000,1,0,0
114.700,300.000,300.000,0.000,209.700,0.000,1,0,0
114.800,300.000,300.000,0.000,209.800,0.000,1,0,0
114.900,300.000,300.000,0.000,209.900,0.000,1,0,0
115.000,300.000,300.000,0.000,210.000,0.000,1,0,0
115.100,300.000,300.000,0.000,210.100,0.000,1,0,0
115.200,300.000,300.000,0.000,210.200,0.000,1,0,0
115.300,300.000,300.000,0.000,210.300,0.000,1,0,0
115.400,300.000,300.000,0.000,210.400,0.000,1,0,0
115.500,300.000,300.000,0.000,210.500,0.000,1,0,0
115.600,300.000,300.000,0.000,210.600,0.000,1,0,0
115.700,300.000,300.000,0.000,210.700,0.000,1,0,0
115.800,300.000,300.000,0.000,210.800,0.000,1,0,0
115.900,300.000,300.000,0.000,210.900,0.000,1,0,0
116.000,300.000,300.000,0.000,211.000,0.000,1,0,0
116.100,300.000,300.000,0.000,211.100,0.000,1,0,0
116.200,300.000,300.000,0.000,211.200,0.000,1,0,0
116.300,300.000,300.000,0.000,211.300,0.000,1,0,0
116.400,300.000,300.000,0.000,211.400,0.000,1,0,0
116.500,300.000,300.000,0.000,211.500,0.000,1,0,0
116.600,300.000,300.000,0.000,211.600,0.000,1,0,0
116.700,300.000,300.000,0.000,211.700,0.000,1,0,0
116.800,300.000,300.000,0.000,211.800,0.000,1,0,0
116.900,300.000,300.000,0.000,211.900,0.000,1,0,0
117.000,300.000,300.000,0.000,212.000,0.000,1,0,0
117.100,300.000,300.000,0.000,212.100,0.000,1,0,0
117.200,300.000,300.000,0.000,212.200,0.000,1,0,0
117.300,300.000,300.000,0.000,212.300,0.000,1,0,0
117.400,300.000,300.000,0.000,212.400,0.000,1,0,0
117.500,300.000,300.000,0.000,212.500,0.000,1,0,0
117.600,300.000,300.000,0.000,212.600,0.000,1,0,0
117.700,300.000,300.000,0.000,212.700,0.000,1,0,0
117.800,300.000,300.000,0.000,212.800,0.000,1,0,0
117.900,300.000,300.000,0.000,212.900,0.000,1,0,0
118.000,300.000,300.000,0.000,213.000,0.000,1,0,0
118.100,300.000,300.000,0.000,213.100,0.000,1,0,0
118.200,300.000,300.000,0.000,213.200,0.000,1,0,0
118.300,300.000,300.000,0.000,213.300,0.000,1,0,0
118.400,300.000,300.000,0.000,213.400,0.000,1,0,0
118.500,300.000,300.000,0.000,213.500,0.000,1,0,0
118.600,300.000,300.000,0.000,213.600,0.000,1,0,0
118.700,300.000,300.000,0.000,213.700,0.000,1,0,0
118.800,300.000,300.000,0.000,213.800,0.000,1,0,0
118.900,300.000,300.000,0.000,213.900,0.000,1,0,0
119.000,300.000,300.000,0.000,214.000,0.000,1,0,0
119.100,300.000,300.000,0.000,214.100,0.000,1,0,0
119.200,300.000,300.000,0.000,214.200,0.000,1,0,0
119.300,300.000,300.000,0.000,214.300,0.000,1,0,0
119.400,300.000,300.000,0.000,214.400,0.000,1,0,0
119.500,300.000,300.000,0.000,214.500,0.000,1,0,0
119.600,300.000,300.000,0.000,214.600,0.000,1,0,0
119.700,300.000,300.000,0.000,214.700,0.000,1,0,0
119.800,300.000,300.000,0.000,214.800,0.000,1,0,0
119.900,300.000,300.000,0.000,214.900,0.000,1,0,0
120.000,300.000,300.000,0.000,215.000,0.000,1,0,0
120.100,300.000,300.000,0.000,215.100,0.000,1,0,0
120.200,300.000,300.000,0.000,215.200,0.000,1,0,0
120.300,300.000,300.000,0.000,215.300,0.000,1,0,0
120.400,300.000,300.000,0.000,215.400,0.000,1,0,0
120.500,300.000,300.000,0.000,215.500,0.000,1,0,0
120.600,300.000,300.000,0.000,215.600,0.000,1,0,0
120.700,300.000,300.000,0.000,215.700,0.000,1,0,0
120.800,300.000,300.000,0.000,215.800,0.000,1,0,0
120.900,300.000,300.000,0.000,215.900,0.000,1,0,0
121.000,300.000,300.000,0.000,216.000,0.000,1,0,0
121.100,300.000,300.000,0.000,216.100,0.000,1,0,0
121.200,300.000,300.000,0.000,216.200,0.000,1,0,0
121.300,300.000,300.000,0.000,216.300,0.000,1,0,0
121.400,300.000,300.000,0.000,216.400,0.000,1,0,0
121.500,300.000,300.000,0.000,216.500,0.000,1,0,0
121.600,300.000,300.000,0.000,216.600,0.000,1,0,0
121.700,300.000,300.000,0.000,216.700,0.000,1,0,0
121.800,300.000,300.000,0.000,216.800,0.000,1,0,0
121.900,300.000,300.000,0.000,216.900,0.000,1,0,0
122.000,300.000,300.000,0.000,217.000,0.000,1,0,0
122.100,300.000,300.000,0.000,217.100,0.000,1,0,0
122.200,300.000,300.000,0.000,217.200,0.000,1,0,0
122.300,300.000,300.000,0.000,217.300,0.000,1,0,0
122.400,300.000,300.000,0.000,217.400,0.000,1,0,0
122.500,300.000,300.000,0.000,217.500,0.000,1,0,0
122.600,300.000,300.000,0.000,217.600,0.000,1,0,0
122.700,300.000,300.000,0.000,217.700,0.000,1,0,0
122.800,300.000,300.000,0.000,217.800,0.000,1,0,0
122.900,300.000,300.000,0.000,217.900,0.000,1,0,0
123.000,300.000,300.000,0.000,218.000,0.000,1,0,0
123.100,300.000,300.000,0.000,218.100,0.000,1,0,0
123.200,300.000,300.000,0.000,218.200,0.000,1,0,0
123.300,300.000,300.000,0.000,218.300,0.000,1,0,0
123.400,300.000,300.000,0.000,218.400,0.000,1,0,0
123.500,300.000,300.000,0.000,218.500,0.000,1,0,0
123.600,300.000,300.000,0.000,218.600,0.000,1,0,0
123.700,300.000,300.000,0.000,218.700,0.000,1,0,0
123.800,300.000,300.000,0.000,218.800,0.000,1,0,0
123.900,300.000,300.000,0.000,218.900,0.000,1,0,0
124.000,300.000,300.000,0.000,219.000,0.000,1,0,0
124.100,300.000,300.000,0.000,219.100,0.000,1,0,0
124.200,300.000,300.000,0.000,219.200,0.000,1,0,0
124.300,300.000,300.000,0.000,219.300,0.000,1,0,0
124.400,300.000,300.000,0.000,219.400,0.000,1,0,0
124.500,300.000,300.000,0.000,219.500,0.000,1,0,0
124.600,300.000,300.000,0.000,219.600,0.000,1,0,0
124.700,300.000,300.000,0.000,219.700,0.000,1,0,0
124.800,300.000,300.000,0.000,219.800,0.000,1,0,0
124.900,300.000,300.000,0.000,219.900,0.000,1,0,0
125.000,300.000,300.000,0.000,220.000,0.000,1,0,0
125.100,300.000,300.000,0.000,220.100,0.000,1,0,0
125.200,300.000,300.000,0.000,220.200,0.000,1,0,0
125.300,300.000,300.000,0.000,220.300,0.000,1,0,0
125.400,300.000,300.000,0.000,220.400,0.000,1,0,0
125.500,300.000,300.000,0.000,220.500,0.000,1,0,0
125.600,300.000,300.000,0.000,220.600,0.000,1,0,0
125.700,300.000,300.000,0.000,220.700,0.000,1,0,0
125.800,300.000,300.000,0.000,220.800,0.000,1,0,0
125.900,300.000,300.000,0.000,220.900,0.000,1,0,0
126.000,300.000,300.000,0.000,221.000,0.000,1,0,0
126.100,300.000,300.000,0.000,221.100,0.000,1,0,0
126.200,300.000,300.000,0.000,221.200,0.000,1,0,0
126.300,300.000,300.000,0.000,221.300,0.000,1,0,0
126.400,300.000,300.000,0.000,221.400,0.000,1,0,0
126.500,300.000,300.000,0.000,221.500,0.000,1,0,0
126.600,300.000,300.000,0.000,221.600,0.000,1,0,0
126.700,300.000,300.000,0.000,221.700,0.000,1,0,0
126.800,300.000,300.000,0.000,221.800,0.000,1,0,0
126.900,300.000,300.000,0.000,221.900,0.000,1,0,0
127.000,300.000,300.000,0.000,222.000,0.000,1,0,0
127.100,300.000,300.000,0.000,222.100,0.000,1,0,0
127.200,300.000,300.000,0.000,222.200,0.000,1,0,0
127.300,300.000,300.000,0.000,222.300,0.000,1,0,0
127.400,300.000,300.000,0.000,222.400,0.000,1,0,0
127.500,300.000,300.000,0.000,222.500,0.000,1,0,0
127.600,300.000,300.000,0.000,222.600,0.000,1,0,0
127.700,300.000,300.000,0.000,222.700,0.000,1,0,0
127.800,300.000,300.000,0.000,222.800,0.000,1,0,0
127.900,300.000,300.000,0.000,222.900,0.000,1,0,0
128.000,300.000,300.000,0.000,223.000,0.000,1,0,0
128.100,300.000,300.000,0.000,223.100,0.000,1,0,0
128.200,300.000,300.000,0.000,223.200,0.000,1,0,0
128.300,300.000,300.000,0.000,223.300,0.000,1,0,0
128.400,300.000,300.000,0.000,223.400,0.000,1,0,0
128.500,300.000,300.000,0.000,223.500,0.000,1,0,0
128.600,300.000,300.000,0.000,223.600,0.000,1,0,0
128.700,300.000,300.000,0.000,223.700,0.000,1,0,0
128.800,300.000,300.000,0.000,223.800,0.000,1,0,0
128.900,300.000,300.000,0.000,223.900,0.000,1,0,0
129.000,300.000,300.000,0.000,224.000,0.000,1,0,0
129.100,300.000,300.000,0.000,224.100,0.000,1,0,0
129.200,300.000,300.000,0.000,224.200,0.000,1,0,0
129.300,300.000,300.000,0.000,224.300,0.000,1,0,0
129.400,300.000,300.000,0.000,224.400,0.000,1,0,0
129.500,300.000,300.000,0.000,224.500,0.000,1,0,0
129.600,300.000,300.000,0.000,224.600,0.000,1,0,0
129.700,300.000,300.000,0.000,224.700,0.000,1,0,0
129.800,300.000,300.000,0.000,224.800,0.000,1,0,0
129.900,300.000,300.000,0.000,224.900,0.000,1,0,0
130.000,300.000,300.000,0.000,225.000,0.000,1,0,0
130.100,300.000,300.000,0.000,225.100,0.000,1,0,0
130.200,300.000,300.000,0.000,225.200,0.000,1,0,0
130.300,300.000,300.000,0.000,225.300,0.000,1,0,0
130.400,300.000,300.000,0.000,225.400,0.000,1,0,0
130.500,300.000,300.000,0.000,225.500,0.000,1,0,0
130.600,300.000,300.000,0.000,225.600,0.000,1,0,0
130.700,300.000,300.000,0.000,225.700,0.000,1,0,0
130.800,300.000,300.000,0.000,225.800,0.000,1,0,0
130.900,300.000,300.000,0.000,225.900,0.000,1,0,0
131.000,300.000,300.000,0.000,226.000,0.000,1,0,0
131.100,300.000,300.000,0.000,226.100,0.000,1,0,0
131.200,300.000,300.000,0.000,226.200,0.000,1,0,0
131.300,300.000,300.000,0.000,226.300,0.000,1,0,0
131.400,300.000,300.000,0.000,226.400,0.000,1,0,0
131.500,300.000,300.000,0.000,226.500,0.000,1,0,0
131.600,300.000,300.000,0.000,226.600,0.000,1,0,0
131.700,300.000,300.000,0.000,226.700,0.000,1,0,0
131.800,300.000,300.000,0.000,226.800,0.000,1,0,0
131.900,300.000,300.000,0.000,226.900,0.000,1,0,0
132.000,300.000,300.000,0.000,227.000,0.000,1,0,0
132.100,300.000,300.000,0.000,227.100,0.000,1,0,0
132.200,300.000,300.000,0.000,227.200,0.000,1,0,0
132.300,300.000,300.000,0.000,227.300,0.000,1,0,0
132.400,300.000,300.000,0.000,227.400,0.000,1,0,0
132.500,300.000,300.000,0.000,227.500,0.000,1,0,0
132.600,300.000,300.000,0.000,227.600,0.000,1,0,0
132.700,300.000,300.000,0.000,227.700,0.000,1,0,0
132.800,300.000,300.000,0.000,227.800,0.000,1,0,0
132.900,300.000,300.000,0.000,227.900,0.000,1,0,0
133.000,300.000,300.000,0.000,228.000,0.000,1,0,0
133.100,300.000,300.000,0.000,228.100,0.000,1,0,0
133.200,300.000,300.000,0.000,228.200,0.000,1,0,0
133.300,300.000,300.000,0.000,228.300,0.000,1,0,0
133.400,300.000,300.000,0.000,228.400,0.000,1,0,0
133.500,300.000,300.000,0.000,228.500,0.000,1,0,0
133.600,300.000,300.000,0.000,228.600,0.000,1,0,0
133.700,300.000,300.000,0.000,228.700,0.000,1,0,0
133.800,300.000,300.000,0.000,228.800,0.000,1,0,0
133.900,300.000,300.000,0.000,228.900,0.000,1,0,0
134.000,300.000,300.000,0.000,229.000,0.000,1,0,0
134.100,300.000,300.000,0.000,229.100,0.000,1,0,0
134.200,300.000,300.000,0.000,229.200,0.000,1,0,0
134.300,300.000,300.000,0.000,229.300,0.000,1,0,0
134.400,300.000,300.000,0.000,229.400,0.000,1,0,0
134.500,300.000,300.000,0.000,229.500,0.000,1,0,0
134.600,300.000,300.000,0.000,229.600,0.000,1,0,0
134.700,300.000,300.000,0.000,229.700,0.000,1,0,0
134.800,300.000,300.000,0.000,229.800,0.000,1,0,0
134.900,300.000,300.000,0.000,229.900,0.000,1,0,0
135.000,300.000,300.000,0.000,230.000,0.000,1,0,0
135.100,300.000,300.000,0.000,230.100,0.000,1,0,0
135.200,300.000,300.000,0.000,230.200,0.000,1,0,0
135.300,300.000,300.000,0.000,230.300,0.000,1,0,0
135.400,300.000,300.000,0.000,230.400,0.000,1,0,0
135.500,300.000,300.000,0.000,230.500,0.000,1,0,0
135.600,300.000,300.000,0.000,230.600,0.000,1,0,0
135.700,300.000,300.000,0.000,230.700,0.000,1,0,0
135.800,300.000,300.000,0.000,230.800,0.000,1,0,0
135.900,300.000,300.000,0.000,230.900,0.000,1,0,0
136.000,300.000,300.000,0.000,231.000,0.000,1,0,0
136.100,300.000,300.000,0.000,231.100,0.000,1,0,0
136.200,300.000,300.000,0.000,231.200,0.000,1,0,0
136.300,300.000,300.000,0.000,231.300,0.000,1,0,0
136.400,300.000,300.000,0.000,231.400,0.000,1,0,0
136.500,300.000,300.000,0.000,231.500,0.000,1,0,0
136.600,300.000,300.000,0.000,231.600,0.000,1,0,0
136.700,300.000,300.000,0.000,231.700,0.000,1,0,0
136.800,300.000,300.000,0.000,231.800,0.000,1,0,0
136.900,300.000,300.000,0.000,231.900,0.000,1,0,0
137.000,300.000,300.000,0.000,232.000,0.000,1,0,0
137.100,300.000,300.000,0.000,232.100,0.000,1,0,0
137.200,300.000,300.000,0.000,232.200,0.000,1,0,0
137.300,300.000,300.000,0.000,232.300,0.000,1,0,0
137.400,300.000,300.000,0.000,232.400,0.000,1,0,0
137.500,300.000,300.000,0.000,232.500,0.000,1,0,0
137.600,300.000,300.000,0.000,232.600,0.000,1,0,0
137.700,300.000,300.000,0.000,232.700,0.000,1,0,0
137.800,300.000,300.000,0.000,232.800,0.000,1,0,0
137.900,300.000,300.000,0.000,232.900,0.000,1,0,0
138.000,300.000,300.000,0.000,233.000,0.000,1,0,0
138.100,300.000,300.000,0.000,233.100,0.000,1,0,0
138.200,300.000,300.000,0.000,233.200,0.000,1,0,0
138.300,300.000,300.000,0.000,233.300,0.000,1,0,0
138.400,300.000,300.000,0.000,233.400,0.000,1,0,0
138.500,300.000,300.000,0.000,233.500,0.000,1,0,0
138.600,300.000,300.000,0.000,233.600,0.000,1,0,0
138.700,300.000,300.000,0.000,233.700,0.000,1,0,0
138.800,300.000,300.000,0.000,233.800,0.000,1,0,0
138.900,300.000,300.000,0.000,233.900,0.000,1,0,0
139.000,300.000,300.000,0.000,234.000,0.000,1,0,0
139.100,300.000,300.000,0.000,234.100,0.000,1,0,0
139.200,300.000,300.000,0.000,234.200,0.000,1,0,0
139.300,300.000,300.000,0.000,234.300,0.000,1,0,0
139.400,300.000,300.000,0.000,234.400,0.000,1,0,0
139.500,300.000,300.000,0.000,234.500,0.000,1,0,0
139.600,300.000,300.000,0.000,234.600,0.000,1,0,0
139.700,300.000,300.000,0.000,234.700,0.000,1,0,0
139.800,300.000,300.000,0.000,234.800,0.000,1,0,0
139.900,300.000,300.000,0.000,234.900,0.000,1,0,0
140.000,300.000,300.000,0.000,235.000,0.000,1,0,0
140.100,300.000,300.000,0.000,235.100,0.000,1,0,0
140.200,300.000,300.000,0.000,235.200,0.000,1,0,0
140.300,300.000,300.000,0.000,235.300,0.000,1,0,0
140.400,300.000,300.000,0.000,235.400,0.000,1,0,0
140.500,300.000,300.000,0.000,235.500,0.000,1,0,0
140.600,300.000,300.000,0.000,235.600,0.000,1,0,0
140.700,300.000,300.000,0.000,235.700,0.000,1,0,0
140.800,300.000,300.000,0.000,235.800,0.000,1,0,0
140.900,300.000,300.000,0.000,235.900,0.000,1,0,0
141.000,300.000,300.000,0.000,236.000,0.000,1,0,0
141.100,300.000,300.000,0.000,236.100,0.000,1,0,0
141.200,300.000,300.000,0.000,236.200,0.000,1,0,0
141.300,300.000,300.000,0.000,236.300,0.000,1,0,0
141.400,300.000,300.000,0.000,236.400,0.000,1,0,0
141.500,300.000,300.000,0.000,236.500,0.000,1,0,0
141.600,300.000,300.000,0.000,236.600,0.000,1,0,0
141.700,300.000,300.000,0.000,236.700,0.000,1,0,0
141.800,300.000,300.000,0.000,236.800,0.000,1,0,0
141.900,300.000,300.000,0.000,236.900,0.000,1,0,0
142.000,300.000,300.000,0.000,237.000,0.000,1,0,0
142.100,300.000,300.000,0.000,237.100,0.000,1,0,0
142.200,300.000,300.000,0.000,237.200,0.000,1,0,0
142.300,300.000,300.000,0.000,237.300,0.000,1,0,0
142.400,300.000,300.000,0.000,237.400,0.000,1,0,0
142.500,300.000,300.000,0.000,237.500,0.000,1,0,0
142.600,300.000,300.000,0.000,237.600,0.000,1,0,0
142.700,300.000,300.000,0.000,237.700,0.000,1,0,0
142.800,300.000,300.000,0.000,237.800,0.000,1,0,0
142.900,300.000,300.000,0.000,237.900,0.000,1,0,0
143.000,300.000,300.000,0.000,238.000,0.000,1,0,0
143.100,300.000,300.000,0.000,238.100,0.000,1,0,0
143.200,300.000,300.000,0.000,238.200,0.000,1,0,0
143.300,300.000,300.000,0.000,238.300,0.000,1,0,0
143.400,300.000,300.000,0.000,238.400,0.000,1,0,0
143.500,300.000,300.000,0.000,238.500,0.000,1,0,0
143.600,300.000,300.000,0.000,238.600,0.000,1,0,0
143.700,300.000,300.000,0.000,238.700,0.000,1,0,0
143.800,300.000,300.000,0.000,238.800,0.000,1,0,0
143.900,300.000,300.000,0.000,238.900,0.000,1,0,0
144.000,300.000,300.000,0.000,239.000,0.000,1,0,0
144.100,300.000,300.000,0.000,239.100,0.000,1,0,0
144.200,300.000,300.000,0.000,239.200,0.000,1,0,0
144.300,300.000,300.000,0.000,239.300,0.000,1,0,0
144.400,300.000,300.000,0.000,239.400,0.000,1,0,0
144.500,300.000,300.000,0.000,239.500,0.000,1,0,0
144.600,300.000,300.000,0.000,239.600,0.000,1,0,0
144.700,300.000,300.000,0.000,239.700,0.000,1,0,0
144.800,300.000,300.000,0.000,239.800,0.000,1,0,0
144.900,300.000,300.000,0.000,239.900,0.000,1,0,0
145.000,300.000,300.000,0.000,240.000,0.000,1,0,0
145.100,300.000,300.000,0.000,240.100,0.000,1,0,0
145.200,300.000,300.000,0.000,240.200,0.000,1,0,0
145.300,300.000,300.000,0.000,240.300,0.000,1,0,0
145.400,300.000,300.000,0.000,240.400,0.000,1,0,0
145.500,300.000,300.000,0.000,240.500,0.000,1,0,0
145.600,300.000,300.000,0.000,240.600,0.000,1,0,0
145.700,300.000,300.000,0.000,240.700,0.000,1,0,0
145.800,300.000,300.000,0.000,240.800,0.000,1,0,0
145.900,300.000,300.000,0.000,240.900,0.000,1,0,0
146.000,300.000,300.000,0.000,241.000,0.000,1,0,0
146.100,300.000,300.000,0.000,241.100,0.000,1,0,0
146.200,300.000,300.000,0.000,241.200,0.000,1,0,0
146.300,300.000,300.000,0.000,241.300,0.000,1,0,0
146.400,300.000,300.000,0.000,241.400,0.000,1,0,0
146.500,300.000,300.000,0.000,241.500,0.000,1,0,0
146.600,300.000,300.000,0.000,241.600,0.000,1,0,0
146.700,300.000,300.000,0.000,241.700,0.000,1,0,0
146.800,300.000,300.000,0.000,241.800,0.000,1,0,0
146.900,300.000,300.000,0.000,241.900,0.000,1,0,0
147.000,300.000,300.000,0.000,242.000,0.000,1,0,0
147.100,300.000,300.000,0.000,242.100,0.000,1,0,0
147.200,300.000,300.000,0.000,242.200,0.000,1,0,0
147.300,300.000,300.000,0.000,242.300,0.000,1,0,0
147.400,300.000,300.000,0.000,242.400,0.000,1,0,0
147.500,300.000,300.000,0.000,242.500,0.000,1,0,0
147.600,300.000,300.000,0.000,242.600,0.000,1,0,0
147.700,300.000,300.000,0.000,242.700,0.000,1,0,0
147.800,300.000,300.000,0.000,242.800,0.000,1,0,0
147.900,300.000,300.000,0.000,242.900,0.000,1,0,0
148.000,300.000,300.000,0.000,243.000,0.000,1,0,0
148.100,300.000,300.000,0.000,243.100,0.000,1,0,0
148.200,300.000,300.000,0.000,243.200,0.000,1,0,0
148.300,300.000,300.000,0.000,243.300,0.000,1,0,0
148.400,300.000,300.000,0.000,243.400,0.000,1,0,0
148.500,300.000,300.000,0.000,243.500,0.000,1,0,0
148.600,300.000,300.000,0.000,243.600,0.000,1,0,0
148.700,300.000,300.000,0.000,243.700,0.000,1,0,0
148.800,300.000,300.000,0.000,243.800,0.000,1,0,0
148.900,300.000,300.000,0.000,243.900,0.000,1,0,0
149.000,300.000,300.000,0.000,244.000,0.000,1,0,0
149.100,300.000,300.000,0.000,244.100,0.000,1,0,0
149.200,300.000,300.000,0.000,244.200,0.000,1,0,0
149.300,300.000,300.000,0.000,244.300,0.000,1,0,0
149.400,300.000,300.000,0.000,244.400,0.000,1,0,0
149.500,300.000,300.000,0.000,244.500,0.000,1,0,0
149.600,300.000,300.000,0.000,244.600,0.000,1,0,0
149.700,300.000,300.000,0.000,244.700,0.000,1,0,0
149.800,300.000,300.000,0.000,244.800,0.000,1,0,0
149.900,300.000,300.000,0.000,244.900,0.000,1,0,0
150.000,300.000,300.000,0.000,245.000,0.000,1,0,0
150.100,300.000,300.000,0.000,245.100,0.000,1,0,0
150.200,300.000,300.000,0.000,245.200,0.000,1,0,0
150.300,300.000,300.000,0.000,245.300,0.000,1,0,0
150.400,300.000,300.000,0.000,245.400,0.000,1,0,0
150.500,300.000,300.000,0.000,245.500,0.000,1,0,0
150.600,300.000,300.000,0.000,245.600,0.000,1,0,0
150.700,300.000,300.000,0.000,245.700,0.000,1,0,0
150.800,300.000,300.000,0.000,245.800,0.000,1,0,0
150.900,300.000,300.000,0.000,245.900,0.000,1,0,0
151.000,300.000,300.000,0.000,246.000,0.000,1,0,0
151.100,300.000,300.000,0.000,246.100,0.000,1,0,0
151.200,300.000,300.000,0.000,246.200,0.000,1,0,0
151.300,300.000,300.000,0.000,246.300,0.000,1,0,0
151.400,300.000,300.000,0.000,246.400,0.000,1,0,0
151.500,300.000,300.000,0.000,246.500,0.000,1,0,0
151.600,300.000,300.000,0.000,246.600,0.000,1,0,0
151.700,300.000,300.000,0.000,246.700,0.000,1,0,0
151.800,300.000,300.000,0.000,246.800,0.000,1,0,0
151.900,300.000,300.000,0.000,246.900,0.000,1,0,0
152.000,300.000,300.000,0.000,247.000,0.000,1,0,0
152.100,300.000,300.000,0.000,247.100,0.000,1,0,0
152.200,300.000,300.000,0.000,247.200,0.000,1,0,0
152.300,300.000,300.000,0.000,247.300,0.000,1,0,0
152.400,300.000,300.000,0.000,247.400,0.000,1,0,0
152.500,300.000,300.000,0.000,247.500,0.000,1,0,0
152.600,300.000,300.000,0.000,247.600,0.000,1,0,0
152.700,300.000,300.000,0.000,247.700,0.000,1,0,0
152.800,300.000,300.000,0.000,247.800,0.000,1,0,0
152.900,300.000,300.000,0.000,247.900,0.000,1,0,0
153.000,300.000,300.000,0.000,248.000,0.000,1,0,0
153.100,300.000,300.000,0.000,248.100,0.000,1,0,0
153.200,300.000,300.000,0.000,248.200,0.000,1,0,0
153.300,300.000,300.000,0.000,248.300,0.000,1,0,0
153.400,300.000,300.000,0.000,248.400,0.000,1,0,0
153.500,300.000,300.000,0.000,248.500,0.000,1,0,0
153.600,300.000,300.000,0.000,248.600,0.000,1,0,0
153.700,300.000,300.000,0.000,248.700,0.000,1,0,0
153.800,300.000,300.000,0.000,248.800,0.000,1,0,0
153.900,300.000,300.000,0.000,248.900,0.000,1,0,0
154.000,300.000,300.000,0.000,249.000,0.000,1,0,0
154.100,300.000,300.000,0.000,249.100,0.000,1,0,0
154.200,300.000,300.000,0.000,249.200,0.000,1,0,0
154.300,300.000,300.000,0.000,249.300,0.000,1,0,0
154.400,300.000,300.000,0.000,249.400,0.000,1,0,0
154.500,300.000,300.000,0.000,249.500,0.000,1,0,0
154.600,300.000,300.000,0.000,249.600,0.000,1,0,0
154.700,300.000,300.000,0.000,249.700,0.000,1,0,0
154.800,300.000,300.000,0.000,249.800,0.000,1,0,0
154.900,300.000,300.000,0.000,249.900,0.000,1,0,0
155.000,300.000,300.000,0.000,250.000,0.000,1,0,0
155.100,300.000,300.000,0.000,250.100,0.000,1,0,0
155.200,300.000,300.000,5.000,250.200,5.000,1,0,1
155.300,300.000,295.000,10.000,250.295,10.000,1,0,1
155.400,300.000,290.000,15.000,250.385,15.000,1,0,1
155.500,300.000,285.000,20.000,250.470,20.000,1,0,1
155.600,300.000,280.000,25.000,250.550,25.000,1,0,1
155.700,300.000,275.000,30.000,250.625,30.000,1,0,1
155.800,300.000,270.000,35.000,250.695,35.000,1,0,1
155.900,300.000,265.000,40.000,250.760,40.000,1,0,1
156.000,300.000,260.000,45.000,250.820,45.000,1,0,1
156.100,300.000,255.000,50.000,250.875,50.000,1,0,1
156.200,300.000,250.000,55.000,250.925,55.000,1,0,1
156.300,300.000,245.000,60.000,250.970,60.000,1,0,1
156.400,300.000,240.000,65.000,251.010,65.000,1,0,1
156.500,300.000,235.000,70.000,251.045,70.000,1,0,1
156.600,300.000,230.000,75.000,251.075,75.000,1,0,1
156.700,300.000,225.000,80.000,251.100,80.000,1,0,1
156.800,300.000,220.000,85.000,251.120,85.000,1,0,1
156.900,300.000,215.000,90.000,251.135,90.000,1,0,1
157.000,300.000,210.000,95.000,251.145,95.000,1,0,1
157.100,300.000,205.000,100.000,251.150,100.000,1,0,1
157.200,300.000,200.000,105.000,251.150,105.000,1,0,1
157.300,300.000,195.000,110.000,251.145,110.000,1,0,1
157.400,300.000,190.000,115.000,251.135,115.000,1,0,1
157.500,300.000,185.000,120.000,251.120,120.000,1,0,1
157.600,300.000,180.000,125.000,251.100,125.000,1,0,1
157.700,300.000,175.000,130.000,251.075,130.000,1,0,1
157.800,300.000,170.000,135.000,251.045,135.000,1,0,1
157.900,300.000,165.000,140.000,251.010,140.000,1,0,1
158.000,300.000,160.000,145.000,250.970,145.000,1,0,1
158.100,300.000,155.000,145.190,250.925,145.190,1,0,1
158.200,300.000,154.810,142.630,250.880,142.630,1,0,1
158.300,300.000,157.370,139.961,250.837,139.961,1,0,1
158.400,300.000,160.039,137.458,250.797,137.458,1,0,1
158.500,300.000,162.542,135.136,250.760,135.136,1,0,1
158.600,300.000,164.864,132.985,250.725,132.985,1,0,1
158.700,300.000,167.015,130.990,250.692,130.990,1,0,1
158.800,300.000,169.010,129.141,250.661,129.141,1,0,1
158.900,300.000,170.859,127.426,250.632,127.426,1,0,1
159.000,300.000,172.574,125.833,250.604,125.833,1,0,1
159.100,300.000,174.167,124.353,250.578,124.353,1,0,1
159.200,300.000,175.647,122.978,250.554,122.978,1,0,1
159.300,300.000,177.022,121.699,250.531,121.699,1,0,1
159.400,300.000,178.301,120.509,250.509,120.509,1,0,1
159.500,300.000,179.491,119.401,250.489,119.401,1,0,1
159.600,300.000,180.599,118.369,250.469,118.369,1,0,1
159.700,300.000,181.631,117.406,250.451,117.406,1,0,1
159.800,300.000,182.594,116.508,250.434,116.508,1,0,1
159.900,300.000,183.492,115.669,250.417,115.669,1,0,1
160.000,300.000,184.331,114.885,250.401,114.885,1,0,1
160.100,300.000,185.115,114.152,250.386,114.152,1,0,1
160.200,300.000,185.848,113.467,250.372,113.467,1,0,1
160.300,300.000,186.533,112.824,250.359,112.824,1,0,1
160.400,300.000,187.176,112.222,250.346,112.222,1,0,1
160.500,300.000,187.778,111.658,250.334,111.658,1,0,1
160.600,300.000,188.342,111.127,250.322,111.127,1,0,1
160.700,300.000,188.873,110.629,250.311,110.629,1,0,1
160.800,300.000,189.371,110.161,250.300,110.161,1,0,1
160.900,300.000,189.839,109.720,250.290,109.720,1,0,1
161.000,300.000,190.280,109.305,250.281,109.305,1,0,1
161.100,300.000,190.695,108.913,250.271,108.913,1,0,1
161.200,300.000,191.087,108.544,250.262,108.544,1,0,1
161.300,300.000,191.456,108.195,250.254,108.195,1,0,1
161.400,300.000,191.805,107.865,250.246,107.865,1,0,1
161.500,300.000,192.135,107.553,250.238,107.553,1,0,1
161.600,300.000,192.447,107.258,250.230,107.258,1,0,1
161.700,300.000,192.742,106.978,250.223,106.978,1,0,1
161.800,300.000,193.022,106.712,250.216,106.712,1,0,1
161.900,300.000,193.288,106.460,250.209,106.460,1,0,1
162.000,300.000,193.540,106.221,250.203,106.221,1,0,1
162.100,300.000,193.779,105.993,250.197,105.993,1,0,1
162.200,300.000,194.007,105.777,250.191,105.777,1,0,1
162.300,300.000,194.223,105.570,250.185,105.570,1,0,1
162.400,300.000,194.430,105.374,250.179,105.374,1,0,1
162.500,300.000,194.626,105.186,250.174,105.186,1,0,1
162.600,300.000,194.814,105.007,250.169,105.007,1,0,1
162.700,300.000,194.993,104.836,250.164,104.836,1,0,1
162.800,300.000,195.164,104.673,250.159,104.673,1,0,1
162.900,300.000,195.327,104.516,250.154,104.516,1,0,1
163.000,300.000,195.484,104.366,250.150,104.366,1,0,1
163.100,300.000,195.634,104.223,250.145,104.223,1,0,1
163.200,300.000,195.777,104.086,250.141,104.086,1,0,1
163.300,300.000,195.914,103.954,250.137,103.954,1,0,1
163.400,300.000,196.046,103.827,250.133,103.827,1,0,1
163.500,300.000,196.173,103.706,250.129,103.706,1,0,1
163.600,300.000,196.294,103.589,250.125,103.589,1,0,1
163.700,300.000,196.411,103.476,250.122,103.476,1,0,1
163.800,300.000,196.524,103.368,250.118,103.368,1,0,1
163.900,300.000,196.632,103.264,250.115,103.264,1,0,1
164.000,300.000,196.736,103.164,250.112,103.164,1,0,1
164.100,300.000,196.836,103.068,250.109,103.068,1,0,1
164.200,300.000,196.932,102.975,250.105,102.975,1,0,1
164.300,300.000,197.025,102.885,250.103,102.885,1,0,1
164.400,300.000,197.115,102.799,250.100,102.799,1,0,1
164.500,300.000,197.201,102.715,250.097,102.715,1,0,1
164.600,300.000,197.285,102.635,250.094,102.635,1,0,1
164.700,300.000,197.365,102.557,250.091,102.557,1,0,1
164.800,300.000,197.443,102.481,250.089,102.481,1,0,1
164.900,300.000,197.519,102.409,250.086,102.409,1,0,1
165.000,300.000,197.591,102.338,250.084,102.338,1,0,1
165.100,300.000,197.662,102.270,250.082,102.270,1,0,1
165.200,300.000,197.730,102.205,250.079,102.205,1,0,1
165.300,300.000,197.795,102.141,250.077,102.141,1,0,1
165.400,300.000,197.859,102.079,250.075,102.079,1,0,1
165.500,300.000,197.921,102.020,250.073,102.020,1,0,1
165.600,300.000,197.980,101.962,250.071,101.962,1,0,1
165.700,300.000,198.038,101.906,250.069,101.906,1,0,1
165.800,300.000,198.094,101.852,250.067,101.852,1,0,1
165.900,300.000,198.148,101.799,250.065,101.799,1,0,1
166.000,300.000,198.201,101.748,250.063,101.748,1,0,1
166.100,300.000,198.252,101.699,250.062,101.699,1,0,1
166.200,300.000,198.301,101.651,250.060,101.651,1,0,1
166.300,300.000,198.349,101.604,250.058,101.604,1,0,1
166.400,300.000,198.396,101.559,250.057,101.559,1,0,1
166.500,300.000,198.441,101.516,250.055,101.516,1,0,1
166.600,300.000,198.484,101.473,250.054,101.473,1,0,1
166.700,300.000,198.527,101.432,250.052,101.432,1,0,1
166.800,300.000,198.568,101.392,250.051,101.392,1,0,1
166.900,300.000,198.608,101.353,250.049,101.353,1,0,1
167.000,300.000,198.647,101.316,250.048,101.316,1,0,1
167.100,300.000,198.684,101.279,250.047,101.279,1,0,1
167.200,300.000,198.721,101.244,250.045,101.244,1,0,1
167.300,300.000,198.756,101.209,250.044,101.209,1,0,1
167.400,300.000,198.791,101.176,250.043,101.176,1,0,1
167.500,300.000,198.824,101.143,250.042,101.143,1,0,1
167.600,300.000,198.857,101.112,250.041,101.112,1,0,1
167.700,300.000,198.888,101.081,250.040,101.081,1,0,1
167.800,300.000,198.919,101.051,250.038,101.051,1,0,1
167.900,300.000,198.949,101.022,250.037,101.022,1,0,1
168.000,300.000,198.978,100.994,250.036,100.994,1,0,1
168.100,300.000,199.006,100.967,250.035,100.967,1,0,1
168.200,300.000,199.033,100.940,250.034,100.940,1,0,1
168.300,300.000,199.060,100.914,250.033,100.914,1,0,1
168.400,300.000,199.086,100.889,250.033,100.889,1,0,1
168.500,300.000,199.111,100.865,250.032,100.865,1,0,1
168.600,300.000,199.135,100.841,250.031,100.841,1,0,1
168.700,300.000,199.159,100.818,250.030,100.818,1,0,1
168.800,300.000,199.182,100.795,250.029,100.795,1,0,1
168.900,300.000,199.205,100.774,250.028,100.774,1,0,1
169.000,300.000,199.226,100.752,250.028,100.752,1,0,1
169.100,300.000,199.248,100.732,250.027,100.732,1,0,1
169.200,300.000,199.268,100.712,250.026,100.712,1,0,1
169.300,300.000,199.288,100.692,250.025,100.692,1,0,1
169.400,300.000,199.308,100.673,250.025,100.673,1,0,1
169.500,300.000,199.327,100.655,250.024,100.655,1,0,1
169.600,300.000,199.345,100.637,250.023,100.637,1,0,1
169.700,300.000,199.363,100.620,250.023,100.620,1,0,1
169.800,300.000,199.380,100.603,250.022,100.603,1,0,1
169.900,300.000,199.397,100.586,250.022,100.586,1,0,1
170.000,300.000,199.414,100.570,250.021,100.570,1,0,1
170.100,300.000,199.430,100.555,250.020,100.555,1,0,1
170.200,300.000,199.445,100.540,250.020,100.540,1,0,1
170.300,300.000,199.460,100.525,250.019,100.525,1,0,1
170.400,300.000,199.475,100.510,250.019,100.510,1,0,1
170.500,300.000,199.490,100.497,250.018,100.497,1,0,1
170.600,300.000,199.503,100.483,250.018,100.483,1,0,1
170.700,300.000,199.517,100.470,250.017,100.470,1,0,1
170.800,300.000,199.530,100.457,250.017,100.457,1,0,1
170.900,300.000,199.543,100.445,250.016,100.445,1,0,1
171.000,300.000,199.555,100.432,250.016,100.432,1,0,1
171.100,300.000,199.568,100.421,250.015,100.421,1,0,1
171.200,300.000,199.579,100.409,250.015,100.409,1,0,1
171.300,300.000,199.591,100.398,250.015,100.398,1,0,1
171.400,300.000,199.602,100.387,250.014,100.387,1,0,1
171.500,300.000,199.613,100.377,250.014,100.377,1,0,1
171.600,300.000,199.623,100.366,250.013,100.366,1,0,1
171.700,300.000,199.634,100.356,250.013,100.356,1,0,1
171.800,300.000,199.644,100.347,250.013,100.347,1,0,1
171.900,300.000,199.653,100.337,250.012,100.337,1,0,1
172.000,300.000,199.663,100.328,250.012,100.328,1,0,1
172.100,300.000,199.672,100.319,250.012,100.319,1,0,1
172.200,300.000,199.681,100.310,250.011,100.310,1,0,1
172.300,300.000,199.690,100.302,250.011,100.302,1,0,1
172.400,300.000,199.698,100.294,250.011,100.294,1,0,1
172.500,300.000,199.706,100.286,250.011,100.286,1,0,1
172.600,300.000,199.714,100.278,250.010,100.278,1,0,1
172.700,300.000,199.722,100.270,250.010,100.270,1,0,1
172.800,300.000,199.730,100.263,250.010,100.263,1,0,1
172.900,300.000,199.737,100.256,250.009,100.256,1,0,1
173.000,300.000,199.744,100.249,250.009,100.249,1,0,1
173.100,300.000,199.751,100.242,250.009,100.242,1,0,1
173.200,300.000,199.758,100.236,250.009,100.236,1,0,1
173.300,300.000,199.764,100.229,250.008,100.229,1,0,1
173.400,300.000,199.771,100.223,250.008,100.223,1,0,1
173.500,300.000,199.777,100.217,250.008,100.217,1,0,1
173.600,300.000,199.783,100.211,250.008,100.211,1,0,1
173.700,300.000,199.789,100.205,250.008,100.205,1,0,1
173.800,300.000,199.795,100.200,250.007,100.200,1,0,1
173.900,300.000,199.800,100.194,250.007,100.194,1,0,1
174.000,300.000,199.806,100.189,250.007,100.189,1,0,1
174.100,300.000,199.811,100.184,250.007,100.184,1,0,1
174.200,300.000,199.816,100.179,250.007,100.179,1,0,1
174.300,300.000,199.821,100.174,250.006,100.174,1,0,1
174.400,300.000,199.826,100.169,250.006,100.169,1,0,1
174.500,300.000,199.831,100.165,250.006,100.165,1,0,1
174.600,300.000,199.835,100.160,250.006,100.160,1,0,1
174.700,300.000,199.840,100.156,250.006,100.156,1,0,1
174.800,300.000,199.844,100.152,250.006,100.152,1,0,1
174.900,300.000,199.848,100.147,250.005,100.147,1,0,1
175.000,300.000,199.853,100.143,250.005,100.143,1,0,1
175.100,300.000,199.857,100.140,250.005,100.140,1,0,1
175.200,300.000,199.860,100.136,250.005,100.136,1,0,1
175.300,300.000,199.864,100.132,250.005,100.132,1,0,1
175.400,300.000,199.868,100.128,250.005,100.128,1,0,1
175.500,300.000,199.872,100.125,250.005,100.125,1,0,1
175.600,300.000,199.875,100.122,250.004,100.122,1,0,1
175.700,300.000,199.878,100.118,250.004,100.118,1,0,1
175.800,300.000,199.882,100.115,250.004,100.115,1,0,1
175.900,300.000,199.885,100.112,250.004,100.112,1,0,1
176.000,300.000,199.888,100.109,250.004,100.109,1,0,1
176.100,300.000,199.891,100.106,250.004,100.106,1,0,1
176.200,300.000,199.894,100.103,250.004,100.103,1,0,1
176.300,300.000,199.897,100.100,250.004,100.100,1,0,1
176.400,300.000,199.900,100.097,250.004,100.097,1,0,1
176.500,300.000,199.903,100.095,250.003,100.095,1,0,1
176.600,300.000,199.905,100.092,250.003,100.092,1,0,1
176.700,300.000,199.908,100.090,250.003,100.090,1,0,1
176.800,300.000,199.910,100.087,250.003,100.087,1,0,1
176.900,300.000,199.913,100.085,250.003,100.085,1,0,1
177.000,300.000,199.915,100.083,250.003,100.083,1,0,1
177.100,300.000,199.917,100.080,250.003,100.080,1,0,1
177.200,300.000,199.920,100.078,250.003,100.078,1,0,1
177.300,300.000,199.922,100.076,250.003,100.076,1,0,1
177.400,300.000,199.924,100.074,250.003,100.074,1,0,1
177.500,300.000,199.926,100.072,250.003,100.072,1,0,1
177.600,300.000,199.928,100.070,250.003,100.070,1,0,1
177.700,300.000,199.930,100.068,250.003,100.068,1,0,1
177.800,300.000,199.932,100.066,250.002,100.066,1,0,1
177.900,300.000,199.934,100.064,250.002,100.064,1,0,1
178.000,300.000,199.936,100.063,250.002,100.063,1,0,1
178.100,300.000,199.937,100.061,250.002,100.061,1,0,1
178.200,300.000,199.939,100.059,250.002,100.059,1,0,1
178.300,300.000,199.941,100.058,250.002,100.058,1,0,1
178.400,300.000,199.942,100.056,250.002,100.056,1,0,1
178.500,300.000,199.944,100.055,250.002,100.055,1,0,1
178.600,300.000,199.945,100.053,250.002,100.053,1,0,1
178.700,300.000,199.947,100.052,250.002,100.052,1,0,1
178.800,300.000,199.948,100.050,250.002,100.050,1,0,1
178.900,300.000,199.950,100.049,250.002,100.049,1,0,1
179.000,300.000,199.951,100.048,250.002,100.048,1,0,1
179.100,300.000,199.952,100.046,250.002,100.046,1,0,1
179.200,300.000,199.954,100.045,250.002,100.045,1,0,1
179.300,300.000,199.955,100.044,250.002,100.044,1,0,1
179.400,300.000,199.956,100.043,250.002,100.043,1,0,1
179.500,300.000,199.957,100.041,250.002,100.041,1,0,1
179.600,300.000,199.959,100.040,250.001,100.040,1,0,1
179.700,300.000,199.960,100.039,250.001,100.039,1,0,1
179.800,300.000,199.961,100.038,250.001,100.038,1,0,1
179.900,300.000,199.962,100.037,250.001,100.037,1,0,1
180.000,300.000,199.963,100.036,250.001,100.036,1,0,1
180.100,300.000,199.964,100.035,250.001,100.035,1,0,1
180.200,300.000,199.965,100.034,250.001,100.034,1,0,1
180.300,300.000,199.966,100.033,250.001,100.033,1,0,1
180.400,300.000,199.967,100.032,250.001,100.032,1,0,1
180.500,300.000,199.968,100.031,250.001,100.031,1,0,1
180.600,300.000,199.969,100.031,250.001,100.031,1,0,1
180.700,300.000,199.969,100.030,250.001,100.030,1,0,1
180.800,300.000,199.970,100.029,250.001,100.029,1,0,1
180.900,300.000,199.971,100.028,250.001,100.028,1,0,1
181.000,300.000,199.972,100.027,250.001,100.027,1,0,1
181.100,300.000,199.973,100.027,250.001,100.027,1,0,1
181.200,300.000,199.973,100.026,250.001,100.026,1,0,1
181.300,300.000,199.974,100.025,250.001,100.025,1,0,1
181.400,300.000,199.975,100.025,250.001,100.025,1,0,1
181.500,300.000,199.975,100.024,250.001,100.024,1,0,1
181.600,300.000,199.976,100.023,250.001,100.023,1,0,1
181.700,300.000,199.977,100.023,250.001,100.023,1,0,1
181.800,300.000,199.977,100.022,250.001,100.022,1,0,1
181.900,300.000,199.978,100.021,250.001,100.021,1,0,1
182.000,300.000,199.979,100.021,250.001,100.021,1,0,1
182.100,300.000,199.979,100.020,250.001,100.020,1,0,1
182.200,300.000,199.980,100.020,250.001,100.020,1,0,1
182.300,300.000,199.980,100.019,250.001,100.019,1,0,1
182.400,300.000,199.981,100.019,250.001,100.019,1,0,1
182.500,300.000,199.981,100.018,250.001,100.018,1,0,1
182.600,300.000,199.982,100.018,250.001,100.018,1,0,1
182.700,300.000,199.982,100.017,250.001,100.017,1,0,1
182.800,300.000,199.983,100.017,250.001,100.017,1,0,1
182.900,300.000,199.983,100.016,250.001,100.016,1,0,1
183.000,300.000,199.984,100.016,250.001,100.016,1,0,1
183.100,300.000,199.984,100.015,250.001,100.015,1,0,1
183.200,300.000,199.985,100.015,250.001,100.015,1,0,1
183.300,300.000,199.985,100.015,250.001,100.015,1,0,1
183.400,300.000,199.985,100.014,250.001,100.014,1,0,1
183.500,300.000,199.986,100.014,250.001,100.014,1,0,1
183.600,300.000,199.986,100.013,250.000,100.013,1,0,1
183.700,300.000,199.987,100.013,250.000,100.013,1,0,1
183.800,300.000,199.987,100.013,250.000,100.013,1,0,1
183.900,300.000,199.987,100.012,250.000,100.012,1,0,1
184.000,300.000,199.988,100.012,250.000,100.012,1,0,1
184.100,300.000,199.988,100.012,250.000,100.012,1,0,1
184.200,300.000,199.988,100.011,250.000,100.011,1,0,1
184.300,300.000,199.989,100.011,250.000,100.011,1,0,1
184.400,300.000,199.989,100.011,250.000,100.011,1,0,1
184.500,300.000,199.989,100.010,250.000,100.010,1,0,1
184.600,300.000,199.990,100.010,250.000,100.010,1,0,1
184.700,300.000,199.990,100.010,250.000,100.010,1,0,1
184.800,300.000,199.990,100.010,250.000,100.010,1,0,1
184.900,300.000,199.990,100.009,250.000,100.009,1,0,1
185.000,300.000,199.991,100.009,250.000,100.009,1,0,1
185.100,300.000,199.991,100.009,250.000,100.009,1,0,1
185.200,300.000,199.991,100.009,250.000,100.009,1,0,1
185.300,300.000,199.991,100.008,250.000,100.008,1,0,1
185.400,300.000,199.992,100.008,250.000,100.008,1,0,1
185.500,300.000,199.992,100.008,250.000,100.008,1,0,1
185.600,300.000,199.992,100.008,250.000,100.008,1,0,1
185.700,300.000,199.992,100.008,250.000,100.008,1,0,1
185.800,300.000,199.992,100.007,250.000,100.007,1,0,1
185.900,300.000,199.993,100.007,250.000,100.007,1,0,1
186.000,300.000,199.993,100.007,250.000,100.007,1,0,1
186.100,300.000,199.993,100.007,250.000,100.007,1,0,1
186.200,300.000,199.993,100.007,250.000,100.007,1,0,1
186.300,300.000,199.993,100.006,250.000,100.006,1,0,1
186.400,300.000,199.994,100.006,250.000,100.006,1,0,1
186.500,300.000,199.994,100.006,250.000,100.006,1,0,1
186.600,300.000,199.994,100.006,250.000,100.006,1,0,1
186.700,300.000,199.994,100.006,250.000,100.006,1,0,1
186.800,300.000,199.994,100.006,250.000,100.006,1,0,1
186.900,300.000,199.994,100.005,250.000,100.005,1,0,1
187.000,300.000,199.995,100.005,250.000,100.005,1,0,1
187.100,300.000,199.995,100.005,250.000,100.005,1,0,1
187.200,300.000,199.995,100.005,250.000,100.005,1,0,1
187.300,300.000,199.995,100.005,250.000,100.005,1,0,1
187.400,300.000,199.995,100.005,250.000,100.005,1,0,1
187.500,300.000,199.995,100.005,250.000,100.005,1,0,1
187.600,300.000,199.995,100.004,250.000,100.004,1,0,1
187.700,300.000,199.996,100.004,250.000,100.004,1,0,1
187.800,300.000,199.996,100.004,250.000,100.004,1,0,1
187.900,300.000,199.996,100.004,250.000,100.004,1,0,1
188.000,300.000,199.996,100.004,250.000,100.004,1,0,1
188.100,300.000,199.996,100.004,250.000,100.004,1,0,1
188.200,300.000,199.996,100.004,250.000,100.004,1,0,1
188.300,300.000,199.996,100.004,250.000,100.004,1,0,1
188.400,300.000,199.996,100.004,250.000,100.004,1,0,1
188.500,300.000,199.996,100.003,250.000,100.003,1,0,1
188.600,300.000,199.997,100.003,250.000,100.003,1,0,1
188.700,300.000,199.997,100.003,250.000,100.003,1,0,1
188.800,300.000,199.997,100.003,250.000,100.003,1,0,1
188.900,300.000,199.997,100.003,250.000,100.003,1,0,1
189.000,300.000,199.997,100.003,250.000,100.003,1,0,1
189.100,300.000,199.997,100.003,250.000,100.003,1,0,1
189.200,300.000,199.997,100.003,250.000,100.003,1,0,1
189.300,300.000,199.997,100.003,250.000,100.003,1,0,1
189.400,300.000,199.997,100.003,250.000,100.003,1,0,1
189.500,300.000,199.997,100.003,250.000,100.003,1,0,1
189.600,300.000,199.997,100.003,250.000,100.003,1,0,1
189.700,300.000,199.997,100.002,250.000,100.002,1,0,1
189.800,300.000,199.998,100.002,250.000,100.002,1,0,1
189.900,300.000,199.998,100.002,250.000,100.002,1,0,1
190.000,300.000,199.998,100.002,250.000,100.002,1,0,1
190.100,300.000,199.998,100.002,250.000,100.002,1,0,1
190.200,300.000,199.998,100.002,250.000,100.002,1,0,1
190.300,300.000,199.998,100.002,250.000,100.002,1,0,1
190.400,300.000,199.998,100.002,250.000,100.002,1,0,1
190.500,300.000,199.998,100.002,250.000,100.002,1,0,1
190.600,300.000,199.998,100.002,250.000,100.002,1,0,1
190.700,300.000,199.998,100.002,250.000,100.002,1,0,1
190.800,300.000,199.998,100.002,250.000,100.002,1,0,1
190.900,300.000,199.998,100.002,250.000,100.002,1,0,1
191.000,300.000,199.998,100.002,250.000,100.002,1,0,1
191.100,300.000,199.998,100.002,250.000,100.002,1,0,1
191.200,300.000,199.998,100.002,250.000,100.002,1,0,1
191.300,300.000,199.998,100.002,250.000,100.002,1,0,1
191.400,300.000,199.998,100.002,250.000,100.002,1,0,1
191.500,300.000,199.998,100.002,250.000,100.002,1,0,1
191.600,300.000,199.998,100.001,250.000,100.001,1,0,1
191.700,300.000,199.999,100.001,250.000,100.001,1,0,1
191.800,300.000,199.999,100.001,250.000,100.001,1,0,1
191.900,300.000,199.999,100.001,250.000,100.001,1,0,1
192.000,300.000,199.999,100.001,250.000,100.001,1,0,1
192.100,300.000,199.999,100.001,250.000,100.001,1,0,1
192.200,300.000,199.999,100.001,250.000,100.001,1,0,1
192.300,300.000,199.999,100.001,250.000,100.001,1,0,1
192.400,300.000,199.999,100.001,250.000,100.001,1,0,1
192.500,300.000,199.999,100.001,250.000,100.001,1,0,1
192.600,300.000,199.999,100.001,250.000,100.001,1,0,1
192.700,300.000,199.999,100.001,250.000,100.001,1,0,1
192.800,300.000,199.999,100.001,250.000,100.001,1,0,1
192.900,300.000,199.999,100.001,250.000,100.001,1,0,1
193.000,300.000,199.999,100.001,250.000,100.001,1,0,1
193.100,300.000,199.999,100.001,250.000,100.001,1,0,1
193.200,300.000,199.999,100.001,250.000,100.001,1,0,1
193.300,300.000,199.999,100.001,250.000,100.001,1,0,1
193.400,300.000,199.999,100.001,250.000,100.001,1,0,1
193.500,300.000,199.999,100.001,250.000,100.001,1,0,1
193.600,300.000,199.999,100.001,250.000,100.001,1,0,1
193.700,300.000,199.999,100.001,250.000,100.001,1,0,1
193.800,300.000,199.999,100.001,250.000,100.001,1,0,1
193.900,300.000,199.999,100.001,250.000,100.001,1,0,1
194.000,300.000,199.999,100.001,250.000,100.001,1,0,1
194.100,300.000,199.999,100.001,250.000,100.001,1,0,1
194.200,300.000,199.999,100.001,250.000,100.001,1,0,1
194.300,300.000,199.999,100.001,250.000,100.001,1,0,1
194.400,300.000,199.999,100.001,250.000,100.001,1,0,1
194.500,300.000,199.999,100.001,250.000,100.001,1,0,1
194.600,300.000,199.999,100.001,250.000,100.001,1,0,1
194.700,300.000,199.999,100.001,250.000,100.001,1,0,1
194.800,300.000,199.999,100.001,250.000,100.001,1,0,1
194.900,300.000,199.999,100.001,250.000,100.001,1,0,1
195.000,300.000,199.999,100.001,250.000,100.001,1,0,1
195.100,300.000,199.999,100.001,250.000,100.001,1,0,1
195.200,300.000,199.999,100.001,250.000,100.001,1,0,1
195.300,300.000,199.999,100.001,250.000,100.001,1,0,1
195.400,300.000,199.999,100.001,250.000,100.001,1,0,1
195.500,300.000,199.999,100.001,250.000,100.001,1,0,1
195.600,300.000,199.999,100.000,250.000,100.000,1,0,1
195.700,300.000,200.000,100.000,250.000,100.000,1,0,1
195.800,300.000,200.000,100.000,250.000,100.000,1,0,1
195.900,300.000,200.000,100.000,250.000,100.000,1,0,1
196.000,300.000,200.000,100.000,250.000,100.000,1,0,1
196.100,300.000,200.000,100.000,250.000,100.000,1,0,1
196.200,300.000,200.000,100.000,250.000,100.000,1,0,1
196.300,300.000,200.000,100.000,250.000,100.000,1,0,1
196.400,300.000,200.000,100.000,250.000,100.000,1,0,1
196.500,300.000,200.000,100.000,250.000,100.000,1,0,1
196.600,300.000,200.000,100.000,250.000,100.000,1,0,1
196.700,300.000,200.000,100.000,250.000,100.000,1,0,1
196.800,300.000,200.000,100.000,250.000,100.000,1,0,1
196.900,300.000,200.000,100.000,250.000,100.000,1,0,1
197.000,300.000,200.000,100.000,250.000,100.000,1,0,1
197.100,300.000,200.000,100.000,250.000,100.000,1,0,1
197.200,300.000,200.000,100.000,250.000,100.000,1,0,1
197.300,300.000,200.000,100.000,250.000,100.000,1,0,1
197.400,300.000,200.000,100.000,250.000,100.000,1,0,1
197.500,300.000,200.000,100.000,250.000,100.000,1,0,1
197.600,300.000,200.000,100.000,250.000,100.000,1,0,1
197.700,300.000,200.000,100.000,250.000,100.000,1,0,1
197.800,300.000,200.000,100.000,250.000,100.000,1,0,1
197.900,300.000,200.000,100.000,250.000,100.000,1,0,1
198.000,300.000,200.000,100.000,250.000,100.000,1,0,1
198.100,300.000,200.000,100.000,250.000,100.000,1,0,1
198.200,300.000,200.000,100.000,250.000,100.000,1,0,1
198.300,300.000,200.000,100.000,250.000,100.000,1,0,1
198.400,300.000,200.000,100.000,250.000,100.000,1,0,1
198.500,300.000,200.000,100.000,250.000,100.000,1,0,1
198.600,300.000,200.000,100.000,250.000,100.000,1,0,1
198.700,300.000,200.000,100.000,250.000,100.000,1,0,1
198.800,300.000,200.000,100.000,250.000,100.000,1,0,1
198.900,300.000,200.000,100.000,250.000,100.000,1,0,1
199.000,300.000,200.000,100.000,250.000,100.000,1,0,1
199.100,300.000,200.000,100.000,250.000,100.000,1,0,1
199.200,300.000,200.000,100.000,250.000,100.000,1,0,1
199.300,300.000,200.000,100.000,250.000,100.000,1,0,1
199.400,300.000,200.000,100.000,250.000,100.000,1,0,1
199.500,300.000,200.000,100.000,250.000,100.000,1,0,1
199.600,300.000,200.000,100.000,250.000,100.000,1,0,1
199.700,300.000,200.000,100.000,250.000,100.000,1,0,1
199.800,300.000,200.000,100.000,250.000,100.000,1,0,1
199.900,300.000,200.000,100.000,250.000,100.000,1,0,1
200.000,300.000,200.000,100.000,250.000,100.000,1,0,1
200.100,300.000,200.000,100.000,250.000,100.000,1,0,1
200.200,300.000,200.000,100.000,250.000,100.000,1,0,1
200.300,300.000,200.000,100.000,250.000,100.000,1,0,1
200.400,300.000,200.000,100.000,250.000,100.000,1,0,1
200.500,300.000,200.000,100.000,250.000,100.000,1,0,1
200.600,300.000,200.000,100.000,250.000,100.000,1,0,1
200.700,300.000,200.000,100.000,250.000,100.000,1,0,1
200.800,300.000,200.000,100.000,250.000,100.000,1,0,1
200.900,300.000,200.000,100.000,250.000,100.000,1,0,1
201.000,300.000,200.000,100.000,250.000,100.000,1,0,1
201.100,300.000,200.000,100.000,250.000,100.000,1,0,1
201.200,300.000,200.000,100.000,250.000,100.000,1,0,1
201.300,300.000,200.000,100.000,250.000,100.000,1,0,1
201.400,300.000,200.000,100.000,250.000,100.000,1,0,1
201.500,300.000,200.000,100.000,250.000,100.000,1,0,1
201.600,300.000,200.000,100.000,250.000,100.000,1,0,1
201.700,300.000,200.000,100.000,250.000,100.000,1,0,1
201.800,300.000,200.000,100.000,250.000,100.000,1,0,1
201.900,300.000,200.000,100.000,250.000,100.000,1,0,1
202.000,300.000,200.000,100.000,250.000,100.000,1,0,1
202.100,300.000,200.000,100.000,250.000,100.000,1,0,1
202.200,300.000,200.000,100.000,250.000,100.000,1,0,1
202.300,300.000,200.000,100.000,250.000,100.000,1,0,1
202.400,300.000,200.000,100.000,250.000,100.000,1,0,1
202.500,300.000,200.000,100.000,250.000,100.000,1,0,1
202.600,300.000,200.000,100.000,250.000,100.000,1,0,1
202.700,300.000,200.000,100.000,250.000,100.000,1,0,1
202.800,300.000,200.000,100.000,250.000,100.000,1,0,1
202.900,300.000,200.000,100.000,250.000,100.000,1,0,1
203.000,300.000,200.000,100.000,250.000,100.000,1,0,1
203.100,300.000,200.000,100.000,250.000,100.000,1,0,1
203.200,300.000,200.000,100.000,250.000,100.000,1,0,1
203.300,300.000,200.000,100.000,250.000,100.000,1,0,1
203.400,300.000,200.000,100.000,250.000,100.000,1,0,1
203.500,300.000,200.000,100.000,250.000,100.000,1,0,1
203.600,300.000,200.000,100.000,250.000,100.000,1,0,1
203.700,300.000,200.000,100.000,250.000,100.000,1,0,1
203.800,300.000,200.000,100.000,250.000,100.000,1,0,1
203.900,300.000,200.000,100.000,250.000,100.000,1,0,1
204.000,300.000,200.000,100.000,250.000,100.000,1,0,1
204.100,300.000,200.000,100.000,250.000,100.000,1,0,1
204.200,300.000,200.000,100.000,250.000,100.000,1,0,1
204.300,300.000,200.000,100.000,250.000,100.000,1,0,1
204.400,300.000,200.000,100.000,250.000,100.000,1,0,1
204.500,300.000,200.000,100.000,250.000,100.000,1,0,1
204.600,300.000,200.000,100.000,250.000,100.000,1,0,1
204.700,300.000,200.000,100.000,250.000,100.000,1,0,1
204.800,300.000,200.000,100.000,250.000,100.000,1,0,1
204.900,300.000,200.000,100.000,250.000,100.000,1,0,1
205.000,300.000,200.000,100.000,250.000,100.000,1,0,1
205.100,300.000,200.000,100.000,249.900,100.000,1,0,1
205.200,300.000,200.000,90.000,249.800,90.000,1,0,0
205.300,300.000,210.000,79.800,249.710,79.800,1,0,0
205.400,300.000,220.200,70.400,249.630,70.400,1,0,0
205.500,300.000,229.600,61.840,249.560,61.840,1,0,0
205.600,300.000,238.160,54.060,249.498,54.060,1,0,0
205.700,300.000,245.940,46.996,249.444,46.996,1,0,0
205.800,300.000,253.004,40.586,249.397,40.586,1,0,0
205.900,300.000,259.414,34.774,249.356,34.774,1,0,0
206.000,300.000,265.226,29.509,249.322,29.509,1,0,0
206.100,300.000,270.491,24.745,249.292,24.745,1,0,0
206.200,300.000,275.255,20.437,249.267,20.437,1,0,0
206.300,300.000,279.563,16.546,249.247,16.546,1,0,0
206.400,300.000,283.454,13.037,249.230,13.037,1,0,0
206.500,300.000,286.963,9.876,249.217,9.876,1,0,0
206.600,300.000,290.124,7.033,249.207,7.033,1,0,0
206.700,300.000,292.967,4.480,249.200,4.480,1,0,0
206.800,300.000,295.520,2.192,249.196,2.192,1,0,0
206.900,300.000,297.808,0.144,249.194,0.144,1,0,0
207.000,300.000,299.856,0.000,249.194,0.000,1,0,0
207.100,300.000,300.000,0.000,249.194,0.000,1,0,0
207.200,300.000,300.000,0.000,249.194,0.000,1,0,0
207.300,300.000,300.000,0.000,249.194,0.000,1,0,0
207.400,300.000,300.000,0.000,249.194,0.000,1,0,0
207.500,300.000,300.000,0.000,249.194,0.000,1,0,0
207.600,300.000,300.000,0.000,249.194,0.000,1,0,0
207.700,300.000,300.000,0.000,249.194,0.000,1,0,0
207.800,300.000,300.000,0.000,249.194,0.000,1,0,0
207.900,300.000,300.000,0.000,249.194,0.000,1,0,0
208.000,300.000,300.000,0.000,249.194,0.000,1,0,0
208.100,300.000,300.000,0.000,249.194,0.000,1,0,0
208.200,300.000,300.000,0.000,249.194,0.000,1,0,0
208.300,300.000,300.000,0.000,249.194,0.000,1,0,0
208.400,300.000,300.000,0.000,249.194,0.000,1,0,0
208.500,300.000,300.000,0.000,249.194,0.000,1,0,0
208.600,300.000,300.000,0.000,249.194,0.000,1,0,0
208.700,300.000,300.000,0.000,249.194,0.000,1,0,0
208.800,300.000,300.000,0.000,249.194,0.000,1,0,0
208.900,300.000,300.000,0.000,249.194,0.000,1,0,0
209.000,300.000,300.000,0.000,249.194,0.000,1,0,0
209.100,300.000,300.000,0.000,249.194,0.000,1,0,0
209.200,300.000,300.000,0.000,249.194,0.000,1,0,0
209.300,300.000,300.000,0.000,249.194,0.000,1,0,0
209.400,300.000,300.000,0.000,249.194,0.000,1,0,0
209.500,300.000,300.000,0.000,249.194,0.000,1,0,0
209.600,300.000,300.000,0.000,249.194,0.000,1,0,0
209.700,300.000,300.000,0.000,249.194,0.000,1,0,0
209.800,300.000,300.000,0.000,249.194,0.000,1,0,0
209.900,300.000,300.000,0.000,249.194,0.000,1,0,0
210.000,300.000,300.000,0.000,249.194,0.000,1,0,0
210.100,300.000,300.000,0.000,249.194,0.000,1,0,0
210.200,300.000,300.000,0.000,249.194,0.000,1,0,0
210.300,300.000,300.000,0.000,249.194,0.000,1,0,0
210.400,300.000,300.000,0.000,249.194,0.000,1,0,0
210.500,300.000,300.000,0.000,249.194,0.000,1,0,0
210.600,300.000,300.000,0.000,249.194,0.000,1,0,0
210.700,300.000,300.000,0.000,249.194,0.000,1,0,0
210.800,300.000,300.000,0.000,249.194,0.000,1,0,0
210.900,300.000,300.000,0.000,249.194,0.000,1,0,0
211.000,300.000,300.000,0.000,249.194,0.000,1,0,0
211.100,300.000,300.000,0.000,249.194,0.000,1,0,0
211.200,300.000,300.000,0.000,249.194,0.000,1,0,0
211.300,300.000,300.000,0.000,249.194,0.000,1,0,0
211.400,300.000,300.000,0.000,249.194,0.000,1,0,0
211.500,300.000,300.000,0.000,249.194,0.000,1,0,0
211.600,300.000,300.000,0.000,249.194,0.000,1,0,0
211.700,300.000,300.000,0.000,249.194,0.000,1,0,0
211.800,300.000,300.000,0.000,249.194,0.000,1,0,0
211.900,300.000,300.000,0.000,249.194,0.000,1,0,0
212.000,300.000,300.000,0.000,249.194,0.000,1,0,0
212.100,300.000,300.000,0.000,249.194,0.000,1,0,0
212.200,300.000,300.000,0.000,249.194,0.000,1,0,0
212.300,300.000,300.000,0.000,249.194,0.000,1,0,0
212.400,300.000,300.000,0.000,249.194,0.000,1,0,0
212.500,300.000,300.000,0.000,249.194,0.000,1,0,0
212.600,300.000,300.000,0.000,249.194,0.000,1,0,0
212.700,300.000,300.000,0.000,249.194,0.000,1,0,0
212.800,300.000,300.000,0.000,249.194,0.000,1,0,0
212.900,300.000,300.000,0.000,249.194,0.000,1,0,0
213.000,300.000,300.000,0.000,249.194,0.000,1,0,0
213.100,300.000,300.000,0.000,249.194,0.000,1,0,0
213.200,300.000,300.000,0.000,249.194,0.000,1,0,0
213.300,300.000,300.000,0.000,249.194,0.000,1,0,0
213.400,300.000,300.000,0.000,249.194,0.000,1,0,0
213.500,300.000,300.000,0.000,249.194,0.000,1,0,0
213.600,300.000,300.000,0.000,249.194,0.000,1,0,0
213.700,300.000,300.000,0.000,249.194,0.000,1,0,0
213.800,300.000,300.000,0.000,249.194,0.000,1,0,0
213.900,300.000,300.000,0.000,249.194,0.000,1,0,0
214.000,300.000,300.000,0.000,249.194,0.000,1,0,0
214.100,300.000,300.000,0.000,249.194,0.000,1,0,0
214.200,300.000,300.000,0.000,249.194,0.000,1,0,0
214.300,300.000,300.000,0.000,249.194,0.000,1,0,0
214.400,300.000,300.000,0.000,249.194,0.000,1,0,0
214.500,300.000,300.000,0.000,249.194,0.000,1,0,0
214.600,300.000,300.000,0.000,249.194,0.000,1,0,0
214.700,300.000,300.000,0.000,249.194,0.000,1,0,0
214.800,300.000,300.000,0.000,249.194,0.000,1,0,0
214.900,300.000,300.000,0.000,249.194,0.000,1,0,0
215.000,300.000,300.000,0.000,249.194,0.000,1,0,0
215.100,300.000,300.000,0.000,249.194,0.000,1,0,0
215.200,300.000,300.000,0.000,249.194,0.000,1,0,0
215.300,300.000,300.000,0.000,249.194,0.000,1,0,0
215.400,300.000,300.000,0.000,249.194,0.000,1,0,0
215.500,300.000,300.000,0.000,249.194,0.000,1,0,0
215.600,300.000,300.000,0.000,249.194,0.000,1,0,0
215.700,300.000,300.000,0.000,249.194,0.000,1,0,0
215.800,300.000,300.000,0.000,249.194,0.000,1,0,0
215.900,300.000,300.000,0.000,249.194,0.000,1,0,0
216.000,300.000,300.000,0.000,249.194,0.000,1,0,0
216.100,300.000,300.000,0.000,249.194,0.000,1,0,0
216.200,300.000,300.000,0.000,249.194,0.000,1,0,0
216.300,300.000,300.000,0.000,249.194,0.000,1,0,0
216.400,300.000,300.000,0.000,249.194,0.000,1,0,0
216.500,300.000,300.000,0.000,249.194,0.000,1,0,0
216.600,300.000,300.000,0.000,249.194,0.000,1,0,0
216.700,300.000,300.000,0.000,249.194,0.000,1,0,0
216.800,300.000,300.000,0.000,249.194,0.000,1,0,0
216.900,300.000,300.000,0.000,249.194,0.000,1,0,0
217.000,300.000,300.000,0.000,249.194,0.000,1,0,0
217.100,300.000,300.000,0.000,249.194,0.000,1,0,0
217.200,300.000,300.000,0.000,249.194,0.000,1,0,0
217.300,300.000,300.000,0.000,249.194,0.000,1,0,0
217.400,300.000,300.000,0.000,249.194,0.000,1,0,0
217.500,300.000,300.000,0.000,249.194,0.000,1,0,0
217.600,300.000,300.000,0.000,249.194,0.000,1,0,0
217.700,300.000,300.000,0.000,249.194,0.000,1,0,0
217.800,300.000,300.000,0.000,249.194,0.000,1,0,0
217.900,300.000,300.000,0.000,249.194,0.000,1,0,0
218.000,300.000,300.000,0.000,249.194,0.000,1,0,0
218.100,300.000,300.000,0.000,249.194,0.000,1,0,0
218.200,300.000,300.000,0.000,249.194,0.000,1,0,0
218.300,300.000,300.000,0.000,249.194,0.000,1,0,0
218.400,300.000,300.000,0.000,249.194,0.000,1,0,0
218.500,300.000,300.000,0.000,249.194,0.000,1,0,0
218.600,300.000,300.000,0.000,249.194,0.000,1,0,0
218.700,300.000,300.000,0.000,249.194,0.000,1,0,0
218.800,300.000,300.000,0.000,249.194,0.000,1,0,0
218.900,300.000,300.000,0.000,249.194,0.000,1,0,0
219.000,300.000,300.000,0.000,249.194,0.000,1,0,0
219.100,300.000,300.000,0.000,249.194,0.000,1,0,0
219.200,300.000,300.000,0.000,249.194,0.000,1,0,0
219.300,300.000,300.000,0.000,249.194,0.000,1,0,0
219.400,300.000,300.000,0.000,249.194,0.000,1,0,0
219.500,300.000,300.000,0.000,249.194,0.000,1,0,0
219.600,300.000,300.000,0.000,249.194,0.000,1,0,0
219.700,300.000,300.000,0.000,249.194,0.000,1,0,0
219.800,300.000,300.000,0.000,249.194,0.000,1,0,0
219.900,300.000,300.000,0.000,249.194,0.000,1,0,0
220.000,300.000,300.000,0.000,249.194,0.000,1,0,0
220.100,300.000,300.000,0.000,249.194,0.000,1,0,0
220.200,300.000,300.000,0.000,249.194,0.000,1,0,0
220.300,300.000,300.000,0.000,249.194,0.000,1,0,0
220.400,300.000,300.000,0.000,249.194,0.000,1,0,0
220.500,300.000,300.000,0.000,249.194,0.000,1,0,0
220.600,300.000,300.000,0.000,249.194,0.000,1,0,0
220.700,300.000,300.000,0.000,249.194,0.000,1,0,0
220.800,300.000,300.000,0.000,249.194,0.000,1,0,0
220.900,300.000,300.000,0.000,249.194,0.000,1,0,0
221.000,300.000,300.000,0.000,249.194,0.000,1,0,0
221.100,300.000,300.000,0.000,249.194,0.000,1,0,0
221.200,300.000,300.000,0.000,249.194,0.000,1,0,0
221.300,300.000,300.000,0.000,249.194,0.000,1,0,0
221.400,300.000,300.000,0.000,249.194,0.000,1,0,0
221.500,300.000,300.000,0.000,249.194,0.000,1,0,0
221.600,300.000,300.000,0.000,249.194,0.000,1,0,0
221.700,300.000,300.000,0.000,249.194,0.000,1,0,0
221.800,300.000,300.000,0.000,249.194,0.000,1,0,0
221.900,300.000,300.000,0.000,249.194,0.000,1,0,0
222.000,300.000,300.000,0.000,249.194,0.000,1,0,0
222.100,300.000,300.000,0.000,249.194,0.000,1,0,0
222.200,300.000,300.000,0.000,249.194,0.000,1,0,0
222.300,300.000,300.000,0.000,249.194,0.000,1,0,0
222.400,300.000,300.000,0.000,249.194,0.000,1,0,0
222.500,300.000,300.000,0.000,249.194,0.000,1,0,0
222.600,300.000,300.000,0.000,249.194,0.000,1,0,0
222.700,300.000,300.000,0.000,249.194,0.000,1,0,0
222.800,300.000,300.000,0.000,249.194,0.000,1,0,0
222.900,300.000,300.000,0.000,249.194,0.000,1,0,0
223.000,300.000,300.000,0.000,249.194,0.000,1,0,0
223.100,300.000,300.000,0.000,249.194,0.000,1,0,0
223.200,300.000,300.000,0.000,249.194,0.000,1,0,0
223.300,300.000,300.000,0.000,249.194,0.000,1,0,0
223.400,300.000,300.000,0.000,249.194,0.000,1,0,0
223.500,300.000,300.000,0.000,249.194,0.000,1,0,0
223.600,300.000,300.000,0.000,249.194,0.000,1,0,0
223.700,300.000,300.000,0.000,249.194,0.000,1,0,0
223.800,300.000,300.000,0.000,249.194,0.000,1,0,0
223.900,300.000,300.000,0.000,249.194,0.000,1,0,0
224.000,300.000,300.000,0.000,249.194,0.000,1,0,0
224.100,300.000,300.000,0.000,249.194,0.000,1,0,0
224.200,300.000,300.000,0.000,249.194,0.000,1,0,0
224.300,300.000,300.000,0.000,249.194,0.000,1,0,0
224.400,300.000,300.000,0.000,249.194,0.000,1,0,0
224.500,300.000,300.000,0.000,249.194,0.000,1,0,0
224.600,300.000,300.000,0.000,249.194,0.000,1,0,0
224.700,300.000,300.000,0.000,249.194,0.000,1,0,0
224.800,300.000,300.000,0.000,249.194,0.000,1,0,0
224.900,300.000,300.000,0.000,249.194,0.000,1,0,0
225.000,300.000,300.000,0.000,249.194,0.000,1,0,0
225.100,300.000,300.000,0.000,249.194,0.000,1,0,0
225.200,300.000,300.000,0.000,249.194,0.000,1,0,0
225.300,300.000,300.000,0.000,249.194,0.000,1,0,0
225.400,300.000,300.000,0.000,249.194,0.000,1,0,0
225.500,300.000,300.000,0.000,249.194,0.000,1,0,0
225.600,300.000,300.000,0.000,249.194,0.000,1,0,0
225.700,300.000,300.000,0.000,249.194,0.000,1,0,0
225.800,300.000,300.000,0.000,249.194,0.000,1,0,0
225.900,300.000,300.000,0.000,249.194,0.000,1,0,0
226.000,300.000,300.000,0.000,249.194,0.000,1,0,0
226.100,300.000,300.000,0.000,249.194,0.000,1,0,0
226.200,300.000,300.000,0.000,249.194,0.000,1,0,0
226.300,300.000,300.000,0.000,249.194,0.000,1,0,0
226.400,300.000,300.000,0.000,249.194,0.000,1,0,0
226.500,300.000,300.000,0.000,249.194,0.000,1,0,0
226.600,300.000,300.000,0.000,249.194,0.000,1,0,0
226.700,300.000,300.000,0.000,249.194,0.000,1,0,0
226.800,300.000,300.000,0.000,249.194,0.000,1,0,0
226.900,300.000,300.000,0.000,249.194,0.000,1,0,0
227.000,300.000,300.000,0.000,249.194,0.000,1,0,0
227.100,300.000,300.000,0.000,249.194,0.000,1,0,0
227.200,300.000,300.000,0.000,249.194,0.000,1,0,0
227.300,300.000,300.000,0.000,249.194,0.000,1,0,0
227.400,300.000,300.000,0.000,249.194,0.000,1,0,0
227.500,300.000,300.000,0.000,249.194,0.000,1,0,0
227.600,300.000,300.000,0.000,249.194,0.000,1,0,0
227.700,300.000,300.000,0.000,249.194,0.000,1,0,0
227.800,300.000,300.000,0.000,249.194,0.000,1,0,0
227.900,300.000,300.000,0.000,249.194,0.000,1,0,0
228.000,300.000,300.000,0.000,249.194,0.000,1,0,0
228.100,300.000,300.000,0.000,249.194,0.000,1,0,0
228.200,300.000,300.000,0.000,249.194,0.000,1,0,0
228.300,300.000,300.000,0.000,249.194,0.000,1,0,0
228.400,300.000,300.000,0.000,249.194,0.000,1,0,0
228.500,300.000,300.000,0.000,249.194,0.000,1,0,0
228.600,300.000,300.000,0.000,249.194,0.000,1,0,0
228.700,300.000,300.000,0.000,249.194,0.000,1,0,0
228.800,300.000,300.000,0.000,249.194,0.000,1,0,0
228.900,300.000,300.000,0.000,249.194,0.000,1,0,0
229.000,300.000,300.000,0.000,249.194,0.000,1,0,0
229.100,300.000,300.000,0.000,249.194,0.000,1,0,0
229.200,300.000,300.000,0.000,249.194,0.000,1,0,0
229.300,300.000,300.000,0.000,249.194,0.000,1,0,0
229.400,300.000,300.000,0.000,249.194,0.000,1,0,0
229.500,300.000,300.000,0.000,249.194,0.000,1,0,0
229.600,300.000,300.000,0.000,249.194,0.000,1,0,0
229.700,300.000,300.000,0.000,249.194,0.000,1,0,0
229.800,300.000,300.000,0.000,249.194,0.000,1,0,0
229.900,300.000,300.000,0.000,249.194,0.000,1,0,0
230.000,300.000,300.000,0.000,249.194,0.000,1,0,0
230.100,300.000,300.000,0.000,249.194,0.000,1,0,0
230.200,300.000,300.000,0.000,249.194,0.000,1,0,0
230.300,300.000,300.000,0.000,249.194,0.000,1,0,0
230.400,300.000,300.000,0.000,249.194,0.000,1,0,0
230.500,300.000,300.000,0.000,249.194,0.000,1,0,0
230.600,300.000,300.000,0.000,249.194,0.000,1,0,0
230.700,300.000,300.000,0.000,249.194,0.000,1,0,0
230.800,300.000,300.000,0.000,249.194,0.000,1,0,0
230.900,300.000,300.000,0.000,249.194,0.000,1,0,0
231.000,300.000,300.000,0.000,249.194,0.000,1,0,0
231.100,300.000,300.000,0.000,249.194,0.000,1,0,0
231.200,300.000,300.000,0.000,249.194,0.000,1,0,0
231.300,300.000,300.000,0.000,249.194,0.000,1,0,0
231.400,300.000,300.000,0.000,249.194,0.000,1,0,0
231.500,300.000,300.000,0.000,249.194,0.000,1,0,0
231.600,300.000,300.000,0.000,249.194,0.000,1,0,0
231.700,300.000,300.000,0.000,249.194,0.000,1,0,0
231.800,300.000,300.000,0.000,249.194,0.000,1,0,0
231.900,300.000,300.000,0.000,249.194,0.000,1,0,0
232.000,300.000,300.000,0.000,249.194,0.000,1,0,0
232.100,300.000,300.000,0.000,249.194,0.000,1,0,0
232.200,300.000,300.000,0.000,249.194,0.000,1,0,0
232.300,300.000,300.000,0.000,249.194,0.000,1,0,0
232.400,300.000,300.000,0.000,249.194,0.000,1,0,0
232.500,300.000,300.000,0.000,249.194,0.000,1,0,0
232.600,300.000,300.000,0.000,249.194,0.000,1,0,0
232.700,300.000,300.000,0.000,249.194,0.000,1,0,0
232.800,300.000,300.000,0.000,249.194,0.000,1,0,0
232.900,300.000,300.000,0.000,249.194,0.000,1,0,0
233.000,300.000,300.000,0.000,249.194,0.000,1,0,0
233.100,300.000,300.000,0.000,249.194,0.000,1,0,0
233.200,300.000,300.000,0.000,249.194,0.000,1,0,0
233.300,300.000,300.000,0.000,249.194,0.000,1,0,0
233.400,300.000,300.000,0.000,249.194,0.000,1,0,0
233.500,300.000,300.000,0.000,249.194,0.000,1,0,0
233.600,300.000,300.000,0.000,249.194,0.000,1,0,0
233.700,300.000,300.000,0.000,249.194,0.000,1,0,0
233.800,300.000,300.000,0.000,249.194,0.000,1,0,0
233.900,300.000,300.000,0.000,249.194,0.000,1,0,0
234.000,300.000,300.000,0.000,249.194,0.000,1,0,0
234.100,300.000,300.000,0.000,249.194,0.000,1,0,0
234.200,300.000,300.000,0.000,249.194,0.000,1,0,0
234.300,300.000,300.000,0.000,249.194,0.000,1,0,0
234.400,300.000,300.000,0.000,249.194,0.000,1,0,0
234.500,300.000,300.000,0.000,249.194,0.000,1,0,0
234.600,300.000,300.000,0.000,249.194,0.000,1,0,0
234.700,300.000,300.000,0.000,249.194,0.000,1,0,0
234.800,300.000,300.000,0.000,249.194,0.000,1,0,0
234.900,300.000,300.000,0.000,249.194,0.000,1,0,0
235.000,300.000,300.000,0.000,249.194,0.000,1,0,0
235.100,300.000,300.000,0.000,249.194,0.000,1,0,0
235.200,300.000,300.000,0.000,249.194,0.000,1,0,0
235.300,300.000,300.000,0.000,249.194,0.000,1,0,0
235.400,300.000,300.000,0.000,249.194,0.000,1,0,0
235.500,300.000,300.000,0.000,249.194,0.000,1,0,0
235.600,300.000,300.000,0.000,249.194,0.000,1,0,0
235.700,300.000,300.000,0.000,249.194,0.000,1,0,0
235.800,300.000,300.000,0.000,249.194,0.000,1,0,0
235.900,300.000,300.000,0.000,249.194,0.000,1,0,0
236.000,300.000,300.000,0.000,249.194,0.000,1,0,0
236.100,300.000,300.000,0.000,249.194,0.000,1,0,0
236.200,300.000,300.000,0.000,249.194,0.000,1,0,0
236.300,300.000,300.000,0.000,249.194,0.000,1,0,0
236.400,300.000,300.000,0.000,249.194,0.000,1,0,0
236.500,300.000,300.000,0.000,249.194,0.000,1,0,0
236.600,300.000,300.000,0.000,249.194,0.000,1,0,0
236.700,300.000,300.000,0.000,249.194,0.000,1,0,0
236.800,300.000,300.000,0.000,249.194,0.000,1,0,0
236.900,300.000,300.000,0.000,249.194,0.000,1,0,0
237.000,300.000,300.000,0.000,249.194,0.000,1,0,0
237.100,300.000,300.000,0.000,249.194,0.000,1,0,0
237.200,300.000,300.000,0.000,249.194,0.000,1,0,0
237.300,300.000,300.000,0.000,249.194,0.000,1,0,0
237.400,300.000,300.000,0.000,249.194,0.000,1,0,0
237.500,300.000,300.000,0.000,249.194,0.000,1,0,0
237.600,300.000,300.000,0.000,249.194,0.000,1,0,0
237.700,300.000,300.000,0.000,249.194,0.000,1,0,0
237.800,300.000,300.000,0.000,249.194,0.000,1,0,0
237.900,300.000,300.000,0.000,249.194,0.000,1,0,0
238.000,300.000,300.000,0.000,249.194,0.000,1,0,0
238.100,300.000,300.000,0.000,249.194,0.000,1,0,0
238.200,300.000,300.000,0.000,249.194,0.000,1,0,0
238.300,300.000,300.000,0.000,249.194,0.000,1,0,0
238.400,300.000,300.000,0.000,249.194,0.000,1,0,0
238.500,300.000,300.000,0.000,249.194,0.000,1,0,0
238.600,300.000,300.000,0.000,249.194,0.000,1,0,0
238.700,300.000,300.000,0.000,249.194,0.000,1,0,0
238.800,300.000,300.000,0.000,249.194,0.000,1,0,0
238.900,300.000,300.000,0.000,249.194,0.000,1,0,0
239.000,300.000,300.000,0.000,249.194,0.000,1,0,0
239.100,300.000,300.000,0.000,249.194,0.000,1,0,0
239.200,300.000,300.000,0.000,249.194,0.000,1,0,0
239.300,300.000,300.000,0.000,249.194,0.000,1,0,0
239.400,300.000,300.000,0.000,249.194,0.000,1,0,0
239.500,300.000,300.000,0.000,249.194,0.000,1,0,0
239.600,300.000,300.000,0.000,249.194,0.000,1,0,0
239.700,300.000,300.000,0.000,249.194,0.000,1,0,0
239.800,300.000,300.000,0.000,249.194,0.000,1,0,0
239.900,300.000,300.000,0.000,249.194,0.000,1,0,0
240.000,300.000,300.000,0.000,249.194,0.000,1,0,0
240.100,300.000,300.000,0.000,249.194,0.000,1,0,0
240.200,300.000,300.000,0.000,249.194,0.000,1,0,0
240.300,300.000,300.000,0.000,249.194,0.000,1,0,0
240.400,300.000,300.000,0.000,249.194,0.000,1,0,0
240.500,300.000,300.000,0.000,249.194,0.000,1,0,0
240.600,300.000,300.000,0.000,249.194,0.000,1,0,0
240.700,300.000,300.000,0.000,249.194,0.000,1,0,0
240.800,300.000,300.000,0.000,249.194,0.000,1,0,0
240.900,300.000,300.000,0.000,249.194,0.000,1,0,0
241.000,300.000,300.000,0.000,249.194,0.000,1,0,0
241.100,300.000,300.000,0.000,249.194,0.000,1,0,0
241.200,300.000,300.000,0.000,249.194,0.000,1,0,0
241.300,300.000,300.000,0.000,249.194,0.000,1,0,0
241.400,300.000,300.000,0.000,249.194,0.000,1,0,0
241.500,300.000,300.000,0.000,249.194,0.000,1,0,0
241.600,300.000,300.000,0.000,249.194,0.000,1,0,0
241.700,300.000,300.000,0.000,249.194,0.000,1,0,0
241.800,300.000,300.000,0.000,249.194,0.000,1,0,0
241.900,300.000,300.000,0.000,249.194,0.000,1,0,0
242.000,300.000,300.000,0.000,249.194,0.000,1,0,0
242.100,300.000,300.000,0.000,249.194,0.000,1,0,0
242.200,300.000,300.000,0.000,249.194,0.000,1,0,0
242.300,300.000,300.000,0.000,249.194,0.000,1,0,0
242.400,300.000,300.000,0.000,249.194,0.000,1,0,0
242.500,300.000,300.000,0.000,249.194,0.000,1,0,0
242.600,300.000,300.000,0.000,249.194,0.000,1,0,0
242.700,300.000,300.000,0.000,249.194,0.000,1,0,0
242.800,300.000,300.000,0.000,249.194,0.000,1,0,0
242.900,300.000,300.000,0.000,249.194,0.000,1,0,0
243.000,300.000,300.000,0.000,249.194,0.000,1,0,0
243.100,300.000,300.000,0.000,249.194,0.000,1,0,0
243.200,300.000,300.000,0.000,249.194,0.000,1,0,0
243.300,300.000,300.000,0.000,249.194,0.000,1,0,0
243.400,300.000,300.000,0.000,249.194,0.000,1,0,0
243.500,300.000,300.000,0.000,249.194,0.000,1,0,0
243.600,300.000,300.000,0.000,249.194,0.000,1,0,0
243.700,300.000,300.000,0.000,249.194,0.000,1,0,0
243.800,300.000,300.000,0.000,249.194,0.000,1,0,0
243.900,300.000,300.000,0.000,249.194,0.000,1,0,0
244.000,300.000,300.000,0.000,249.194,0.000,1,0,0
244.100,300.000,300.000,0.000,249.194,0.000,1,0,0
244.200,300.000,300.000,0.000,249.194,0.000,1,0,0
244.300,300.000,300.000,0.000,249.194,0.000,1,0,0
244.400,300.000,300.000,0.000,249.194,0.000,1,0,0
244.500,300.000,300.000,0.000,249.194,0.000,1,0,0
244.600,300.000,300.000,0.000,249.194,0.000,1,0,0
244.700,300.000,300.000,0.000,249.194,0.000,1,0,0
244.800,300.000,300.000,0.000,249.194,0.000,1,0,0
244.900,300.000,300.000,0.000,249.194,0.000,1,0,0
245.000,300.000,300.000,0.000,249.194,0.000,1,0,0
245.100,300.000,300.000,0.000,249.194,0.000,1,0,0
245.200,300.000,300.000,0.000,249.194,0.000,1,0,0
245.300,300.000,300.000,0.000,249.194,0.000,1,0,0
245.400,300.000,300.000,0.000,249.194,0.000,1,0,0
245.500,300.000,300.000,0.000,249.194,0.000,1,0,0
245.600,300.000,300.000,0.000,249.194,0.000,1,0,0
245.700,300.000,300.000,0.000,249.194,0.000,1,0,0
245.800,300.000,300.000,0.000,249.194,0.000,1,0,0
245.900,300.000,300.000,0.000,249.194,0.000,1,0,0
246.000,300.000,300.000,0.000,249.194,0.000,1,0,0
246.100,300.000,300.000,0.000,249.194,0.000,1,0,0
246.200,300.000,300.000,0.000,249.194,0.000,1,0,0
246.300,300.000,300.000,0.000,249.194,0.000,1,0,0
246.400,300.000,300.000,0.000,249.194,0.000,1,0,0
246.500,300.000,300.000,0.000,249.194,0.000,1,0,0
246.600,300.000,300.000,0.000,249.194,0.000,1,0,0
246.700,300.000,300.000,0.000,249.194,0.000,1,0,0
246.800,300.000,300.000,0.000,249.194,0.000,1,0,0
246.900,300.000,300.000,0.000,249.194,0.000,1,0,0
247.000,300.000,300.000,0.000,249.194,0.000,1,0,0
247.100,300.000,300.000,0.000,249.194,0.000,1,0,0
247.200,300.000,300.000,0.000,249.194,0.000,1,0,0
247.300,300.000,300.000,0.000,249.194,0.000,1,0,0
247.400,300.000,300.000,0.000,249.194,0.000,1,0,0
247.500,300.000,300.000,0.000,249.194,0.000,1,0,0
247.600,300.000,300.000,0.000,249.194,0.000,1,0,0
247.700,300.000,300.000,0.000,249.194,0.000,1,0,0
247.800,300.000,300.000,0.000,249.194,0.000,1,0,0
247.900,300.000,300.000,0.000,249.194,0.000,1,0,0
248.000,300.000,300.000,0.000,249.194,0.000,1,0,0
248.100,300.000,300.000,0.000,249.194,0.000,1,0,0
248.200,300.000,300.000,0.000,249.194,0.000,1,0,0
248.300,300.000,300.000,0.000,249.194,0.000,1,0,0
248.400,300.000,300.000,0.000,249.194,0.000,1,0,0
248.500,300.000,300.000,0.000,249.194,0.000,1,0,0
248.600,300.000,300.000,0.000,249.194,0.000,1,0,0
248.700,300.000,300.000,0.000,249.194,0.000,1,0,0
248.800,300.000,300.000,0.000,249.194,0.000,1,0,0
248.900,300.000,300.000,0.000,249.194,0.000,1,0,0
249.000,300.000,300.000,0.000,249.194,0.000,1,0,0
249.100,300.000,300.000,0.000,249.194,0.000,1,0,0
249.200,300.000,300.000,0.000,249.194,0.000,1,0,0
249.300,300.000,300.000,0.000,249.194,0.000,1,0,0
249.400,300.000,300.000,0.000,249.194,0.000,1,0,0
249.500,300.000,300.000,0.000,249.194,0.000,1,0,0
249.600,300.000,300.000,0.000,249.194,0.000,1,0,0
249.700,300.000,300.000,0.000,249.194,0.000,1,0,0
249.800,300.000,300.000,0.000,249.194,0.000,1,0,0
249.900,300.000,300.000,0.000,249.194,0.000,1,0,0
250.000,300.000,300.000,0.000,249.194,0.000,1,0,0
250.100,300.000,300.000,0.000,249.194,0.000,1,0,0
250.200,300.000,300.000,0.000,249.194,0.000,1,0,0
250.300,300.000,300.000,0.000,249.194,0.000,1,0,0
250.400,300.000,300.000,0.000,249.194,0.000,1,0,0
250.500,300.000,300.000,0.000,249.194,0.000,1,0,0
250.600,300.000,300.000,0.000,249.194,0.000,1,0,0
250.700,300.000,300.000,0.000,249.194,0.000,1,0,0
250.800,300.000,300.000,0.000,249.194,0.000,1,0,0
250.900,300.000,300.000,0.000,249.194,0.000,1,0,0
251.000,300.000,300.000,0.000,249.194,0.000,1,0,0
251.100,300.000,300.000,0.000,249.194,0.000,1,0,0
251.200,300.000,300.000,0.000,249.194,0.000,1,0,0
251.300,300.000,300.000,0.000,249.194,0.000,1,0,0
251.400,300.000,300.000,0.000,249.194,0.000,1,0,0
251.500,300.000,300.000,0.000,249.194,0.000,1,0,0
251.600,300.000,300.000,0.000,249.194,0.000,1,0,0
251.700,300.000,300.000,0.000,249.194,0.000,1,0,0
251.800,300.000,300.000,0.000,249.194,0.000,1,0,0
251.900,300.000,300.000,0.000,249.194,0.000,1,0,0
252.000,300.000,300.000,0.000,249.194,0.000,1,0,0
252.100,300.000,300.000,0.000,249.194,0.000,1,0,0
252.200,300.000,300.000,0.000,249.194,0.000,1,0,0
252.300,300.000,300.000,0.000,249.194,0.000,1,0,0
252.400,300.000,300.000,0.000,249.194,0.000,1,0,0
252.500,300.000,300.000,0.000,249.194,0.000,1,0,0
252.600,300.000,300.000,0.000,249.194,0.000,1,0,0
252.700,300.000,300.000,0.000,249.194,0.000,1,0,0
252.800,300.000,300.000,0.000,249.194,0.000,1,0,0
252.900,300.000,300.000,0.000,249.194,0.000,1,0,0
253.000,300.000,300.000,0.000,249.194,0.000,1,0,0
253.100,300.000,300.000,0.000,249.194,0.000,1,0,0
253.200,300.000,300.000,0.000,249.194,0.000,1,0,0
253.300,300.000,300.000,0.000,249.194,0.000,1,0,0
253.400,300.000,300.000,0.000,249.194,0.000,1,0,0
253.500,300.000,300.000,0.000,249.194,0.000,1,0,0
253.600,300.000,300.000,0.000,249.194,0.000,1,0,0
253.700,300.000,300.000,0.000,249.194,0.000,1,0,0
253.800,300.000,300.000,0.000,249.194,0.000,1,0,0
253.900,300.000,300.000,0.000,249.194,0.000,1,0,0
254.000,300.000,300.000,0.000,249.194,0.000,1,0,0
254.100,300.000,300.000,0.000,249.194,0.000,1,0,0
254.200,300.000,300.000,0.000,249.194,0.000,1,0,0
254.300,300.000,300.000,0.000,249.194,0.000,1,0,0
254.400,300.000,300.000,0.000,249.194,0.000,1,0,0
254.500,300.000,300.000,0.000,249.194,0.000,1,0,0
254.600,300.000,300.000,0.000,249.194,0.000,1,0,0
254.700,300.000,300.000,0.000,249.194,0.000,1,0,0
254.800,300.000,300.000,0.000,249.194,0.000,1,0,0
254.900,300.000,300.000,0.000,249.194,0.000,1,0,0
255.000,300.000,300.000,0.000,249.194,0.000,1,0,0
255.100,300.000,300.000,0.000,249.194,0.000,1,0,0
255.200,300.000,300.000,0.000,249.194,0.000,1,0,0
255.300,300.000,300.000,0.000,249.199,0.000,1,0,0
255.400,300.000,300.000,0.000,249.209,0.000,1,0,0
255.500,300.000,300.000,0.000,249.224,0.000,1,0,0
255.600,300.000,300.000,1.302,249.244,1.302,1,0,0
255.700,300.000,298.698,1.750,249.267,1.750,1,0,0
255.800,300.000,298.250,2.606,249.295,2.606,1,0,0
255.900,300.000,297.394,3.966,249.328,3.966,1,0,0
256.000,300.000,296.034,5.796,249.364,5.796,1,0,0
256.100,300.000,294.204,8.055,249.403,8.055,1,0,0
256.200,300.000,291.945,10.704,249.445,10.704,1,0,0
256.300,300.000,289.296,13.704,249.489,13.704,1,0,0
256.400,300.000,286.296,17.024,249.536,17.024,1,0,0
256.500,300.000,282.976,20.632,249.584,20.632,1,0,0
256.600,300.000,279.368,24.501,249.633,24.501,1,0,0
256.700,300.000,275.499,28.605,249.684,28.605,1,0,0
256.800,300.000,271.395,32.921,249.735,32.921,1,0,0
256.900,300.000,267.079,37.428,249.787,37.428,1,0,0
257.000,300.000,262.572,42.105,249.840,42.105,1,0,0
257.100,300.000,257.895,46.937,249.892,46.937,1,0,0
257.200,300.000,253.063,51.905,249.946,51.905,1,0,0
257.300,300.000,248.095,56.905,249.999,56.905,1,0,0
257.400,300.000,243.095,61.905,250.052,61.905,1,0,0
257.500,300.000,238.095,66.905,250.105,66.905,1,0,1
257.600,300.000,233.095,71.905,250.158,71.905,1,0,1
257.700,300.000,228.095,76.905,250.211,76.905,1,0,1
257.800,300.000,223.095,81.905,250.264,81.905,1,0,1
257.900,300.000,218.095,86.905,250.317,86.905,1,0,1
258.000,300.000,213.095,91.905,250.370,91.905,1,0,1
258.100,300.000,208.095,96.905,250.423,96.905,1,0,1
258.200,300.000,203.095,101.905,250.472,101.905,1,0,1
258.300,300.000,198.095,106.905,250.512,106.905,1,0,1
258.400,300.000,193.095,111.905,250.545,111.905,1,0,1
258.500,300.000,188.095,116.905,250.571,116.905,1,0,1
258.600,300.000,183.095,121.905,250.589,121.905,1,0,1
258.700,300.000,178.095,126.905,250.600,126.905,1,0,1
258.800,300.000,173.095,131.543,250.604,131.543,1,0,1
258.900,300.000,168.457,133.152,250.602,133.152,1,0,1
259.000,300.000,166.848,134.120,250.596,134.120,1,0,1
259.100,300.000,165.880,134.752,250.588,134.752,1,0,1
259.200,300.000,165.248,135.115,250.578,135.115,1,0,1
259.300,300.000,164.885,135.251,250.565,135.251,1,0,1
259.400,300.000,164.749,135.193,250.552,135.193,1,0,1
259.500,300.000,164.807,134.968,250.537,134.968,1,0,1
259.600,300.000,165.032,134.604,250.522,134.604,1,0,1
259.700,300.000,165.396,134.121,250.505,134.121,1,0,1
259.800,300.000,165.879,133.541,250.489,133.541,1,0,1
259.900,300.000,166.459,132.880,250.472,132.880,1,0,1
260.000,300.000,167.120,132.154,250.454,132.154,1,0,1
260.100,300.000,167.846,131.377,250.437,131.377,1,0,1
260.200,300.000,168.623,130.558,250.420,130.558,1,0,1
260.300,300.000,169.442,129.710,250.403,129.710,1,0,1
260.400,300.000,170.290,128.841,250.386,128.841,1,0,1
260.500,300.000,171.159,127.958,250.369,127.958,1,0,1
260.600,300.000,172.042,127.068,250.353,127.068,1,0,1
260.700,300.000,172.932,126.177,250.337,126.177,1,0,1
260.800,300.000,173.823,125.289,250.322,125.289,1,0,1
260.900,300.000,174.711,124.408,250.306,124.408,1,0,1
261.000,300.000,175.592,123.539,250.292,123.539,1,0,1
261.100,300.000,176.461,122.683,250.277,122.683,1,0,1
261.200,300.000,177.317,121.843,250.264,121.843,1,0,1
261.300,300.000,178.157,121.021,250.250,121.021,1,0,1
261.400,300.000,178.979,120.218,250.238,120.218,1,0,1
261.500,300.000,179.782,119.436,250.225,119.436,1,0,1
261.600,300.000,180.564,118.676,250.213,118.676,1,0,1
261.700,300.000,181.324,117.939,250.202,117.939,1,0,1
261.800,300.000,182.061,117.223,250.191,117.223,1,0,1
261.900,300.000,182.777,116.531,250.180,116.531,1,0,1
262.000,300.000,183.469,115.862,250.170,115.862,1,0,1
262.100,300.000,184.138,115.216,250.161,115.216,1,0,1
262.200,300.000,184.784,114.593,250.152,114.593,1,0,1
262.300,300.000,185.407,113.992,250.143,113.992,1,0,1
262.400,300.000,186.008,113.413,250.134,113.413,1,0,1
262.500,300.000,186.587,112.857,250.126,112.857,1,0,1
262.600,300.000,187.143,112.321,250.119,112.321,1,0,1
262.700,300.000,187.679,111.807,250.111,111.807,1,0,1
262.800,300.000,188.193,111.312,250.104,111.312,1,0,1
262.900,300.000,188.688,110.838,250.098,110.838,1,0,1
263.000,300.000,189.162,110.383,250.091,110.383,1,0,1
263.100,300.000,189.617,109.946,250.085,109.946,1,0,1
263.200,300.000,190.054,109.527,250.080,109.527,1,0,1
263.300,300.000,190.473,109.125,250.074,109.125,1,0,1
263.400,300.000,190.875,108.740,250.069,108.740,1,0,1
263.500,300.000,191.260,108.371,250.064,108.371,1,0,1
263.600,300.000,191.629,108.018,250.059,108.018,1,0,1
263.700,300.000,191.982,107.680,250.055,107.680,1,0,1
263.800,300.000,192.320,107.356,250.051,107.356,1,0,1
263.900,300.000,192.644,107.045,250.047,107.045,1,0,1
264.000,300.000,192.955,106.748,250.043,106.748,1,0,1
264.100,300.000,193.252,106.464,250.039,106.464,1,0,1
264.200,300.000,193.536,106.191,250.036,106.191,1,0,1
264.300,300.000,193.809,105.930,250.033,105.930,1,0,1
264.400,300.000,194.070,105.681,250.030,105.681,1,0,1
264.500,300.000,194.319,105.442,250.027,105.442,1,0,1
264.600,300.000,194.558,105.213,250.024,105.213,1,0,1
264.700,300.000,194.787,104.994,250.022,104.994,1,0,1
264.800,300.000,195.006,104.785,250.019,104.785,1,0,1
264.900,300.000,195.215,104.584,250.017,104.584,1,0,1
265.000,300.000,195.416,104.392,250.015,104.392,1,0,1
265.100,300.000,195.608,104.208,250.013,104.208,1,0,1
265.200,300.000,195.792,104.032,250.011,104.032,1,0,1
265.300,300.000,195.968,103.864,250.009,103.864,1,0,1
265.400,300.000,196.136,103.702,250.007,103.702,1,0,1
265.500,300.000,196.298,103.548,250.006,103.548,1,0,1
265.600,300.000,196.452,103.400,250.004,103.400,1,0,1
265.700,300.000,196.600,103.258,250.003,103.258,1,0,1
265.800,300.000,196.742,103.122,250.001,103.122,1,0,1
265.900,300.000,196.878,102.992,250.000,102.992,1,0,1
266.000,300.000,197.008,102.867,249.999,102.867,1,0,0
266.100,300.000,197.133,102.748,249.998,102.748,1,0,0
266.200,300.000,197.252,102.633,249.997,102.633,1,0,0
266.300,300.000,197.367,102.524,249.996,102.524,1,0,0
266.400,300.000,197.476,102.419,249.995,102.419,1,0,0
266.500,300.000,197.581,102.318,249.994,102.318,1,0,0
266.600,300.000,197.682,102.221,249.993,102.221,1,0,0
266.700,300.000,197.779,102.129,249.992,102.129,1,0,0
266.800,300.000,197.871,102.040,249.992,102.040,1,0,0
266.900,300.000,197.960,101.955,249.991,101.955,1,0,0
267.000,300.000,198.045,101.873,249.990,101.873,1,0,0
267.100,300.000,198.127,101.795,249.990,101.795,1,0,0
267.200,300.000,198.205,101.719,249.989,101.719,1,0,0
267.300,300.000,198.281,101.647,249.989,101.647,1,0,0
267.400,300.000,198.353,101.578,249.988,101.578,1,0,0
267.500,300.000,198.422,101.512,249.988,101.512,1,0,0
267.600,300.000,198.488,101.448,249.988,101.448,1,0,0
267.700,300.000,198.552,101.387,249.987,101.387,1,0,0
267.800,300.000,198.613,101.329,249.987,101.329,1,0,0
267.900,300.000,198.671,101.272,249.987,101.272,1,0,0
268.000,300.000,198.728,101.218,249.986,101.218,1,0,0
268.100,300.000,198.782,101.167,249.986,101.167,1,0,0
268.200,300.000,198.833,101.117,249.986,101.117,1,0,0
268.300,300.000,198.883,101.069,249.986,101.069,1,0,0
268.400,300.000,198.931,101.023,249.986,101.023,1,0,0
268.500,300.000,198.977,100.979,249.985,100.979,1,0,0
268.600,300.000,199.021,100.937,249.985,100.937,1,0,0
268.700,300.000,199.063,100.897,249.985,100.897,1,0,0
268.800,300.000,199.103,100.858,249.985,100.858,1,0,0
268.900,300.000,199.142,100.820,249.985,100.820,1,0,0
269.000,300.000,199.180,100.785,249.985,100.785,1,0,0
269.100,300.000,199.215,100.750,249.985,100.750,1,0,0
269.200,300.000,199.250,100.717,249.985,100.717,1,0,0
269.300,300.000,199.283,100.685,249.985,100.685,1,0,0
269.400,300.000,199.315,100.655,249.985,100.655,1,0,0
269.500,300.000,199.345,100.626,249.985,100.626,1,0,0
269.600,300.000,199.374,100.597,249.985,100.597,1,0,0
269.700,300.000,199.403,100.570,249.985,100.570,1,0,0
269.800,300.000,199.430,100.545,249.985,100.545,1,0,0
269.900,300.000,199.455,100.520,249.985,100.520,1,0,0
270.000,300.000,199.480,100.496,249.985,100.496,1,0,0
270.100,300.000,199.504,100.473,249.985,100.473,1,0,0
270.200,300.000,199.527,100.451,249.985,100.451,1,0,0
270.300,300.000,199.549,100.430,249.986,100.430,1,0,0
270.400,300.000,199.570,100.410,249.986,100.410,1,0,0
270.500,300.000,199.590,100.390,249.986,100.390,1,0,0
270.600,300.000,199.610,100.372,249.986,100.372,1,0,0
270.700,300.000,199.628,100.354,249.986,100.354,1,0,0
270.800,300.000,199.646,100.336,249.986,100.336,1,0,0
270.900,300.000,199.664,100.320,249.986,100.320,1,0,0
271.000,300.000,199.680,100.304,249.986,100.304,1,0,0
271.100,300.000,199.696,100.289,249.986,100.289,1,0,0
271.200,300.000,199.711,100.274,249.987,100.274,1,0,0
271.300,300.000,199.726,100.260,249.987,100.260,1,0,0
271.400,300.000,199.740,100.247,249.987,100.247,1,0,0
271.500,300.000,199.753,100.234,249.987,100.234,1,0,0
271.600,300.000,199.766,100.222,249.987,100.222,1,0,0
271.700,300.000,199.778,100.210,249.987,100.210,1,0,0
271.800,300.000,199.790,100.199,249.987,100.199,1,0,0
271.900,300.000,199.801,100.188,249.988,100.188,1,0,0
272.000,300.000,199.812,100.178,249.988,100.178,1,0,0
272.100,300.000,199.822,100.168,249.988,100.168,1,0,0
272.200,300.000,199.832,100.158,249.988,100.158,1,0,0
272.300,300.000,199.842,100.149,249.988,100.149,1,0,0
272.400,300.000,199.851,100.140,249.988,100.140,1,0,0
272.500,300.000,199.860,100.132,249.988,100.132,1,0,0
272.600,300.000,199.868,100.124,249.989,100.124,1,0,0
272.700,300.000,199.876,100.116,249.989,100.116,1,0,0
272.800,300.000,199.884,100.109,249.989,100.109,1,0,0
272.900,300.000,199.891,100.102,249.989,100.102,1,0,0
273.000,300.000,199.898,100.095,249.989,100.095,1,0,0
273.100,300.000,199.905,100.089,249.989,100.089,1,0,0
273.200,300.000,199.911,100.083,249.990,100.083,1,0,0
273.300,300.000,199.917,100.077,249.990,100.077,1,0,0
273.400,300.000,199.923,100.071,249.990,100.071,1,0,0
273.500,300.000,199.929,100.066,249.990,100.066,1,0,0
273.600,300.000,199.934,100.061,249.990,100.061,1,0,0
273.700,300.000,199.939,100.056,249.990,100.056,1,0,0
273.800,300.000,199.944,100.051,249.990,100.051,1,0,0
273.900,300.000,199.949,100.047,249.991,100.047,1,0,0
274.000,300.000,199.953,100.043,249.991,100.043,1,0,0
274.100,300.000,199.957,100.038,249.991,100.038,1,0,0
274.200,300.000,199.962,100.035,249.991,100.035,1,0,0
274.300,300.000,199.965,100.031,249.991,100.031,1,0,0
274.400,300.000,199.969,100.027,249.991,100.027,1,0,0
274.500,300.000,199.973,100.024,249.991,100.024,1,0,0
274.600,300.000,199.976,100.021,249.992,100.021,1,0,0
274.700,300.000,199.979,100.018,249.992,100.018,1,0,0
274.800,300.000,199.982,100.015,249.992,100.015,1,0,0
274.900,300.000,199.985,100.012,249.992,100.012,1,0,0
275.000,300.000,199.988,100.010,249.992,100.010,1,0,0
275.100,300.000,199.990,100.007,249.992,100.007,1,0,0
275.200,300.000,199.993,100.005,249.992,100.005,1,0,0
275.300,300.000,199.995,100.003,249.993,100.003,1,0,0
275.400,300.000,199.997,100.001,249.993,100.001,1,0,0
275.500,300.000,199.999,99.999,249.993,99.999,1,0,0
275.600,300.000,200.001,99.997,249.993,99.997,1,0,0
275.700,300.000,200.003,99.995,249.993,99.995,1,0,0
275.800,300.000,200.005,99.994,249.993,99.994,1,0,0
275.900,300.000,200.006,99.992,249.993,99.992,1,0,0
276.000,300.000,200.008,99.991,249.993,99.991,1,0,0
276.100,300.000,200.009,99.989,249.994,99.989,1,0,0
276.200,300.000,200.011,99.988,249.994,99.988,1,0,0
276.300,300.000,200.012,99.987,249.994,99.987,1,0,0
276.400,300.000,200.013,99.985,249.994,99.985,1,0,0
276.500,300.000,200.015,99.984,249.994,99.984,1,0,0
276.600,300.000,200.016,99.983,249.994,99.983,1,0,0
276.700,300.000,200.017,99.982,249.994,99.982,1,0,0
276.800,300.000,200.018,99.982,249.994,99.982,1,0,0
276.900,300.000,200.018,99.981,249.994,99.981,1,0,0
277.000,300.000,200.019,99.980,249.995,99.980,1,0,0
277.100,300.000,200.020,99.979,249.995,99.979,1,0,0
277.200,300.000,200.021,99.979,249.995,99.979,1,0,0
277.300,300.000,200.021,99.978,249.995,99.978,1,0,0
277.400,300.000,200.022,99.977,249.995,99.977,1,0,0
277.500,300.000,200.023,99.977,249.995,99.977,1,0,0
277.600,300.000,200.023,99.977,249.995,99.977,1,0,0
277.700,300.000,200.023,99.976,249.995,99.976,1,0,0
277.800,300.000,200.024,99.976,249.995,99.976,1,0,0
277.900,300.000,200.024,99.975,249.995,99.975,1,0,0
278.000,300.000,200.025,99.975,249.996,99.975,1,0,0
278.100,300.000,200.025,99.975,249.996,99.975,1,0,0
278.200,300.000,200.025,99.975,249.996,99.975,1,0,0
278.300,300.000,200.025,99.974,249.996,99.974,1,0,0
278.400,300.000,200.026,99.974,249.996,99.974,1,0,0
278.500,300.000,200.026,99.974,249.996,99.974,1,0,0
278.600,300.000,200.026,99.974,249.996,99.974,1,0,0
278.700,300.000,200.026,99.974,249.996,99.974,1,0,0
278.800,300.000,200.026,99.974,249.996,99.974,1,0,0
278.900,300.000,200.026,99.974,249.996,99.974,1,0,0
279.000,300.000,200.026,99.974,249.996,99.974,1,0,0
279.100,300.000,200.026,99.974,249.996,99.974,1,0,0
279.200,300.000,200.026,99.974,249.996,99.974,1,0,0
279.300,300.000,200.026,99.974,249.997,99.974,1,0,0
279.400,300.000,200.026,99.974,249.997,99.974,1,0,0
279.500,300.000,200.026,99.974,249.997,99.974,1,0,0
279.600,300.000,200.026,99.974,249.997,99.974,1,0,0
279.700,300.000,200.026,99.974,249.997,99.974,1,0,0
279.800,300.000,200.026,99.974,249.997,99.974,1,0,0
279.900,300.000,200.026,99.974,249.997,99.974,1,0,0
280.000,300.000,200.026,99.974,249.997,99.974,1,0,0
280.100,300.000,200.026,99.975,249.997,99.975,1,0,0
280.200,300.000,200.025,99.975,249.997,99.975,1,0,0
280.300,300.000,200.025,99.975,249.997,99.975,1,0,0
280.400,300.000,200.025,99.975,249.997,99.975,1,0,0
280.500,300.000,200.025,99.975,249.997,99.975,1,0,0
280.600,300.000,200.025,99.976,249.997,99.976,1,0,0
280.700,300.000,200.024,99.976,249.997,99.976,1,0,0
280.800,300.000,200.024,99.976,249.997,99.976,1,0,0
280.900,300.000,200.024,99.976,249.998,99.976,1,0,0
281.000,300.000,200.024,99.976,249.998,99.976,1,0,0
281.100,300.000,200.024,99.977,249.998,99.977,1,0,0
281.200,300.000,200.023,99.977,249.998,99.977,1,0,0
281.300,300.000,200.023,99.977,249.998,99.977,1,0,0
281.400,300.000,200.023,99.977,249.998,99.977,1,0,0
281.500,300.000,200.023,99.978,249.998,99.978,1,0,0
281.600,300.000,200.022,99.978,249.998,99.978,1,0,0
281.700,300.000,200.022,99.978,249.998,99.978,1,0,0
281.800,300.000,200.022,99.978,249.998,99.978,1,0,0
281.900,300.000,200.022,99.979,249.998,99.979,1,0,0
282.000,300.000,200.021,99.979,249.998,99.979,1,0,0
282.100,300.000,200.021,99.979,249.998,99.979,1,0,0
282.200,300.000,200.021,99.979,249.998,99.979,1,0,0
282.300,300.000,200.021,99.980,249.998,99.980,1,0,0
282.400,300.000,200.020,99.980,249.998,99.980,1,0,0
282.500,300.000,200.020,99.980,249.998,99.980,1,0,0
282.600,300.000,200.020,99.980,249.998,99.980,1,0,0
282.700,300.000,200.020,99.981,249.998,99.981,1,0,0
282.800,300.000,200.019,99.981,249.998,99.981,1,0,0
282.900,300.000,200.019,99.981,249.998,99.981,1,0,0
283.000,300.000,200.019,99.982,249.998,99.982,1,0,0
283.100,300.000,200.018,99.982,249.998,99.982,1,0,0
283.200,300.000,200.018,99.982,249.998,99.982,1,0,0
283.300,300.000,200.018,99.982,249.999,99.982,1,0,0
283.400,300.000,200.018,99.983,249.999,99.983,1,0,0
283.500,300.000,200.017,99.983,249.999,99.983,1,0,0
283.600,300.000,200.017,99.983,249.999,99.983,1,0,0
283.700,300.000,200.017,99.983,249.999,99.983,1,0,0
283.800,300.000,200.017,99.984,249.999,99.984,1,0,0
283.900,300.000,200.016,99.984,249.999,99.984,1,0,0
284.000,300.000,200.016,99.984,249.999,99.984,1,0,0
284.100,300.000,200.016,99.984,249.999,99.984,1,0,0
284.200,300.000,200.016,99.985,249.999,99.985,1,0,0
284.300,300.000,200.015,99.985,249.999,99.985,1,0,0
284.400,300.000,200.015,99.985,249.999,99.985,1,0,0
284.500,300.000,200.015,99.985,249.999,99.985,1,0,0
284.600,300.000,200.015,99.986,249.999,99.986,1,0,0
284.700,300.000,200.014,99.986,249.999,99.986,1,0,0
284.800,300.000,200.014,99.986,249.999,99.986,1,0,0
284.900,300.000,200.014,99.986,249.999,99.986,1,0,0
285.000,300.000,200.014,99.987,249.999,99.987,1,0,0
285.100,300.000,200.013,99.987,249.999,99.987,1,0,0
285.200,300.000,200.013,99.987,249.999,99.987,1,0,0
285.300,300.000,200.013,99.987,249.999,99.987,1,0,0
285.400,300.000,200.013,99.987,249.999,99.987,1,0,0
285.500,300.000,200.013,99.988,249.999,99.988,1,0,0
285.600,300.000,200.012,99.988,249.999,99.988,1,0,0
285.700,300.000,200.012,99.988,249.999,99.988,1,0,0
285.800,300.000,200.012,99.988,249.999,99.988,1,0,0
285.900,300.000,200.012,99.989,249.999,99.989,1,0,0
286.000,300.000,200.011,99.989,249.999,99.989,1,0,0
286.100,300.000,200.011,99.989,249.999,99.989,1,0,0
286.200,300.000,200.011,99.989,249.999,99.989,1,0,0
286.300,300.000,200.011,99.989,249.999,99.989,1,0,0
286.400,300.000,200.011,99.990,249.999,99.990,1,0,0
286.500,300.000,200.010,99.990,249.999,99.990,1,0,0
286.600,300.000,200.010,99.990,249.999,99.990,1,0,0
286.700,300.000,200.010,99.990,249.999,99.990,1,0,0
286.800,300.000,200.010,99.990,249.999,99.990,1,0,0
286.900,300.000,200.010,99.990,249.999,99.990,1,0,0
287.000,300.000,200.010,99.991,249.999,99.991,1,0,0
287.100,300.000,200.009,99.991,249.999,99.991,1,0,0
287.200,300.000,200.009,99.991,249.999,99.991,1,0,0
287.300,300.000,200.009,99.991,249.999,99.991,1,0,0
287.400,300.000,200.009,99.991,249.999,99.991,1,0,0
287.500,300.000,200.009,99.991,249.999,99.991,1,0,0
287.600,300.000,200.009,99.992,249.999,99.992,1,0,0
287.700,300.000,200.008,99.992,249.999,99.992,1,0,0
287.800,300.000,200.008,99.992,249.999,99.992,1,0,0
287.900,300.000,200.008,99.992,249.999,99.992,1,0,0
288.000,300.000,200.008,99.992,249.999,99.992,1,0,0
288.100,300.000,200.008,99.992,249.999,99.992,1,0,0
288.200,300.000,200.008,99.993,250.000,99.993,1,0,0
288.300,300.000,200.007,99.993,250.000,99.993,1,0,0
288.400,300.000,200.007,99.993,250.000,99.993,1,0,0
288.500,300.000,200.007,99.993,250.000,99.993,1,0,0
288.600,300.000,200.007,99.993,250.000,99.993,1,0,0
288.700,300.000,200.007,99.993,250.000,99.993,1,0,0
288.800,300.000,200.007,99.993,250.000,99.993,1,0,0
288.900,300.000,200.007,99.994,250.000,99.994,1,0,0
289.000,300.000,200.006,99.994,250.000,99.994,1,0,0
289.100,300.000,200.006,99.994,250.000,99.994,1,0,0
289.200,300.000,200.006,99.994,250.000,99.994,1,0,0
289.300,300.000,200.006,99.994,250.000,99.994,1,0,0
289.400,300.000,200.006,99.994,250.000,99.994,1,0,0
289.500,300.000,200.006,99.994,250.000,99.994,1,0,0
289.600,300.000,200.006,99.994,250.000,99.994,1,0,0
289.700,300.000,200.006,99.995,250.000,99.995,1,0,0
289.800,300.000,200.005,99.995,250.000,99.995,1,0,0
289.900,300.000,200.005,99.995,250.000,99.995,1,0,0
290.000,300.000,200.005,99.995,250.000,99.995,1,0,0
290.100,300.000,200.005,99.995,250.000,99.995,1,0,0
290.200,300.000,200.005,99.995,250.000,99.995,1,0,0
290.300,300.000,200.005,99.995,250.000,99.995,1,0,0
290.400,300.000,200.005,99.995,250.000,99.995,1,0,0
290.500,300.000,200.005,99.995,250.000,99.995,1,0,0
290.600,300.000,200.005,99.995,250.000,99.995,1,0,0
290.700,300.000,200.005,99.996,250.000,99.996,1,0,0
290.800,300.000,200.004,99.996,250.000,99.996,1,0,0
290.900,300.000,200.004,99.996,250.000,99.996,1,0,0
291.000,300.000,200.004,99.996,250.000,99.996,1,0,0
291.100,300.000,200.004,99.996,250.000,99.996,1,0,0
291.200,300.000,200.004,99.996,250.000,99.996,1,0,0
291.300,300.000,200.004,99.996,250.000,99.996,1,0,0
291.400,300.000,200.004,99.996,250.000,99.996,1,0,0
291.500,300.000,200.004,99.996,250.000,99.996,1,0,0
291.600,300.000,200.004,99.996,250.000,99.996,1,0,0
291.700,300.000,200.004,99.996,250.000,99.996,1,0,0
291.800,300.000,200.004,99.996,250.000,99.996,1,0,0
291.900,300.000,200.004,99.997,250.000,99.997,1,0,0
292.000,300.000,200.003,99.997,250.000,99.997,1,0,0
292.100,300.000,200.003,99.997,250.000,99.997,1,0,0
292.200,300.000,200.003,99.997,250.000,99.997,1,0,0
292.300,300.000,200.003,99.997,250.000,99.997,1,0,0
292.400,300.000,200.003,99.997,250.000,99.997,1,0,0
292.500,300.000,200.003,99.997,250.000,99.997,1,0,0
292.600,300.000,200.003,99.997,250.000,99.997,1,0,0
292.700,300.000,200.003,99.997,250.000,99.997,1,0,0
292.800,300.000,200.003,99.997,250.000,99.997,1,0,0
292.900,300.000,200.003,99.997,250.000,99.997,1,0,0
293.000,300.000,200.003,99.997,250.000,99.997,1,0,0
293.100,300.000,200.003,99.997,250.000,99.997,1,0,0
293.200,300.000,200.003,99.997,250.000,99.997,1,0,0
293.300,300.000,200.003,99.997,250.000,99.997,1,0,0
293.400,300.000,200.003,99.998,250.000,99.998,1,0,0
293.500,300.000,200.002,99.998,250.000,99.998,1,0,0
293.600,300.000,200.002,99.998,250.000,99.998,1,0,0
293.700,300.000,200.002,99.998,250.000,99.998,1,0,0
293.800,300.000,200.002,99.998,250.000,99.998,1,0,0
293.900,300.000,200.002,99.998,250.000,99.998,1,0,0
294.000,300.000,200.002,99.998,250.000,99.998,1,0,0
294.100,300.000,200.002,99.998,250.000,99.998,1,0,0
294.200,300.000,200.002,99.998,250.000,99.998,1,0,0
294.300,300.000,200.002,99.998,250.000,99.998,1,0,0
294.400,300.000,200.002,99.998,250.000,99.998,1,0,0
294.500,300.000,200.002,99.998,250.000,99.998,1,0,0
294.600,300.000,200.002,99.998,250.000,99.998,1,0,0
294.700,300.000,200.002,99.998,250.000,99.998,1,0,0
294.800,300.000,200.002,99.998,250.000,99.998,1,0,0
294.900,300.000,200.002,99.998,250.000,99.998,1,0,0
295.000,300.000,200.002,99.998,250.000,99.998,1,0,0
295.100,300.000,200.002,99.998,250.000,99.998,1,0,0
295.200,300.000,200.002,99.998,250.000,99.998,1,0,0
295.300,300.000,200.002,99.998,250.000,99.998,1,0,0
295.400,300.000,200.002,99.998,250.000,99.998,1,0,0
295.500,300.000,200.002,99.998,250.000,99.998,1,0,0
295.600,300.000,200.002,99.998,250.000,99.998,1,0,0
295.700,300.000,200.002,99.999,250.000,99.999,1,0,0
295.800,300.000,200.001,99.999,250.000,99.999,1,0,0
295.900,300.000,200.001,99.999,250.000,99.999,1,0,0
296.000,300.000,200.001,99.999,250.000,99.999,1,0,0
296.100,300.000,200.001,99.999,250.000,99.999,1,0,0
296.200,300.000,200.001,99.999,250.000,99.999,1,0,0
296.300,300.000,200.001,99.999,250.000,99.999,1,0,0
296.400,300.000,200.001,99.999,250.000,99.999,1,0,0
296.500,300.000,200.001,99.999,250.000,99.999,1,0,0
296.600,300.000,200.001,99.999,250.000,99.999,1,0,0
296.700,300.000,200.001,99.999,250.000,99.999,1,0,0
296.800,300.000,200.001,99.999,250.000,99.999,1,0,0
296.900,300.000,200.001,99.999,250.000,99.999,1,0,0
297.000,300.000,200.001,99.999,250.000,99.999,1,0,0
297.100,300.000,200.001,99.999,250.000,99.999,1,0,0
297.200,300.000,200.001,99.999,250.000,99.999,1,0,0
297.300,300.000,200.001,99.999,250.000,99.999,1,0,0
297.400,300.000,200.001,99.999,250.000,99.999,1,0,0
297.500,300.000,200.001,99.999,250.000,99.999,1,0,0
297.600,300.000,200.001,99.999,250.000,99.999,1,0,0
297.700,300.000,200.001,99.999,250.000,99.999,1,0,0
297.800,300.000,200.001,99.999,250.000,99.999,1,0,0
297.900,300.000,200.001,99.999,250.000,99.999,1,0,0
298.000,300.000,200.001,99.999,250.000,99.999,1,0,0
298.100,300.000,200.001,99.999,250.000,99.999,1,0,0
298.200,300.000,200.001,99.999,250.000,99.999,1,0,0
298.300,300.000,200.001,99.999,250.000,99.999,1,0,0
298.400,300.000,200.001,99.999,250.000,99.999,1,0,0
298.500,300.000,200.001,99.999,250.000,99.999,1,0,0
298.600,300.000,200.001,99.999,250.000,99.999,1,0,0
298.700,300.000,200.001,99.999,250.000,99.999,1,0,0
298.800,300.000,200.001,99.999,250.000,99.999,1,0,0
298.900,300.000,200.001,99.999,250.000,99.999,1,0,0
299.000,300.000,200.001,99.999,250.000,99.999,1,0,0
299.100,300.000,200.001,99.999,250.000,99.999,1,0,0
299.200,300.000,200.001,99.999,250.000,99.999,1,0,0
299.300,300.000,200.001,99.999,250.000,99.999,1,0,0
299.400,300.000,200.001,99.999,250.000,99.999,1,0,0
299.500,300.000,200.001,99.999,250.000,99.999,1,0,0
299.600,300.000,200.001,99.999,250.000,99.999,1,0,0
299.700,300.000,200.001,99.999,250.000,99.999,1,0,0
299.800,300.000,200.001,99.999,250.000,99.999,1,0,0
299.900,300.000,200.001,99.999,250.000,99.999,1,0,0
300.000,300.000,200.001,99.999,250.000,99.999,1,0,0
300.100,300.000,200.001,99.999,250.000,99.999,1,0,0
300.200,300.000,200.001,99.999,250.000,99.999,1,0,0
300.300,300.000,200.001,99.999,250.000,99.999,1,0,0
300.400,300.000,200.001,99.999,250.000,99.999,1,0,0
300.500,300.000,200.001,100.000,250.000,100.000,1,0,0
300.600,300.000,200.000,100.000,250.000,100.000,1,0,0
300.700,300.000,200.000,100.000,250.000,100.000,1,0,0
300.800,300.000,200.000,100.000,250.000,100.000,1,0,0
300.900,300.000,200.000,100.000,250.000,100.000,1,0,0
301.000,300.000,200.000,100.000,250.000,100.000,1,0,0
301.100,300.000,200.000,100.000,250.000,100.000,1,0,0
301.200,300.000,200.000,100.000,250.000,100.000,1,0,0
301.300,300.000,200.000,100.000,250.000,100.000,1,0,0
301.400,300.000,200.000,100.000,250.000,100.000,1,0,0
301.500,300.000,200.000,100.000,250.000,100.000,1,0,0
301.600,300.000,200.000,100.000,250.000,100.000,1,0,0
301.700,300.000,200.000,100.000,250.000,100.000,1,0,0
301.800,300.000,200.000,100.000,250.000,100.000,1,0,0
301.900,300.000,200.000,100.000,250.000,100.000,1,0,0
302.000,300.000,200.000,100.000,250.000,100.000,1,0,0
302.100,300.000,200.000,100.000,250.000,100.000,1,0,0
302.200,300.000,200.000,100.000,250.000,100.000,1,0,0
302.300,300.000,200.000,100.000,250.000,100.000,1,0,0
302.400,300.000,200.000,100.000,250.000,100.000,1,0,0
302.500,300.000,200.000,100.000,250.000,100.000,1,0,0
302.600,300.000,200.000,100.000,250.000,100.000,1,0,0
302.700,300.000,200.000,100.000,250.000,100.000,1,0,0
302.800,300.000,200.000,100.000,250.000,100.000,1,0,0
302.900,300.000,200.000,100.000,250.000,100.000,1,0,0
303.000,300.000,200.000,100.000,250.000,100.000,1,0,0
303.100,300.000,200.000,100.000,250.000,100.000,1,0,0
303.200,300.000,200.000,100.000,250.000,100.000,1,0,0
303.300,300.000,200.000,100.000,250.000,100.000,1,0,0
303.400,300.000,200.000,100.000,250.000,100.000,1,0,0
303.500,300.000,200.000,100.000,250.000,100.000,1,0,0
303.600,300.000,200.000,100.000,250.000,100.000,1,0,0
303.700,300.000,200.000,100.000,250.000,100.000,1,0,0
303.800,300.000,200.000,100.000,250.000,100.000,1,0,0
303.900,300.000,200.000,100.000,250.000,100.000,1,0,0
304.000,300.000,200.000,100.000,250.000,100.000,1,0,0
304.100,300.000,200.000,100.000,250.000,100.000,1,0,0
304.200,300.000,200.000,100.000,250.000,100.000,1,0,0
304.300,300.000,200.000,100.000,250.000,100.000,1,0,0
304.400,300.000,200.000,100.000,250.000,100.000,1,0,0
304.500,300.000,200.000,100.000,250.000,100.000,1,0,0
304.600,300.000,200.000,100.000,250.000,100.000,1,0,0
304.700,300.000,200.000,100.000,250.000,100.000,1,0,0
304.800,300.000,200.000,100.000,250.000,100.000,1,0,0
304.900,300.000,200.000,100.000,250.000,100.000,1,0,0
305.000,300.000,200.000,100.000,250.000,100.000,1,0,0
305.100,300.000,200.000,100.000,250.000,100.000,1,0,0
305.200,300.000,200.000,100.000,250.000,100.000,1,0,0
305.300,300.000,200.000,100.000,249.990,100.000,1,0,0
305.400,300.000,200.000,99.000,249.970,99.000,1,0,0
305.500,300.000,201.000,96.960,249.941,96.960,1,0,0
305.600,300.000,203.040,94.039,249.906,94.039,1,0,0
305.700,300.000,205.961,90.410,249.866,90.410,1,0,0
305.800,300.000,209.590,86.224,249.823,86.224,1,0,0
305.900,300.000,213.776,81.615,249.777,81.615,1,0,0
306.000,300.000,218.385,76.696,249.730,76.696,1,0,0
306.100,300.000,223.304,71.566,249.683,71.566,1,0,0
306.200,300.000,228.434,66.308,249.636,66.308,1,0,0
306.300,300.000,233.692,60.992,249.590,60.992,1,0,0
306.400,300.000,239.008,55.677,249.546,55.677,1,0,0
306.500,300.000,244.323,50.413,249.503,50.413,1,0,0
306.600,300.000,249.587,45.241,249.463,45.241,1,0,0
306.700,300.000,254.759,40.194,249.424,40.194,1,0,0
306.800,300.000,259.806,35.298,249.389,35.298,1,0,0
306.900,300.000,264.702,30.576,249.356,30.576,1,0,0
307.000,300.000,269.424,26.043,249.325,26.043,1,0,0
307.100,300.000,273.957,21.711,249.299,21.711,1,0,0
307.200,300.000,278.289,17.757,249.277,17.757,1,0,0
307.300,300.000,282.243,14.185,249.260,14.185,1,0,0
307.400,300.000,285.815,10.964,249.246,10.964,1,0,0
307.500,300.000,289.036,8.065,249.235,8.065,1,0,0
307.600,300.000,291.935,5.459,249.227,5.459,1,0,0
307.700,300.000,294.541,3.122,249.221,3.122,1,0,0
307.800,300.000,296.878,1.029,249.218,1.029,1,0,0
307.900,300.000,298.971,0.000,249.217,0.000,1,0,0
308.000,300.000,300.000,0.000,249.217,0.000,1,0,0
308.100,300.000,300.000,0.000,249.217,0.000,1,0,0
308.200,300.000,300.000,0.000,249.217,0.000,1,0,0
308.300,300.000,300.000,0.000,249.217,0.000,1,0,0
308.400,300.000,300.000,0.000,249.217,0.000,1,0,0
308.500,300.000,300.000,0.000,249.217,0.000,1,0,0
308.600,300.000,300.000,0.000,249.217,0.000,1,0,0
308.700,300.000,300.000,0.000,249.217,0.000,1,0,0
308.800,300.000,300.000,0.000,249.217,0.000,1,0,0
308.900,300.000,300.000,0.000,249.217,0.000,1,0,0
309.000,300.000,300.000,0.000,249.217,0.000,1,0,0
309.100,300.000,300.000,0.000,249.217,0.000,1,0,0
309.200,300.000,300.000,0.000,249.217,0.000,1,0,0
309.300,300.000,300.000,0.000,249.217,0.000,1,0,0
309.400,300.000,300.000,0.000,249.217,0.000,1,0,0
309.500,300.000,300.000,0.000,249.217,0.000,1,0,0
309.600,300.000,300.000,0.000,249.217,0.000,1,0,0
309.700,300.000,300.000,0.000,249.217,0.000,1,0,0
309.800,300.000,300.000,0.000,249.217,0.000,1,0,0
309.900,300.000,300.000,0.000,249.217,0.000,1,0,0
310.000,300.000,300.000,0.000,249.217,0.000,1,0,0
310.100,300.000,300.000,0.000,249.217,0.000,1,0,0
310.200,300.000,300.000,0.000,249.217,0.000,1,0,0
310.300,300.000,300.000,0.000,249.217,0.000,1,0,0
310.400,300.000,300.000,0.000,249.217,0.000,1,0,0
310.500,300.000,300.000,0.000,249.217,0.000,1,0,0
310.600,300.000,300.000,0.000,249.217,0.000,1,0,0
310.700,300.000,300.000,0.000,249.217,0.000,1,0,0
310.800,300.000,300.000,0.000,249.217,0.000,1,0,0
310.900,300.000,300.000,0.000,249.217,0.000,1,0,0
311.000,300.000,300.000,0.000,249.217,0.000,1,0,0
311.100,300.000,300.000,0.000,249.217,0.000,1,0,0
311.200,300.000,300.000,0.000,249.217,0.000,1,0,0
311.300,300.000,300.000,0.000,249.217,0.000,1,0,0
311.400,300.000,300.000,0.000,249.217,0.000,1,0,0
311.500,300.000,300.000,0.000,249.217,0.000,1,0,0
311.600,300.000,300.000,0.000,249.217,0.000,1,0,0
311.700,300.000,300.000,0.000,249.217,0.000,1,0,0
311.800,300.000,300.000,0.000,249.217,0.000,1,0,0
311.900,300.000,300.000,0.000,249.217,0.000,1,0,0
312.000,300.000,300.000,0.000,249.217,0.000,1,0,0
312.100,300.000,300.000,0.000,249.217,0.000,1,0,0
312.200,300.000,300.000,0.000,249.217,0.000,1,0,0
312.300,300.000,300.000,0.000,249.217,0.000,1,0,0
312.400,300.000,300.000,0.000,249.217,0.000,1,0,0
312.500,300.000,300.000,0.000,249.217,0.000,1,0,0
312.600,300.000,300.000,0.000,249.217,0.000,1,0,0
312.700,300.000,300.000,0.000,249.217,0.000,1,0,0
312.800,300.000,300.000,0.000,249.217,0.000,1,0,0
312.900,300.000,300.000,0.000,249.217,0.000,1,0,0
313.000,300.000,300.000,0.000,249.217,0.000,1,0,0
313.100,300.000,300.000,0.000,249.217,0.000,1,0,0
313.200,300.000,300.000,0.000,249.217,0.000,1,0,0
313.300,300.000,300.000,0.000,249.217,0.000,1,0,0
313.400,300.000,300.000,0.000,249.217,0.000,1,0,0
313.500,300.000,300.000,0.000,249.217,0.000,1,0,0
313.600,300.000,300.000,0.000,249.217,0.000,1,0,0
313.700,300.000,300.000,0.000,249.217,0.000,1,0,0
313.800,300.000,300.000,0.000,249.217,0.000,1,0,0
313.900,300.000,300.000,0.000,249.217,0.000,1,0,0
314.000,300.000,300.000,0.000,249.217,0.000,1,0,0
314.100,300.000,300.000,0.000,249.217,0.000,1,0,0
314.200,300.000,300.000,0.000,249.217,0.000,1,0,0
314.300,300.000,300.000,0.000,249.217,0.000,1,0,0
314.400,300.000,300.000,0.000,249.217,0.000,1,0,0
314.500,300.000,300.000,0.000,249.217,0.000,1,0,0
314.600,300.000,300.000,0.000,249.217,0.000,1,0,0
314.700,300.000,300.000,0.000,249.217,0.000,1,0,0
314.800,300.000,300.000,0.000,249.217,0.000,1,0,0
314.900,300.000,300.000,0.000,249.217,0.000,1,0,0
315.000,300.000,300.000,0.000,249.217,0.000,1,0,0
315.100,300.000,300.000,0.000,249.217,0.000,1,0,0
315.200,300.000,300.000,0.000,249.217,0.000,1,0,0
315.300,300.000,300.000,0.000,249.217,0.000,1,0,0
315.400,300.000,300.000,0.000,249.217,0.000,1,0,0
315.500,300.000,300.000,0.000,249.217,0.000,1,0,0
315.600,300.000,300.000,0.000,249.217,0.000,1,0,0
315.700,300.000,300.000,0.000,249.217,0.000,1,0,0
315.800,300.000,300.000,0.000,249.217,0.000,1,0,0
315.900,300.000,300.000,0.000,249.217,0.000,1,0,0
316.000,300.000,300.000,0.000,249.217,0.000,1,0,0
316.100,300.000,300.000,0.000,249.217,0.000,1,0,0
316.200,300.000,300.000,0.000,249.217,0.000,1,0,0
316.300,300.000,300.000,0.000,249.217,0.000,1,0,0
316.400,300.000,300.000,0.000,249.217,0.000,1,0,0
316.500,300.000,300.000,0.000,249.217,0.000,1,0,0
316.600,300.000,300.000,0.000,249.217,0.000,1,0,0
316.700,300.000,300.000,0.000,249.217,0.000,1,0,0
316.800,300.000,300.000,0.000,249.217,0.000,1,0,0
316.900,300.000,300.000,0.000,249.217,0.000,1,0,0
317.000,300.000,300.000,0.000,249.217,0.000,1,0,0
317.100,300.000,300.000,0.000,249.217,0.000,1,0,0
317.200,300.000,300.000,0.000,249.217,0.000,1,0,0
317.300,300.000,300.000,0.000,249.217,0.000,1,0,0
317.400,300.000,300.000,0.000,249.217,0.000,1,0,0
317.500,300.000,300.000,0.000,249.217,0.000,1,0,0
317.600,300.000,300.000,0.000,249.217,0.000,1,0,0
317.700,300.000,300.000,0.000,249.217,0.000,1,0,0
317.800,300.000,300.000,0.000,249.217,0.000,1,0,0
317.900,300.000,300.000,0.000,249.217,0.000,1,0,0
318.000,300.000,300.000,0.000,249.217,0.000,1,0,0
318.100,300.000,300.000,0.000,249.217,0.000,1,0,0
318.200,300.000,300.000,0.000,249.217,0.000,1,0,0
318.300,300.000,300.000,0.000,249.217,0.000,1,0,0
318.400,300.000,300.000,0.000,249.217,0.000,1,0,0
318.500,300.000,300.000,0.000,249.217,0.000,1,0,0
318.600,300.000,300.000,0.000,249.217,0.000,1,0,0
318.700,300.000,300.000,0.000,249.217,0.000,1,0,0
318.800,300.000,300.000,0.000,249.217,0.000,1,0,0
318.900,300.000,300.000,0.000,249.217,0.000,1,0,0
319.000,300.000,300.000,0.000,249.217,0.000,1,0,0
319.100,300.000,300.000,0.000,249.217,0.000,1,0,0
319.200,300.000,300.000,0.000,249.217,0.000,1,0,0
319.300,300.000,300.000,0.000,249.217,0.000,1,0,0
319.400,300.000,300.000,0.000,249.217,0.000,1,0,0
319.500,300.000,300.000,0.000,249.217,0.000,1,0,0
319.600,300.000,300.000,0.000,249.217,0.000,1,0,0
319.700,300.000,300.000,0.000,249.217,0.000,1,0,0
319.800,300.000,300.000,0.000,249.217,0.000,1,0,0
319.900,300.000,300.000,0.000,249.217,0.000,1,0,0
320.000,300.000,300.000,0.000,249.217,0.000,1,0,0
320.100,300.000,300.000,0.000,249.217,0.000,1,0,0
320.200,300.000,300.000,0.000,249.217,0.000,1,0,0
320.300,300.000,300.000,0.000,249.217,0.000,1,0,0
320.400,300.000,300.000,0.000,249.217,0.000,1,0,0
320.500,300.000,300.000,0.000,249.217,0.000,1,0,0
320.600,300.000,300.000,0.000,249.217,0.000,1,0,0
320.700,300.000,300.000,0.000,249.217,0.000,1,0,0
320.800,300.000,300.000,0.000,249.217,0.000,1,0,0
320.900,300.000,300.000,0.000,249.217,0.000,1,0,0
321.000,300.000,300.000,0.000,249.217,0.000,1,0,0
321.100,300.000,300.000,0.000,249.217,0.000,1,0,0
321.200,300.000,300.000,0.000,249.217,0.000,1,0,0
321.300,300.000,300.000,0.000,249.217,0.000,1,0,0
321.400,300.000,300.000,0.000,249.217,0.000,1,0,0
321.500,300.000,300.000,0.000,249.217,0.000,1,0,0
321.600,300.000,300.000,0.000,249.217,0.000,1,0,0
321.700,300.000,300.000,0.000,249.217,0.000,1,0,0
321.800,300.000,300.000,0.000,249.217,0.000,1,0,0
321.900,300.000,300.000,0.000,249.217,0.000,1,0,0
322.000,300.000,300.000,0.000,249.217,0.000,1,0,0
322.100,300.000,300.000,0.000,249.217,0.000,1,0,0
322.200,300.000,300.000,0.000,249.217,0.000,1,0,0
322.300,300.000,300.000,0.000,249.217,0.000,1,0,0
322.400,300.000,300.000,0.000,249.217,0.000,1,0,0
322.500,300.000,300.000,0.000,249.217,0.000,1,0,0
322.600,300.000,300.000,0.000,249.217,0.000,1,0,0
322.700,300.000,300.000,0.000,249.217,0.000,1,0,0
322.800,300.000,300.000,0.000,249.217,0.000,1,0,0
322.900,300.000,300.000,0.000,249.217,0.000,1,0,0
323.000,300.000,300.000,0.000,249.217,0.000,1,0,0
323.100,300.000,300.000,0.000,249.217,0.000,1,0,0
323.200,300.000,300.000,0.000,249.217,0.000,1,0,0
323.300,300.000,300.000,0.000,249.217,0.000,1,0,0
323.400,300.000,300.000,0.000,249.217,0.000,1,0,0
323.500,300.000,300.000,0.000,249.217,0.000,1,0,0
323.600,300.000,300.000,0.000,249.217,0.000,1,0,0
323.700,300.000,300.000,0.000,249.217,0.000,1,0,0
323.800,300.000,300.000,0.000,249.217,0.000,1,0,0
323.900,300.000,300.000,0.000,249.217,0.000,1,0,0
324.000,300.000,300.000,0.000,249.217,0.000,1,0,0
324.100,300.000,300.000,0.000,249.217,0.000,1,0,0
324.200,300.000,300.000,0.000,249.217,0.000,1,0,0
324.300,300.000,300.000,0.000,249.217,0.000,1,0,0
324.400,300.000,300.000,0.000,249.217,0.000,1,0,0
324.500,300.000,300.000,0.000,249.217,0.000,1,0,0
324.600,300.000,300.000,0.000,249.217,0.000,1,0,0
324.700,300.000,300.000,0.000,249.217,0.000,1,0,0
324.800,300.000,300.000,0.000,249.217,0.000,1,0,0
324.900,300.000,300.000,0.000,249.217,0.000,1,0,0
325.000,300.000,300.000,0.000,249.217,0.000,1,0,0
325.100,300.000,300.000,0.000,249.217,0.000,1,0,0
325.200,300.000,300.000,0.000,249.217,0.000,1,0,0
325.300,300.000,300.000,0.000,249.217,0.000,1,0,0
325.400,300.000,300.000,0.000,249.217,0.000,1,0,0
325.500,300.000,300.000,0.000,249.217,0.000,1,0,0
325.600,300.000,300.000,0.000,249.217,0.000,1,0,0
325.700,300.000,300.000,0.000,249.217,0.000,1,0,0
325.800,300.000,300.000,0.000,249.217,0.000,1,0,0
325.900,300.000,300.000,0.000,249.217,0.000,1,0,0
326.000,300.000,300.000,0.000,249.217,0.000,1,0,0
326.100,300.000,300.000,0.000,249.217,0.000,1,0,0
326.200,300.000,300.000,0.000,249.217,0.000,1,0,0
326.300,300.000,300.000,0.000,249.217,0.000,1,0,0
326.400,300.000,300.000,0.000,249.217,0.000,1,0,0
326.500,300.000,300.000,0.000,249.217,0.000,1,0,0
326.600,300.000,300.000,0.000,249.217,0.000,1,0,0
326.700,300.000,300.000,0.000,249.217,0.000,1,0,0
326.800,300.000,300.000,0.000,249.217,0.000,1,0,0
326.900,300.000,300.000,0.000,249.217,0.000,1,0,0
327.000,300.000,300.000,0.000,249.217,0.000,1,0,0
327.100,300.000,300.000,0.000,249.217,0.000,1,0,0
327.200,300.000,300.000,0.000,249.217,0.000,1,0,0
327.300,300.000,300.000,0.000,249.217,0.000,1,0,0
327.400,300.000,300.000,0.000,249.217,0.000,1,0,0
327.500,300.000,300.000,0.000,249.217,0.000,1,0,0
327.600,300.000,300.000,0.000,249.217,0.000,1,0,0
327.700,300.000,300.000,0.000,249.217,0.000,1,0,0
327.800,300.000,300.000,0.000,249.217,0.000,1,0,0
327.900,300.000,300.000,0.000,249.217,0.000,1,0,0
328.000,300.000,300.000,0.000,249.217,0.000,1,0,0
328.100,300.000,300.000,0.000,249.217,0.000,1,0,0
328.200,300.000,300.000,0.000,249.217,0.000,1,0,0
328.300,300.000,300.000,0.000,249.217,0.000,1,0,0
328.400,300.000,300.000,0.000,249.217,0.000,1,0,0
328.500,300.000,300.000,0.000,249.217,0.000,1,0,0
328.600,300.000,300.000,0.000,249.217,0.000,1,0,0
328.700,300.000,300.000,0.000,249.217,0.000,1,0,0
328.800,300.000,300.000,0.000,249.217,0.000,1,0,0
328.900,300.000,300.000,0.000,249.217,0.000,1,0,0
329.000,300.000,300.000,0.000,249.217,0.000,1,0,0
329.100,300.000,300.000,0.000,249.217,0.000,1,0,0
329.200,300.000,300.000,0.000,249.217,0.000,1,0,0
329.300,300.000,300.000,0.000,249.217,0.000,1,0,0
329.400,300.000,300.000,0.000,249.217,0.000,1,0,0
329.500,300.000,300.000,0.000,249.217,0.000,1,0,0
329.600,300.000,300.000,0.000,249.217,0.000,1,0,0
329.700,300.000,300.000,0.000,249.217,0.000,1,0,0
329.800,300.000,300.000,0.000,249.217,0.000,1,0,0
329.900,300.000,300.000,0.000,249.217,0.000,1,0,0
330.000,200.000,200.000,0.000,249.117,0.000,1,0,0
330.100,200.000,200.000,0.000,249.017,0.000,1,0,0
330.200,200.000,200.000,0.000,248.917,0.000,1,0,0
330.300,200.000,200.000,0.000,248.817,0.000,1,0,0
330.400,200.000,200.000,0.000,248.717,0.000,1,0,0
330.500,200.000,200.000,0.000,248.617,0.000,1,0,0
330.600,200.000,200.000,0.000,248.517,0.000,1,0,0
330.700,200.000,200.000,0.000,248.417,0.000,1,0,0
330.800,200.000,200.000,0.000,248.317,0.000,1,0,0
330.900,200.000,200.000,0.000,248.217,0.000,1,0,0
331.000,200.000,200.000,0.000,248.117,0.000,1,0,0
331.100,200.000,200.000,0.000,248.017,0.000,1,0,0
331.200,200.000,200.000,0.000,247.917,0.000,1,0,0
331.300,200.000,200.000,0.000,247.817,0.000,1,0,0
331.400,200.000,200.000,0.000,247.717,0.000,1,0,0
331.500,200.000,200.000,0.000,247.617,0.000,1,0,0
331.600,200.000,200.000,0.000,247.517,0.000,1,0,0
331.700,200.000,200.000,0.000,247.417,0.000,1,0,0
331.800,200.000,200.000,0.000,247.317,0.000,1,0,0
331.900,200.000,200.000,0.000,247.217,0.000,1,0,0
332.000,200.000,200.000,0.000,247.117,0.000,1,0,0
332.100,200.000,200.000,0.000,247.017,0.000,1,0,0
332.200,200.000,200.000,0.000,246.917,0.000,1,0,0
332.300,200.000,200.000,0.000,246.817,0.000,1,0,0
332.400,200.000,200.000,0.000,246.717,0.000,1,0,0
332.500,200.000,200.000,0.000,246.617,0.000,1,0,0
332.600,200.000,200.000,0.000,246.517,0.000,1,0,0
332.700,200.000,200.000,0.000,246.417,0.000,1,0,0
332.800,200.000,200.000,0.000,246.317,0.000,1,0,0
332.900,200.000,200.000,0.000,246.217,0.000,1,0,0
333.000,200.000,200.000,0.000,246.117,0.000,1,0,0
333.100,200.000,200.000,0.000,246.017,0.000,1,0,0
333.200,200.000,200.000,0.000,245.917,0.000,1,0,0
333.300,200.000,200.000,0.000,245.817,0.000,1,0,0
333.400,200.000,200.000,0.000,245.717,0.000,1,0,0
333.500,200.000,200.000,0.000,245.617,0.000,1,0,0
333.600,200.000,200.000,0.000,245.517,0.000,1,0,0
333.700,200.000,200.000,0.000,245.417,0.000,1,0,0
333.800,200.000,200.000,0.000,245.317,0.000,1,0,0
333.900,200.000,200.000,0.000,245.217,0.000,1,0,0
334.000,200.000,200.000,0.000,245.117,0.000,1,0,0
334.100,200.000,200.000,0.000,245.017,0.000,1,0,0
334.200,200.000,200.000,0.000,244.917,0.000,1,0,0
334.300,200.000,200.000,0.000,244.817,0.000,1,0,0
334.400,200.000,200.000,0.000,244.717,0.000,1,0,0
334.500,200.000,200.000,0.000,244.617,0.000,1,0,0
334.600,200.000,200.000,0.000,244.517,0.000,1,0,0
334.700,200.000,200.000,0.000,244.417,0.000,1,0,0
334.800,200.000,200.000,0.000,244.317,0.000,1,0,0
334.900,200.000,200.000,0.000,244.217,0.000,1,0,0
335.000,200.000,200.000,0.000,244.117,0.000,1,0,0
335.100,200.000,200.000,0.000,244.017,0.000,1,0,0
335.200,200.000,200.000,0.000,243.917,0.000,1,0,0
335.300,200.000,200.000,0.000,243.817,0.000,1,0,0
335.400,200.000,200.000,0.000,243.717,0.000,1,0,0
335.500,200.000,200.000,0.000,243.617,0.000,1,0,0
335.600,200.000,200.000,0.000,243.517,0.000,1,0,0
335.700,200.000,200.000,0.000,243.417,0.000,1,0,0
335.800,200.000,200.000,0.000,243.317,0.000,1,0,0
335.900,200.000,200.000,0.000,243.217,0.000,1,0,0
336.000,200.000,200.000,0.000,243.117,0.000,1,0,0
336.100,200.000,200.000,0.000,243.017,0.000,1,0,0
336.200,200.000,200.000,0.000,242.917,0.000,1,0,0
336.300,200.000,200.000,0.000,242.817,0.000,1,0,0
336.400,200.000,200.000,0.000,242.717,0.000,1,0,0
336.500,200.000,200.000,0.000,242.617,0.000,1,0,0
336.600,200.000,200.000,0.000,242.517,0.000,1,0,0
336.700,200.000,200.000,0.000,242.417,0.000,1,0,0
336.800,200.000,200.000,0.000,242.317,0.000,1,0,0
336.900,200.000,200.000,0.000,242.217,0.000,1,0,0
337.000,200.000,200.000,0.000,242.117,0.000,1,0,0
337.100,200.000,200.000,0.000,242.017,0.000,1,0,0
337.200,200.000,200.000,0.000,241.917,0.000,1,0,0
337.300,200.000,200.000,0.000,241.817,0.000,1,0,0
337.400,200.000,200.000,0.000,241.717,0.000,1,0,0
337.500,200.000,200.000,0.000,241.617,0.000,1,0,0
337.600,200.000,200.000,0.000,241.517,0.000,1,0,0
337.700,200.000,200.000,0.000,241.417,0.000,1,0,0
337.800,200.000,200.000,0.000,241.317,0.000,1,0,0
337.900,200.000,200.000,0.000,241.217,0.000,1,0,0
338.000,200.000,200.000,0.000,241.117,0.000,1,0,0
338.100,200.000,200.000,0.000,241.017,0.000,1,0,0
338.200,200.000,200.000,0.000,240.917,0.000,1,0,0
338.300,200.000,200.000,0.000,240.817,0.000,1,0,0
338.400,200.000,200.000,0.000,240.717,0.000,1,0,0
338.500,200.000,200.000,0.000,240.617,0.000,1,0,0
338.600,200.000,200.000,0.000,240.517,0.000,1,0,0
338.700,200.000,200.000,0.000,240.417,0.000,1,0,0
338.800,200.000,200.000,0.000,240.317,0.000,1,0,0
338.900,200.000,200.000,0.000,240.217,0.000,1,0,0
339.000,200.000,200.000,0.000,240.117,0.000,1,0,0
339.100,200.000,200.000,0.000,240.017,0.000,1,0,0
339.200,200.000,200.000,0.000,239.917,0.000,1,0,0
339.300,200.000,200.000,0.000,239.817,0.000,1,0,0
339.400,200.000,200.000,0.000,239.717,0.000,1,0,0
339.500,200.000,200.000,0.000,239.617,0.000,1,0,0
339.600,200.000,200.000,0.000,239.517,0.000,1,0,0
339.700,200.000,200.000,0.000,239.417,0.000,1,0,0
339.800,200.000,200.000,0.000,239.317,0.000,1,0,0
339.900,200.000,200.000,0.000,239.217,0.000,1,0,0
340.000,200.000,200.000,0.000,239.117,0.000,1,0,0
340.100,200.000,200.000,0.000,239.017,0.000,1,0,0
340.200,200.000,200.000,0.000,238.917,0.000,1,0,0
340.300,200.000,200.000,0.000,238.817,0.000,1,0,0
340.400,200.000,200.000,0.000,238.717,0.000,1,0,0
340.500,200.000,200.000,0.000,238.617,0.000,1,0,0
340.600,200.000,200.000,0.000,238.517,0.000,1,0,0
340.700,200.000,200.000,0.000,238.417,0.000,1,0,0
340.800,200.000,200.000,0.000,238.317,0.000,1,0,0
340.900,200.000,200.000,0.000,238.217,0.000,1,0,0
341.000,200.000,200.000,0.000,238.117,0.000,1,0,0
341.100,200.000,200.000,0.000,238.017,0.000,1,0,0
341.200,200.000,200.000,0.000,237.917,0.000,1,0,0
341.300,200.000,200.000,0.000,237.817,0.000,1,0,0
341.400,200.000,200.000,0.000,237.717,0.000,1,0,0
341.500,200.000,200.000,0.000,237.617,0.000,1,0,0
341.600,200.000,200.000,0.000,237.517,0.000,1,0,0
341.700,200.000,200.000,0.000,237.417,0.000,1,0,0
341.800,200.000,200.000,0.000,237.317,0.000,1,0,0
341.900,200.000,200.000,0.000,237.217,0.000,1,0,0
342.000,200.000,200.000,0.000,237.117,0.000,1,0,0
342.100,200.000,200.000,0.000,237.017,0.000,1,0,0
342.200,200.000,200.000,0.000,236.917,0.000,1,0,0
342.300,200.000,200.000,0.000,236.817,0.000,1,0,0
342.400,200.000,200.000,0.000,236.717,0.000,1,0,0
342.500,200.000,200.000,0.000,236.617,0.000,1,0,0
342.600,200.000,200.000,0.000,236.517,0.000,1,0,0
342.700,200.000,200.000,0.000,236.417,0.000,1,0,0
342.800,200.000,200.000,0.000,236.317,0.000,1,0,0
342.900,200.000,200.000,0.000,236.217,0.000,1,0,0
343.000,200.000,200.000,0.000,236.117,0.000,1,0,0
343.100,200.000,200.000,0.000,236.017,0.000,1,0,0
343.200,200.000,200.000,0.000,235.917,0.000,1,0,0
343.300,200.000,200.000,0.000,235.817,0.000,1,0,0
343.400,200.000,200.000,0.000,235.717,0.000,1,0,0
343.500,200.000,200.000,0.000,235.617,0.000,1,0,0
343.600,200.000,200.000,0.000,235.517,0.000,1,0,0
343.700,200.000,200.000,0.000,235.417,0.000,1,0,0
343.800,200.000,200.000,0.000,235.317,0.000,1,0,0
343.900,200.000,200.000,0.000,235.217,0.000,1,0,0
344.000,200.000,200.000,0.000,235.117,0.000,1,0,0
344.100,200.000,200.000,0.000,235.017,0.000,1,0,0
344.200,200.000,200.000,0.000,234.917,0.000,1,0,0
344.300,200.000,200.000,0.000,234.817,0.000,1,0,0
344.400,200.000,200.000,0.000,234.717,0.000,1,0,0
344.500,200.000,200.000,0.000,234.617,0.000,1,0,0
344.600,200.000,200.000,0.000,234.517,0.000,1,0,0
344.700,200.000,200.000,0.000,234.417,0.000,1,0,0
344.800,200.000,200.000,0.000,234.317,0.000,1,0,0
344.900,200.000,200.000,0.000,234.217,0.000,1,0,0
345.000,200.000,200.000,0.000,234.117,0.000,1,0,0
345.100,200.000,200.000,0.000,234.017,0.000,1,0,0
345.200,200.000,200.000,0.000,233.917,0.000,1,0,0
345.300,200.000,200.000,0.000,233.817,0.000,1,0,0
345.400,200.000,200.000,0.000,233.717,0.000,1,0,0
345.500,200.000,200.000,0.000,233.617,0.000,1,0,0
345.600,200.000,200.000,0.000,233.517,0.000,1,0,0
345.700,200.000,200.000,0.000,233.417,0.000,1,0,0
345.800,200.000,200.000,0.000,233.317,0.000,1,0,0
345.900,200.000,200.000,0.000,233.217,0.000,1,0,0
346.000,200.000,200.000,0.000,233.117,0.000,1,0,0
346.100,200.000,200.000,0.000,233.017,0.000,1,0,0
346.200,200.000,200.000,0.000,232.917,0.000,1,0,0
346.300,200.000,200.000,0.000,232.817,0.000,1,0,0
346.400,200.000,200.000,0.000,232.717,0.000,1,0,0
346.500,200.000,200.000,0.000,232.617,0.000,1,0,0
346.600,200.000,200.000,0.000,232.517,0.000,1,0,0
346.700,200.000,200.000,0.000,232.417,0.000,1,0,0
346.800,200.000,200.000,0.000,232.317,0.000,1,0,0
346.900,200.000,200.000,0.000,232.217,0.000,1,0,0
347.000,200.000,200.000,0.000,232.117,0.000,1,0,0
347.100,200.000,200.000,0.000,232.017,0.000,1,0,0
347.200,200.000,200.000,0.000,231.917,0.000,1,0,0
347.300,200.000,200.000,0.000,231.817,0.000,1,0,0
347.400,200.000,200.000,0.000,231.717,0.000,1,0,0
347.500,200.000,200.000,0.000,231.617,0.000,1,0,0
347.600,200.000,200.000,0.000,231.517,0.000,1,0,0
347.700,200.000,200.000,0.000,231.417,0.000,1,0,0
347.800,200.000,200.000,0.000,231.317,0.000,1,0,0
347.900,200.000,200.000,0.000,231.217,0.000,1,0,0
348.000,200.000,200.000,0.000,231.117,0.000,1,0,0
348.100,200.000,200.000,0.000,231.017,0.000,1,0,0
348.200,200.000,200.000,0.000,230.917,0.000,1,0,0
348.300,200.000,200.000,0.000,230.817,0.000,1,0,0
348.400,200.000,200.000,0.000,230.717,0.000,1,0,0
348.500,200.000,200.000,0.000,230.617,0.000,1,0,0
348.600,200.000,200.000,0.000,230.517,0.000,1,0,0
348.700,200.000,200.000,0.000,230.417,0.000,1,0,0
348.800,200.000,200.000,0.000,230.317,0.000,1,0,0
348.900,200.000,200.000,0.000,230.217,0.000,1,0,0
349.000,200.000,200.000,0.000,230.117,0.000,1,0,0
349.100,200.000,200.000,0.000,230.017,0.000,1,0,0
349.200,200.000,200.000,0.000,229.917,0.000,1,0,0
349.300,200.000,200.000,0.000,229.817,0.000,1,0,0
349.400,200.000,200.000,0.000,229.717,0.000,1,0,0
349.500,200.000,200.000,0.000,229.617,0.000,1,0,0
349.600,200.000,200.000,0.000,229.517,0.000,1,0,0
349.700,200.000,200.000,0.000,229.417,0.000,1,0,0
349.800,200.000,200.000,0.000,229.317,0.000,1,0,0
349.900,200.000,200.000,0.000,229.217,0.000,1,0,0
350.000,200.000,200.000,0.000,229.117,0.000,1,0,0
350.100,200.000,200.000,0.000,229.017,0.000,1,0,0
350.200,200.000,200.000,0.000,228.917,0.000,1,0,0
350.300,200.000,200.000,0.000,228.817,0.000,1,0,0
350.400,200.000,200.000,0.000,228.717,0.000,1,0,0
350.500,200.000,200.000,0.000,228.617,0.000,1,0,0
350.600,200.000,200.000,0.000,228.517,0.000,1,0,0
350.700,200.000,200.000,0.000,228.417,0.000,1,0,0
350.800,200.000,200.000,0.000,228.317,0.000,1,0,0
350.900,200.000,200.000,0.000,228.217,0.000,1,0,0
351.000,200.000,200.000,0.000,228.117,0.000,1,0,0
351.100,200.000,200.000,0.000,228.017,0.000,1,0,0
351.200,200.000,200.000,0.000,227.917,0.000,1,0,0
351.300,200.000,200.000,0.000,227.817,0.000,1,0,0
351.400,200.000,200.000,0.000,227.717,0.000,1,0,0
351.500,200.000,200.000,0.000,227.617,0.000,1,0,0
351.600,200.000,200.000,0.000,227.517,0.000,1,0,0
351.700,200.000,200.000,0.000,227.417,0.000,1,0,0
351.800,200.000,200.000,0.000,227.317,0.000,1,0,0
351.900,200.000,200.000,0.000,227.217,0.000,1,0,0
352.000,200.000,200.000,0.000,227.117,0.000,1,0,0
352.100,200.000,200.000,0.000,227.017,0.000,1,0,0
352.200,200.000,200.000,0.000,226.917,0.000,1,0,0
352.300,200.000,200.000,0.000,226.817,0.000,1,0,0
352.400,200.000,200.000,0.000,226.717,0.000,1,0,0
352.500,200.000,200.000,0.000,226.617,0.000,1,0,0
352.600,200.000,200.000,0.000,226.517,0.000,1,0,0
352.700,200.000,200.000,0.000,226.417,0.000,1,0,0
352.800,200.000,200.000,0.000,226.317,0.000,1,0,0
352.900,200.000,200.000,0.000,226.217,0.000,1,0,0
353.000,200.000,200.000,0.000,226.117,0.000,1,0,0
353.100,200.000,200.000,0.000,226.017,0.000,1,0,0
353.200,200.000,200.000,0.000,225.917,0.000,1,0,0
353.300,200.000,200.000,0.000,225.817,0.000,1,0,0
353.400,200.000,200.000,0.000,225.717,0.000,1,0,0
353.500,200.000,200.000,0.000,225.617,0.000,1,0,0
353.600,200.000,200.000,0.000,225.517,0.000,1,0,0
353.700,200.000,200.000,0.000,225.417,0.000,1,0,0
353.800,200.000,200.000,0.000,225.317,0.000,1,0,0
353.900,200.000,200.000,0.000,225.217,0.000,1,0,0
354.000,200.000,200.000,0.000,225.117,0.000,1,0,0
354.100,200.000,200.000,0.000,225.017,0.000,1,0,0
354.200,200.000,200.000,0.000,224.917,0.000,1,0,0
354.300,200.000,200.000,0.000,224.817,0.000,1,0,0
354.400,200.000,200.000,0.000,224.717,0.000,1,0,0
354.500,200.000,200.000,0.000,224.617,0.000,1,0,0
354.600,200.000,200.000,0.000,224.517,0.000,1,0,0
354.700,200.000,200.000,0.000,224.417,0.000,1,0,0
354.800,200.000,200.000,0.000,224.317,0.000,1,0,0
354.900,200.000,200.000,0.000,224.217,0.000,1,0,0
355.000,200.000,200.000,0.000,224.117,0.000,1,0,0
355.100,200.000,200.000,0.000,224.017,0.000,1,0,0
355.200,200.000,200.000,0.000,223.917,0.000,1,0,0
355.300,200.000,200.000,0.000,223.817,0.000,1,0,0
355.400,200.000,200.000,0.000,223.717,0.000,1,0,0
355.500,200.000,200.000,0.000,223.617,0.000,1,0,0
355.600,200.000,200.000,0.000,223.517,0.000,1,0,0
355.700,200.000,200.000,0.000,223.418,0.000,1,0,0
355.800,200.000,200.000,0.000,223.320,0.000,1,0,0
355.900,200.000,200.000,0.000,223.223,0.000,1,0,0
356.000,200.000,200.000,0.000,223.127,0.000,1,0,0
356.100,200.000,200.000,0.000,223.032,0.000,1,0,0
356.200,200.000,200.000,0.000,222.940,0.000,1,0,0
356.300,200.000,200.000,0.000,222.851,0.000,1,0,0
356.400,200.000,200.000,0.000,222.765,0.000,1,0,0
356.500,200.000,200.000,0.000,222.682,0.000,1,0,0
356.600,200.000,200.000,0.000,222.602,0.000,1,0,0
356.700,200.000,200.000,0.000,222.527,0.000,1,0,0
356.800,200.000,200.000,0.000,222.456,0.000,1,0,0
356.900,200.000,200.000,0.000,222.388,0.000,1,0,0
357.000,200.000,200.000,0.000,222.326,0.000,1,0,0
357.100,200.000,200.000,0.000,222.268,0.000,1,0,0
357.200,200.000,200.000,0.000,222.215,0.000,1,0,0
357.300,200.000,200.000,0.000,222.167,0.000,1,0,0
357.400,200.000,200.000,0.000,222.124,0.000,1,0,0
357.500,200.000,200.000,0.000,222.086,0.000,1,0,0
357.600,200.000,200.000,0.000,222.053,0.000,1,0,0
357.700,200.000,200.000,0.000,222.024,0.000,1,0,0
357.800,200.000,200.000,0.000,222.001,0.000,1,0,0
357.900,200.000,200.000,0.000,221.983,0.000,1,0,0
358.000,200.000,200.000,0.000,221.970,0.000,1,0,0
358.100,200.000,200.000,0.000,221.962,0.000,1,0,0
358.200,200.000,200.000,0.000,221.959,0.000,1,0,0
358.300,200.000,200.000,0.000,221.961,0.000,1,0,0
358.400,200.000,200.000,0.000,221.968,0.000,1,0,0
358.500,200.000,200.000,0.000,221.980,0.000,1,0,0
358.600,200.000,200.000,0.000,221.997,0.000,1,0,0
358.700,200.000,200.000,0.000,222.019,0.000,1,0,0
358.800,200.000,200.000,0.000,222.045,0.000,1,0,0
358.900,200.000,200.000,0.000,222.077,0.000,1,0,0
359.000,200.000,200.000,0.000,222.110,0.000,1,0,0
359.100,200.000,200.000,0.000,222.144,0.000,1,0,0
359.200,200.000,200.000,0.000,222.179,0.000,1,0,0
359.300,200.000,200.000,0.000,222.214,0.000,1,0,0
359.400,200.000,200.000,0.000,222.249,0.000,1,0,0
359.500,200.000,200.000,0.000,222.285,0.000,1,0,0
359.600,200.000,200.000,0.000,222.320,0.000,1,0,0
359.700,200.000,200.000,0.000,222.354,0.000,1,0,0
359.800,200.000,200.000,0.000,222.388,0.000,1,0,0
359.900,200.000,200.000,0.000,222.422,0.000,1,0,0
360.000,200.000,200.000,0.000,222.455,0.000,1,0,0
